Distance;Altitude;Easting;Northing;Longitude;Latitude
0;535.1;2610453.61;1245594.26;7.577002;47.361111
1.4;535.2;2610454.9;1245593.59;7.577019;47.361105
3;535.2;2610456.03;1245592.59;7.577034;47.361096
4.5;535.2;2610457.09;1245591.48;7.577048;47.361086
5.5;535.3;2610458.07;1245591.26;7.577061;47.361084
6.7;535.3;2610459.28;1245591.38;7.577077;47.361085
7.6;535.3;2610460.19;1245591.49;7.577089;47.361086
8.4;535.3;2610460.94;1245591.71;7.577099;47.361088
10.5;535.3;2610462.53;1245593.05;7.57712;47.3611
12.5;535.3;2610464.49;1245592.61;7.577146;47.361096
14.4;535.3;2610466.38;1245592.61;7.577171;47.361096
15.5;535.3;2610467.51;1245592.84;7.577186;47.361098
18.4;535.4;2610470.31;1245593.29;7.577223;47.361102
20.1;535.4;2610471.97;1245592.84;7.577245;47.361098
21.7;535.5;2610473.48;1245592.4;7.577265;47.361094
23.7;535.5;2610475.45;1245591.96;7.577291;47.36109
25.2;535.5;2610476.81;1245591.41;7.577309;47.361085
26.6;535.5;2610478.09;1245590.74;7.577326;47.361079
27.9;535.5;2610479.3;1245590.19;7.577342;47.361074
30.4;535.6;2610481.72;1245589.75;7.577374;47.36107
31.8;535.6;2610483.08;1245589.97;7.577392;47.361072
32.8;535.6;2610484.14;1245589.75;7.577406;47.36107
35.3;535.6;2610486.48;1245589.2;7.577437;47.361065
36.4;535.6;2610487.54;1245588.87;7.577451;47.361062
37.8;535.7;2610488.9;1245588.43;7.577469;47.361058
39.7;535.7;2610490.79;1245588.21;7.577494;47.361056
40.7;535.7;2610491.77;1245588.21;7.577507;47.361056
42.9;535.9;2610494.04;1245588.21;7.577537;47.361056
44.2;535.9;2610495.32;1245588.33;7.577554;47.361057
44.6;535.9;2610495.7;1245588.22;7.577559;47.361056
46;536;2610496.99;1245587.66;7.577576;47.361051
46.8;536;2610497.74;1245587.66;7.577586;47.361051
47.9;536.1;2610498.87;1245587.55;7.577601;47.36105
49;536.1;2610499.86;1245587.22;7.577614;47.361047
50.1;536.2;2610500.92;1245586.89;7.577628;47.361044
51.4;536.3;2610502.13;1245586.34;7.577644;47.361039
54.3;536.4;2610504.4;1245584.45;7.577674;47.361022
55.7;536.4;2610505.45;1245583.56;7.577688;47.361014
57.4;536.4;2610506.74;1245582.45;7.577705;47.361004
59.1;535.7;2610507.95;1245581.23;7.577721;47.360993
60.8;535.9;2610509.09;1245580.01;7.577736;47.360982
62.4;535;2610510.22;1245578.9;7.577751;47.360972
64.2;535.1;2610511.51;1245577.68;7.577768;47.360961
65.6;535;2610512.42;1245576.57;7.57778;47.360951
67.2;534.9;2610513.4;1245575.35;7.577793;47.36094
70.1;535.8;2610515.29;1245573.13;7.577818;47.36092
72.3;536.9;2610516.81;1245571.46;7.577838;47.360905
73.3;536.9;2610517.56;1245570.91;7.577848;47.3609
76;537.1;2610519.23;1245568.8;7.57787;47.360881
77.6;537.3;2610520.21;1245567.47;7.577883;47.360869
79.2;537.3;2610521.12;1245566.25;7.577895;47.360858
80.6;537.4;2610521.96;1245565.03;7.577906;47.360847
83.2;537.5;2610523.47;1245562.92;7.577926;47.360828
84.7;537.7;2610524.38;1245561.81;7.577938;47.360818
86.1;537.7;2610525.14;1245560.58;7.577948;47.360807
87.7;537.8;2610525.97;1245559.25;7.577959;47.360795
88.9;537.8;2610526.65;1245558.25;7.577968;47.360786
90.3;537.9;2610527.41;1245557.03;7.577978;47.360775
91.7;537.9;2610528.02;1245555.81;7.577986;47.360764
93.1;537.9;2610528.62;1245554.47;7.577994;47.360752
94.6;538.2;2610529.08;1245553.14;7.578;47.36074
96.4;538.4;2610529.38;1245551.36;7.578004;47.360724
97.4;538.4;2610529.54;1245550.36;7.578006;47.360715
98.7;538.6;2610529.61;1245549.03;7.578007;47.360703
100;538.8;2610529.54;1245547.69;7.578006;47.360691
101.5;538.8;2610529.62;1245546.25;7.578007;47.360678
103.3;538.9;2610529.62;1245544.47;7.578007;47.360662
104.4;539.1;2610529.78;1245543.36;7.578009;47.360652
105.7;539.1;2610529.85;1245542.02;7.57801;47.36064
107.1;539.3;2610529.86;1245540.69;7.57801;47.360628
108.4;539.6;2610529.93;1245539.36;7.578011;47.360616
109.7;539.6;2610529.86;1245538.02;7.57801;47.360604
111.4;539.8;2610529.79;1245536.35;7.578009;47.360589
113.5;540.1;2610529.94;1245534.24;7.578011;47.36057
115.1;540.4;2610529.95;1245532.69;7.578011;47.360556
118.4;540.9;2610529.8;1245529.35;7.578009;47.360526
119.4;540.9;2610529.65;1245528.35;7.578007;47.360517
120.7;541.3;2610529.58;1245527.13;7.578006;47.360506
121.9;541.6;2610529.58;1245525.9;7.578006;47.360495
123.2;541.6;2610529.51;1245524.57;7.578005;47.360483
124.6;542.9;2610529.51;1245523.23;7.578005;47.360471
125.8;542.9;2610529.51;1245522.01;7.578005;47.36046
127;543.1;2610529.44;1245520.79;7.578004;47.360449
128.2;543;2610529.29;1245519.56;7.578002;47.360438
129.5;543;2610529.29;1245518.34;7.578002;47.360427
130.7;543.3;2610529.22;1245517.12;7.578001;47.360416
132.3;543.5;2610529.3;1245515.45;7.578002;47.360401
133.2;543.5;2610529.3;1245514.56;7.578002;47.360393
135.6;543.9;2610529.6;1245512.23;7.578006;47.360372
136.8;544.3;2610529.68;1245511;7.578007;47.360361
138.1;544.7;2610529.83;1245509.78;7.578009;47.36035
139.5;544.7;2610529.84;1245508.34;7.578009;47.360337
140.4;544.8;2610529.84;1245507.45;7.578009;47.360329
141.6;544.8;2610529.92;1245506.22;7.57801;47.360318
142.8;545.1;2610530.07;1245505;7.578012;47.360307
144.1;545;2610530;1245503.78;7.578011;47.360296
146.4;545.5;2610530.08;1245501.44;7.578012;47.360275
147.5;545.5;2610530;1245500.33;7.578011;47.360265
148.7;545.7;2610530.08;1245499.11;7.578012;47.360254
151.2;545.9;2610530.31;1245496.66;7.578015;47.360232
152.4;546.1;2610530.09;1245495.44;7.578012;47.360221
153.7;545.7;2610529.94;1245494.22;7.57801;47.36021
154.8;545.9;2610529.86;1245493.1;7.578009;47.3602
156;546.2;2610529.71;1245491.88;7.578007;47.360189
157.1;546.2;2610529.64;1245490.77;7.578006;47.360179
158.4;546.4;2610529.64;1245489.55;7.578006;47.360168
159.6;546.4;2610529.72;1245488.32;7.578007;47.360157
160.8;546.6;2610529.8;1245487.1;7.578008;47.360146
163.3;546.8;2610529.95;1245484.65;7.57801;47.360124
164.6;547;2610529.96;1245483.32;7.57801;47.360112
165.9;547.3;2610529.81;1245481.99;7.578008;47.3601
167.2;547.3;2610529.73;1245480.76;7.578007;47.360089
168.5;547.6;2610529.66;1245479.43;7.578006;47.360077
170.2;547.8;2610529.44;1245477.76;7.578003;47.360062
172.1;548.1;2610529.37;1245475.87;7.578002;47.360045
173.2;548.1;2610529.29;1245474.76;7.578001;47.360035
174.4;548.4;2610529.29;1245473.54;7.578001;47.360024
175.6;548.4;2610529.45;1245472.31;7.578003;47.360013
177;548.7;2610529.6;1245470.98;7.578005;47.360001
178.2;549;2610529.9;1245469.76;7.578009;47.35999
179.8;548.9;2610530.21;1245468.2;7.578013;47.359976
180.9;549.2;2610530.21;1245467.09;7.578013;47.359966
183.6;549.5;2610530.52;1245464.42;7.578017;47.359942
185;549.8;2610530.82;1245463.09;7.578021;47.35993
186.2;550.1;2610530.98;1245461.86;7.578023;47.359919
187.7;550.1;2610530.98;1245460.42;7.578023;47.359906
189.2;550.4;2610530.98;1245458.86;7.578023;47.359892
190.2;550.7;2610530.98;1245457.86;7.578023;47.359883
191.3;550.7;2610531.06;1245456.75;7.578024;47.359873
192.5;551;2610531.21;1245455.64;7.578026;47.359863
193.7;551;2610531.37;1245454.42;7.578028;47.359852
194.8;551.3;2610531.44;1245453.3;7.578029;47.359842
195.9;551.3;2610531.45;1245452.19;7.578029;47.359832
198.5;551.8;2610531.6;1245449.64;7.578031;47.359809
199.6;551.8;2610531.53;1245448.52;7.57803;47.359799
202.1;552;2610531.61;1245446.08;7.578031;47.359777
203.3;552.2;2610531.69;1245444.85;7.578032;47.359766
204.5;552.4;2610531.76;1245443.63;7.578033;47.359755
207.3;552.6;2610531.92;1245440.85;7.578035;47.35973
208.3;552.8;2610532;1245439.85;7.578036;47.359721
209.5;552.1;2610532.08;1245438.63;7.578037;47.35971
210.7;552.2;2610532.15;1245437.41;7.578038;47.359699
212;552.2;2610532.08;1245436.18;7.578037;47.359688
213.3;553.1;2610531.86;1245434.85;7.578034;47.359676
214.6;553.2;2610531.56;1245433.62;7.57803;47.359665
217.2;553.3;2610531.11;1245431.07;7.578024;47.359642
218.3;553.5;2610530.73;1245429.95;7.578019;47.359632
219.5;553.5;2610530.66;1245428.84;7.578018;47.359622
220.7;553.6;2610530.58;1245427.62;7.578017;47.359611
221.9;553.6;2610530.59;1245426.4;7.578017;47.3596
223.1;553.8;2610530.59;1245425.17;7.578017;47.359589
225.7;553.9;2610530.52;1245422.62;7.578016;47.359566
227;554.1;2610530.52;1245421.28;7.578016;47.359554
228.4;554.2;2610530.6;1245419.95;7.578017;47.359542
229.7;554.2;2610530.68;1245418.61;7.578018;47.35953
231;554.4;2610530.68;1245417.28;7.578018;47.359518
232.3;554.4;2610530.6;1245416.06;7.578017;47.359507
233.6;554.6;2610530.53;1245414.72;7.578016;47.359495
236.3;554.7;2610530.38;1245412.05;7.578014;47.359471
237.5;554.9;2610530.24;1245410.83;7.578012;47.35946
238.7;555.1;2610530.09;1245409.61;7.57801;47.359449
239.9;555.2;2610529.94;1245408.49;7.578008;47.359439
241;555.4;2610529.86;1245407.38;7.578007;47.359429
242.7;555.6;2610529.64;1245405.71;7.578004;47.359414
244.6;555.8;2610529.27;1245403.82;7.577999;47.359397
245.8;555.8;2610528.97;1245402.6;7.577995;47.359386
248.2;556;2610528.29;1245400.38;7.577986;47.359366
249.4;556.3;2610527.99;1245399.15;7.577982;47.359355
250.7;556.4;2610527.84;1245397.93;7.57798;47.359344
251.8;556.4;2610527.62;1245396.82;7.577977;47.359334
252.9;556.6;2610527.39;1245395.7;7.577974;47.359324
254.1;556.6;2610527.02;1245394.59;7.577969;47.359314
256.6;556.8;2610526.42;1245392.14;7.577961;47.359292
257.9;557;2610526.04;1245390.92;7.577956;47.359281
259.2;557.3;2610525.66;1245389.7;7.577951;47.35927
260.7;557.3;2610525.29;1245388.25;7.577946;47.359257
261.7;557.4;2610524.99;1245387.25;7.577942;47.359248
262.9;557.4;2610524.61;1245386.14;7.577937;47.359238
265.3;557.8;2610524.09;1245383.8;7.57793;47.359217
266.7;557.8;2610523.71;1245382.47;7.577925;47.359205
268.1;558;2610523.19;1245381.13;7.577918;47.359193
269.7;558.2;2610522.51;1245379.69;7.577909;47.35918
270.9;558.2;2610522.13;1245378.57;7.577904;47.35917
272.1;558.5;2610521.68;1245377.46;7.577898;47.35916
273.3;558.5;2610521.23;1245376.35;7.577892;47.35915
275.8;558.7;2610520.4;1245374.01;7.577881;47.359129
277.1;559.1;2610519.95;1245372.79;7.577875;47.359118
278.6;559.3;2610519.35;1245371.34;7.577867;47.359105
279.6;559.3;2610519.05;1245370.45;7.577863;47.359097
280.8;559.5;2610518.6;1245369.34;7.577857;47.359087
283.3;559.9;2610517.85;1245366.89;7.577847;47.359065
284.6;560.2;2610517.55;1245365.67;7.577843;47.359054
287;560.5;2610517.17;1245363.33;7.577838;47.359033
288.3;560.7;2610516.87;1245362;7.577834;47.359021
289.4;560.7;2610516.65;1245361;7.577831;47.359012
290.6;561;2610516.42;1245359.77;7.577828;47.359001
291.6;561;2610516.65;1245358.77;7.577831;47.358992
292.5;561.2;2610516.88;1245357.88;7.577834;47.358984
293.6;561.2;2610516.66;1245356.88;7.577831;47.358975
294.7;561.5;2610516.28;1245355.77;7.577826;47.358965
297.2;561.9;2610515.6;1245353.43;7.577817;47.358944
298.5;561.9;2610515.46;1245352.1;7.577815;47.358932
299.9;562.2;2610515.31;1245350.77;7.577813;47.35892
301.1;562.5;2610515.31;1245349.54;7.577813;47.358909
302.3;562.5;2610515.24;1245348.32;7.577812;47.358898
303.5;562.8;2610515.09;1245347.1;7.57781;47.358887
305.1;563.1;2610514.86;1245345.54;7.577807;47.358873
305.8;563.1;2610514.79;1245344.87;7.577806;47.358867
306.9;563.4;2610514.72;1245343.76;7.577805;47.358857
307.9;563.4;2610514.57;1245342.76;7.577803;47.358848
310.2;563.8;2610514.42;1245340.42;7.577801;47.358827
311.4;564.1;2610514.35;1245339.31;7.5778;47.358817
312.5;564.1;2610514.12;1245338.2;7.577797;47.358807
313.6;564.5;2610513.97;1245337.09;7.577795;47.358797
314.7;564.8;2610513.82;1245335.98;7.577793;47.358787
315.9;564.8;2610513.75;1245334.86;7.577792;47.358777
317.1;565;2610513.68;1245333.64;7.577791;47.358766
318.3;565;2610513.6;1245332.42;7.57779;47.358755
319.5;565.3;2610513.76;1245331.19;7.577792;47.358744
320.8;565.6;2610513.98;1245329.97;7.577795;47.358733
322;565.6;2610514.21;1245328.75;7.577798;47.358722
324.4;565.8;2610514.59;1245326.42;7.577803;47.358701
325.6;566.2;2610514.82;1245325.19;7.577806;47.35869
326.9;566.5;2610514.83;1245323.97;7.577806;47.358679
328.1;566.5;2610514.75;1245322.75;7.577805;47.358668
329.3;566.8;2610514.68;1245321.52;7.577804;47.358657
330.8;566.8;2610514.68;1245320.08;7.577804;47.358644
331.6;567.1;2610514.76;1245319.19;7.577805;47.358636
332.8;567.1;2610514.76;1245318.08;7.577805;47.358626
333.9;567.5;2610514.76;1245316.97;7.577805;47.358616
335;567.8;2610514.84;1245315.85;7.577806;47.358606
337.3;568.1;2610515.3;1245313.63;7.577812;47.358586
338.2;568.1;2610515.6;1245312.74;7.577816;47.358578
340.4;568.4;2610515.76;1245310.52;7.577818;47.358558
341.4;568.8;2610515.68;1245309.52;7.577817;47.358549
342.5;568.8;2610515.76;1245308.41;7.577818;47.358539
343.4;569;2610515.69;1245307.52;7.577817;47.358531
346.2;569.3;2610515.69;1245304.74;7.577817;47.358506
346.8;569.3;2610515.84;1245304.18;7.577819;47.358501
347.8;569.6;2610516.07;1245303.18;7.577822;47.358492
348.9;569.6;2610516.22;1245302.07;7.577824;47.358482
350.2;569.9;2610516.45;1245300.85;7.577827;47.358471
352.6;570;2610516.91;1245298.51;7.577833;47.35845
353.7;570.4;2610517.21;1245297.4;7.577837;47.35844
354.8;570.4;2610517.29;1245296.29;7.577838;47.35843
355.8;570.8;2610517.22;1245295.29;7.577837;47.358421
357;570.8;2610517.07;1245294.18;7.577835;47.358411
358;571.6;2610517.07;1245293.18;7.577835;47.358402
359.2;571.9;2610517.07;1245291.95;7.577835;47.358391
360.2;571.9;2610517;1245290.95;7.577834;47.358382
361.3;572.2;2610516.77;1245289.84;7.577831;47.358372
362.7;572.2;2610516.47;1245288.51;7.577827;47.35836
363.7;572;2610516.17;1245287.5;7.577823;47.358351
364.9;572.1;2610515.8;1245286.39;7.577818;47.358341
366.2;572.2;2610515.35;1245285.17;7.577812;47.35833
367.4;572.2;2610514.97;1245284.06;7.577807;47.35832
368.7;572.3;2610514.6;1245282.83;7.577802;47.358309
369.9;572.5;2610514.3;1245281.61;7.577798;47.358298
371.4;572.8;2610513.85;1245280.16;7.577792;47.358285
372.4;573;2610513.54;1245279.27;7.577788;47.358277
373.5;573;2610513.24;1245278.16;7.577784;47.358267
376.1;573.5;2610512.8;1245275.6;7.577778;47.358244
377.2;573.5;2610512.65;1245274.49;7.577776;47.358234
378.3;573.7;2610512.5;1245273.49;7.577774;47.358225
379.7;573.7;2610512.27;1245272.04;7.577771;47.358212
381.4;574.1;2610511.97;1245270.38;7.577767;47.358197
382.6;574.4;2610511.82;1245269.15;7.577765;47.358186
383.8;574.4;2610511.6;1245268.04;7.577762;47.358176
384.9;574.6;2610511.45;1245266.93;7.57776;47.358166
387.1;574.9;2610511.3;1245264.7;7.577758;47.358146
388.5;575.1;2610511.08;1245263.37;7.577755;47.358134
389.6;575.1;2610510.85;1245262.26;7.577752;47.358124
390.7;575.5;2610510.78;1245261.14;7.577751;47.358114
392;575.7;2610510.71;1245259.92;7.57775;47.358103
393.1;575.7;2610510.63;1245258.81;7.577749;47.358093
395.4;575.9;2610510.64;1245256.48;7.577749;47.358072
396.9;576.1;2610510.72;1245255.03;7.57775;47.358059
397.9;576.1;2610510.64;1245254.03;7.577749;47.35805
399;576.4;2610510.57;1245252.92;7.577748;47.35804
400.2;576.6;2610510.57;1245251.69;7.577748;47.358029
401.3;576.6;2610510.57;1245250.58;7.577748;47.358019
402.5;576.7;2610510.5;1245249.36;7.577747;47.358008
403.6;576.7;2610510.58;1245248.25;7.577748;47.357998
405.1;577;2610510.66;1245246.8;7.577749;47.357985
406.2;577.3;2610510.73;1245245.69;7.57775;47.357975
407.4;577.3;2610510.81;1245244.47;7.577751;47.357964
408.7;577.6;2610510.89;1245243.24;7.577752;47.357953
410;577.9;2610510.89;1245241.91;7.577752;47.357941
411.2;577.9;2610510.89;1245240.69;7.577752;47.35793
412.4;578.2;2610510.82;1245239.46;7.577751;47.357919
413.9;578.2;2610510.82;1245238.02;7.577751;47.357906
414.9;578.4;2610510.67;1245237.02;7.577749;47.357897
417.2;578.7;2610510.45;1245234.68;7.577746;47.357876
418.7;579;2610510.53;1245233.24;7.577747;47.357863
419.9;579;2610510.61;1245232.01;7.577748;47.357852
422;579.5;2610510.46;1245229.9;7.577746;47.357833
423.6;579.5;2610510.46;1245228.35;7.577746;47.357819
424.8;579.8;2610510.46;1245227.12;7.577746;47.357808
426.2;580.1;2610510.39;1245225.79;7.577745;47.357796
427.4;580.1;2610510.47;1245224.57;7.577746;47.357785
428.6;580.3;2610510.55;1245223.34;7.577747;47.357774
429.8;580.3;2610510.47;1245222.12;7.577746;47.357763
432.3;581;2610510.4;1245219.67;7.577745;47.357741
433.5;581;2610510.18;1245218.45;7.577742;47.35773
434.7;581.3;2610509.95;1245217.34;7.577739;47.35772
435.8;581.3;2610509.58;1245216.23;7.577734;47.35771
437.1;581.6;2610509.43;1245215;7.577732;47.357699
438.3;582;2610509.35;1245213.78;7.577731;47.357688
439.6;582;2610509.36;1245212.44;7.577731;47.357676
441;582.3;2610509.28;1245211.11;7.57773;47.357664
442.3;582.7;2610509.21;1245209.78;7.577729;47.357652
443.5;582.7;2610509.14;1245208.55;7.577728;47.357641
444.8;583.2;2610508.91;1245207.33;7.577725;47.35763
447.2;583.3;2610508.69;1245204.88;7.577722;47.357608
448.6;583.5;2610508.54;1245203.55;7.57772;47.357596
451;583.7;2610508.39;1245201.1;7.577718;47.357574
452;583.7;2610508.24;1245200.1;7.577716;47.357565
454.3;584.2;2610508.02;1245197.88;7.577713;47.357545
455.3;584.2;2610507.8;1245196.88;7.57771;47.357536
457.7;584.5;2610507.2;1245194.54;7.577702;47.357515
458.9;584.8;2610506.82;1245193.43;7.577697;47.357505
461.2;585;2610506.6;1245191.09;7.577694;47.357484
462.4;585.4;2610506.22;1245189.98;7.577689;47.357474
463.5;585.4;2610505.92;1245188.87;7.577685;47.357464
464.7;585.7;2610505.55;1245187.76;7.57768;47.357454
466.3;585.7;2610505.25;1245186.2;7.577676;47.35744
467.2;586;2610505.02;1245185.31;7.577673;47.357432
468.4;586;2610504.8;1245184.2;7.57767;47.357422
469.6;585.9;2610504.57;1245182.97;7.577667;47.357411
470.7;586.3;2610504.35;1245181.86;7.577664;47.357401
472;586.3;2610504.05;1245180.64;7.57766;47.35739
473.2;587.1;2610503.9;1245179.41;7.577658;47.357379
474.8;587.4;2610503.83;1245177.86;7.577657;47.357365
475.5;587.4;2610503.83;1245177.19;7.577657;47.357359
476.6;587.4;2610503.83;1245176.08;7.577657;47.357349
477.8;587.6;2610503.76;1245174.86;7.577656;47.357338
479;587.9;2610503.76;1245173.63;7.577656;47.357327
480.2;587.9;2610503.61;1245172.41;7.577654;47.357316
481.5;588.1;2610503.69;1245171.19;7.577655;47.357305
482.8;588.5;2610503.69;1245169.85;7.577655;47.357293
484.1;588.5;2610503.77;1245168.52;7.577656;47.357281
485.3;588.9;2610504;1245167.41;7.577659;47.357271
486.4;587.5;2610504.15;1245166.3;7.577661;47.357261
487.5;588.4;2610504.23;1245165.18;7.577662;47.357251
488.6;588.4;2610504.38;1245164.07;7.577664;47.357241
489.9;588.8;2610504.61;1245162.85;7.577667;47.35723
492.8;589.3;2610505.07;1245159.96;7.577673;47.357204
493.6;589.3;2610505.22;1245159.18;7.577675;47.357197
495.9;589.8;2610505.45;1245156.85;7.577678;47.357176
498.2;589.1;2610506.06;1245154.62;7.577686;47.357156
499.4;589.6;2610506.36;1245153.51;7.57769;47.357146
500.8;589.6;2610506.74;1245152.18;7.577695;47.357134
501.7;590.2;2610507.05;1245151.29;7.577699;47.357126
502.9;590.2;2610507.43;1245150.18;7.577704;47.357116
504.1;590.6;2610507.81;1245149.07;7.577709;47.357106
505.2;589.9;2610508.19;1245147.96;7.577714;47.357096
506.4;589.9;2610508.56;1245146.85;7.577719;47.357086
507.8;591.2;2610508.95;1245145.51;7.577724;47.357074
509.3;591.2;2610509.4;1245144.07;7.57773;47.357061
510;592.1;2610509.63;1245143.4;7.577733;47.357055
511.2;592.1;2610509.93;1245142.29;7.577737;47.357045
512.4;591.9;2610510.16;1245141.07;7.57774;47.357034
513.4;591.9;2610510.24;1245140.07;7.577741;47.357025
514.5;592.1;2610510.39;1245138.96;7.577743;47.357015
516.9;592.9;2610510.7;1245136.62;7.577747;47.356994
518.1;593.3;2610510.47;1245135.4;7.577744;47.356983
519.3;593.3;2610510.4;1245134.29;7.577743;47.356973
520.5;593.7;2610510.48;1245133.06;7.577744;47.356962
521.7;594.5;2610510.56;1245131.84;7.577745;47.356951
522.9;594.5;2610510.56;1245130.62;7.577745;47.35694
524.2;594.7;2610510.48;1245129.39;7.577744;47.356929
527.1;594.5;2610510.34;1245126.5;7.577742;47.356903
527.8;594.8;2610510.26;1245125.72;7.577741;47.356896
530.3;595.3;2610510.27;1245123.28;7.577741;47.356874
531.4;595.3;2610510.19;1245122.17;7.57774;47.356864
532.5;595.5;2610510.05;1245121.05;7.577738;47.356854
533.6;595.9;2610509.9;1245119.94;7.577736;47.356844
534.7;595.9;2610509.67;1245118.94;7.577733;47.356835
535.8;596.1;2610509.45;1245117.83;7.57773;47.356825
537;596.1;2610509.3;1245116.61;7.577728;47.356814
538.2;596.4;2610509.15;1245115.49;7.577726;47.356804
539.4;596.4;2610509.08;1245114.27;7.577725;47.356793
540.5;596.7;2610509;1245113.16;7.577724;47.356783
541.7;596.9;2610508.93;1245111.94;7.577723;47.356772
543.3;596.9;2610508.86;1245110.38;7.577722;47.356758
545.1;597.2;2610508.71;1245108.6;7.57772;47.356742
546.2;597.4;2610508.79;1245107.49;7.577721;47.356732
547.3;597.4;2610508.79;1245106.38;7.577721;47.356722
548.4;597.6;2610508.86;1245105.26;7.577722;47.356712
549.5;597.6;2610509.02;1245104.15;7.577724;47.356702
552.1;598;2610509.1;1245101.6;7.577725;47.356679
553.1;598;2610508.95;1245100.59;7.577723;47.35667
555.4;598.2;2610508.88;1245098.26;7.577722;47.356649
556.5;598.3;2610508.5;1245097.26;7.577717;47.35664
557.8;598.3;2610508.05;1245096.03;7.577711;47.356629
558.9;598.5;2610507.52;1245095.03;7.577704;47.35662
561.2;598.7;2610506.47;1245093.03;7.57769;47.356602
562.3;598.9;2610505.94;1245092.03;7.577683;47.356593
563.6;599;2610505.41;1245090.92;7.577676;47.356583
564.9;599.1;2610504.89;1245089.69;7.577669;47.356572
566.2;599.1;2610504.29;1245088.58;7.577661;47.356562
569.3;599.6;2610503.08;1245085.69;7.577645;47.356536
570.1;599.6;2610502.63;1245085.02;7.577639;47.35653
571.4;599.7;2610502.03;1245083.91;7.577631;47.35652
572.6;600.1;2610501.42;1245082.79;7.577623;47.35651
573.9;600.3;2610500.82;1245081.68;7.577615;47.3565
576.4;600.6;2610499.69;1245079.45;7.5776;47.35648
578.1;600.8;2610499.02;1245077.9;7.577591;47.356466
579.9;600.8;2610498.34;1245076.23;7.577582;47.356451
581.1;601.1;2610497.81;1245075.11;7.577575;47.356441
582.4;601.1;2610497.28;1245074;7.577568;47.356431
583.6;601.3;2610496.83;1245072.89;7.577562;47.356421
584.8;601.5;2610496.38;1245071.78;7.577556;47.356411
585.9;601.7;2610495.78;1245070.77;7.577548;47.356402
587;602;2610495.18;1245069.88;7.57754;47.356394
588.2;602;2610494.57;1245068.88;7.577532;47.356385
589.2;602.3;2610494.12;1245067.99;7.577526;47.356377
591.4;602.6;2610493.37;1245065.88;7.577516;47.356358
592.3;602.6;2610493.15;1245064.99;7.577513;47.35635
593.5;602.4;2610492.69;1245063.88;7.577507;47.35634
594.8;602.4;2610492.09;1245062.76;7.577499;47.35633
595.7;603.1;2610491.64;1245061.98;7.577493;47.356323
596.6;603.1;2610491.19;1245061.21;7.577487;47.356316
597.6;603.1;2610490.74;1245060.31;7.577481;47.356308
598.6;602.4;2610490.21;1245059.42;7.577474;47.3563
599.7;603.5;2610489.83;1245058.42;7.577469;47.356291
602.4;603.3;2610489.31;1245055.75;7.577462;47.356267
603;603.3;2610489.23;1245055.2;7.577461;47.356262
604;603.3;2610489.08;1245054.2;7.577459;47.356253
604.9;603.5;2610489.01;1245053.31;7.577458;47.356245
605.4;603.5;2610489.01;1245052.75;7.577458;47.35624
605.8;603.5;2610489.09;1245052.42;7.577459;47.356237
605.9;603.5;2610489.16;1245052.31;7.57746;47.356236
605.9;603.5;2610489.16;1245052.31;7.57746;47.356236
606.3;603.5;2610489.16;1245052.64;7.57746;47.356239
606.5;603.5;2610489.09;1245052.86;7.577459;47.356241
606.6;603.5;2610489.09;1245052.97;7.577459;47.356242
606.7;603.5;2610489.09;1245052.86;7.577459;47.356241
606.9;603.5;2610488.94;1245052.75;7.577457;47.35624
607.2;603.5;2610488.71;1245052.97;7.577454;47.356242
607.5;603.5;2610488.71;1245053.31;7.577454;47.356245
607.8;603.5;2610488.78;1245053.53;7.577455;47.356247
608;603.5;2610488.86;1245053.75;7.577456;47.356249
608.2;603.5;2610489.01;1245053.75;7.577458;47.356249
608.3;603.5;2610488.93;1245053.86;7.577457;47.35625
608.4;603.5;2610488.86;1245053.86;7.577456;47.35625
608.5;603.5;2610488.78;1245053.86;7.577455;47.35625
608.5;603.5;2610488.71;1245053.86;7.577454;47.35625
608.6;603.5;2610488.71;1245053.75;7.577454;47.356249
608.6;603.5;2610488.71;1245053.75;7.577454;47.356249
609.1;603.5;2610488.48;1245053.31;7.577451;47.356245
609.8;603.5;2610488.1;1245052.75;7.577446;47.35624
612.1;604;2610486.98;1245050.75;7.577431;47.356222
613.7;604.2;2610486.3;1245049.3;7.577422;47.356209
614.8;604.9;2610485.85;1245048.3;7.577416;47.3562
615.9;605.1;2610485.32;1245047.3;7.577409;47.356191
617.1;605.1;2610484.94;1245046.18;7.577404;47.356181
618.3;605.2;2610484.57;1245045.07;7.577399;47.356171
619.3;605.2;2610484.19;1245044.18;7.577394;47.356163
622.2;605.6;2610483.74;1245041.29;7.577388;47.356137
623;605.6;2610483.82;1245040.51;7.577389;47.35613
624.2;605.9;2610483.97;1245039.29;7.577391;47.356119
625.3;605.1;2610484.05;1245038.18;7.577392;47.356109
627.5;606.4;2610483.9;1245035.95;7.57739;47.356089
629.8;606.4;2610484.06;1245033.73;7.577392;47.356069
630.8;606.4;2610484.21;1245032.73;7.577394;47.35606
631.8;606.8;2610484.21;1245031.73;7.577394;47.356051
632.8;606.8;2610484.29;1245030.73;7.577395;47.356042
634.8;607;2610484.45;1245028.73;7.577397;47.356024
635.7;607.2;2610484.67;1245027.84;7.5774;47.356016
636.9;607.2;2610484.98;1245026.73;7.577404;47.356006
638;607.4;2610485.28;1245025.62;7.577408;47.355996
640.1;607.7;2610485.74;1245023.62;7.577414;47.355978
642.1;607.7;2610486.12;1245021.62;7.577419;47.35596
643.1;607.7;2610486.35;1245020.62;7.577422;47.355951
644.1;607.9;2610486.43;1245019.61;7.577423;47.355942
645.2;607.9;2610486.73;1245018.61;7.577427;47.355933
647.4;608.3;2610487.11;1245016.39;7.577432;47.355913
648.4;608.6;2610487.26;1245015.39;7.577434;47.355904
649.5;608.6;2610487.42;1245014.39;7.577436;47.355895
650.5;608.8;2610487.57;1245013.39;7.577438;47.355886
651.4;608.8;2610487.8;1245012.5;7.577441;47.355878
652.5;608.8;2610488.03;1245011.39;7.577444;47.355868
653.3;608.8;2610488.1;1245010.61;7.577445;47.355861
654.4;608.9;2610488.33;1245009.5;7.577448;47.355851
655.4;608.9;2610488.48;1245008.5;7.57745;47.355842
656.5;609.3;2610488.94;1245007.5;7.577456;47.355833
657.6;609.3;2610489.09;1245006.5;7.577458;47.355824
658.6;609.7;2610489.32;1245005.5;7.577461;47.355815
660.1;609.7;2610489.78;1245004.06;7.577467;47.355802
661;609.1;2610490.16;1245003.28;7.577472;47.355795
662.1;609.1;2610490.61;1245002.28;7.577478;47.355786
663.2;609.6;2610490.92;1245001.17;7.577482;47.355776
664.3;609.6;2610491.37;1245000.17;7.577488;47.355767
665.5;610.6;2610491.75;1244999.06;7.577493;47.355757
666.5;609.7;2610492.13;1244998.17;7.577498;47.355749
668.9;611;2610492.96;1244995.83;7.577509;47.355728
670;611;2610493.34;1244994.83;7.577514;47.355719
672.3;610.3;2610494.33;1244992.72;7.577527;47.3557
673.4;611.6;2610494.56;1244991.72;7.57753;47.355691
674.6;611.6;2610494.94;1244990.5;7.577535;47.35568
675.6;612.3;2610495.24;1244989.61;7.577539;47.355672
676.9;612.3;2610495.62;1244988.39;7.577544;47.355661
677.8;612.7;2610495.7;1244987.5;7.577545;47.355653
680.1;612.5;2610496.23;1244985.17;7.577552;47.355632
681.3;612.5;2610496.16;1244984.05;7.577551;47.355622
682.4;613.4;2610496.24;1244982.94;7.577552;47.355612
683.4;613.7;2610496.31;1244981.94;7.577553;47.355603
684.6;613.7;2610496.54;1244980.72;7.577556;47.355592
685.5;614;2610496.62;1244979.83;7.577557;47.355584
686.5;614;2610496.7;1244978.83;7.577558;47.355575
687.6;614.4;2610496.7;1244977.72;7.577558;47.355565
688.7;614.4;2610496.78;1244976.61;7.577559;47.355555
689.8;614.8;2610497.08;1244975.61;7.577563;47.355546
690.8;614.8;2610497.31;1244974.61;7.577566;47.355537
692.4;615.2;2610497.46;1244973.05;7.577568;47.355523
693.1;615.2;2610497.61;1244972.38;7.57757;47.355517
694;615.7;2610497.69;1244971.49;7.577571;47.355509
695;615.7;2610497.84;1244970.49;7.577573;47.3555
696.1;616.3;2610498;1244969.38;7.577575;47.35549
697.1;616.3;2610498.15;1244968.38;7.577577;47.355481
698.1;616.8;2610498.3;1244967.38;7.577579;47.355472
699;616.8;2610498.46;1244966.49;7.577581;47.355464
699.9;617.3;2610498.53;1244965.6;7.577582;47.355456
700.8;617.3;2610498.69;1244964.71;7.577584;47.355448
701.7;617.7;2610498.91;1244963.82;7.577587;47.35544
702.8;617.7;2610499.14;1244962.82;7.57759;47.355431
703.7;618.2;2610499.3;1244961.93;7.577592;47.355423
704.6;618.2;2610499.07;1244961.04;7.577589;47.355415
705.5;618.2;2610498.92;1244960.15;7.577587;47.355407
706.6;618.6;2610498.92;1244959.04;7.577587;47.355397
708.4;618.9;2610498.85;1244957.26;7.577586;47.355381
709.4;618.9;2610498.78;1244956.26;7.577585;47.355372
710.5;619.3;2610498.63;1244955.15;7.577583;47.355362
711.5;619.3;2610498.55;1244954.15;7.577582;47.355353
712.5;619.6;2610498.48;1244953.15;7.577581;47.355344
713.7;620;2610498.48;1244951.93;7.577581;47.355333
714.4;620;2610498.48;1244951.26;7.577581;47.355327
716.1;620.5;2610498.33;1244949.59;7.577579;47.355312
717;620.5;2610498.34;1244948.7;7.577579;47.355304
718;620.8;2610498.34;1244947.7;7.577579;47.355295
719;620.8;2610498.19;1244946.7;7.577577;47.355286
720.2;621.2;2610498.04;1244945.48;7.577575;47.355275
721;621.4;2610497.97;1244944.7;7.577574;47.355268
721.9;621.8;2610497.74;1244943.81;7.577571;47.35526
722.7;621.8;2610497.82;1244943.03;7.577572;47.355253
723.6;621.8;2610497.89;1244942.14;7.577573;47.355245
724.5;622.1;2610497.82;1244941.25;7.577572;47.355237
725.4;622.1;2610497.75;1244940.36;7.577571;47.355229
726.3;622.6;2610497.6;1244939.47;7.577569;47.355221
727.2;622.6;2610497.52;1244938.58;7.577568;47.355213
727.9;623.1;2610497.6;1244937.8;7.577569;47.355206
728.8;623.1;2610497.68;1244936.92;7.57757;47.355198
729.7;623.1;2610497.83;1244936.03;7.577572;47.35519
730.6;623.5;2610497.91;1244935.14;7.577573;47.355182
731.4;623.4;2610498.13;1244934.36;7.577576;47.355175
732.3;623.8;2610498.29;1244933.47;7.577578;47.355167
733.2;623.8;2610498.44;1244932.58;7.57758;47.355159
733.9;624.2;2610498.37;1244931.91;7.577579;47.355153
734.8;624.2;2610498.22;1244931.02;7.577577;47.355145
735.7;624.2;2610498.14;1244930.13;7.577576;47.355137
736.7;624.6;2610498.14;1244929.13;7.577576;47.355128
737.7;624.6;2610498.37;1244928.13;7.577579;47.355119
738.7;625;2610498.53;1244927.13;7.577581;47.35511
740;625.4;2610498.75;1244925.91;7.577584;47.355099
740.7;625.4;2610498.91;1244925.24;7.577586;47.355093
741.6;625.4;2610499.06;1244924.35;7.577588;47.355085
743.6;625.7;2610498.99;1244922.35;7.577587;47.355067
744.5;626.1;2610498.99;1244921.46;7.577587;47.355059
745.5;626.1;2610498.99;1244920.46;7.577587;47.35505
746.8;626.3;2610499.14;1244919.13;7.577589;47.355038
747.5;626.3;2610499.3;1244918.46;7.577591;47.355032
748.4;626.7;2610499.6;1244917.57;7.577595;47.355024
750.5;627;2610499.91;1244915.57;7.577599;47.355006
752.3;627.2;2610499.98;1244913.68;7.5776;47.354989
753;627.2;2610499.91;1244913.01;7.577599;47.354983
753.9;627.2;2610499.76;1244912.13;7.577597;47.354975
754.7;627.6;2610499.76;1244911.35;7.577597;47.354968
755.5;627.6;2610499.69;1244910.57;7.577596;47.354961
756.4;628;2610499.61;1244909.68;7.577595;47.354953
757.3;628;2610499.54;1244908.79;7.577594;47.354945
758.3;628.3;2610499.62;1244907.79;7.577595;47.354936
759.3;628.3;2610499.85;1244906.79;7.577598;47.354927
760.5;628.7;2610500.07;1244905.57;7.577601;47.354916
761.6;628.7;2610500.23;1244904.57;7.577603;47.354907
762.4;628.9;2610500.46;1244903.79;7.577606;47.3549
763.3;628.9;2610500.61;1244902.9;7.577608;47.354892
764.3;629.2;2610500.76;1244901.9;7.57761;47.354883
765.3;629.2;2610501.06;1244900.9;7.577614;47.354874
766.4;629.5;2610501.37;1244899.9;7.577618;47.354865
767.6;629.5;2610501.52;1244898.68;7.57762;47.354854
768.4;629.7;2610501.52;1244897.9;7.57762;47.354847
769.4;629.7;2610501.45;1244896.9;7.577619;47.354838
770.5;630;2610501.3;1244895.78;7.577617;47.354828
771.5;630;2610501.08;1244894.78;7.577614;47.354819
772.6;630.2;2610500.77;1244893.78;7.57761;47.35481
775.2;630.6;2610500.02;1244891.22;7.5776;47.354787
775.9;630.6;2610499.72;1244890.67;7.577596;47.354782
776.9;630.9;2610499.5;1244889.67;7.577593;47.354773
777.8;630.9;2610499.27;1244888.78;7.57759;47.354765
778.7;631.3;2610499.05;1244887.89;7.577587;47.354757
779.7;631.3;2610498.9;1244886.89;7.577585;47.354748
780.8;631.6;2610498.6;1244885.88;7.577581;47.354739
781.7;631.6;2610498.45;1244884.99;7.577579;47.354731
783.9;631.9;2610498.3;1244882.77;7.577577;47.354711
785;632.3;2610497.77;1244881.88;7.57757;47.354703
786;632.3;2610496.94;1244881.21;7.577559;47.354697
787.4;632.9;2610495.66;1244880.76;7.577542;47.354693
788.6;632.9;2610494.45;1244880.54;7.577526;47.354691
789.6;633.3;2610493.47;1244880.43;7.577513;47.35469
790.9;633.5;2610492.26;1244879.87;7.577497;47.354685
791.9;633.8;2610491.36;1244879.42;7.577485;47.354681
793;633.8;2610490.53;1244878.75;7.577474;47.354675
794.1;633.9;2610489.7;1244878.09;7.577463;47.354669
795.1;634.2;2610488.87;1244877.42;7.577452;47.354663
796.2;634.2;2610488.11;1244876.64;7.577442;47.354656
797.2;634.7;2610487.36;1244875.97;7.577432;47.35465
799.4;634.7;2610485.7;1244874.52;7.57741;47.354637
801.3;635;2610484.34;1244873.3;7.577392;47.354626
802.5;635.1;2610483.43;1244872.52;7.57738;47.354619
803.6;635.5;2610482.68;1244871.62;7.57737;47.354611
804.7;635.5;2610482;1244870.73;7.577361;47.354603
807;635.9;2610480.8;1244868.84;7.577345;47.354586
808;636.2;2610480.72;1244867.84;7.577344;47.354577
809.1;636.2;2610480.57;1244866.73;7.577342;47.354567
810.2;636.5;2610480.58;1244865.62;7.577342;47.354557
812.8;636.8;2610480.73;1244863.06;7.577344;47.354534
814.3;637;2610480.73;1244861.5;7.577344;47.35452
815.1;637;2610480.74;1244860.73;7.577344;47.354513
816.2;637.2;2610480.74;1244859.61;7.577344;47.354503
818.4;637.3;2610480.59;1244857.5;7.577342;47.354484
820.4;637.6;2610480.29;1244855.5;7.577338;47.354466
821.4;637.6;2610480.52;1244854.5;7.577341;47.354457
822.4;637.9;2610480.52;1244853.5;7.577341;47.354448
823.4;637.9;2610480.3;1244852.5;7.577338;47.354439
824.7;638.2;2610480.22;1244851.27;7.577337;47.354428
825.7;638.2;2610480.15;1244850.27;7.577336;47.354419
827.9;638.4;2610480.08;1244848.05;7.577335;47.354399
828.9;638.7;2610480.31;1244847.05;7.577338;47.35439
830.3;639;2610480.54;1244845.72;7.577341;47.354378
831.2;639;2610480.76;1244844.83;7.577344;47.35437
832.2;639.2;2610480.77;1244843.83;7.577344;47.354361
833.3;639.2;2610480.69;1244842.71;7.577343;47.354351
834.4;639.3;2610480.84;1244841.6;7.577345;47.354341
835.5;639.3;2610481;1244840.49;7.577347;47.354331
836.5;639.6;2610481.08;1244839.49;7.577348;47.354322
838;639.6;2610481.23;1244838.05;7.57735;47.354309
839.8;639.8;2610481.08;1244836.27;7.577348;47.354293
841.9;640.1;2610480.71;1244834.15;7.577343;47.354274
843;640.3;2610480.56;1244833.04;7.577341;47.354264
844.1;640.3;2610480.48;1244832.04;7.57734;47.354255
845.6;640.5;2610480.26;1244830.48;7.577337;47.354241
846.2;640.6;2610480.11;1244829.93;7.577335;47.354236
847.1;641;2610479.81;1244829.04;7.577331;47.354228
848.2;641;2610479.43;1244828.04;7.577326;47.354219
849.4;641.4;2610479.06;1244826.92;7.577321;47.354209
850.5;641.6;2610478.61;1244825.92;7.577315;47.3542
851.6;641.6;2610478;1244825.03;7.577307;47.354192
852.7;642;2610477.32;1244824.14;7.577298;47.354184
854.1;642.3;2610476.5;1244823.03;7.577287;47.354174
856.3;642.9;2610475.52;1244821.02;7.577274;47.354156
857.6;643.1;2610475.14;1244819.8;7.577269;47.354145
859.9;643.2;2610474.84;1244817.47;7.577265;47.354124
860.8;643.2;2610474.69;1244816.58;7.577263;47.354116
862;643.3;2610474.39;1244815.46;7.577259;47.354106
862.9;643.3;2610474.32;1244814.57;7.577258;47.354098
864.9;643.8;2610473.94;1244812.57;7.577253;47.35408
865.9;644;2610473.8;1244811.57;7.577251;47.354071
866.9;644;2610473.65;1244810.57;7.577249;47.354062
868.1;644.2;2610473.42;1244809.46;7.577246;47.354052
869.5;644.2;2610473.27;1244808.01;7.577244;47.354039
871.5;644.5;2610472.82;1244806.12;7.577238;47.354022
872.3;644.8;2610472.45;1244805.34;7.577233;47.354015
873.4;644.8;2610472.22;1244804.34;7.57723;47.354006
874.5;645.2;2610471.92;1244803.23;7.577226;47.353996
875.5;645.2;2610471.7;1244802.23;7.577223;47.353987
876.9;645.5;2610471.47;1244800.89;7.57722;47.353975
878.6;645.8;2610471.47;1244799.23;7.57722;47.35396
879.6;645.8;2610471.33;1244798.22;7.577218;47.353951
880.7;646.1;2610471.25;1244797.11;7.577217;47.353941
881.7;646.1;2610471.1;1244796.11;7.577215;47.353932
882.7;646.5;2610470.95;1244795.11;7.577213;47.353923
883.8;646.5;2610470.58;1244794.11;7.577208;47.353914
886.4;647.3;2610469.15;1244791.88;7.577189;47.353894
887.6;647.3;2610468.62;1244790.88;7.577182;47.353885
888.5;647.5;2610468.24;1244789.99;7.577177;47.353877
889.6;647.7;2610467.94;1244788.99;7.577173;47.353868
890.7;648.1;2610467.72;1244787.88;7.57717;47.353858
891.5;648.1;2610467.57;1244787.1;7.577168;47.353851
892.6;648.4;2610467.42;1244785.99;7.577166;47.353841
893.4;648.4;2610467.27;1244785.21;7.577164;47.353834
894.3;648.4;2610467.12;1244784.32;7.577162;47.353826
895.1;648.7;2610466.97;1244783.54;7.57716;47.353819
896;648.7;2610466.59;1244782.76;7.577155;47.353812
896.9;649.1;2610466.14;1244781.98;7.577149;47.353805
897.8;649.5;2610465.54;1244781.31;7.577141;47.353799
899;649.5;2610464.78;1244780.31;7.577131;47.35379
899.7;649.9;2610464.56;1244779.65;7.577128;47.353784
900.7;649.9;2610464.11;1244778.76;7.577122;47.353776
901.6;650.6;2610463.88;1244777.87;7.577119;47.353768
902.6;650.6;2610463.88;1244776.86;7.577119;47.353759
904.6;650.7;2610465.09;1244775.31;7.577135;47.353745
906.3;650.6;2610466.76;1244775.09;7.577157;47.353743
907;650.6;2610467.44;1244775.2;7.577166;47.353744
907.6;650.6;2610467.97;1244774.98;7.577173;47.353742
907.7;650.6;2610467.97;1244775.09;7.577173;47.353743
907.9;650.6;2610467.82;1244774.98;7.577171;47.353742
909.6;650.9;2610466.38;1244773.98;7.577152;47.353733
911.7;651.1;2610464.8;1244772.64;7.577131;47.353721
913;651.7;2610464.19;1244771.42;7.577123;47.35371
914.4;651.6;2610463.59;1244770.19;7.577115;47.353699
915.9;652.1;2610463.37;1244768.75;7.577112;47.353686
917.1;652.6;2610463.52;1244767.52;7.577114;47.353675
919.6;653;2610463.9;1244765.08;7.577119;47.353653
922;653.5;2610463.91;1244762.63;7.577119;47.353631
923.1;654.2;2610463.91;1244761.52;7.577119;47.353621
924.3;654.2;2610463.91;1244760.41;7.577119;47.353611
925.3;655.1;2610463.99;1244759.41;7.57712;47.353602
926.4;654.4;2610464.14;1244758.3;7.577122;47.353592
927.4;654.8;2610464.37;1244757.3;7.577125;47.353583
928.7;654.8;2610464.67;1244756.07;7.577129;47.353572
929.7;655.2;2610464.98;1244755.07;7.577133;47.353563
930.7;655.2;2610465.21;1244754.07;7.577136;47.353554
931.8;655.6;2610465.44;1244753.07;7.577139;47.353545
933.9;656.1;2610465.67;1244750.96;7.577142;47.353526
935.8;656.6;2610465.9;1244749.07;7.577145;47.353509
936.5;656.6;2610465.9;1244748.41;7.577145;47.353503
937.4;657;2610465.6;1244747.52;7.577141;47.353495
938.3;657;2610465.37;1244746.63;7.577138;47.353487
939.1;657.4;2610465.22;1244745.85;7.577136;47.35348
940.1;657.4;2610464.92;1244744.85;7.577132;47.353471
941.2;657.8;2610464.62;1244743.84;7.577128;47.353462
942.1;657.8;2610464.47;1244742.96;7.577126;47.353454
943.1;658.2;2610464.4;1244741.95;7.577125;47.353445
944.2;658.2;2610464.47;1244740.84;7.577126;47.353435
945.1;658.4;2610464.48;1244739.95;7.577126;47.353427
946;658.4;2610464.33;1244739.06;7.577124;47.353419
946.8;658.7;2610463.87;1244738.4;7.577118;47.353413
947.6;658.7;2610463.12;1244738.06;7.577108;47.35341
948.5;658.8;2610462.29;1244737.84;7.577097;47.353408
949.4;658.9;2610461.46;1244737.5;7.577086;47.353405
950.7;658.9;2610461.54;1244736.17;7.577087;47.353393
952;659.1;2610462.75;1244735.95;7.577103;47.353391
952.9;659.1;2610463.65;1244735.84;7.577115;47.35339
954.4;659;2610464.94;1244734.95;7.577132;47.353382
955.4;659;2610465.7;1244734.28;7.577142;47.353376
956.5;659.3;2610465.92;1244733.28;7.577145;47.353367
957.7;659.2;2610466;1244732.06;7.577146;47.353356
958.7;659.5;2610466;1244731.06;7.577146;47.353347
960.9;659.7;2610466.16;1244728.84;7.577148;47.353327
961.9;660;2610466.31;1244727.84;7.57715;47.353318
964.2;660.3;2610466.47;1244725.61;7.577152;47.353298
966.3;660.6;2610466.85;1244723.5;7.577157;47.353279
967.4;660.6;2610466.77;1244722.39;7.577156;47.353269
969.8;660.9;2610466.48;1244720.06;7.577152;47.353248
971;661.2;2610466.33;1244718.83;7.57715;47.353237
973.4;661.6;2610466.18;1244716.5;7.577148;47.353216
974.6;662.1;2610465.88;1244715.27;7.577144;47.353205
975.6;662.1;2610465.73;1244714.27;7.577142;47.353196
976.6;662.3;2610465.58;1244713.27;7.57714;47.353187
977.8;662.3;2610465.43;1244712.16;7.577138;47.353177
978.9;662.5;2610465.36;1244711.05;7.577137;47.353167
980;662.7;2610465.21;1244709.94;7.577135;47.353157
982.2;662.9;2610464.99;1244707.71;7.577132;47.353137
983.1;662.9;2610464.84;1244706.82;7.57713;47.353129
984.2;663.2;2610464.84;1244705.71;7.57713;47.353119
985.4;663.2;2610464.99;1244704.6;7.577132;47.353109
986.5;663.5;2610465.07;1244703.49;7.577133;47.353099
987.8;663.5;2610465;1244702.15;7.577132;47.353087
988.9;663.9;2610465;1244701.04;7.577132;47.353077
991.5;664.3;2610465.15;1244698.48;7.577134;47.353054
993.6;664.7;2610465.46;1244696.37;7.577138;47.353035
994.7;665.1;2610465.39;1244695.26;7.577137;47.353025
995.9;665.1;2610465.31;1244694.15;7.577136;47.353015
997;665.5;2610465.31;1244693.04;7.577136;47.353005
998.1;666.1;2610465.16;1244691.92;7.577134;47.352995
999.1;666.1;2610464.94;1244690.92;7.577131;47.352986
1001.4;666.7;2610464.42;1244688.7;7.577124;47.352966
1003.4;668.3;2610463.97;1244686.7;7.577118;47.352948
1004.5;668.5;2610463.74;1244685.69;7.577115;47.352939
1005.6;668.5;2610463.74;1244684.58;7.577115;47.352929
1006.6;669.2;2610463.74;1244683.58;7.577115;47.35292
1008.5;669.4;2610463.97;1244681.69;7.577118;47.352903
1010.6;668.9;2610464.2;1244679.58;7.577121;47.352884
1012.7;669.5;2610464.43;1244677.47;7.577124;47.352865
1014.5;669.8;2610464.74;1244675.69;7.577128;47.352849
1016.2;669.8;2610465.35;1244674.13;7.577136;47.352835
1017.2;670.2;2610465.58;1244673.13;7.577139;47.352826
1018.2;670.2;2610465.8;1244672.25;7.577142;47.352818
1019.1;670.9;2610465.88;1244671.36;7.577143;47.35281
1019.9;670.9;2610465.96;1244670.47;7.577144;47.352802
1020.8;671.1;2610465.88;1244669.58;7.577143;47.352794
1021.8;671.1;2610465.96;1244668.58;7.577144;47.352785
1022.7;671.8;2610465.96;1244667.69;7.577144;47.352777
1023.8;671.4;2610466.19;1244666.69;7.577147;47.352768
1024.6;671.8;2610466.57;1244665.91;7.577152;47.352761
1025.7;671.8;2610466.95;1244664.91;7.577157;47.352752
1026.7;671.8;2610467.4;1244664.02;7.577163;47.352744
1027.7;672.3;2610467.78;1244663.13;7.577168;47.352736
1028.5;672.1;2610468.09;1244662.35;7.577172;47.352729
1029.4;672.5;2610468.39;1244661.47;7.577176;47.352721
1030.3;672.5;2610468.47;1244660.58;7.577177;47.352713
1031.3;673;2610468.47;1244659.58;7.577177;47.352704
1032.3;673;2610468.02;1244658.69;7.577171;47.352696
1034;674.2;2610466.51;1244658.02;7.577151;47.35269
1034.3;675.2;2610466.51;1244657.68;7.577151;47.352687
1034.9;675.2;2610466.74;1244657.13;7.577154;47.352682
1035.8;675.2;2610467.27;1244656.35;7.577161;47.352675
1036.9;676.4;2610467.95;1244655.57;7.57717;47.352668
1037.9;674.8;2610468.55;1244654.79;7.577178;47.352661
1038.8;674.8;2610469.16;1244654.13;7.577186;47.352655
1039.7;675.8;2610469.61;1244653.35;7.577192;47.352648
1040.4;675.8;2610469.99;1244652.68;7.577197;47.352642
1041.1;674.7;2610470.3;1244652.13;7.577201;47.352637
1041.8;675.6;2610470.6;1244651.46;7.577205;47.352631
1042.6;675.6;2610470.9;1244650.69;7.577209;47.352624
1043.3;675.6;2610471.21;1244650.13;7.577213;47.352619
1043.9;676.5;2610471.59;1244649.69;7.577218;47.352615
1045.1;675.2;2610472.72;1244649.24;7.577233;47.352611
1046.9;675;2610474.3;1244650.14;7.577254;47.352619
1047.8;675.3;2610475.21;1244649.91;7.577266;47.352617
1048.8;675.1;2610476.12;1244649.69;7.577278;47.352615
1049.8;675.1;2610476.88;1244648.92;7.577288;47.352608
1051;675.9;2610477.48;1244647.92;7.577296;47.352599
1052.4;675.9;2610477.86;1244646.58;7.577301;47.352587
1053.9;676.2;2610478.17;1244645.14;7.577305;47.352574
1055.1;676.9;2610478.47;1244643.92;7.577309;47.352563
1056.2;676.9;2610478.85;1244642.92;7.577314;47.352554
1057.2;677.1;2610479.08;1244641.92;7.577317;47.352545
1058.1;677.1;2610479.23;1244641.03;7.577319;47.352537
1058.9;677.1;2610479.31;1244640.25;7.57732;47.35253
1059.8;677.4;2610479.31;1244639.36;7.57732;47.352522
1060.6;677.4;2610479.01;1244638.58;7.577316;47.352515
1061.6;677.8;2610478.56;1244637.69;7.57731;47.352507
1062.7;677.8;2610478.26;1244636.69;7.577306;47.352498
1063.5;680.1;2610477.88;1244635.91;7.577301;47.352491
1064.3;680.1;2610477.58;1244635.24;7.577297;47.352485
1065.1;680.1;2610477.28;1244634.46;7.577293;47.352478
1065.9;680.3;2610476.98;1244633.68;7.577289;47.352471
1068;680.3;2610476.45;1244631.68;7.577282;47.352453
1069;680.3;2610476.23;1244630.68;7.577279;47.352444
1071.3;680.5;2610475.85;1244628.46;7.577274;47.352424
1072.3;680.5;2610475.7;1244627.46;7.577272;47.352415
1073.1;680.5;2610475.55;1244626.68;7.57727;47.352408
1073.6;680.5;2610475.78;1244626.23;7.577273;47.352404
1073.9;680.4;2610476.08;1244626.12;7.577277;47.352403
1074;680.4;2610476.16;1244626.12;7.577278;47.352403
1074.4;680.4;2610476.01;1244626.46;7.577276;47.352406
1074.5;680.5;2610475.93;1244626.57;7.577275;47.352407
1074.6;680.5;2610475.93;1244626.46;7.577275;47.352406
1074.7;680.5;2610475.86;1244626.34;7.577274;47.352405
1075;680.5;2610475.93;1244626.12;7.577275;47.352403
1075.1;680.5;2610475.86;1244626.01;7.577274;47.352402
1075.2;680.5;2610475.78;1244626.01;7.577273;47.352402
1075.3;680.5;2610475.78;1244625.9;7.577273;47.352401
1075.3;680.5;2610475.78;1244625.9;7.577273;47.352401
1075.4;680.5;2610475.86;1244625.79;7.577274;47.3524
1075.8;680.5;2610475.63;1244625.57;7.577271;47.352398
1075.9;680.5;2610475.48;1244625.57;7.577269;47.352398
1076.1;680.5;2610475.41;1244625.34;7.577268;47.352396
1076.3;680.5;2610475.41;1244625.23;7.577268;47.352395
1076.4;680.5;2610475.41;1244625.12;7.577268;47.352394
1076.4;680.5;2610475.48;1244625.12;7.577269;47.352394
1076.6;680.5;2610475.56;1244625.23;7.57727;47.352395
1076.8;680.5;2610475.41;1244625.45;7.577268;47.352397
1077.1;680.5;2610475.41;1244625.68;7.577268;47.352399
1077.2;680.5;2610475.41;1244625.79;7.577268;47.3524
1077.4;680.5;2610475.25;1244625.9;7.577266;47.352401
1077.6;680.5;2610475.18;1244626.12;7.577265;47.352403
1077.7;680.5;2610475.25;1244626.23;7.577266;47.352404
1077.8;680.5;2610475.25;1244626.12;7.577266;47.352403
1078;680.5;2610475.4;1244626.12;7.577268;47.352403
1078.1;680.5;2610475.56;1244626.12;7.57727;47.352403
1078.3;680.5;2610475.63;1244626.23;7.577271;47.352404
1078.5;680.5;2610475.63;1244626.46;7.577271;47.352406
1078.7;680.5;2610475.48;1244626.46;7.577269;47.352406
1078.9;680.5;2610475.48;1244626.23;7.577269;47.352404
1079;680.5;2610475.4;1244626.12;7.577268;47.352403
1079.3;680.5;2610475.63;1244626.34;7.577271;47.352405
1079.3;680.5;2610475.63;1244626.34;7.577271;47.352405
1079.5;680.5;2610475.56;1244626.23;7.57727;47.352404
1079.6;680.5;2610475.56;1244626.12;7.57727;47.352403
1079.7;680.5;2610475.63;1244626.23;7.577271;47.352404
1079.9;680.5;2610475.78;1244626.23;7.577273;47.352404
1080.1;680.4;2610476.01;1244626.35;7.577276;47.352405
1080.2;680.4;2610476.08;1244626.23;7.577277;47.352404
1080.3;680.4;2610476.01;1244626.23;7.577276;47.352404
1080.4;680.4;2610476.01;1244626.12;7.577276;47.352403
1080.7;680.4;2610476.24;1244626.12;7.577279;47.352403
1080.7;680.4;2610476.31;1244626.12;7.57728;47.352403
1080.9;680.4;2610476.24;1244626.23;7.577279;47.352404
1080.9;680.4;2610476.24;1244626.23;7.577279;47.352404
1081.1;680.4;2610476.39;1244626.35;7.577281;47.352405
1081.3;680.4;2610476.61;1244626.24;7.577284;47.352404
1081.6;680.4;2610476.84;1244626.12;7.577287;47.352403
1082;680.4;2610477.22;1244626.01;7.577292;47.352402
1082.5;680.5;2610477.6;1244625.68;7.577297;47.352399
1082.9;680.5;2610477.9;1244625.35;7.577301;47.352396
1083.2;680.3;2610478.05;1244625.13;7.577303;47.352394
1083.4;680.3;2610478.13;1244624.9;7.577304;47.352392
1083.5;680.3;2610478.2;1244624.9;7.577305;47.352392
1083.6;680.3;2610478.2;1244625.01;7.577305;47.352393
1083.7;680.3;2610478.13;1244625.01;7.577304;47.352393
1083.8;680.3;2610478.05;1244624.9;7.577303;47.352392
1083.9;680.5;2610477.98;1244624.9;7.577302;47.352392
1084;680.5;2610477.82;1244624.9;7.5773;47.352392
1084.3;680.5;2610477.9;1244624.68;7.577301;47.35239
1084.5;680.5;2610477.9;1244624.46;7.577301;47.352388
1084.8;680.5;2610477.98;1244624.12;7.577302;47.352385
1085.4;680.4;2610477.98;1244623.57;7.577302;47.35238
1086.7;680.4;2610477.98;1244622.23;7.577302;47.352368
1087.4;680.4;2610478.06;1244621.57;7.577303;47.352362
1088.1;680.4;2610478.21;1244620.9;7.577305;47.352356
1088.9;680.4;2610478.81;1244620.35;7.577313;47.352351
1089.9;680.4;2610479.8;1244620.13;7.577326;47.352349
1090.6;680.6;2610480.4;1244619.79;7.577334;47.352346
1091.5;680.6;2610481.08;1244619.24;7.577343;47.352341
1093.4;681.2;2610482.3;1244617.68;7.577359;47.352327
1094.9;681.2;2610482.83;1244616.35;7.577366;47.352315
1096.1;681.8;2610482.98;1244615.13;7.577368;47.352304
1097.3;682.3;2610483.06;1244613.9;7.577369;47.352293
1098.5;682.3;2610483.06;1244612.79;7.577369;47.352283
1099.6;682.9;2610483.06;1244611.68;7.577369;47.352273
1100.8;682.9;2610482.53;1244610.57;7.577362;47.352263
1101.9;683.5;2610482.16;1244609.57;7.577357;47.352254
1102.9;683.9;2610481.93;1244608.57;7.577354;47.352245
1103.9;684.4;2610481.63;1244607.57;7.57735;47.352236
1104.9;684.4;2610481.56;1244606.56;7.577349;47.352227
1106.8;685;2610481.71;1244604.67;7.577351;47.35221
1108.8;685;2610482.02;1244602.78;7.577355;47.352193
1109.5;685;2610482.17;1244602.01;7.577357;47.352186
1110.4;685.5;2610482.32;1244601.12;7.577359;47.352178
1111.3;685.5;2610482.48;1244600.23;7.577361;47.35217
1112.4;686.1;2610482.63;1244599.23;7.577363;47.352161
1113.3;686.1;2610482.78;1244598.34;7.577365;47.352153
1114.4;686.7;2610482.94;1244597.23;7.577367;47.352143
1116.5;687.1;2610483.47;1244595.23;7.577374;47.352125
1117.1;687.1;2610483.85;1244594.67;7.577379;47.35212
1117.8;686.8;2610484.3;1244594.12;7.577385;47.352115
1118.5;687.3;2610484.68;1244593.56;7.57739;47.35211
1120.2;687.3;2610485.82;1244592.34;7.577405;47.352099
1121.6;687.6;2610487.1;1244591.68;7.577422;47.352093
1122.7;687.6;2610487.78;1244590.79;7.577431;47.352085
1123.3;688.2;2610488.01;1244590.23;7.577434;47.35208
1125.3;688.5;2610488.69;1244588.45;7.577443;47.352064
1125.4;688.5;2610488.69;1244588.34;7.577443;47.352063
1126.3;688.7;2610488.92;1244587.45;7.577446;47.352055
1127;688.7;2610489.15;1244586.79;7.577449;47.352049
1127.9;688.7;2610489.53;1244586.01;7.577454;47.352042
1128.8;689.1;2610489.68;1244585.12;7.577456;47.352034
1129.7;689.1;2610489.91;1244584.23;7.577459;47.352026
1131.2;689.7;2610490.37;1244582.79;7.577465;47.352013
1131.8;689.7;2610490.52;1244582.23;7.577467;47.352008
1132.8;690;2610490.75;1244581.23;7.57747;47.351999
1133.8;690;2610490.97;1244580.23;7.577473;47.35199
1136;690.2;2610491.73;1244578.23;7.577483;47.351972
1136.9;690.8;2610492.41;1244577.56;7.577492;47.351966
1137.9;690.8;2610493.1;1244576.79;7.577501;47.351959
1139.8;691.1;2610493.63;1244575.01;7.577508;47.351943
1140.8;691.1;2610493.55;1244574.01;7.577507;47.351934
1141.7;691.6;2610493.4;1244573.12;7.577505;47.351926
1142.8;691.6;2610493.03;1244572.12;7.5775;47.351917
1143.8;691.9;2610492.65;1244571.12;7.577495;47.351908
1146.1;692.5;2610492.13;1244568.89;7.577488;47.351888
1147;692.4;2610491.9;1244568;7.577485;47.35188
1147.9;693.1;2610491.68;1244567.22;7.577482;47.351873
1148.6;693.1;2610491.6;1244566.45;7.577481;47.351866
1149.5;693.7;2610491.6;1244565.56;7.577481;47.351858
1151.6;694.3;2610491.15;1244563.55;7.577475;47.35184
1153.7;694.8;2610490.48;1244561.55;7.577466;47.351822
1154.6;694.8;2610490.25;1244560.66;7.577463;47.351814
1155.6;695.5;2610490.18;1244559.66;7.577462;47.351805
1156.7;695.5;2610490.11;1244558.55;7.577461;47.351795
1157.8;696;2610490.18;1244557.44;7.577462;47.351785
1159;696;2610490.41;1244556.33;7.577465;47.351775
1160.2;696.4;2610490.94;1244555.21;7.577472;47.351765
1161.3;696.4;2610491.55;1244554.33;7.57748;47.351757
1162.7;696.5;2610492.38;1244553.22;7.577491;47.351747
1164;696.5;2610493.21;1244552.22;7.577502;47.351738
1165.2;697;2610493.82;1244551.11;7.57751;47.351728
1166.5;697.7;2610494.43;1244550;7.577518;47.351718
1167.7;697.7;2610494.96;1244548.88;7.577525;47.351708
1168.9;698.1;2610495.49;1244547.88;7.577532;47.351699
1169.9;698.2;2610496.1;1244547;7.57754;47.351691
1171;698.2;2610496.7;1244546.11;7.577548;47.351683
1172.1;698.9;2610497.38;1244545.33;7.577557;47.351676
1174.3;699.2;2610498.67;1244543.44;7.577574;47.351659
1176.4;699.7;2610500.11;1244542;7.577593;47.351646
1177.4;699.7;2610500.94;1244541.33;7.577604;47.35164
1178.4;699.7;2610501.7;1244540.67;7.577614;47.351634
1179.5;698.6;2610502.45;1244540;7.577624;47.351628
1180.5;700.1;2610502.98;1244539.11;7.577631;47.35162
1181.6;700.1;2610503.59;1244538.23;7.577639;47.351612
1182.7;701;2610504.12;1244537.23;7.577646;47.351603
1184.8;701.8;2610505.18;1244535.45;7.57766;47.351587
1185.6;701.8;2610505.64;1244534.78;7.577666;47.351581
1186.5;701.1;2610506.39;1244534.23;7.577676;47.351576
1187.3;701.8;2610507.15;1244533.9;7.577686;47.351573
1188.2;701.8;2610507.98;1244533.56;7.577697;47.35157
1189.2;701.8;2610508.81;1244533.01;7.577708;47.351565
1190.1;701.8;2610509.57;1244532.68;7.577718;47.351562
1190.9;701.7;2610510.4;1244532.46;7.577729;47.35156
1191.9;701.7;2610511.31;1244532.12;7.577741;47.351557
1192.9;703.5;2610512.22;1244531.79;7.577753;47.351554
1193.8;703.5;2610513.12;1244531.57;7.577765;47.351552
1194.6;703.5;2610513.88;1244531.35;7.577775;47.35155
1195.5;703.2;2610514.71;1244531.02;7.577786;47.351547
1196.2;703.2;2610515.39;1244530.69;7.577795;47.351544
1197;702.2;2610516.07;1244530.24;7.577804;47.35154
1198.9;704;2610517.59;1244529.13;7.577824;47.35153
1200.7;702.8;2610519.02;1244528.14;7.577843;47.351521
1201.5;704.4;2610519.78;1244527.69;7.577853;47.351517
1202.4;703.7;2610520.54;1244527.25;7.577863;47.351513
1203.4;703.7;2610521.29;1244526.58;7.577873;47.351507
1204.4;705.5;2610521.97;1244525.92;7.577882;47.351501
1205.3;704.8;2610522.65;1244525.36;7.577891;47.351496
1206.1;704.8;2610523.26;1244524.81;7.577899;47.351491
1206.9;704.8;2610523.94;1244524.36;7.577908;47.351487
1207.8;705.5;2610524.62;1244523.81;7.577917;47.351482
1209.7;704.5;2610526.06;1244522.59;7.577936;47.351471
1210.1;704.5;2610526.36;1244522.26;7.57794;47.351468
1210.7;705.8;2610526.74;1244521.81;7.577945;47.351464
1211.4;705.8;2610527.12;1244521.26;7.57795;47.351459
1212.4;705.8;2610527.57;1244520.37;7.577956;47.351451
1213.3;706.8;2610527.95;1244519.48;7.577961;47.351443
1215.1;707;2610528.56;1244517.81;7.577969;47.351428
1216.7;707;2610528.94;1244516.26;7.577974;47.351414
1217.4;708.1;2610528.87;1244515.59;7.577973;47.351408
1218.2;708.1;2610528.87;1244514.81;7.577973;47.351401
1218.8;708.1;2610528.87;1244514.14;7.577973;47.351395
1219.5;709;2610528.8;1244513.48;7.577972;47.351389
1220.3;709;2610528.8;1244512.7;7.577972;47.351382
1220.9;709;2610529.1;1244512.14;7.577976;47.351377
1221.5;709.2;2610529.48;1244511.7;7.577981;47.351373
1222;709.2;2610529.71;1244511.26;7.577984;47.351369
1222.5;709.6;2610530.01;1244510.81;7.577988;47.351365
1223.1;709.6;2610530.39;1244510.37;7.577993;47.351361
1223.9;709.9;2610530.99;1244509.81;7.578001;47.351356
1224.8;709.9;2610531.67;1244509.26;7.57801;47.351351
1225.6;710.2;2610532.35;1244508.81;7.578019;47.351347
1227.4;710.8;2610533.79;1244507.7;7.578038;47.351337
1228.4;709.5;2610534.62;1244507.15;7.578049;47.351332
1229.4;709.5;2610535.38;1244506.6;7.578059;47.351327
1230.4;709.9;2610536.21;1244505.93;7.57807;47.351321
1231.4;709.9;2610536.97;1244505.26;7.57808;47.351315
1232.4;709.9;2610537.73;1244504.71;7.57809;47.35131
1233.5;711.3;2610538.48;1244503.93;7.5781;47.351303
1234.3;711.3;2610539.24;1244503.49;7.57811;47.351299
1235.2;711.3;2610539.85;1244502.93;7.578118;47.351294
1236.1;711.8;2610540.45;1244502.27;7.578126;47.351288
1237.9;712.8;2610541.51;1244500.71;7.57814;47.351274
1239.6;713.6;2610542.12;1244499.16;7.578148;47.35126
1240.5;712.8;2610541.89;1244498.27;7.578145;47.351252
1241.4;713;2610541.82;1244497.38;7.578144;47.351244
1243.3;713.6;2610541.6;1244495.49;7.578141;47.351227
1244.5;713.6;2610541.37;1244494.38;7.578138;47.351217
1245.4;715.3;2610541.3;1244493.49;7.578137;47.351209
1247.1;715.9;2610541.45;1244491.71;7.578139;47.351193
1247.9;715.9;2610541.98;1244491.15;7.578146;47.351188
1248.8;715.9;2610542.36;1244490.38;7.578151;47.351181
1249.8;716.3;2610542.89;1244489.49;7.578158;47.351173
1250.7;716.3;2610543.65;1244488.93;7.578168;47.351168
1251.8;715.5;2610544.41;1244488.27;7.578178;47.351162
1252.7;716.2;2610545.31;1244487.93;7.57819;47.351159
1253.7;716.3;2610546.14;1244487.49;7.578201;47.351155
1254.5;716.3;2610546.9;1244487.16;7.578211;47.351152
1255.4;716.3;2610547.73;1244486.83;7.578222;47.351149
1256.3;716.5;2610548.56;1244486.49;7.578233;47.351146
1257.2;716.5;2610549.47;1244486.16;7.578245;47.351143
1258.9;716.8;2610550.98;1244485.5;7.578265;47.351137
1259.5;716.8;2610551.59;1244485.28;7.578273;47.351135
1260.3;716.7;2610552.27;1244484.94;7.578282;47.351132
1261.2;716.7;2610553.03;1244484.5;7.578292;47.351128
1261.8;716.7;2610553.55;1244484.17;7.578299;47.351125
1262.4;717.4;2610554.08;1244483.95;7.578306;47.351123
1263;717.4;2610554.69;1244483.73;7.578314;47.351121
1263.8;717.4;2610555.37;1244483.39;7.578323;47.351118
1264.5;717.4;2610555.97;1244483.06;7.578331;47.351115
1265.2;717.1;2610556.66;1244482.73;7.57834;47.351112
1267.2;717.6;2610558.32;1244481.73;7.578362;47.351103
1268;717.6;2610558.92;1244481.18;7.57837;47.351098
1268.9;717.6;2610559.68;1244480.73;7.57838;47.351094
1269.7;717.5;2610560.44;1244480.29;7.57839;47.35109
1271.8;718.1;2610562.25;1244479.4;7.578414;47.351082
1272.7;718.1;2610563.08;1244479.07;7.578425;47.351079
1273.6;718.1;2610563.92;1244478.63;7.578436;47.351075
1274.6;718.1;2610564.82;1244478.18;7.578448;47.351071
1275.7;719;2610565.88;1244477.96;7.578462;47.351069
1276.7;718.3;2610566.86;1244478.08;7.578475;47.35107
1277.7;718.3;2610567.92;1244478.08;7.578489;47.35107
1278.7;718.5;2610568.9;1244478.08;7.578502;47.35107
1279.8;718.5;2610569.96;1244478.19;7.578516;47.351071
1280.7;718.8;2610570.87;1244478.2;7.578528;47.351071
1281.5;719.7;2610571.62;1244477.97;7.578538;47.351069
1282.3;720.1;2610572.31;1244477.53;7.578547;47.351065
1283;720.1;2610572.76;1244476.98;7.578553;47.35106
1283.7;720.1;2610573.29;1244476.53;7.57856;47.351056
1284.6;721.2;2610573.97;1244475.98;7.578569;47.351051
1285.4;721.4;2610574.58;1244475.42;7.578577;47.351046
1286.2;721.4;2610575.26;1244475.09;7.578586;47.351043
1287.8;721.6;2610576.69;1244474.2;7.578605;47.351035
1288.5;722.7;2610577.07;1244473.65;7.57861;47.35103
1289.2;722.7;2610577.6;1244473.2;7.578617;47.351026
1290;722.7;2610578.21;1244472.76;7.578625;47.351022
1290.8;722.7;2610578.81;1244472.21;7.578633;47.351017
1291.5;723.7;2610579.42;1244471.76;7.578641;47.351013
1293.4;724;2610580.7;1244470.43;7.578658;47.351001
1294.2;725;2610581.23;1244469.76;7.578665;47.350995
1295.2;725;2610581.99;1244469.21;7.578675;47.35099
1296.2;725.5;2610582.82;1244468.66;7.578686;47.350985
1297.2;725.5;2610583.73;1244468.21;7.578698;47.350981
1298;726.8;2610584.41;1244467.77;7.578707;47.350977
1298.9;726.8;2610585.17;1244467.33;7.578717;47.350973
1299.6;726.8;2610585.77;1244466.88;7.578725;47.350969
1300.4;727.3;2610586.53;1244466.66;7.578735;47.350967
1302.1;727.6;2610588.19;1244466.33;7.578757;47.350964
1303.8;728.6;2610589.63;1244465.44;7.578776;47.350956
1304.9;728.9;2610590.54;1244464.89;7.578788;47.350951
1305.8;728.9;2610591.37;1244464.45;7.578799;47.350947
1306.8;729.6;2610592.28;1244464.11;7.578811;47.350944
1307.7;730.5;2610593.11;1244463.78;7.578822;47.350941
1308.6;731;2610594.02;1244463.56;7.578834;47.350939
1309.4;731;2610594.77;1244463.34;7.578844;47.350937
1310.1;731;2610595.45;1244463.12;7.578853;47.350935
1311.1;731.4;2610596.36;1244462.79;7.578865;47.350932
1311.9;731.4;2610597.12;1244462.34;7.578875;47.350928
1312.8;732.8;2610597.8;1244461.9;7.578884;47.350924
1313.5;733;2610598.4;1244461.46;7.578892;47.35092
1314.1;733;2610598.63;1244460.9;7.578895;47.350915
1315.8;734.5;2610599.76;1244459.68;7.57891;47.350904
1317.1;734.7;2610600.97;1244459.24;7.578926;47.3509
1317.5;734.7;2610601.43;1244459.35;7.578932;47.350901
1318.2;734.8;2610602.11;1244459.35;7.578941;47.350901
1318.8;734.8;2610602.71;1244459.13;7.578949;47.350899
1319.5;734.8;2610603.32;1244459.02;7.578957;47.350898
1320.1;734.8;2610604;1244459.02;7.578966;47.350898
1320.9;735.1;2610604.75;1244459.13;7.578976;47.350899
1321.7;735.1;2610605.51;1244459.24;7.578986;47.3509
1322.5;735.5;2610606.34;1244459.47;7.578997;47.350902
1323.4;735.5;2610607.25;1244459.58;7.579009;47.350903
1324.4;735.7;2610608.15;1244459.58;7.579021;47.350903
1325.2;735.7;2610608.98;1244459.47;7.579032;47.350902
1326;735.7;2610609.74;1244459.36;7.579042;47.350901
1326.6;736;2610610.34;1244459.25;7.57905;47.3509
1327.3;736;2610611.1;1244459.25;7.57906;47.3509
1328;736;2610611.78;1244459.37;7.579069;47.350901
1328.8;735.6;2610612.53;1244459.59;7.579079;47.350903
1329.4;735.6;2610613.14;1244459.48;7.579087;47.350902
1330.2;735.6;2610613.9;1244459.15;7.579097;47.350899
1332.1;735.5;2610615.63;1244458.37;7.57912;47.350892
1333.7;737.1;2610617.15;1244457.93;7.57914;47.350888
1334.2;737.1;2610617.52;1244457.6;7.579145;47.350885
1334.9;736.6;2610618.05;1244457.27;7.579152;47.350882
1335.5;736.6;2610618.51;1244456.82;7.579158;47.350878
1337.5;738.5;2610620.25;1244455.71;7.579181;47.350868
1338.1;738.5;2610620.32;1244455.16;7.579182;47.350863
1338.7;738.5;2610620.55;1244454.6;7.579185;47.350858
1339.3;738.5;2610620.86;1244454.05;7.579189;47.350853
1339.8;740.3;2610621.08;1244453.6;7.579192;47.350849
1340.6;740.3;2610621.39;1244452.94;7.579196;47.350843
1341.1;740.3;2610621.61;1244452.49;7.579199;47.350839
1341.7;740.3;2610621.99;1244452.05;7.579204;47.350835
1342.3;741.5;2610622.45;1244451.6;7.57921;47.350831
1343.7;741.5;2610623.58;1244450.72;7.579225;47.350823
1344.5;741.3;2610624.04;1244450.05;7.579231;47.350817
1345.4;743;2610624.49;1244449.27;7.579237;47.35081
1346.2;743;2610624.95;1244448.72;7.579243;47.350805
1347.7;744.6;2610625.93;1244447.5;7.579256;47.350794
1348.5;744.9;2610626.16;1244446.72;7.579259;47.350787
1349.2;744.9;2610626.39;1244446.05;7.579262;47.350781
1350.6;745.3;2610627.22;1244444.94;7.579273;47.350771
1351.3;745.3;2610627.67;1244444.39;7.579279;47.350766
1352.1;745.5;2610627.98;1244443.72;7.579283;47.35076
1353.7;745.4;2610628.06;1244442.05;7.579284;47.350745
1355;745.6;2610627.07;1244441.27;7.579271;47.350738
1356.3;745.6;2610626.09;1244440.38;7.579258;47.35073
1357.5;745.8;2610625.34;1244439.49;7.579248;47.350722
1358.6;745.8;2610624.51;1244438.71;7.579237;47.350715
1360.6;746.1;2610623.38;1244437.04;7.579222;47.3507
1361.6;746.1;2610622.93;1244436.15;7.579216;47.350692
1363.5;746.2;2610623.01;1244434.26;7.579217;47.350675
1364.6;746.4;2610623.76;1244433.48;7.579227;47.350668
1365.8;746.4;2610624.82;1244433.04;7.579241;47.350664
1366.8;746.4;2610625.8;1244432.82;7.579254;47.350662
1367.7;746.6;2610626.71;1244432.49;7.579266;47.350659
1368.9;746.6;2610627.85;1244432.27;7.579281;47.350657
1370;746.9;2610628.9;1244432.16;7.579295;47.350656
1372.2;747.4;2610631.1;1244432.16;7.579324;47.350656
1373.4;748;2610632.3;1244432.16;7.57934;47.350656
1375.3;748.5;2610634.12;1244431.61;7.579364;47.350651
1376.2;748.5;2610635.03;1244431.61;7.579376;47.350651
1377.2;748.9;2610636.08;1244431.5;7.57939;47.35065
1378.3;748.9;2610637.14;1244431.51;7.579404;47.35065
1379.4;749.3;2610638.2;1244431.4;7.579418;47.350649
1380.4;749.3;2610639.18;1244431.06;7.579431;47.350646
1381.5;749.7;2610640.17;1244430.51;7.579444;47.350641
1382.6;749.7;2610641.15;1244430.18;7.579457;47.350638
1383.7;750.4;2610642.21;1244429.85;7.579471;47.350635
1384.7;750.4;2610643.19;1244429.4;7.579484;47.350631
1385.8;750.7;2610644.17;1244428.96;7.579497;47.350627
1387;750.7;2610645.23;1244428.52;7.579511;47.350623
1388;751.1;2610646.21;1244428.19;7.579524;47.35062
1389.1;752.1;2610647.2;1244427.74;7.579537;47.350616
1390;752.3;2610648.03;1244427.41;7.579548;47.350613
1392.1;752.5;2610650.15;1244426.97;7.579576;47.350609
1394.1;752.7;2610652.11;1244426.64;7.579602;47.350606
1395.2;752.7;2610653.17;1244426.75;7.579616;47.350607
1396.2;753.2;2610654.15;1244426.64;7.579629;47.350606
1398.3;753.6;2610656.27;1244426.31;7.579657;47.350603
1400.1;754;2610658.08;1244426.32;7.579681;47.350603
1401;754;2610658.91;1244426.32;7.579692;47.350603
1401.8;754;2610659.74;1244426.1;7.579703;47.350601
1402.8;755.1;2610660.73;1244425.88;7.579716;47.350599
1403.8;755.1;2610661.63;1244425.55;7.579728;47.350596
1404.7;755.6;2610662.46;1244425.1;7.579739;47.350592
1405.6;755.6;2610663.3;1244424.88;7.57975;47.35059
1406.5;756.1;2610664.13;1244424.55;7.579761;47.350587
1407.4;756.1;2610665.04;1244424.33;7.579773;47.350585
1408.3;756.1;2610665.87;1244424.11;7.579784;47.350583
1409.9;757.9;2610667.45;1244423.67;7.579805;47.350579
1410.6;758;2610668.13;1244423.56;7.579814;47.350578
1411.5;758;2610668.97;1244423.56;7.579825;47.350578
1412.5;758;2610669.95;1244423.45;7.579838;47.350577
1413.2;758.2;2610670.7;1244423.34;7.579848;47.350576
1414.2;758.2;2610671.61;1244423.12;7.57986;47.350574
1415.8;758.7;2610673.2;1244422.79;7.579881;47.350571
1416.5;758.7;2610673.88;1244422.45;7.57989;47.350568
1417.3;759;2610674.56;1244422.01;7.579899;47.350564
1418;759.5;2610675.16;1244421.68;7.579907;47.350561
1418.9;759.5;2610675.92;1244421.35;7.579917;47.350558
1420.6;759.9;2610677.58;1244421.02;7.579939;47.350555
1422.5;760.2;2610679.32;1244420.13;7.579962;47.350547
1424.4;760.9;2610680.84;1244419.02;7.579982;47.350537
1425.2;760.9;2610681.37;1244418.46;7.579989;47.350532
1426.1;761.1;2610682.2;1244418.02;7.58;47.350528
1426.9;761.4;2610682.88;1244417.58;7.580009;47.350524
1427.7;761.4;2610683.56;1244417.25;7.580018;47.350521
1428.6;761.5;2610684.39;1244416.91;7.580029;47.350518
1429.3;761.5;2610685.15;1244416.69;7.580039;47.350516
1430.2;761.5;2610685.98;1244416.69;7.58005;47.350516
1431.1;761.8;2610686.89;1244416.7;7.580062;47.350516
1432;761.8;2610687.79;1244416.59;7.580074;47.350515
1433;762.1;2610688.77;1244416.59;7.580087;47.350515
1434;762.1;2610689.76;1244416.81;7.5801;47.350517
1435.1;762.4;2610690.81;1244417.04;7.580114;47.350519
1436.1;762.4;2610691.72;1244417.59;7.580126;47.350524
1438.4;762.5;2610693.68;1244418.71;7.580152;47.350534
1439.8;762.8;2610694.89;1244419.49;7.580168;47.350541
1441;763.3;2610696.02;1244419.94;7.580183;47.350545
1442;762.7;2610696.85;1244420.38;7.580194;47.350549
1444.2;763.1;2610698.36;1244421.94;7.580214;47.350563
1445.4;762.3;2610699.19;1244422.83;7.580225;47.350571
1446.6;761.9;2610700.25;1244423.39;7.580239;47.350576
1447.7;761.9;2610701.3;1244423.73;7.580253;47.350579
1450;760.4;2610703.57;1244424.18;7.580283;47.350583
1451.2;760.2;2610704.78;1244424.4;7.580299;47.350585
1452.4;760.2;2610705.91;1244424.51;7.580314;47.350586
1453.5;759.9;2610707.05;1244424.51;7.580329;47.350586
1455.8;760.2;2610709.31;1244424.3;7.580359;47.350584
1456.6;760.1;2610710.14;1244424.19;7.58037;47.350583
1457.7;760.1;2610711.2;1244424.08;7.580384;47.350582
1460;760.4;2610713.47;1244423.64;7.580414;47.350578
1461;760.2;2610714.3;1244423.08;7.580425;47.350573
1463.2;760;2610716.42;1244422.53;7.580453;47.350568
1464.3;760.7;2610717.33;1244421.86;7.580465;47.350562
1465.4;760.6;2610718.23;1244421.31;7.580477;47.350557
1466.5;760.6;2610719.22;1244420.65;7.58049;47.350551
1467.6;760.4;2610720.13;1244420.09;7.580502;47.350546
1468.6;761.2;2610720.96;1244419.54;7.580513;47.350541
1469.5;761.2;2610721.87;1244419.32;7.580525;47.350539
1470.5;761;2610722.85;1244419.43;7.580538;47.35054
1471.5;761;2610723.83;1244419.43;7.580551;47.35054
1472.4;761.2;2610724.74;1244419.43;7.580563;47.35054
1473.4;761.2;2610725.72;1244419.21;7.580576;47.350538
1474.2;761.2;2610726.47;1244419.44;7.580586;47.35054
1475;761.2;2610727.08;1244419.88;7.580594;47.350544
1475.8;760.4;2610727.76;1244420.33;7.580603;47.350548
1476.7;760.9;2610728.44;1244420.88;7.580612;47.350553
1478.6;760.9;2610729.04;1244422.78;7.58062;47.35057
1480.1;761.5;2610729.19;1244424.22;7.580622;47.350583
1481.3;761.5;2610729.11;1244425.44;7.580621;47.350594
1483.5;762.1;2610728.65;1244427.56;7.580615;47.350613
1484.4;762.9;2610728.42;1244428.44;7.580612;47.350621
1485.2;762.9;2610728.42;1244429.22;7.580612;47.350628
1486.1;763.7;2610728.34;1244430.11;7.580611;47.350636
1487.2;763.7;2610728.42;1244431.22;7.580612;47.350646
1488.3;764;2610728.64;1244432.34;7.580615;47.350656
1489.3;764;2610728.79;1244433.34;7.580617;47.350665
1490.3;764.5;2610728.71;1244434.34;7.580616;47.350674
1491.5;764.5;2610728.56;1244435.45;7.580614;47.350684
1494;765.3;2610728.48;1244438.01;7.580613;47.350707
1495.2;765.3;2610728.63;1244439.23;7.580615;47.350718
1497.7;765.7;2610728.55;1244441.68;7.580614;47.35074
1498.7;766.3;2610728.7;1244442.68;7.580616;47.350749
1499.7;766.3;2610728.77;1244443.68;7.580617;47.350758
1500.8;767;2610729.22;1244444.68;7.580623;47.350767
1501.8;767;2610729.6;1244445.57;7.580628;47.350775
1502.7;767.7;2610729.83;1244446.46;7.580631;47.350783
1503.6;767.7;2610729.98;1244447.35;7.580633;47.350791
1504.6;768.3;2610729.82;1244448.35;7.580631;47.3508
1505.6;768.3;2610729.52;1244449.35;7.580627;47.350809
1506.7;768.9;2610729.21;1244450.35;7.580623;47.350818
1507.7;768.9;2610728.83;1244451.24;7.580618;47.350826
1508.8;769.4;2610728.45;1244452.35;7.580613;47.350836
1510;769.4;2610728.08;1244453.46;7.580608;47.350846
1511.2;769.4;2610727.77;1244454.57;7.580604;47.350856
1512.3;769.4;2610727.62;1244455.68;7.580602;47.350866
1513.4;769.9;2610727.62;1244456.79;7.580602;47.350876
1514.3;769.9;2610727.69;1244457.68;7.580603;47.350884
1516.2;770.3;2610727.99;1244459.57;7.580607;47.350901
1517;771.8;2610728.21;1244460.35;7.58061;47.350908
1517.8;771.8;2610728.51;1244461.13;7.580614;47.350915
1518.7;771.8;2610728.82;1244461.91;7.580618;47.350922
1519.4;772.3;2610728.89;1244462.58;7.580619;47.350928
1520.9;772;2610729.04;1244464.13;7.580621;47.350942
1521.9;772;2610728.51;1244464.91;7.580614;47.350949
1522.8;771.4;2610727.9;1244465.69;7.580606;47.350956
1524.1;771.5;2610726.84;1244466.35;7.580592;47.350962
1525.2;771.5;2610726.01;1244467.13;7.580581;47.350969
1527.3;771.4;2610724.72;1244468.8;7.580564;47.350984
1529;771.3;2610724.64;1244470.46;7.580563;47.350999
1529.7;771.3;2610724.87;1244471.13;7.580566;47.351005
1530.6;770.9;2610725.09;1244472.02;7.580569;47.351013
1531.7;770.9;2610725.4;1244473.02;7.580573;47.351022
1532.9;771.3;2610725.85;1244474.14;7.580579;47.351032
1533.6;772.4;2610726.3;1244474.69;7.580585;47.351037
1534.5;772.4;2610726.98;1244475.36;7.580594;47.351043
1535.5;772.4;2610727.81;1244475.92;7.580605;47.351048
1536.6;773.7;2610728.56;1244476.59;7.580615;47.351054
1537.5;773.7;2610729.01;1244477.37;7.580621;47.351061
1539.3;774.3;2610728.94;1244479.26;7.58062;47.351078
1539.9;774.3;2610728.78;1244479.81;7.580618;47.351083
1540.6;775;2610728.48;1244480.37;7.580614;47.351088
1541.5;775;2610728.25;1244481.26;7.580611;47.351096
1542.4;775.4;2610728.25;1244482.14;7.580611;47.351104
1543.2;775.4;2610728.4;1244482.92;7.580613;47.351111
1544;775.4;2610728.78;1244483.7;7.580618;47.351118
1545;775.7;2610729.15;1244484.59;7.580623;47.351126
1545.9;775.7;2610729.45;1244485.48;7.580627;47.351134
1546.8;775.9;2610729.83;1244486.26;7.580632;47.351141
1547.7;776.9;2610730.21;1244487.04;7.580637;47.351148
1548.5;776.9;2610730.43;1244487.82;7.58064;47.351155
1549.3;776.7;2610730.58;1244488.6;7.580642;47.351162
1551;776.5;2610730.96;1244490.27;7.580647;47.351177
1552.7;776.5;2610731.63;1244491.82;7.580656;47.351191
1553.6;777.8;2610732.39;1244492.38;7.580666;47.351196
1554.4;777.8;2610732.99;1244492.94;7.580674;47.351201
1555.3;777.8;2610733.59;1244493.61;7.580682;47.351207
1556.1;778;2610733.97;1244494.27;7.580687;47.351213
1557;779.1;2610734.42;1244495.05;7.580693;47.35122
1557.8;779.1;2610734.87;1244495.72;7.580699;47.351226
1558.8;779.1;2610735.25;1244496.61;7.580704;47.351234
1559.6;779.1;2610735.4;1244497.39;7.580706;47.351241
1560.5;779.7;2610735.47;1244498.28;7.580707;47.351249
1561.2;779.7;2610735.32;1244499.06;7.580705;47.351256
1562.2;779.7;2610734.94;1244499.95;7.5807;47.351264
1563.1;779.8;2610734.71;1244500.83;7.580697;47.351272
1563.9;779.8;2610734.56;1244501.61;7.580695;47.351279
1564.7;780.9;2610734.11;1244502.28;7.580689;47.351285
1565.4;780.2;2610733.5;1244502.61;7.580681;47.351288
1566.4;780.2;2610732.75;1244503.17;7.580671;47.351293
1567.3;779.8;2610731.99;1244503.72;7.580661;47.351298
1568.4;780.6;2610731.38;1244504.61;7.580653;47.351306
1569.4;780.6;2610730.93;1244505.5;7.580647;47.351314
1571.1;781.3;2610730.62;1244507.16;7.580643;47.351329
1571.6;781.3;2610730.62;1244507.72;7.580643;47.351334
1572.4;782;2610730.47;1244508.5;7.580641;47.351341
1573;782;2610730.17;1244509.05;7.580637;47.351346
1573.8;781.6;2610729.64;1244509.61;7.58063;47.351351
1574.7;782.6;2610729.03;1244510.27;7.580622;47.351357
1575.7;782.6;2610728.42;1244511.05;7.580614;47.351364
1576.7;781.8;2610727.82;1244511.83;7.580606;47.351371
1577.5;782.4;2610727.29;1244512.5;7.580599;47.351377
1578.4;782.4;2610726.99;1244513.27;7.580595;47.351384
1579.2;783;2610726.91;1244514.05;7.580594;47.351391
1579.9;783;2610726.91;1244514.83;7.580594;47.351398
1580.7;783;2610726.91;1244515.61;7.580594;47.351405
1581.5;783.4;2610726.98;1244516.39;7.580595;47.351412
1582.3;783.4;2610727.13;1244517.16;7.580597;47.351419
1584.1;784;2610727.13;1244518.94;7.580597;47.351435
1586;784.7;2610726.97;1244520.83;7.580595;47.351452
1586.8;784.7;2610726.74;1244521.61;7.580592;47.351459
1587.6;785.3;2610726.29;1244522.28;7.580586;47.351465
1589.3;785;2610725.3;1244523.72;7.580573;47.351478
1590;785.8;2610725.23;1244524.39;7.580572;47.351484
1590.8;785.8;2610725.07;1244525.17;7.58057;47.351491
1591.6;785.8;2610724.7;1244525.83;7.580565;47.351497
1593.3;786.4;2610723.41;1244526.94;7.580548;47.351507
1594.1;786.4;2610722.58;1244527.16;7.580537;47.351509
1595.1;786.7;2610721.6;1244527.38;7.580524;47.351511
1597.3;788.2;2610719.63;1244528.27;7.580498;47.351519
1598.3;788.2;2610718.65;1244528.49;7.580485;47.351521
1599.2;788.4;2610717.89;1244528.93;7.580475;47.351525
1600.1;788.4;2610716.98;1244529.27;7.580463;47.351528
1602.2;788.5;2610714.94;1244529.37;7.580436;47.351529
1603.4;788.8;2610713.81;1244529.04;7.580421;47.351526
1605.7;788.7;2610711.47;1244529.37;7.58039;47.351529
1606.8;788.7;2610710.41;1244529.59;7.580376;47.351531
1607.8;790;2610709.58;1244530.14;7.580365;47.351536
1608.7;790;2610708.74;1244530.58;7.580354;47.35154
1609.8;790.3;2610707.84;1244531.03;7.580342;47.351544
1610.7;790.3;2610707;1244531.47;7.580331;47.351548
1611.7;790.3;2610706.1;1244531.8;7.580319;47.351551
1612.4;792;2610705.49;1244532.25;7.580311;47.351555
1613.2;792;2610705.26;1244533.02;7.580308;47.351562
1613.9;792;2610705.41;1244533.69;7.58031;47.351568
1614.7;793.4;2610705.87;1244534.36;7.580316;47.351574
1616.5;792.8;2610707.15;1244535.58;7.580333;47.351585
1618.5;793.9;2610708.88;1244536.7;7.580356;47.351595
1620.7;793.6;2610710.77;1244537.81;7.580381;47.351605
1621.9;794.8;2610711.75;1244538.37;7.580394;47.35161
1622.9;794.7;2610712.66;1244538.93;7.580406;47.351615
1624;794.7;2610713.64;1244539.38;7.580419;47.351619
1625.1;794.6;2610714.7;1244539.6;7.580433;47.351621
1626;794.6;2610715.6;1244539.71;7.580445;47.351622
1627;794.3;2610716.59;1244539.83;7.580458;47.351623
1627.8;795.7;2610717.34;1244540.16;7.580468;47.351626
1628.7;795.4;2610718.02;1244540.72;7.580477;47.351631
1630.2;795.4;2610719.08;1244541.83;7.580491;47.351641
1630.7;796.5;2610719.38;1244542.17;7.580495;47.351644
1631.3;796.5;2610719.83;1244542.61;7.580501;47.351648
1632;796.5;2610720.43;1244542.84;7.580509;47.35165
1632.9;796.5;2610721.26;1244543.17;7.58052;47.351653
1634.6;796.6;2610722.93;1244543.73;7.580542;47.351658
1636;797.1;2610724.28;1244544.18;7.58056;47.351662
1636.7;797.1;2610724.89;1244544.51;7.580568;47.351665
1637.6;797.1;2610725.57;1244545.07;7.580577;47.35167
1638.4;796.7;2610726.17;1244545.51;7.580585;47.351674
1639.2;796.7;2610726.85;1244545.96;7.580594;47.351678
1640.9;797.5;2610728.44;1244546.74;7.580615;47.351685
1641.7;797.5;2610729.19;1244546.96;7.580625;47.351687
1642.5;797.5;2610729.95;1244547.08;7.580635;47.351688
1643.4;797.5;2610730.63;1244546.41;7.580644;47.351682
1643.7;797.5;2610730.85;1244546.3;7.580647;47.351681
1644.1;797.5;2610730.48;1244546.52;7.580642;47.351683
1644.5;797.5;2610730.32;1244546.86;7.58064;47.351686
1645.2;797.5;2610730.32;1244547.52;7.58064;47.351692
1646.1;798.2;2610730.62;1244548.41;7.580644;47.3517
1646.8;798.2;2610730.77;1244549.08;7.580646;47.351706
1647.3;798.2;2610731.08;1244549.53;7.58065;47.35171
1648;798.2;2610731.6;1244549.86;7.580657;47.351713
1648.7;798.9;2610732.06;1244550.42;7.580663;47.351718
1649.6;798.9;2610732.51;1244551.2;7.580669;47.351725
1650.6;799.8;2610733.04;1244552.09;7.580676;47.351733
1651.6;799.8;2610733.56;1244552.98;7.580683;47.351741
1652.5;799.8;2610733.94;1244553.76;7.580688;47.351748
1653.5;800.3;2610734.16;1244554.76;7.580691;47.351757
1654.3;800.3;2610734.39;1244555.54;7.580694;47.351764
1655.1;801.6;2610734.39;1244556.31;7.580694;47.351771
1655.9;801.6;2610734.46;1244557.09;7.580695;47.351778
1656.8;801.6;2610734.69;1244557.98;7.580698;47.351786
1658.4;802.7;2610735.36;1244559.43;7.580707;47.351799
1658.8;802.7;2610735.59;1244559.76;7.58071;47.351802
1659.3;803.8;2610735.74;1244560.21;7.580712;47.351806
1660;803.8;2610735.82;1244560.87;7.580713;47.351812
1660.6;803.3;2610736.04;1244561.43;7.580716;47.351817
1661.3;804.3;2610736.42;1244562.1;7.580721;47.351823
1662.2;804.3;2610737.02;1244562.66;7.580729;47.351828
1663;804.3;2610737.7;1244563.1;7.580738;47.351832
1663.9;803.9;2610738.3;1244563.77;7.580746;47.351838
1665.6;804.9;2610739.06;1244565.33;7.580756;47.351852
1666.5;805.9;2610739.58;1244566.11;7.580763;47.351859
1667.1;805.9;2610739.96;1244566.55;7.580768;47.351863
1667.8;805.4;2610740.41;1244567.11;7.580774;47.351868
1668.6;805.4;2610740.94;1244567.67;7.580781;47.351873
1669.6;806.4;2610741.62;1244568.33;7.58079;47.351879
1670.4;805.9;2610742.37;1244568.78;7.5808;47.351883
1671.4;805.9;2610743.28;1244569.23;7.580812;47.351887
1672.4;805.6;2610744.03;1244569.78;7.580822;47.351892
1673.2;806.4;2610744.64;1244570.34;7.58083;47.351897
1674.1;806.4;2610745.24;1244571.01;7.580838;47.351903
1675;806.4;2610745.77;1244571.68;7.580845;47.351909
1675.9;806.7;2610746.3;1244572.46;7.580852;47.351916
1676.8;806.7;2610746.75;1244573.24;7.580858;47.351923
1678.2;807.4;2610746.9;1244574.68;7.58086;47.351936
1679.2;807.4;2610746.74;1244575.57;7.580858;47.351944
1679.7;808.3;2610746.82;1244576.13;7.580859;47.351949
1680.5;808.3;2610747.2;1244576.79;7.580864;47.351955
1682.1;807.9;2610748.4;1244577.91;7.58088;47.351965
1683.2;807.9;2610749.46;1244577.91;7.580894;47.351965
1684.2;807.9;2610750.52;1244577.91;7.580908;47.351965
1685.3;807.9;2610751.58;1244577.8;7.580922;47.351964
1686.1;807.8;2610752.33;1244577.58;7.580932;47.351962
1687;807.8;2610753.24;1244577.47;7.580944;47.351961
1688;808.1;2610754.22;1244577.36;7.580957;47.35196
1689.9;808.8;2610756.11;1244577.25;7.580982;47.351959
1690.5;808.8;2610756.71;1244577.37;7.58099;47.35196
1691.2;808.8;2610757.39;1244577.59;7.580999;47.351962
1692.7;810.5;2610758.68;1244578.37;7.581016;47.351969
1693.3;810.5;2610759.21;1244578.71;7.581023;47.351972
1695.1;810.6;2610760.94;1244578.6;7.581046;47.351971
1696;810.6;2610761.85;1244578.27;7.581058;47.351968
1696.9;810.8;2610762.61;1244577.93;7.581068;47.351965
1697.9;810.8;2610763.52;1244577.38;7.58108;47.35196
1699.1;811.1;2610764.2;1244576.49;7.581089;47.351952
1700.2;811;2610764.73;1244575.49;7.581096;47.351943
1701.5;811;2610765.11;1244574.27;7.581101;47.351932
1702.9;810.8;2610765.49;1244572.94;7.581106;47.35192
1704.3;810.6;2610765.79;1244571.49;7.58111;47.351907
1705.7;810.9;2610766.1;1244570.16;7.581114;47.351895
1706.9;810.7;2610766.63;1244569.05;7.581121;47.351885
1708.2;810.6;2610767.08;1244567.82;7.581127;47.351874
1709.6;810.6;2610767.54;1244566.49;7.581133;47.351862
1712.3;810.8;2610768.22;1244563.93;7.581142;47.351839
1713.6;810.8;2610768.6;1244562.71;7.581147;47.351828
1714.7;810.7;2610768.83;1244561.6;7.58115;47.351818
1716;810.7;2610769.21;1244560.38;7.581155;47.351807
1717.3;810.8;2610769.67;1244559.16;7.581161;47.351796
1718.4;811.7;2610770.12;1244558.16;7.581167;47.351787
1719.4;811.5;2610770.58;1244557.27;7.581173;47.351779
1720.5;811.5;2610771.03;1244556.27;7.581179;47.35177
1721.4;811.4;2610771.41;1244555.38;7.581184;47.351762
1722.5;811.4;2610771.79;1244554.38;7.581189;47.351753
1724.8;811.9;2610772.4;1244552.16;7.581197;47.351733
1725.8;811.7;2610772.48;1244551.16;7.581198;47.351724
1727.1;811.6;2610772.56;1244549.93;7.581199;47.351713
1729.4;811.6;2610772.79;1244547.6;7.581202;47.351692
1730.8;811.6;2610773.17;1244546.27;7.581207;47.35168
1732.2;811.6;2610773.62;1244544.93;7.581213;47.351668
1733.6;811.9;2610774.23;1244543.71;7.581221;47.351657
1736.2;811.8;2610775.59;1244541.49;7.581239;47.351637
1737.4;812.2;2610776.35;1244540.49;7.581249;47.351628
1738.8;811.9;2610776.96;1244539.27;7.581257;47.351617
1740;811.9;2610777.49;1244538.16;7.581264;47.351607
1741.3;812.6;2610778.02;1244536.94;7.581271;47.351596
1742.5;812.8;2610778.47;1244535.82;7.581277;47.351586
1745;812.6;2610779.31;1244533.49;7.581288;47.351565
1746.3;812.6;2610779.69;1244532.27;7.581293;47.351554
1747.7;812.6;2610779.99;1244530.93;7.581297;47.351542
1750.1;812.8;2610780.07;1244528.49;7.581298;47.35152
1751.4;812.5;2610780.23;1244527.27;7.5813;47.351509
1752.6;812.5;2610780.68;1244526.16;7.581306;47.351499
1753.9;812.3;2610781.21;1244524.93;7.581313;47.351488
1755.1;812.3;2610781.9;1244523.93;7.581322;47.351479
1757.4;812.7;2610783.03;1244521.93;7.581337;47.351461
1758.6;812.7;2610783.49;1244520.82;7.581343;47.351451
1759.8;812.7;2610783.87;1244519.71;7.581348;47.351441
1760.9;813.4;2610784.17;1244518.6;7.581352;47.351431
1762.4;813.4;2610784.48;1244517.16;7.581356;47.351418
1763.4;813.4;2610784.78;1244516.16;7.58136;47.351409
1764.6;813.3;2610785.16;1244515.05;7.581365;47.351399
1765.8;813.3;2610785.54;1244513.93;7.58137;47.351389
1766.9;813.3;2610786;1244512.93;7.581376;47.35138
1768;814.4;2610786.45;1244511.93;7.581382;47.351371
1769.1;814.4;2610786.91;1244510.93;7.581388;47.351362
1770.2;814.4;2610787.29;1244509.93;7.581393;47.351353
1771.3;814.4;2610787.74;1244508.93;7.581399;47.351344
1773.6;816;2610788.43;1244506.71;7.581408;47.351324
1774.7;816.9;2610788.73;1244505.6;7.581412;47.351314
1776;816.9;2610789.11;1244504.38;7.581417;47.351303
1776.9;817;2610789.26;1244503.49;7.581419;47.351295
1777.9;817;2610789.49;1244502.49;7.581422;47.351286
1778.9;816.9;2610789.72;1244501.6;7.581425;47.351278
1781.1;819.2;2610790.33;1244499.49;7.581433;47.351259
1782.3;819.2;2610790.33;1244498.27;7.581433;47.351248
1783.5;819.5;2610790.41;1244497.04;7.581434;47.351237
1786.1;819.1;2610790.87;1244494.49;7.58144;47.351214
1787.4;818.5;2610790.72;1244493.15;7.581438;47.351202
1789.9;818.4;2610790.8;1244490.71;7.581439;47.35118
1791.3;818.1;2610790.65;1244489.26;7.581437;47.351167
1792.6;818.1;2610790.58;1244488.04;7.581436;47.351156
1793.9;817.8;2610790.73;1244486.7;7.581438;47.351144
1795.1;817.8;2610790.73;1244485.48;7.581438;47.351133
1796.6;817.8;2610790.66;1244484.04;7.581437;47.35112
1797.9;818;2610790.66;1244482.7;7.581437;47.351108
1799.1;818.3;2610790.66;1244481.48;7.581437;47.351097
1800.6;818.3;2610790.82;1244480.03;7.581439;47.351084
1803.5;819.9;2610791.2;1244477.14;7.581444;47.351058
1804.6;819.9;2610791.35;1244476.03;7.581446;47.351048
1807.3;820.6;2610791.81;1244473.36;7.581452;47.351024
1808.9;820.3;2610791.89;1244471.81;7.581453;47.35101
1810.3;823.1;2610792.19;1244470.47;7.581457;47.350998
1811.6;822.9;2610792.5;1244469.14;7.581461;47.350986
1813.3;822.6;2610792.58;1244467.47;7.581462;47.350971
1814.1;822.6;2610792.58;1244466.69;7.581462;47.350964
1815.3;821.7;2610792.58;1244465.47;7.581462;47.350953
1816.6;821.7;2610792.51;1244464.14;7.581461;47.350941
1817.9;819.6;2610792.36;1244462.91;7.581459;47.35093
1819.2;819.3;2610792.13;1244461.58;7.581456;47.350918
1821.7;816.8;2610791.69;1244459.13;7.58145;47.350896
1823;817;2610791.69;1244457.8;7.58145;47.350884
1824.3;817;2610791.84;1244456.58;7.581452;47.350873
1826.6;819.6;2610792.6;1244454.35;7.581462;47.350853
1827.8;821;2610793.06;1244453.24;7.581468;47.350843
1829;821;2610793.51;1244452.13;7.581474;47.350833
1830.2;821.8;2610793.82;1244451.02;7.581478;47.350823
1831.6;824.9;2610794.2;1244449.69;7.581483;47.350811
1832.5;824.9;2610794.5;1244448.8;7.581487;47.350803
1833.7;825.3;2610794.8;1244447.69;7.581491;47.350793
1834.8;825.3;2610795.03;1244446.58;7.581494;47.350783
1836.1;824.8;2610795.34;1244445.35;7.581498;47.350772
1837.3;824.8;2610795.64;1244444.13;7.581502;47.350761
1838.5;826.6;2610796.32;1244443.13;7.581511;47.350752
1840;825.9;2610797.16;1244441.91;7.581522;47.350741
1840.8;825.9;2610797.31;1244441.13;7.581524;47.350734
1843.2;825;2610796.78;1244438.8;7.581517;47.350713
1844.4;825;2610796.79;1244437.57;7.581517;47.350702
1846.8;824.6;2610797.32;1244435.24;7.581524;47.350681
1848.6;823.4;2610797.7;1244433.46;7.581529;47.350665
1849.5;823.4;2610797.85;1244432.57;7.581531;47.350657
1851.8;825.9;2610798.69;1244430.46;7.581542;47.350638
1853.1;825;2610799.29;1244429.35;7.58155;47.350628
1855.4;825.5;2610800.51;1244427.35;7.581566;47.35061
1856.3;825.5;2610800.89;1244426.57;7.581571;47.350603
1857.8;824.5;2610801.49;1244425.13;7.581579;47.35059
1860.2;824.8;2610802.48;1244423.02;7.581592;47.350571
1861.3;823.6;2610802.63;1244421.91;7.581594;47.350561
1863.4;823.6;2610803.85;1244420.13;7.58161;47.350545
1864.5;823.8;2610804.38;1244419.24;7.581617;47.350537
1865.6;823.8;2610805.06;1244418.35;7.581626;47.350529
1866.8;822.6;2610805.81;1244417.47;7.581636;47.350521
1867.8;824.9;2610806.57;1244416.69;7.581646;47.350514
1868.9;824.9;2610807.33;1244416.02;7.581656;47.350508
1870;824.9;2610808.24;1244415.36;7.581668;47.350502
1871;824.9;2610808.99;1244414.69;7.581678;47.350496
1873.2;824.4;2610810.73;1244413.36;7.581701;47.350484
1874.3;824.4;2610811.79;1244412.92;7.581715;47.35048
1875.5;824.8;2610812.85;1244412.36;7.581729;47.350475
1876.6;823.5;2610813.83;1244411.92;7.581742;47.350471
1877.6;824.2;2610814.74;1244411.48;7.581754;47.350467
1878.7;824.2;2610815.72;1244411.03;7.581767;47.350463
1879.6;824.5;2610816.56;1244410.59;7.581778;47.350459
1880.4;824.5;2610817.16;1244410.15;7.581786;47.350455
1881;823;2610817.69;1244409.82;7.581793;47.350452
1881.8;823.9;2610818.3;1244409.26;7.581801;47.350447
1882.7;823.9;2610818.9;1244408.59;7.581809;47.350441
1883.9;822.1;2610819.66;1244407.71;7.581819;47.350433
1885;822.9;2610820.42;1244406.93;7.581829;47.350426
1886.3;822.9;2610821.4;1244406.04;7.581842;47.350418
1887.7;822.2;2610822.31;1244404.93;7.581854;47.350408
1889;822.2;2610823.14;1244404.04;7.581865;47.3504
1890;821.2;2610824.05;1244403.49;7.581877;47.350395
1892.3;827.1;2610826.09;1244402.49;7.581904;47.350386
1893.3;827.1;2610827.07;1244402.49;7.581917;47.350386
1895.4;830.6;2610829.19;1244402.39;7.581945;47.350385
1896.5;832.5;2610830.25;1244402.61;7.581959;47.350387
1898.4;832.5;2610831.91;1244403.61;7.581981;47.350396
1899.3;835.5;2610832.66;1244404.06;7.581991;47.3504
1900.9;835;2610834.25;1244403.73;7.582012;47.350397
1901.9;835;2610835.23;1244403.95;7.582025;47.350399
1902.9;835.5;2610836.21;1244403.96;7.582038;47.350399
1904.2;835.5;2610837.5;1244403.74;7.582055;47.350397
1905.4;835.3;2610838.71;1244403.63;7.582071;47.350396
1906.6;835.3;2610839.92;1244403.41;7.582087;47.350394
1908;834.6;2610841.2;1244403.08;7.582104;47.350391
1909.1;834.5;2610842.26;1244402.74;7.582118;47.350388
1911.3;834.4;2610844.38;1244402.19;7.582146;47.350383
1912.2;831.8;2610845.29;1244401.86;7.582158;47.35038
1913.2;831.7;2610846.27;1244401.75;7.582171;47.350379
1914.4;831.7;2610847.4;1244401.75;7.582186;47.350379
1915.3;831.8;2610848.38;1244401.75;7.582199;47.350379
1917.5;831.6;2610850.57;1244401.87;7.582228;47.35038
1918.4;831.6;2610851.41;1244401.87;7.582239;47.35038
1919.3;831.3;2610852.39;1244401.87;7.582252;47.35038
1920.3;831.3;2610853.29;1244401.87;7.582264;47.35038
1921.2;831;2610854.28;1244401.99;7.582277;47.350381
1922.2;833.2;2610855.26;1244402.1;7.58229;47.350382
1923.2;830.8;2610856.24;1244401.99;7.582303;47.350381
1924.4;830.8;2610857.37;1244401.88;7.582318;47.35038
1925.3;830.5;2610858.28;1244401.88;7.58233;47.35038
1926.2;830.5;2610859.19;1244401.89;7.582342;47.35038
1927.1;832.3;2610860.09;1244402;7.582354;47.350381
1928;832.3;2610861;1244401.89;7.582366;47.35038
1929.1;832.9;2610862.06;1244401.67;7.58238;47.350378
1931.1;833.5;2610864.03;1244401.23;7.582406;47.350374
1932;833.5;2610864.86;1244401.01;7.582417;47.350372
1933;833.5;2610865.76;1244400.56;7.582429;47.350368
1933.8;834.1;2610866.44;1244400.12;7.582438;47.350364
1934.6;833;2610867.2;1244399.79;7.582448;47.350361
1935.7;833.2;2610868.18;1244399.34;7.582461;47.350357
1936.7;833.2;2610869.02;1244398.79;7.582472;47.350352
1938.7;832.5;2610870.68;1244397.57;7.582494;47.350341
1939.5;832.5;2610871.29;1244397.13;7.582502;47.350337
1941.5;833.4;2610873.03;1244396.13;7.582525;47.350328
1942.3;832.5;2610873.71;1244395.8;7.582534;47.350325
1943.1;833.1;2610874.39;1244395.24;7.582543;47.35032
1945.1;833.1;2610875.9;1244394.02;7.582563;47.350309
1946.7;833.2;2610877.19;1244393.02;7.58258;47.3503
1948.4;834.2;2610878.7;1244392.36;7.5826;47.350294
1950.2;835.1;2610880.14;1244391.25;7.582619;47.350284
1951.1;835.1;2610880.82;1244390.58;7.582628;47.350278
1952.2;834.6;2610881.5;1244389.81;7.582637;47.350271
1954;836.5;2610882.86;1244388.59;7.582655;47.35026
1954.7;836.5;2610883.47;1244388.14;7.582663;47.350256
1955.6;837.4;2610884.3;1244387.81;7.582674;47.350253
1956.5;837.4;2610885.06;1244387.37;7.582684;47.350249
1957.5;837.4;2610885.81;1244386.81;7.582694;47.350244
1958.5;838.9;2610886.64;1244386.26;7.582705;47.350239
1959.5;838.3;2610887.48;1244385.7;7.582716;47.350234
1960.4;840.1;2610888.23;1244385.15;7.582726;47.350229
1961.5;840.1;2610889.07;1244384.48;7.582737;47.350223
1962.4;839.6;2610889.67;1244383.82;7.582745;47.350217
1964.4;841.1;2610891.19;1244382.38;7.582765;47.350204
1965.3;839.8;2610891.72;1244381.71;7.582772;47.350198
1966.4;840.7;2610892.4;1244380.82;7.582781;47.35019
1967.3;840.7;2610893;1244380.16;7.582789;47.350184
1968.4;839.6;2610893.76;1244379.38;7.582799;47.350177
1969.5;840.6;2610894.59;1244378.6;7.58281;47.35017
1970.4;840.6;2610895.27;1244378.05;7.582819;47.350165
1971.3;839.2;2610895.95;1244377.49;7.582828;47.35016
1972.1;840.3;2610896.64;1244377.16;7.582837;47.350157
1973.9;841.4;2610898.37;1244376.61;7.58286;47.350152
1974.7;841.4;2610899.13;1244376.39;7.58287;47.35015
1975.6;842.7;2610900.04;1244376.17;7.582882;47.350148
1976.5;841.6;2610900.94;1244375.94;7.582894;47.350146
1978.6;842.7;2610902.98;1244375.73;7.582921;47.350144
1979.6;842.7;2610903.97;1244375.62;7.582934;47.350143
1980.6;843.5;2610904.95;1244375.4;7.582947;47.350141
1981.6;843.5;2610905.93;1244375.4;7.58296;47.350141
1982.6;843.6;2610906.99;1244375.51;7.582974;47.350142
1983.6;843.6;2610907.97;1244375.51;7.582987;47.350142
1984.6;843.7;2610908.95;1244375.51;7.583;47.350142
1985.6;843.7;2610909.94;1244375.63;7.583013;47.350143
1986.6;843.5;2610910.92;1244375.74;7.583026;47.350144
1987.4;843.5;2610911.75;1244375.74;7.583037;47.350144
1988.4;843.7;2610912.73;1244375.74;7.58305;47.350144
1990.3;845.4;2610914.62;1244376.08;7.583075;47.350147
1991.3;845.4;2610915.53;1244376.53;7.583087;47.350151
1992.3;844.7;2610916.51;1244376.86;7.5831;47.350154
1993.2;844.7;2610917.26;1244377.2;7.58311;47.350157
1995.2;845.9;2610919.07;1244378.2;7.583134;47.350166
1996.4;845.2;2610920.06;1244378.87;7.583147;47.350172
1998.6;845.2;2610921.94;1244379.99;7.583172;47.350182
1999.6;845.7;2610922.7;1244380.65;7.583182;47.350188
2000.7;845.7;2610923.53;1244381.32;7.583193;47.350194
2001.8;844.9;2610924.51;1244381.88;7.583206;47.350199
2004;846.2;2610926.32;1244383;7.58323;47.350209
2006.1;847.4;2610928.21;1244384.11;7.583255;47.350219
2007.1;847.4;2610929.04;1244384.56;7.583266;47.350223
2008.2;847.4;2610929.94;1244385.11;7.583278;47.350228
2009.1;847.2;2610930.7;1244385.67;7.583288;47.350233
2010.1;848.7;2610931.68;1244386.01;7.583301;47.350236
2011;848.7;2610932.59;1244386.01;7.583313;47.350236
2012;847.1;2610933.57;1244385.79;7.583326;47.350234
2013.9;847;2610935.38;1244385.35;7.58335;47.35023
2014.7;846.8;2610936.21;1244385.24;7.583361;47.350229
2015.3;846.8;2610936.74;1244385.13;7.583368;47.350228
2015.5;846.8;2610936.97;1244385.13;7.583371;47.350228
2015.8;846.8;2610937.2;1244385.24;7.583374;47.350229
2016;846.8;2610937.35;1244385.35;7.583376;47.35023
2016.4;846.8;2610937.8;1244385.46;7.583382;47.350231
2017;846.6;2610938.4;1244385.46;7.58339;47.350231
2018;846.6;2610939.39;1244385.47;7.583403;47.350231
2019.2;846.8;2610940.6;1244385.58;7.583419;47.350232
2020.4;846.8;2610941.73;1244385.47;7.583434;47.350231
2021.5;846.9;2610942.86;1244385.36;7.583449;47.35023
2023.6;847.3;2610944.9;1244384.92;7.583476;47.350226
2024.7;847.3;2610945.96;1244384.81;7.58349;47.350225
2025.9;847.6;2610947.25;1244384.92;7.583507;47.350226
2027.1;847.8;2610948.38;1244385.15;7.583522;47.350228
2028.2;847.8;2610949.51;1244385.26;7.583537;47.350229
2029.4;848.2;2610950.65;1244385.49;7.583552;47.350231
2030.5;848.2;2610951.7;1244385.82;7.583566;47.350234
2031.6;848.6;2610952.76;1244385.93;7.58358;47.350235
2032.4;849.3;2610953.59;1244386.05;7.583591;47.350236
2033.5;849.9;2610954.65;1244386.16;7.583605;47.350237
2034.4;849.9;2610955.56;1244386.38;7.583617;47.350239
2036.6;850.3;2610957.75;1244386.83;7.583646;47.350243
2037.6;850.7;2610958.73;1244386.95;7.583659;47.350244
2038.7;850.7;2610959.79;1244386.95;7.583673;47.350244
2039.7;851.1;2610960.84;1244387.06;7.583687;47.350245
2040.7;851.1;2610961.83;1244387.06;7.5837;47.350245
2041.6;851.5;2610962.73;1244387.06;7.583712;47.350245
2042.5;851.5;2610963.64;1244387.18;7.583724;47.350246
2044.2;852.1;2610965.3;1244387.07;7.583746;47.350245
2045.2;852.6;2610966.13;1244386.51;7.583757;47.35024
2046.1;852.6;2610967.04;1244386.29;7.583769;47.350238
2047.2;853.1;2610968.02;1244386.07;7.583782;47.350236
2048.2;852.6;2610969.08;1244385.85;7.583796;47.350234
2049.2;853;2610970.06;1244385.63;7.583809;47.350232
2050.3;853;2610971.05;1244385.3;7.583822;47.350229
2051.2;853;2610971.95;1244385.08;7.583834;47.350227
2052.3;853.2;2610973.01;1244384.97;7.583848;47.350226
2053.2;853.2;2610973.92;1244384.86;7.58386;47.350225
2054.1;853.6;2610974.83;1244384.64;7.583872;47.350223
2055;853.6;2610975.73;1244384.53;7.583884;47.350222
2055.9;853.9;2610976.64;1244384.53;7.583896;47.350222
2056.8;853.9;2610977.47;1244384.65;7.583907;47.350223
2058.7;854.5;2610979.36;1244384.76;7.583932;47.350224
2059.5;854.6;2610980.19;1244384.98;7.583943;47.350226
2060.6;854.6;2610981.25;1244385.1;7.583957;47.350227
2061.5;854.7;2610982.15;1244385.32;7.583969;47.350229
2062.6;854.7;2610983.21;1244385.55;7.583983;47.350231
2063.5;855.1;2610984.12;1244385.66;7.583995;47.350232
2065.6;855.7;2610986.23;1244385.55;7.584023;47.350231
2066.6;855.7;2610987.14;1244385.33;7.584035;47.350229
2067.4;855.7;2610987.97;1244385.22;7.584046;47.350228
2068.4;856.1;2610988.95;1244385.11;7.584059;47.350227
2069.2;856.1;2610989.79;1244385;7.58407;47.350226
2070.1;856.4;2610990.62;1244385;7.584081;47.350226
2070.9;856.4;2610991.45;1244385.12;7.584092;47.350227
2071.7;856.8;2610992.2;1244385.12;7.584102;47.350227
2072.4;856.8;2610992.88;1244385.01;7.584111;47.350226
2074;857.2;2610994.47;1244384.79;7.584132;47.350224
2075.3;857.2;2610995.76;1244384.35;7.584149;47.35022
2076;857.8;2610996.36;1244384.01;7.584157;47.350217
2076.9;856.6;2610997.19;1244383.79;7.584168;47.350215
2077.8;856.9;2610998.1;1244383.79;7.58418;47.350215
2078.8;856.9;2610999.08;1244383.8;7.584193;47.350215
2079.7;856.9;2611000.06;1244383.91;7.584206;47.350216
2080.8;856.9;2611001.12;1244383.91;7.58422;47.350216
2081.8;858.4;2611002.1;1244384.02;7.584233;47.350217
2082.9;858.4;2611003.16;1244384.14;7.584247;47.350218
2083.8;858.8;2611004.07;1244384.14;7.584259;47.350218
2084.7;858.8;2611004.98;1244384.25;7.584271;47.350219
2085.5;858.8;2611005.81;1244384.48;7.584282;47.350221
2086.4;859.1;2611006.71;1244384.48;7.584294;47.350221
2087.4;859.1;2611007.69;1244384.59;7.584307;47.350222
2088.3;859.4;2611008.53;1244384.59;7.584318;47.350222
2089.1;859.4;2611009.36;1244384.7;7.584329;47.350223
2090;859.9;2611010.26;1244384.93;7.584341;47.350225
2091;859.9;2611011.25;1244385.04;7.584354;47.350226
2091.9;860.3;2611012.15;1244385.04;7.584366;47.350226
2092.9;860.3;2611013.13;1244385.04;7.584379;47.350226
2093.9;862.7;2611014.12;1244385.05;7.584392;47.350226
2095;862.7;2611015.17;1244385.05;7.584406;47.350226
2096.1;863;2611016.31;1244385.16;7.584421;47.350227
2096.9;863;2611017.14;1244385.05;7.584432;47.350226
2097.8;863;2611017.9;1244384.72;7.584442;47.350223
2098.6;863.2;2611018.65;1244384.39;7.584452;47.35022
2100.5;863.4;2611020.39;1244383.61;7.584475;47.350213
2101.2;863.4;2611021.07;1244383.5;7.584484;47.350212
2102;863.4;2611021.9;1244383.62;7.584495;47.350213
2104;863.8;2611023.87;1244383.84;7.584521;47.350215
2104.9;864.6;2611024.7;1244384.07;7.584532;47.350217
2105.8;864.6;2611025.6;1244384.07;7.584544;47.350217
2106.6;865;2611026.43;1244384.07;7.584555;47.350217
2107.5;864.3;2611027.27;1244383.85;7.584566;47.350215
2108.3;865.4;2611028.1;1244384.07;7.584577;47.350217
2109.3;865.4;2611028.93;1244384.52;7.584588;47.350221
2110.2;865.4;2611029.76;1244384.96;7.584599;47.350225
2111.2;865.7;2611030.51;1244385.63;7.584609;47.350231
2112.1;866.2;2611031.12;1244386.3;7.584617;47.350237
2113.1;866.2;2611031.64;1244387.19;7.584624;47.350245
2115.1;867.5;2611032.17;1244389.08;7.584631;47.350262
2117;868.5;2611031.71;1244390.97;7.584625;47.350279
2118;868.5;2611031.56;1244391.86;7.584623;47.350287
2119.2;869.5;2611031.48;1244393.08;7.584622;47.350298
2120.1;869.5;2611031.48;1244393.97;7.584622;47.350306
2121.1;871.3;2611031.48;1244394.97;7.584622;47.350315
2122;871.3;2611031.17;1244395.86;7.584618;47.350323
2122.7;873.2;2611030.87;1244396.53;7.584614;47.350329
2123.4;873.2;2611030.64;1244397.2;7.584611;47.350335
2124.2;873.2;2611030.34;1244397.86;7.584607;47.350341
2124.9;874;2611029.96;1244398.53;7.584602;47.350347
2126.7;874;2611028.75;1244399.75;7.584586;47.350358
2127.5;875.2;2611028.07;1244400.19;7.584577;47.350362
2128.5;874.9;2611027.23;1244400.86;7.584566;47.350368
2129.5;874.9;2611026.33;1244401.3;7.584554;47.350372
2131.7;875.7;2611024.36;1244402.19;7.584528;47.35038
2132.8;875.5;2611023.38;1244402.63;7.584515;47.350384
2133.7;875.5;2611022.55;1244403.07;7.584504;47.350388
2134.9;875.2;2611021.56;1244403.63;7.584491;47.350393
2135.9;876.3;2611020.73;1244404.18;7.58448;47.350398
2136.9;876.1;2611019.97;1244404.85;7.58447;47.350404
2137.9;876.1;2611019.22;1244405.62;7.58446;47.350411
2138.8;877.2;2611018.54;1244406.18;7.584451;47.350416
2139.8;876.9;2611017.85;1244406.84;7.584442;47.350422
2140.7;876.9;2611017.1;1244407.4;7.584432;47.350427
2141.6;876.9;2611016.34;1244407.84;7.584422;47.350431
2143.7;878.1;2611014.38;1244408.51;7.584396;47.350437
2144.7;877.7;2611013.39;1244408.39;7.584383;47.350436
2145.4;877.7;2611012.64;1244408.39;7.584373;47.350436
2146.2;877.4;2611011.96;1244408.72;7.584364;47.350439
2147.1;877.4;2611011.2;1244409.28;7.584354;47.350444
2148;877.4;2611010.44;1244409.72;7.584344;47.350448
2148.9;878.5;2611009.61;1244410.16;7.584333;47.350452
2150;878.5;2611008.63;1244410.61;7.58432;47.350456
2151;878.1;2611007.72;1244411.05;7.584308;47.35046
2152.1;878.1;2611006.81;1244411.6;7.584296;47.350465
2153.1;879.1;2611005.98;1244412.16;7.584285;47.35047
2154.2;879.1;2611005;1244412.71;7.584272;47.350475
2155.3;879.1;2611004.01;1244413.27;7.584259;47.35048
2156.5;878.6;2611003.03;1244413.82;7.584246;47.350485
2158.7;879.5;2611001.14;1244415.04;7.584221;47.350496
2159.8;879.5;2611000.16;1244415.48;7.584208;47.3505
2160.9;879.2;2610999.17;1244415.93;7.584195;47.350504
2162;880.7;2610998.12;1244416.37;7.584181;47.350508
2163.2;880.3;2610996.98;1244416.81;7.584166;47.350512
2165.7;881.2;2610994.86;1244418.03;7.584138;47.350523
2166.6;881.2;2610994.03;1244418.47;7.584127;47.350527
2167.7;880.6;2610993.12;1244419.03;7.584115;47.350532
2168.8;880.6;2610992.06;1244419.36;7.584101;47.350535
2170;880.3;2610990.93;1244419.58;7.584086;47.350537
2171.1;879.8;2610989.8;1244419.69;7.584071;47.350538
2172.3;881.4;2610988.66;1244420.02;7.584056;47.350541
2174.7;881;2610986.24;1244420.46;7.584024;47.350545
2176.2;880.6;2610984.81;1244420.35;7.584005;47.350544
2177.5;880.3;2610983.52;1244420.35;7.583988;47.350544
2178.7;880.3;2610982.24;1244420.45;7.583971;47.350545
2180.2;880.2;2610980.8;1244420.56;7.583952;47.350546
2181.7;880;2610979.29;1244420.56;7.583932;47.350546
2183.1;880;2610977.93;1244420.78;7.583914;47.350548
2184.4;880;2610976.65;1244421.11;7.583897;47.350551
2185.7;879.9;2610975.36;1244421.33;7.58388;47.350553
2187.1;879.9;2610974;1244421.55;7.583862;47.350555
2188.5;879.9;2610972.64;1244421.99;7.583844;47.350559
2189.8;881.7;2610971.36;1244422.32;7.583827;47.350562
2191.2;881.7;2610970.07;1244422.66;7.58381;47.350565
2193.6;881;2610967.65;1244423.1;7.583778;47.350569
2196.3;880.3;2610965.01;1244423.2;7.583743;47.35057
2197.7;879;2610963.57;1244423.2;7.583724;47.35057
2198.9;879;2610962.36;1244423.42;7.583708;47.350572
2200;878.3;2610961.3;1244423.64;7.583694;47.350574
2201.3;880.1;2610960.17;1244424.19;7.583679;47.350579
2202.5;878.9;2610959.11;1244424.75;7.583665;47.350584
2203.7;878.9;2610958.13;1244425.41;7.583652;47.35059
2204.8;878.6;2610957.14;1244425.97;7.583639;47.350595
2205.9;879.8;2610956.16;1244426.52;7.583626;47.3506
2208.4;879;2610954.19;1244427.96;7.5836;47.350613
2209.4;879.5;2610953.36;1244428.63;7.583589;47.350619
2210.5;879.5;2610952.68;1244429.52;7.58358;47.350627
2212.2;881.1;2610952.75;1244431.18;7.583581;47.350642
2213.5;881.1;2610953.88;1244431.85;7.583596;47.350648
2215.5;883.5;2610955.85;1244432.08;7.583622;47.35065
2216.8;882.8;2610957.06;1244431.64;7.583638;47.350646
2218.1;883.3;2610958.27;1244431.08;7.583654;47.350641
2220.6;884;2610960.54;1244430.09;7.583684;47.350632
2222;882.9;2610961.75;1244429.31;7.5837;47.350625
2223.4;884;2610962.81;1244428.53;7.583714;47.350618
2224.6;882.4;2610963.94;1244427.98;7.583729;47.350613
2226;883.4;2610965.23;1244427.43;7.583746;47.350608
2227.2;884.2;2610966.36;1244427.21;7.583761;47.350606
2228.4;884.2;2610967.42;1244426.65;7.583775;47.350601
2230.7;882.4;2610969.69;1244425.99;7.583805;47.350595
2231.9;882.6;2610970.82;1244425.99;7.58382;47.350595
2233;882.6;2610971.95;1244425.88;7.583835;47.350594
2234.1;882.8;2610973.01;1244425.88;7.583849;47.350594
2236.1;883;2610975.05;1244425.78;7.583876;47.350593
2237.3;883.8;2610976.19;1244426;7.583891;47.350595
2238.4;883.8;2610977.32;1244426.23;7.583906;47.350597
2239.6;884.1;2610978.45;1244426.56;7.583921;47.3506
2240.8;884.1;2610979.58;1244427.01;7.583936;47.350604
2243.2;884.3;2610981.92;1244427.46;7.583967;47.350608
2244.2;884.5;2610982.91;1244427.46;7.58398;47.350608
2246.6;884.6;2610985.33;1244427.46;7.584012;47.350608
2247.6;884.9;2610986.23;1244427.8;7.584024;47.350611
2249.9;887;2610988.5;1244428.36;7.584054;47.350616
2251;887;2610989.55;1244428.58;7.584068;47.350618
2252.9;887.4;2610991.52;1244428.7;7.584094;47.350619
2255;887.6;2610993.48;1244428.26;7.58412;47.350615
2256;886.2;2610994.39;1244427.81;7.584132;47.350611
2257.1;886.2;2610995.45;1244427.48;7.584146;47.350608
2258.2;886.6;2610996.51;1244427.15;7.58416;47.350605
2259.3;886.6;2610997.64;1244427.04;7.584175;47.350604
2261.6;887.2;2610999.91;1244426.82;7.584205;47.350602
2262.6;887.9;2611000.89;1244426.94;7.584218;47.350603
2264.8;888.7;2611003.08;1244426.83;7.584247;47.350602
2266.8;889.4;2611005.05;1244427.06;7.584273;47.350604
2267.8;889.8;2611006.03;1244427.17;7.584286;47.350605
2268.7;889.8;2611007.01;1244427.06;7.584299;47.350604
2269.8;889.8;2611007.99;1244426.73;7.584312;47.350601
2271.9;890.4;2611010.11;1244426.51;7.58434;47.350599
2272.9;890.4;2611011.09;1244426.29;7.584353;47.350597
2274.1;890.6;2611012.23;1244426.18;7.584368;47.350596
2275.1;890.6;2611013.28;1244426.07;7.584382;47.350595
2276.3;888.8;2611014.42;1244425.96;7.584397;47.350594
2277.4;888.8;2611015.55;1244425.96;7.584412;47.350594
2278.4;890.9;2611016.61;1244426.08;7.584426;47.350595
2279.6;890.9;2611017.74;1244426.3;7.584441;47.350597
2280.8;891.1;2611018.95;1244426.3;7.584457;47.350597
2281.8;891.1;2611019.93;1244426.19;7.58447;47.350596
2282.9;891.3;2611020.99;1244426.08;7.584484;47.350595
2283.9;889.7;2611022.05;1244425.86;7.584498;47.350593
2285.8;889.7;2611023.71;1244425.09;7.58452;47.350586
2287.7;889.9;2611025.6;1244424.65;7.584545;47.350582
2288.7;889.9;2611026.59;1244424.87;7.584558;47.350584
2289.8;889.9;2611027.64;1244424.98;7.584572;47.350585
2290.8;890;2611028.62;1244425.32;7.584585;47.350588
2292;890;2611029.68;1244425.77;7.584599;47.350592
2293;891.4;2611030.59;1244426.32;7.584611;47.350597
2294.2;891.4;2611031.57;1244426.99;7.584624;47.350603
2295.3;891.7;2611032.47;1244427.55;7.584636;47.350608
2296.4;893.3;2611033.38;1244428.22;7.584648;47.350614
2297.6;893.6;2611034.21;1244429;7.584659;47.350621
2299.7;895;2611036.02;1244430.11;7.584683;47.350631
2300.9;895;2611036.93;1244430.89;7.584695;47.350638
2302;895;2611037.83;1244431.56;7.584707;47.350644
2303.2;896.2;2611038.81;1244432.23;7.58472;47.35065
2304.2;896.2;2611039.72;1244432.68;7.584732;47.350654
2305.3;896.1;2611040.7;1244433.24;7.584745;47.350659
2306.4;896.1;2611041.68;1244433.68;7.584758;47.350663
2307.5;897.4;2611042.74;1244434.02;7.584772;47.350666
2308.5;897.4;2611043.72;1244434.13;7.584785;47.350667
2310.7;897.4;2611045.76;1244434.91;7.584812;47.350674
2311.9;897.3;2611046.74;1244435.58;7.584825;47.35068
2314.1;898.3;2611048.7;1244436.59;7.584851;47.350689
2315;898.3;2611049.61;1244436.7;7.584863;47.35069
2316.2;898.2;2611050.74;1244437.03;7.584878;47.350693
2317.3;898.2;2611051.87;1244437.15;7.584893;47.350694
2319.5;898.2;2611053.99;1244437.71;7.584921;47.350699
2321.5;899.2;2611055.95;1244438.05;7.584947;47.350702
2323.6;899.1;2611057.99;1244438.49;7.584974;47.350706
2324.8;899;2611059.13;1244438.94;7.584989;47.35071
2325.9;898.9;2611060.18;1244439.39;7.585003;47.350714
2327.1;898.9;2611061.16;1244439.94;7.585016;47.350719
2328.1;899.9;2611062.07;1244440.5;7.585028;47.350724
2329.1;899.9;2611062.82;1244441.06;7.585038;47.350729
2330.1;899.9;2611063.58;1244441.73;7.585048;47.350735
2330.9;900.8;2611064.18;1244442.29;7.585056;47.35074
2331.8;900.8;2611065.01;1244442.62;7.585067;47.350743
2332.6;900.8;2611065.69;1244442.96;7.585076;47.350746
2333.4;900.6;2611066.37;1244443.51;7.585085;47.350751
2334.4;901.8;2611067.05;1244444.18;7.585094;47.350757
2335.5;901.8;2611067.73;1244445.07;7.585103;47.350765
2336.5;901.7;2611068.48;1244445.74;7.585113;47.350771
2337.6;902.9;2611069.39;1244446.41;7.585125;47.350777
2339.6;902.8;2611071.05;1244447.52;7.585147;47.350787
2340.7;904.1;2611071.88;1244448.19;7.585158;47.350793
2342.9;904;2611073.61;1244449.53;7.585181;47.350805
2343.9;905.5;2611074.44;1244450.09;7.585192;47.35081
2346;905.4;2611076.33;1244450.98;7.585217;47.350818
2348;906.7;2611077.91;1244452.21;7.585238;47.350829
2349.1;906.6;2611078.82;1244452.76;7.58525;47.350834
2350.3;906.6;2611079.88;1244453.32;7.585264;47.350839
2351.3;906.3;2611080.63;1244453.99;7.585274;47.350845
2353.5;907.4;2611082.22;1244455.55;7.585295;47.350859
2354.6;907.4;2611083.2;1244456;7.585308;47.350863
2356.7;908.5;2611085.31;1244456.56;7.585336;47.350868
2358;908.3;2611086.52;1244456.67;7.585352;47.350869
2360.2;908;2611088.71;1244456.9;7.585381;47.350871
2361.2;908;2611089.77;1244456.79;7.585395;47.35087
2362.4;907.7;2611090.9;1244456.9;7.58541;47.350871
2363.5;907.5;2611092.04;1244457.12;7.585425;47.350873
2364.7;907.5;2611093.17;1244457.01;7.58544;47.350872
2365.9;907.2;2611094.38;1244457.13;7.585456;47.350873
2367;907.2;2611095.51;1244457.24;7.585471;47.350874
2369.4;907;2611097.78;1244457.91;7.585501;47.35088
2370.6;906.8;2611098.99;1244457.92;7.585517;47.35088
2371.7;906.8;2611100.04;1244457.69;7.585531;47.350878
2372.8;906.8;2611101.18;1244457.36;7.585546;47.350875
2373.8;906.8;2611102.08;1244457.03;7.585558;47.350872
2374.7;906.8;2611102.99;1244456.81;7.58557;47.35087
2375.7;906.8;2611103.82;1244456.37;7.585581;47.350866
2376.6;905.5;2611104.51;1244455.7;7.58559;47.35086
2377.5;905.5;2611105.11;1244455.04;7.585598;47.350854
2378.5;905.5;2611105.79;1244454.37;7.585607;47.350848
2379.4;904.2;2611106.32;1244453.59;7.585614;47.350841
2380.5;904.2;2611106.7;1244452.59;7.585619;47.350832
2382.6;903.2;2611107.61;1244450.7;7.585631;47.350815
2383.8;902.2;2611108.07;1244449.59;7.585637;47.350805
2384.9;902.2;2611108.52;1244448.59;7.585643;47.350796
2386.1;901.8;2611109.05;1244447.48;7.58565;47.350786
2387.3;901.8;2611109.58;1244446.48;7.585657;47.350777
2388.4;901.7;2611109.96;1244445.37;7.585662;47.350767
2389.5;902.1;2611110.19;1244444.37;7.585665;47.350758
2390.5;902.1;2611110.57;1244443.37;7.58567;47.350749
2391.5;902.1;2611111.1;1244442.59;7.585677;47.350742
2392.4;902.1;2611111.78;1244442.04;7.585686;47.350737
2393.4;902.6;2611112.47;1244441.26;7.585695;47.35073
2394.5;902.6;2611113.22;1244440.49;7.585705;47.350723
2395.5;902.8;2611113.98;1244439.82;7.585715;47.350717
2396.5;903.2;2611114.59;1244439.04;7.585723;47.35071
2397.6;903.2;2611115.42;1244438.27;7.585734;47.350703
2398.5;903.8;2611116.17;1244437.71;7.585744;47.350698
2399.6;903.8;2611116.93;1244437.05;7.585754;47.350692
2400.6;903.8;2611117.69;1244436.27;7.585764;47.350685
2401.7;904.3;2611118.37;1244435.49;7.585773;47.350678
2404;904.2;2611120.19;1244434.05;7.585797;47.350665
2406.2;904.5;2611122;1244432.83;7.585821;47.350654
2407.5;904.5;2611123.06;1244432.05;7.585835;47.350647
2408.7;904.6;2611124.05;1244431.28;7.585848;47.35064
2409.8;904.6;2611124.8;1244430.5;7.585858;47.350633
2411;904.9;2611125.56;1244429.61;7.585868;47.350625
2412.1;905;2611126.32;1244428.84;7.585878;47.350618
2414.2;905.1;2611127.53;1244427.06;7.585894;47.350602
2415.4;905.4;2611128.36;1244426.17;7.585905;47.350594
2416.7;905.3;2611128.97;1244425.06;7.585913;47.350584
2417.9;905.4;2611129.35;1244423.95;7.585918;47.350574
2420;905.1;2611130.03;1244421.95;7.585927;47.350556
2421.2;905.1;2611130.71;1244420.95;7.585936;47.350547
2422.3;905.1;2611131.4;1244420.06;7.585945;47.350539
2423.4;905.3;2611132.08;1244419.17;7.585954;47.350531
2424.7;905.3;2611132.83;1244418.18;7.585964;47.350522
2427.2;905.8;2611133.9;1244415.95;7.585978;47.350502
2428.2;907.2;2611134.28;1244414.95;7.585983;47.350493
2430.6;907.1;2611135.19;1244412.73;7.585995;47.350473
2431.7;907.3;2611135.72;1244411.84;7.586002;47.350465
2432.9;908.2;2611136.25;1244410.73;7.586009;47.350455
2434;908.2;2611136.93;1244409.84;7.586018;47.350447
2435.2;908.2;2611137.76;1244408.96;7.586029;47.350439
2436.5;908.6;2611138.6;1244407.96;7.58604;47.35043
2437.7;908.6;2611139.35;1244407.07;7.58605;47.350422
2439;908.7;2611140.11;1244406.07;7.58606;47.350413
2441.5;909;2611141.78;1244404.18;7.586082;47.350396
2442.6;909.2;2611142.61;1244403.41;7.586093;47.350389
2445.1;909.4;2611144.35;1244401.63;7.586116;47.350373
2446.3;909.4;2611145.18;1244400.74;7.586127;47.350365
2448.5;909.9;2611146.4;1244398.97;7.586143;47.350349
2449.6;910.1;2611146.85;1244397.97;7.586149;47.35034
2451.8;910.1;2611147.99;1244396.08;7.586164;47.350323
2452.8;910.4;2611148.74;1244395.41;7.586174;47.350317
2454.9;910.5;2611150.03;1244393.75;7.586191;47.350302
2456.8;910.5;2611150.94;1244392.08;7.586203;47.350287
2457.7;909.6;2611151.47;1244391.3;7.58621;47.35028
2459.7;910.7;2611152.61;1244389.64;7.586225;47.350265
2460.7;910.7;2611153.06;1244388.75;7.586231;47.350257
2462.8;910.5;2611153.9;1244386.86;7.586242;47.35024
2464;912.1;2611154.05;1244385.64;7.586244;47.350229
2465.2;912.1;2611154.21;1244384.53;7.586246;47.350219
2466.3;912.2;2611154.51;1244383.42;7.58625;47.350209
2467.4;912.2;2611154.74;1244382.3;7.586253;47.350199
2468.6;912.3;2611155.04;1244381.19;7.586257;47.350189
2471;912.8;2611156.1;1244379.08;7.586271;47.35017
2472.1;912.8;2611156.71;1244378.08;7.586279;47.350161
2473.3;912.9;2611157.24;1244377.08;7.586286;47.350152
2474.3;912.9;2611157.85;1244376.2;7.586294;47.350144
2476.3;913.2;2611158.83;1244374.53;7.586307;47.350129
2477.2;913.2;2611159.21;1244373.64;7.586312;47.350121
2478.4;913.2;2611159.59;1244372.53;7.586317;47.350111
2480.9;913.6;2611160.2;1244370.08;7.586325;47.350089
2482.2;913.3;2611160.58;1244368.86;7.58633;47.350078
2483.4;913.3;2611161.04;1244367.75;7.586336;47.350068
2484.6;913.3;2611161.42;1244366.64;7.586341;47.350058
2485.9;913.2;2611161.8;1244365.42;7.586346;47.350047
2487;913.7;2611162.18;1244364.31;7.586351;47.350037
2488.3;913.5;2611162.56;1244363.08;7.586356;47.350026
2489.5;913.5;2611162.79;1244361.97;7.586359;47.350016
2490.8;913.5;2611163.24;1244360.75;7.586365;47.350005
2493;914.4;2611164.08;1244358.64;7.586376;47.349986
2494.2;914.6;2611164.61;1244357.64;7.586383;47.349977
2495.4;914.6;2611164.91;1244356.42;7.586387;47.349966
2497.8;914.6;2611165.52;1244354.08;7.586395;47.349945
2499.1;914.8;2611165.9;1244352.86;7.5864;47.349934
2501.7;915;2611166.66;1244350.42;7.58641;47.349912
2503;915.3;2611166.89;1244349.08;7.586413;47.3499
2504.3;915.6;2611167.04;1244347.86;7.586415;47.349889
2505.6;915.6;2611167.35;1244346.53;7.586419;47.349877
2506.9;915.4;2611167.65;1244345.3;7.586423;47.349866
2509.5;915.9;2611168.49;1244342.86;7.586434;47.349844
2510.8;915.6;2611168.87;1244341.64;7.586439;47.349833
2511.9;915.6;2611169.1;1244340.53;7.586442;47.349823
2513.1;915.9;2611169.33;1244339.3;7.586445;47.349812
2514.3;915.9;2611169.55;1244338.19;7.586448;47.349802
2515.6;916.9;2611170.01;1244336.97;7.586454;47.349791
2516.8;917.1;2611170.32;1244335.75;7.586458;47.34978
2518.1;917.1;2611170.47;1244334.53;7.58646;47.349769
2519.2;917.4;2611170.47;1244333.41;7.58646;47.349759
2521.5;917.7;2611170.63;1244331.08;7.586462;47.349738
2522.6;918.1;2611170.55;1244329.97;7.586461;47.349728
2523.7;918.1;2611170.55;1244328.86;7.586461;47.349718
2525;918.3;2611170.63;1244327.63;7.586462;47.349707
2526.3;918.3;2611170.86;1244326.3;7.586465;47.349695
2527.6;918.6;2611171.02;1244325.08;7.586467;47.349684
2528.8;919;2611171.17;1244323.85;7.586469;47.349673
2529.9;919;2611171.17;1244322.74;7.586469;47.349663
2532.2;919.4;2611171.17;1244320.41;7.586469;47.349642
2533.5;919.9;2611171.4;1244319.18;7.586472;47.349631
2534.6;919.9;2611171.56;1244318.07;7.586474;47.349621
2535.8;920.3;2611171.41;1244316.85;7.586472;47.34961
2537.1;920.7;2611171.03;1244315.63;7.586467;47.349599
2538.5;920.7;2611170.43;1244314.4;7.586459;47.349588
2539.7;920.8;2611169.75;1244313.4;7.58645;47.349579
2541.1;920.8;2611168.92;1244312.29;7.586439;47.349569
2542.6;921.3;2611168.17;1244310.95;7.586429;47.349557
2544.1;921.1;2611167.49;1244309.62;7.58642;47.349545
2545.5;921.1;2611167.04;1244308.28;7.586414;47.349533
2546.9;921.4;2611166.52;1244306.94;7.586407;47.349521
2549.6;921.5;2611165.16;1244304.72;7.586389;47.349501
2551;921.7;2611164.48;1244303.38;7.58638;47.349489
2552.4;921.7;2611163.65;1244302.27;7.586369;47.349479
2553.8;921.8;2611162.82;1244301.16;7.586358;47.349469
2556.6;921.8;2611161.32;1244298.82;7.586338;47.349448
2558;922.3;2611160.56;1244297.59;7.586328;47.349437
2559.4;921.9;2611159.73;1244296.48;7.586317;47.349427
2562.2;923;2611158.08;1244294.25;7.586295;47.349407
2563.5;923.2;2611157.32;1244293.25;7.586285;47.349398
2564.7;923.2;2611156.42;1244292.36;7.586273;47.34939
2566;923.7;2611155.59;1244291.47;7.586262;47.349382
2567.1;923.7;2611154.83;1244290.58;7.586252;47.349374
2568.2;924.3;2611154.08;1244289.8;7.586242;47.349367
2569.5;924;2611153.1;1244288.91;7.586229;47.349359
2570.7;924;2611152.27;1244288.13;7.586218;47.349352
2572;923.9;2611151.29;1244287.24;7.586205;47.349344
2574.5;924.2;2611149.63;1244285.34;7.586183;47.349327
2575.9;924.2;2611148.8;1244284.23;7.586172;47.349317
2577.2;924.5;2611147.9;1244283.23;7.58616;47.349308
2579.9;925.1;2611146.09;1244281.34;7.586136;47.349291
2581.3;925.2;2611145.11;1244280.33;7.586123;47.349282
2582.7;926.2;2611144.2;1244279.22;7.586111;47.349272
2585.3;926.9;2611142.69;1244277.1;7.586091;47.349253
2586.6;926.2;2611141.79;1244276.21;7.586079;47.349245
2588;927.3;2611140.81;1244275.21;7.586066;47.349236
2590.5;927.5;2611139.15;1244273.32;7.586044;47.349219
2591.6;927.5;2611138.32;1244272.54;7.586033;47.349212
2592.7;927.6;2611137.64;1244271.65;7.586024;47.349204
2595.2;928.2;2611135.91;1244269.86;7.586001;47.349188
2596.4;928.2;2611135.08;1244269.08;7.58599;47.349181
2597.7;928.2;2611134.25;1244268.08;7.585979;47.349172
2598.8;929.3;2611133.49;1244267.19;7.585969;47.349164
2600.1;929.3;2611132.66;1244266.19;7.585958;47.349155
2601.5;930;2611131.76;1244265.19;7.585946;47.349146
2604;930.7;2611129.95;1244263.4;7.585922;47.34913
2605.3;930.7;2611128.97;1244262.62;7.585909;47.349123
2606.5;932;2611128.06;1244261.84;7.585897;47.349116
2607.7;931.3;2611127.08;1244261.06;7.585884;47.349109
2609.1;931.3;2611126.18;1244260.06;7.585872;47.3491
2610.3;931.2;2611125.2;1244259.28;7.585859;47.349093
2611.6;931.2;2611124.29;1244258.39;7.585847;47.349085
2614.1;930.2;2611122.48;1244256.72;7.585823;47.34907
2615.5;928.8;2611121.35;1244255.83;7.585808;47.349062
2616.8;928.8;2611120.22;1244255.16;7.585793;47.349056
2619.4;928.1;2611118.18;1244253.6;7.585766;47.349042
2620.7;927.4;2611117.05;1244252.93;7.585751;47.349036
2622;927.2;2611115.99;1244252.26;7.585737;47.34903
2624.6;928.1;2611113.65;1244251.03;7.585706;47.349019
2625.9;928.1;2611112.52;1244250.48;7.585691;47.349014
2627.2;928.6;2611111.31;1244249.92;7.585675;47.349009
2629.9;927.9;2611108.9;1244248.8;7.585643;47.348999
2631.1;926.7;2611107.76;1244248.24;7.585628;47.348994
2632.4;927.9;2611106.55;1244247.68;7.585612;47.348989
2633.7;928.3;2611105.35;1244247.24;7.585596;47.348985
2634.9;928.3;2611104.29;1244246.79;7.585582;47.348981
2636.1;928.1;2611103.16;1244246.23;7.585567;47.348976
2637.3;929.4;2611102.1;1244245.79;7.585553;47.348972
2638.3;928.7;2611101.12;1244245.45;7.58554;47.348969
2639.6;928.6;2611099.91;1244245;7.585524;47.348965
2641;928.6;2611098.7;1244244.33;7.585508;47.348959
2642.3;929.7;2611097.57;1244243.67;7.585493;47.348953
2644.9;929.3;2611095.15;1244242.77;7.585461;47.348945
2646.3;928.9;2611093.87;1244242.1;7.585444;47.348939
2647.7;930.3;2611092.59;1244241.54;7.585427;47.348934
2649;929.4;2611091.38;1244241.1;7.585411;47.34893
2650.4;929.4;2611090.17;1244240.54;7.585395;47.348925
2651.8;929.1;2611088.89;1244239.87;7.585378;47.348919
2653.1;928.5;2611087.76;1244239.31;7.585363;47.348914
2655.8;929.2;2611085.49;1244237.86;7.585333;47.348901
2657.3;929.2;2611084.51;1244236.64;7.58532;47.34889
2658.7;929.5;2611083.46;1244235.75;7.585306;47.348882
2660;929.5;2611082.32;1244235.08;7.585291;47.348876
2661.3;928.9;2611081.19;1244234.52;7.585276;47.348871
2662.5;929.6;2611080.06;1244233.96;7.585261;47.348866
2664;929.1;2611078.77;1244233.29;7.585244;47.34886
2666.5;928.8;2611076.43;1244232.51;7.585213;47.348853
2667.9;928.7;2611075.07;1244232.06;7.585195;47.348849
2669.3;929.5;2611073.72;1244231.61;7.585177;47.348845
2670.7;929.5;2611072.36;1244231.28;7.585159;47.348842
2673.6;929.1;2611069.56;1244230.72;7.585122;47.348837
2675;929.1;2611068.2;1244230.27;7.585104;47.348833
2676.4;929.6;2611066.84;1244229.93;7.585086;47.34883
2677.8;929.6;2611065.48;1244229.49;7.585068;47.348826
2679.3;929.6;2611064.12;1244229.04;7.58505;47.348822
2680.7;929.9;2611062.69;1244228.7;7.585031;47.348819
2683.5;930.7;2611060.05;1244228.03;7.584996;47.348813
2685.1;931.9;2611058.46;1244227.69;7.584975;47.34881
2686.5;932.4;2611057.1;1244227.36;7.584957;47.348807
2688;932.6;2611055.66;1244226.91;7.584938;47.348803
2689.4;932.6;2611054.31;1244226.46;7.58492;47.348799
2690.9;933.1;2611052.95;1244225.9;7.584902;47.348794
2692.4;932.9;2611051.59;1244225.35;7.584884;47.348789
2693.9;932.9;2611050.15;1244224.9;7.584865;47.348785
2696.8;932.9;2611047.43;1244223.89;7.584829;47.348776
2698.3;932.1;2611045.92;1244223.45;7.584809;47.348772
2699.8;932.1;2611044.49;1244223;7.58479;47.348768
2701.1;931.8;2611043.28;1244222.55;7.584774;47.348764
2703.9;932.4;2611040.79;1244221.32;7.584741;47.348753
2705.4;931.8;2611039.43;1244220.65;7.584723;47.348747
2706.9;932.7;2611038.15;1244219.98;7.584706;47.348741
2708.3;932.1;2611036.86;1244219.43;7.584689;47.348736
2710.9;931.8;2611034.6;1244218.09;7.584659;47.348724
2712.3;932.6;2611033.54;1244217.2;7.584645;47.348716
2713.7;932.6;2611032.49;1244216.31;7.584631;47.348708
2714.9;932.9;2611031.58;1244215.41;7.584619;47.3487
2716.3;932.9;2611030.6;1244214.52;7.584606;47.348692
2718.7;933.3;2611028.87;1244212.74;7.584583;47.348676
2720.1;933.8;2611028.04;1244211.74;7.584572;47.348667
2721.5;933.2;2611026.98;1244210.74;7.584558;47.348658
2722.9;933.4;2611026;1244209.73;7.584545;47.348649
2724.3;933.4;2611025.1;1244208.73;7.584533;47.34864
2725.6;934;2611024.19;1244207.73;7.584521;47.348631
2726.9;933.3;2611023.44;1244206.73;7.584511;47.348622
2728.2;933.7;2611022.68;1244205.61;7.584501;47.348612
2729.6;933.1;2611021.93;1244204.5;7.584491;47.348602
2731;933;2611021.25;1244203.28;7.584482;47.348591
2733.5;933.1;2611020.35;1244200.94;7.58447;47.34857
2734.6;933.9;2611020.05;1244199.83;7.584466;47.34856
2735.9;933.4;2611019.82;1244198.6;7.584463;47.348549
2737.1;934;2611019.68;1244197.38;7.584461;47.348538
2739.5;934.1;2611019.76;1244194.94;7.584462;47.348516
2740.6;934;2611019.83;1244193.82;7.584463;47.348506
2741.8;934;2611019.99;1244192.71;7.584465;47.348496
2743;934.2;2611020.14;1244191.49;7.584467;47.348485
2744.3;934.2;2611020.29;1244190.16;7.584469;47.348473
2745.5;933.4;2611020.45;1244189.04;7.584471;47.348463
2746.7;933.1;2611020.68;1244187.82;7.584474;47.348452
2749.1;933.3;2611021.44;1244185.6;7.584484;47.348432
2750.1;933.3;2611021.89;1244184.71;7.58449;47.348424
2752.4;933.8;2611023.1;1244182.71;7.584506;47.348406
2753.4;934.3;2611023.26;1244181.71;7.584508;47.348397
2754.6;934.3;2611023.33;1244180.49;7.584509;47.348386
2756;935.7;2611023.26;1244179.15;7.584508;47.348374
2757.1;935.7;2611023.11;1244178.04;7.584506;47.348364
2759.3;935.7;2611022.97;1244175.82;7.584504;47.348344
2760.5;935.7;2611022.74;1244174.71;7.584501;47.348334
2761.5;935.5;2611022.97;1244173.71;7.584504;47.348325
2762.7;935.5;2611023.42;1244172.59;7.58451;47.348315
2764.8;936.7;2611025.01;1244171.15;7.584531;47.348302
2766;936.7;2611026;1244170.49;7.584544;47.348296
2767;937.7;2611026.75;1244169.93;7.584554;47.348291
2767.9;937.7;2611027.36;1244169.15;7.584562;47.348284
2769.7;938.6;2611028.57;1244167.93;7.584578;47.348273
2770.6;938.6;2611029.25;1244167.27;7.584587;47.348267
2771.7;938.6;2611029.93;1244166.38;7.584596;47.348259
2772.8;939.4;2611030.62;1244165.49;7.584605;47.348251
2774;939.4;2611031.22;1244164.49;7.584613;47.348242
2775.2;940.1;2611031.83;1244163.49;7.584621;47.348233
2776.4;940.6;2611032.43;1244162.49;7.584629;47.348224
2777.4;940.9;2611032.89;1244161.6;7.584635;47.348216
2778.3;940.9;2611033.57;1244160.94;7.584644;47.34821
2779.3;941.5;2611034.33;1244160.27;7.584654;47.348204
2780.3;941.7;2611035.16;1244159.72;7.584665;47.348199
2781.3;941.7;2611035.99;1244159.28;7.584676;47.348195
2782.1;942.5;2611036.67;1244158.72;7.584685;47.34819
2783;942.5;2611037.43;1244158.28;7.584695;47.348186
2784.9;943.9;2611038.94;1244157.17;7.584715;47.348176
2785.6;943.9;2611039.25;1244156.5;7.584719;47.34817
2786.6;943.7;2611039.78;1244155.72;7.584726;47.348163
2788.4;945;2611041.37;1244154.73;7.584747;47.348154
2789.3;945.5;2611042.2;1244154.4;7.584758;47.348151
2790;945.9;2611042.73;1244153.95;7.584765;47.348147
2791.6;945.9;2611043.94;1244152.95;7.584781;47.348138
2792.2;946.1;2611044.54;1244152.73;7.584789;47.348136
2793.1;946.1;2611045.22;1244152.29;7.584798;47.348132
2794.7;947.9;2611046.51;1244151.29;7.584815;47.348123
2795.2;947.9;2611046.96;1244150.96;7.584821;47.34812
2796;947.9;2611047.57;1244150.51;7.584829;47.348116
2796.8;948.6;2611048.25;1244150.07;7.584838;47.348112
2797.6;949.7;2611048.93;1244149.63;7.584847;47.348108
2798.5;949.7;2611049.76;1244149.29;7.584858;47.348105
2799.3;950.3;2611050.44;1244148.85;7.584867;47.348101
2800.1;950.3;2611051.05;1244148.41;7.584875;47.348097
2800.8;950.3;2611051.73;1244148.08;7.584884;47.348094
2801.5;952.5;2611052.41;1244147.85;7.584893;47.348092
2802.4;952.5;2611053.02;1244147.3;7.584901;47.348087
2803.1;952.5;2611053.55;1244146.86;7.584908;47.348083
2803.9;952.5;2611053.85;1244146.08;7.584912;47.348076
2804.7;955.1;2611054.08;1244145.3;7.584915;47.348069
2805.6;955.1;2611054.53;1244144.52;7.584921;47.348062
2806.3;956;2611054.84;1244143.86;7.584925;47.348056
2808.1;956;2611054.91;1244142.08;7.584926;47.34804
2809.1;956.2;2611054.31;1244141.3;7.584918;47.348033
2810.2;954.8;2611053.78;1244140.3;7.584911;47.348024
2811.4;955.5;2611053.26;1244139.29;7.584904;47.348015
2812.4;955.5;2611052.65;1244138.4;7.584896;47.348007
2813.4;956.3;2611052.2;1244137.51;7.58489;47.347999
2814.5;954.5;2611051.68;1244136.62;7.584883;47.347991
2815.5;955.2;2611051.07;1244135.84;7.584875;47.347984
2816.3;955.2;2611050.7;1244135.07;7.58487;47.347977
2818.2;956.1;2611050.02;1244133.29;7.584861;47.347961
2819;955.5;2611049.57;1244132.62;7.584855;47.347955
2819.9;956.2;2611049.19;1244131.84;7.58485;47.347948
2820.8;956.2;2611048.81;1244131.06;7.584845;47.347941
2821.8;956.2;2611048.51;1244130.06;7.584841;47.347932
2822.8;956.6;2611048.14;1244129.17;7.584836;47.347924
2824.7;956.1;2611047.31;1244127.39;7.584825;47.347908
2825.5;956.1;2611047.16;1244126.61;7.584823;47.347901
2826.4;956.3;2611046.71;1244125.83;7.584817;47.347894
2827.5;956.3;2611046.41;1244124.83;7.584813;47.347885
2828.5;957;2611046.03;1244123.94;7.584808;47.347877
2829.4;956.1;2611045.88;1244123.05;7.584806;47.347869
2830.2;956.1;2611045.58;1244122.27;7.584802;47.347862
2831;956.9;2611045.36;1244121.49;7.584799;47.347855
2832;956.9;2611044.98;1244120.6;7.584794;47.347847
2832.8;957.7;2611044.68;1244119.82;7.58479;47.34784
2833.9;957.7;2611044.3;1244118.82;7.584785;47.347831
2834.9;957.8;2611043.93;1244117.82;7.58478;47.347822
2836.7;957.8;2611043.25;1244116.15;7.584771;47.347807
2837.6;958.4;2611043.25;1244115.26;7.584771;47.347799
2838.4;958.4;2611043.25;1244114.48;7.584771;47.347792
2839.5;959.1;2611043.1;1244113.37;7.584769;47.347782
2840.6;959.1;2611042.65;1244112.37;7.584763;47.347773
2841.7;960.2;2611042.35;1244111.37;7.584759;47.347764
2842.6;960.2;2611042.05;1244110.48;7.584755;47.347756
2843.5;960.3;2611041.83;1244109.59;7.584752;47.347748
2844.5;960.3;2611041.53;1244108.7;7.584748;47.34774
2845.4;961.2;2611041.3;1244107.81;7.584745;47.347732
2846.4;961.2;2611040.93;1244106.92;7.58474;47.347724
2847.1;961.2;2611040.55;1244106.25;7.584735;47.347718
2848.1;962;2611040.17;1244105.36;7.58473;47.34771
2849;961;2611039.95;1244104.47;7.584727;47.347702
2850.8;961.8;2611039.65;1244102.69;7.584723;47.347686
2851.5;961.8;2611039.65;1244102.02;7.584723;47.34768
2853.2;963.1;2611039.43;1244100.36;7.58472;47.347665
2853.9;965.3;2611039.2;1244099.69;7.584717;47.347659
2854.7;965.3;2611038.82;1244098.91;7.584712;47.347652
2855.6;965.3;2611038.52;1244098.13;7.584708;47.347645
2856.3;967.4;2611038.52;1244097.35;7.584708;47.347638
2857.2;967.4;2611038.6;1244096.46;7.584709;47.34763
2858.9;968.3;2611038.53;1244094.79;7.584708;47.347615
2859.7;968.3;2611038.76;1244094.02;7.584711;47.347608
2860.6;969.2;2611038.68;1244093.13;7.58471;47.3476
2862.4;968.9;2611038.61;1244091.35;7.584709;47.347584
2864.1;969.2;2611038.31;1244089.68;7.584705;47.347569
2866;968.5;2611037.71;1244087.9;7.584697;47.347553
2867.7;968.5;2611037.41;1244086.23;7.584693;47.347538
2868.6;969.4;2611037.26;1244085.34;7.584691;47.34753
2869.4;969.4;2611036.89;1244084.56;7.584686;47.347523
2871.1;969.7;2611036.36;1244083.01;7.584679;47.347509
2872;969.7;2611036.44;1244082.12;7.58468;47.347501
2874.1;972.7;2611036.44;1244080;7.58468;47.347482
2875.5;974.2;2611036.9;1244078.67;7.584686;47.34747
2876.5;973.7;2611036.97;1244077.67;7.584687;47.347461
2877.4;973.7;2611036.9;1244076.78;7.584686;47.347453
2878.2;973.7;2611036.75;1244076;7.584684;47.347446
2879.2;973.2;2611036.53;1244075;7.584681;47.347437
2880.1;973.2;2611036.15;1244074.22;7.584676;47.34743
2880.9;972.7;2611035.77;1244073.44;7.584671;47.347423
2882;972.7;2611035.09;1244072.55;7.584662;47.347415
2882.8;972.2;2611034.64;1244072;7.584656;47.34741
2884.8;971.8;2611033.74;1244070.21;7.584644;47.347394
2886.8;971.8;2611033.06;1244068.32;7.584635;47.347377
2888.7;971.9;2611032.69;1244066.43;7.58463;47.34736
2890.4;971.9;2611032.24;1244064.76;7.584624;47.347345
2891.2;971.9;2611031.86;1244064.1;7.584619;47.347339
2892.2;971.9;2611031.41;1244063.21;7.584613;47.347331
2894.1;971.9;2611030.13;1244061.76;7.584596;47.347318
2895;971.4;2611029.52;1244061.09;7.584588;47.347312
2896;971.4;2611029.07;1244060.2;7.584582;47.347304
2897.1;971.3;2611028.77;1244059.2;7.584578;47.347295
2898.1;971.3;2611028.47;1244058.2;7.584574;47.347286
2899;971.1;2611028.25;1244057.31;7.584571;47.347278
2900.1;971.1;2611028.17;1244056.2;7.58457;47.347268
2901.3;971;2611028.18;1244055.08;7.58457;47.347258
2902.3;971;2611028.25;1244054.08;7.584571;47.347249
2903.2;971.4;2611028.48;1244053.19;7.584574;47.347241
2904.3;971.4;2611028.63;1244052.08;7.584576;47.347231
2905.2;971.7;2611028.71;1244051.19;7.584577;47.347223
2907.2;972.3;2611028.34;1244049.19;7.584572;47.347205
2908;972.3;2611028.26;1244048.41;7.584571;47.347198
2908.9;972.9;2611028.04;1244047.52;7.584568;47.34719
2911.1;973.5;2611027.06;1244045.63;7.584555;47.347173
2912;973.5;2611026.46;1244044.96;7.584547;47.347167
2913;973.1;2611025.7;1244044.18;7.584537;47.34716
2914;974.2;2611024.95;1244043.63;7.584527;47.347155
2916.1;973.9;2611023.14;1244042.51;7.584503;47.347145
2918.5;973.8;2611021.02;1244041.51;7.584475;47.347136
2919.6;973.3;2611019.96;1244041.06;7.584461;47.347132
2920.6;973.3;2611019.06;1244040.61;7.584449;47.347128
2921.7;974.1;2611018.23;1244039.94;7.584438;47.347122
2922.6;973.9;2611017.47;1244039.39;7.584428;47.347117
2923.5;973.9;2611016.72;1244038.94;7.584418;47.347113
2925.5;974.9;2611015.06;1244037.83;7.584396;47.347103
2927.6;975;2611013.32;1244036.71;7.584373;47.347093
2929.9;976.1;2611011.21;1244035.6;7.584345;47.347083
2932.5;976.4;2611008.79;1244034.81;7.584313;47.347076
2933.6;976.6;2611007.74;1244034.37;7.584299;47.347072
2934.8;977.5;2611006.68;1244033.81;7.584285;47.347067
2936;977.1;2611005.62;1244033.25;7.584271;47.347062
2938.3;976.8;2611003.51;1244032.47;7.584243;47.347055
2939.2;976.8;2611002.6;1244032.13;7.584231;47.347052
2940.3;976.8;2611001.77;1244031.46;7.58422;47.347046
2941.4;976.8;2611000.94;1244030.8;7.584209;47.34704
2942.5;976.8;2611000.04;1244030.13;7.584197;47.347034
2943.6;977.1;2610999.21;1244029.35;7.584186;47.347027
2944.8;977.1;2610998.3;1244028.57;7.584174;47.34702
2946;977.5;2610997.62;1244027.57;7.584165;47.347011
2947.2;977.5;2610996.94;1244026.67;7.584156;47.347003
2948.3;978;2610996.34;1244025.67;7.584148;47.346994
2949.5;977.2;2610995.59;1244024.78;7.584138;47.346986
2950.6;977.2;2610994.68;1244024.11;7.584126;47.34698
2951.7;976.3;2610993.78;1244023.44;7.584114;47.346974
2952.9;976.3;2610992.8;1244022.78;7.584101;47.346968
2955.5;976;2610990.68;1244021.33;7.584073;47.346955
2956.7;976.4;2610989.85;1244020.44;7.584062;47.346947
2959.2;977.8;2610988.04;1244018.76;7.584038;47.346932
2960.4;979.3;2610987.44;1244017.65;7.58403;47.346922
2962.9;980;2610985.78;1244015.87;7.584008;47.346906
2965.1;980;2610984.27;1244014.31;7.583988;47.346892
2966.1;980.4;2610983.67;1244013.42;7.58398;47.346884
2967.2;980.4;2610982.99;1244012.53;7.583971;47.346876
2968.5;981.4;2610982.16;1244011.64;7.58396;47.346868
2969.7;980.9;2610981.26;1244010.86;7.583948;47.346861
2970.8;980.9;2610980.43;1244010.08;7.583937;47.346854
2971.9;981.5;2610979.6;1244009.41;7.583926;47.346848
2974.1;982.4;2610977.86;1244007.96;7.583903;47.346835
2975.4;982.4;2610976.8;1244007.29;7.583889;47.346829
2976.6;982.1;2610975.75;1244006.73;7.583875;47.346824
2977.8;982.1;2610974.61;1244006.18;7.58386;47.346819
2980.3;982.9;2610972.35;1244005.17;7.58383;47.34681
2981.6;982.6;2610971.22;1244004.5;7.583815;47.346804
2982.9;983.9;2610970.24;1244003.72;7.583802;47.346797
2984;983.7;2610969.41;1244002.94;7.583791;47.34679
2985.2;983.7;2610968.43;1244002.27;7.583778;47.346784
2986.3;984.7;2610967.52;1244001.6;7.583766;47.346778
2987.5;984.7;2610966.54;1244001.05;7.583753;47.346773
2988.5;984.3;2610965.56;1244000.6;7.58374;47.346769
2989.6;984.3;2610964.5;1244000.49;7.583726;47.346768
2990.7;984;2610963.37;1244000.49;7.583711;47.346768
2993.2;983.7;2610960.95;1244000.7;7.583679;47.34677
2994.2;983;2610959.89;1244000.59;7.583665;47.346769
2995.4;983;2610958.76;1244000.37;7.58365;47.346767
2996.4;982.3;2610957.7;1244000.25;7.583636;47.346766
2997.6;982.3;2610956.56;1244000.47;7.583621;47.346768
2999;982;2610955.28;1244000.92;7.583604;47.346772
3000.2;982;2610954.07;1244001.36;7.583588;47.346776
3001.5;982.1;2610952.86;1244001.8;7.583572;47.34678
3002.8;981.4;2610951.65;1244002.13;7.583556;47.346783
3004.1;981.4;2610950.44;1244002.57;7.58354;47.346787
3005.4;982;2610949.16;1244002.91;7.583523;47.34679
3006.7;982.4;2610947.95;1244003.35;7.583507;47.346794
3007.9;982.4;2610946.74;1244003.68;7.583491;47.346797
3009.3;982.6;2610945.45;1244003.9;7.583474;47.346799
3010.6;981.6;2610944.17;1244004.34;7.583457;47.346803
3011.9;981.6;2610942.88;1244004.67;7.58344;47.346806
3013.2;982.1;2610941.59;1244004.89;7.583423;47.346808
3014.5;982.1;2610940.39;1244005.11;7.583407;47.34681
3015.7;982.8;2610939.18;1244005.33;7.583391;47.346812
3017.1;983.7;2610937.82;1244005.55;7.583373;47.346814
3018.4;983.7;2610936.53;1244005.66;7.583356;47.346815
3019.7;984;2610935.17;1244005.77;7.583338;47.346816
3021.1;984.5;2610933.81;1244005.77;7.58332;47.346816
3022.4;984.5;2610932.53;1244005.77;7.583303;47.346816
3023.6;985.5;2610931.32;1244005.76;7.583287;47.346816
3024.9;985.5;2610930.03;1244005.87;7.58327;47.346817
3026.2;986.2;2610928.75;1244005.76;7.583253;47.346816
3027.5;987.2;2610927.46;1244005.53;7.583236;47.346814
3028.8;987.2;2610926.18;1244005.42;7.583219;47.346813
3030;988.2;2610924.97;1244005.2;7.583203;47.346811
3031.1;988.4;2610923.84;1244005.3;7.583188;47.346812
3032.4;988.4;2610922.55;1244005.52;7.583171;47.346814
3033.7;988.4;2610921.27;1244005.63;7.583154;47.346815
3036.1;987.5;2610918.92;1244006.07;7.583123;47.346819
3038.4;987.1;2610916.73;1244006.63;7.583094;47.346824
3039.4;987;2610915.67;1244006.51;7.58308;47.346823
3041.6;987.5;2610913.48;1244006.51;7.583051;47.346823
3042.7;987.5;2610912.42;1244006.4;7.583037;47.346822
3043.7;988;2610911.37;1244006.39;7.583023;47.346822
3044.7;988;2610910.46;1244006.28;7.583011;47.346821
3045.7;988.5;2610909.48;1244006.06;7.582998;47.346819
3046.7;989.2;2610908.5;1244005.72;7.582985;47.346816
3047.7;989.6;2610907.51;1244005.39;7.582972;47.346813
3048.7;989.6;2610906.61;1244004.94;7.58296;47.346809
3049.8;990;2610905.63;1244004.49;7.582947;47.346805
3052.1;991.2;2610903.74;1244003.27;7.582922;47.346794
3053.4;991.2;2610902.99;1244002.15;7.582912;47.346784
3054.5;992.8;2610902.31;1244001.26;7.582903;47.346776
3055.7;994;2610901.63;1244000.37;7.582894;47.346768
3056.7;995.1;2610901.03;1243999.48;7.582886;47.34676
3057.7;995.1;2610900.2;1243998.92;7.582875;47.346755
3058.6;995.8;2610899.59;1243998.37;7.582867;47.34675
3059.5;996.7;2610898.84;1243997.81;7.582857;47.346745
3060.4;996.7;2610898.16;1243997.25;7.582848;47.34674
3061.1;997.4;2610897.55;1243996.92;7.58284;47.346737
3061.8;997.4;2610896.88;1243996.58;7.582831;47.346734
3062.7;997.4;2610896.04;1243996.36;7.58282;47.346732
3063.7;997.7;2610895.06;1243996.14;7.582807;47.34673
3065.6;998.2;2610893.17;1243996.13;7.582782;47.34673
3066.4;998.2;2610892.34;1243996.24;7.582771;47.346731
3067.3;998.6;2610891.44;1243996.46;7.582759;47.346733
3068.3;998.6;2610890.53;1243996.68;7.582747;47.346735
3069.1;998.9;2610889.7;1243996.9;7.582736;47.346737
3070.9;998.8;2610887.96;1243996.79;7.582713;47.346736
3071.9;998.8;2610886.98;1243996.45;7.5827;47.346733
3072.9;998.8;2610886.07;1243996.23;7.582688;47.346731
3073.9;998.8;2610885.01;1243996.12;7.582674;47.34673
3075;998.7;2610883.95;1243996.11;7.58266;47.34673
3076;998.7;2610882.97;1243996;7.582647;47.346729
3076.9;998.9;2610881.99;1243996;7.582634;47.346729
3077.9;998.9;2610881.08;1243995.78;7.582622;47.346727
3078.7;998.9;2610880.25;1243995.66;7.582611;47.346726
3079.6;999;2610879.42;1243995.66;7.5826;47.346726
3080.4;999;2610878.59;1243995.88;7.582589;47.346728
3081.3;999.3;2610877.76;1243995.99;7.582578;47.346729
3082.3;999.2;2610876.85;1243996.44;7.582566;47.346733
3083.3;999.4;2610875.94;1243996.88;7.582554;47.346737
3084.1;999.4;2610875.19;1243997.1;7.582544;47.346739
3084.9;999.4;2610874.36;1243997.21;7.582533;47.34674
3085.8;999.9;2610873.45;1243997.32;7.582521;47.346741
3086.7;999.9;2610872.54;1243997.21;7.582509;47.34674
3087.6;1000.6;2610871.71;1243996.87;7.582498;47.346737
3088.7;1000.6;2610870.73;1243996.54;7.582485;47.346734
3089.3;1000.6;2610870.28;1243996.09;7.582479;47.34673
3090.1;1001.4;2610869.98;1243995.31;7.582475;47.346723
3091.2;1000.4;2610870.13;1243994.2;7.582477;47.346713
3092.5;1000.6;2610870.74;1243993.09;7.582485;47.346703
3095;1000.8;2610871.5;1243990.76;7.582495;47.346682
3096.1;1000.7;2610872.03;1243989.76;7.582502;47.346673
3096.9;1000.7;2610872.26;1243988.98;7.582505;47.346666
3097.3;1000.7;2610872.18;1243988.64;7.582504;47.346663
3097.6;1000.7;2610872.11;1243988.31;7.582503;47.34666
3097.7;1000.7;2610872.18;1243988.31;7.582504;47.34666
3097.8;1000.7;2610872.33;1243988.31;7.582506;47.34666
3098.2;1000.7;2610872.63;1243988.53;7.58251;47.346662
3098.6;1000.7;2610872.94;1243988.76;7.582514;47.346664
3098.8;1000.7;2610873.16;1243988.87;7.582517;47.346665
3099.1;1000.7;2610873.31;1243989.09;7.582519;47.346667
3099.3;1000.7;2610873.54;1243989.2;7.582522;47.346668
3099.5;1000.7;2610873.69;1243989.2;7.582524;47.346668
3099.6;1000.7;2610873.84;1243989.2;7.582526;47.346668
3099.9;1000.3;2610874.07;1243989.2;7.582529;47.346668
3100.1;1000.3;2610874.29;1243989.2;7.582532;47.346668
3100.2;1000.3;2610874.37;1243989.2;7.582533;47.346668
3100.4;1000.3;2610874.6;1243989.32;7.582536;47.346669
3100.6;1000.3;2610874.75;1243989.2;7.582538;47.346668
3100.7;1000.3;2610874.75;1243989.32;7.582538;47.346669
3100.8;1000.3;2610874.82;1243989.32;7.582539;47.346669
3100.9;1000.3;2610874.9;1243989.43;7.58254;47.34667
3101.1;1000.3;2610874.97;1243989.54;7.582541;47.346671
3101.1;1000.3;2610875.05;1243989.54;7.582542;47.346671
3101.1;1000.3;2610875.05;1243989.54;7.582542;47.346671
3101.3;1000.3;2610875.05;1243989.43;7.582542;47.34667
3101.3;1000.3;2610875.13;1243989.43;7.582543;47.34667
3101.4;1000.3;2610875.13;1243989.32;7.582543;47.346669
3101.6;1000.3;2610875.05;1243989.21;7.582542;47.346668
3101.7;1000.3;2610875.05;1243989.09;7.582542;47.346667
3101.8;1000.3;2610874.98;1243988.98;7.582541;47.346666
3101.9;1000.3;2610875.05;1243988.98;7.582542;47.346666
3101.9;1000.3;2610875.05;1243988.98;7.582542;47.346666
3102;1000.3;2610875.13;1243988.98;7.582543;47.346666
3102;1000.3;2610875.13;1243988.98;7.582543;47.346666
3102.1;1000.3;2610875.2;1243988.87;7.582544;47.346665
3102.1;1000.3;2610875.2;1243988.87;7.582544;47.346665
3102.1;1000.3;2610875.2;1243988.87;7.582544;47.346665
3102.2;1000.3;2610875.28;1243988.87;7.582545;47.346665
3102.3;1000.3;2610875.35;1243988.87;7.582546;47.346665
3102.3;1000.3;2610875.35;1243988.87;7.582546;47.346665
3102.3;1000.3;2610875.43;1243988.87;7.582547;47.346665
3102.3;1000.3;2610875.43;1243988.87;7.582547;47.346665
3102.4;1000.3;2610875.5;1243988.87;7.582548;47.346665
3102.5;1000.3;2610875.5;1243988.76;7.582548;47.346664
3102.7;1000.3;2610875.58;1243988.87;7.582549;47.346665
3102.7;1000.3;2610875.58;1243988.87;7.582549;47.346665
3102.7;1000.3;2610875.66;1243988.87;7.58255;47.346665
3102.8;1000.3;2610875.73;1243988.87;7.582551;47.346665
3102.9;1000.3;2610875.81;1243988.87;7.582552;47.346665
3103;1000.3;2610875.88;1243988.76;7.582553;47.346664
3103.2;1000.3;2610875.96;1243988.65;7.582554;47.346663
3103.2;999.5;2610876.03;1243988.65;7.582555;47.346663
3103.3;999.5;2610876.11;1243988.65;7.582556;47.346663
3103.4;999.5;2610876.19;1243988.54;7.582557;47.346662
3103.5;999.5;2610876.26;1243988.54;7.582558;47.346662
3103.7;999.5;2610876.41;1243988.54;7.58256;47.346662
3103.8;999.5;2610876.49;1243988.65;7.582561;47.346663
3104;999.5;2610876.49;1243988.87;7.582561;47.346665
3104.3;999.5;2610876.56;1243989.1;7.582562;47.346667
3104.5;999.5;2610876.56;1243989.32;7.582562;47.346669
3104.6;999.5;2610876.49;1243989.43;7.582561;47.34667
3104.8;999.5;2610876.56;1243989.54;7.582562;47.346671
3104.9;999.5;2610876.41;1243989.65;7.58256;47.346672
3105.1;999.5;2610876.33;1243989.76;7.582559;47.346673
3105.2;999.5;2610876.18;1243989.76;7.582557;47.346673
3105.4;999.5;2610876.03;1243989.87;7.582555;47.346674
3105.5;1000.3;2610875.96;1243989.87;7.582554;47.346674
3105.6;1000.3;2610875.88;1243989.87;7.582553;47.346674
3105.7;1000.3;2610875.8;1243989.98;7.582552;47.346675
3105.8;1000;2610875.73;1243990.1;7.582551;47.346676
3106.1;1000;2610875.5;1243990.1;7.582548;47.346676
3106.3;1000.3;2610875.28;1243989.98;7.582545;47.346675
3106.8;1000.3;2610874.82;1243989.87;7.582539;47.346674
3107.8;1000.7;2610873.84;1243989.87;7.582526;47.346674
3110.3;1001.2;2610871.42;1243989.2;7.582494;47.346668
3112.4;1001.8;2610871.05;1243987.09;7.582489;47.346649
3114;1002.2;2610870.67;1243985.53;7.582484;47.346635
3115.4;1002.7;2610869.92;1243984.41;7.582474;47.346625
3116.3;1003.1;2610869.24;1243983.75;7.582465;47.346619
3117.2;1003.1;2610868.56;1243983.19;7.582456;47.346614
3118.1;1004.1;2610867.73;1243982.74;7.582445;47.34661
3118.9;1004.1;2610867.05;1243982.52;7.582436;47.346608
3119.7;1004.1;2610866.3;1243982.07;7.582426;47.346604
3120.6;1005.1;2610865.69;1243981.41;7.582418;47.346598
3121.6;1005.1;2610865.39;1243980.52;7.582414;47.34659
3122.6;1005.4;2610865.55;1243979.51;7.582416;47.346581
3123.7;1004.7;2610866;1243978.52;7.582422;47.346572
3124.8;1005.4;2610866.61;1243977.63;7.58243;47.346564
3126.9;1005.8;2610867.75;1243975.85;7.582445;47.346548
3127.7;1004.9;2610868.12;1243975.07;7.58245;47.346541
3128.5;1004.9;2610868.28;1243974.29;7.582452;47.346534
3129.3;1005.1;2610868.05;1243973.52;7.582449;47.346527
3130.2;1005.8;2610867.68;1243972.74;7.582444;47.34652
3131.1;1006.2;2610867.37;1243971.85;7.58244;47.346512
3132.9;1006.2;2610867.23;1243970.07;7.582438;47.346496
3133.5;1006.8;2610867;1243969.51;7.582435;47.346491
3134.3;1006.8;2610866.62;1243968.84;7.58243;47.346485
3134.9;1006.8;2610866.32;1243968.29;7.582426;47.34648
3135.6;1007.3;2610866.25;1243967.62;7.582425;47.346474
3136.3;1007.8;2610865.95;1243966.95;7.582421;47.346468
3137.1;1007.8;2610865.34;1243966.4;7.582413;47.346463
3138;1008.4;2610864.66;1243965.95;7.582404;47.346459
3139.7;1008.9;2610863.38;1243964.72;7.582387;47.346448
3140.7;1008.9;2610862.63;1243964.06;7.582377;47.346442
3142.1;1009.3;2610862.71;1243962.72;7.582378;47.34643
3142.8;1009.3;2610863.24;1243962.17;7.582385;47.346425
3143.6;1009.9;2610863.69;1243961.61;7.582391;47.34642
3144.4;1009.6;2610864.22;1243960.95;7.582398;47.346414
3145.2;1009.6;2610864.45;1243960.17;7.582401;47.346407
3146.3;1010.5;2610864.83;1243959.17;7.582406;47.346398
3147;1010.5;2610865.06;1243958.5;7.582409;47.346392
3147.8;1011.6;2610865.36;1243957.72;7.582413;47.346385
3148.7;1011.6;2610865.59;1243956.83;7.582416;47.346377
3149.6;1012.6;2610865.67;1243955.94;7.582417;47.346369
3150.4;1012.6;2610865.97;1243955.28;7.582421;47.346363
3152.5;1013.6;2610866.65;1243953.28;7.58243;47.346345
3153.7;1013.6;2610867.41;1243952.39;7.58244;47.346337
3154.6;1015.1;2610867.94;1243951.61;7.582447;47.34633
3156.1;1014.7;2610868.85;1243950.39;7.582459;47.346319
3156.6;1014.7;2610869.23;1243950.06;7.582464;47.346316
3157.4;1016.7;2610869.76;1243949.5;7.582471;47.346311
3158.3;1016.1;2610870.29;1243948.73;7.582478;47.346304
3159;1016.1;2610870.67;1243948.17;7.582483;47.346299
3159.7;1017.6;2610871.12;1243947.62;7.582489;47.346294
3160.3;1017.6;2610871.58;1243947.28;7.582495;47.346291
3161;1017.3;2610872.03;1243946.73;7.582501;47.346286
3161.6;1017.3;2610872.18;1243946.17;7.582503;47.346281
3162;1018.8;2610872.33;1243945.73;7.582505;47.346277
3163.6;1018.8;2610873.47;1243944.62;7.58252;47.346267
3164;1018.8;2610873.77;1243944.4;7.582524;47.346265
3164.8;1020.3;2610874.45;1243943.95;7.582533;47.346261
3165.5;1020.3;2610875.06;1243943.62;7.582541;47.346258
3166.3;1020.3;2610875.74;1243943.18;7.58255;47.346254
3167.1;1020.6;2610876.49;1243943.07;7.58256;47.346253
3168;1020.6;2610877.4;1243943.07;7.582572;47.346253
3168.4;1020.6;2610877.78;1243942.96;7.582577;47.346252
3169.1;1020.8;2610878.46;1243942.85;7.582586;47.346251
3169.8;1020.8;2610879.14;1243943.07;7.582595;47.346253
3171.2;1021;2610880.42;1243943.63;7.582612;47.346258
3172;1021;2610881.18;1243943.41;7.582622;47.346256
3173.7;1020.9;2610882.69;1243942.52;7.582642;47.346248
3174.4;1020.9;2610883.15;1243942.08;7.582648;47.346244
3175.9;1022.5;2610884.66;1243941.75;7.582668;47.346241
3176.4;1022.5;2610885.19;1243941.75;7.582675;47.346241
3176.8;1022.5;2610885.56;1243941.86;7.58268;47.346242
3177.3;1022.7;2610886.02;1243941.64;7.582686;47.34624
3177.9;1022.7;2610886.47;1243941.42;7.582692;47.346238
3178.3;1022.7;2610886.93;1243941.31;7.582698;47.346237
3179.8;1022.5;2610888.36;1243940.98;7.582717;47.346234
3180.5;1022.5;2610889.04;1243941.2;7.582726;47.346236
3181.4;1022.5;2610889.87;1243941.53;7.582737;47.346239
3182.2;1022.5;2610890.48;1243941.98;7.582745;47.346243
3183.5;1021;2610891.68;1243942.54;7.582761;47.346248
3183.9;1021;2610891.91;1243942.87;7.582764;47.346251
3184.5;1021;2610892.51;1243943.1;7.582772;47.346253
3185.4;1021;2610893.27;1243943.43;7.582782;47.346256
3185.9;1021;2610893.8;1243943.54;7.582789;47.346257
3186.5;1021.2;2610894.33;1243943.77;7.582796;47.346259
3187.1;1021.2;2610894.93;1243943.99;7.582804;47.346261
3187.5;1019.7;2610895.31;1243944.1;7.582809;47.346262
3188;1019.7;2610895.84;1243944.1;7.582816;47.346262
3188.7;1021.7;2610896.44;1243943.99;7.582824;47.346261
3189.2;1021.7;2610896.97;1243943.88;7.582831;47.34626
3189.9;1021.7;2610897.65;1243943.77;7.58284;47.346259
3190.4;1022.2;2610898.18;1243943.66;7.582847;47.346258
3191.2;1022.2;2610898.86;1243943.22;7.582856;47.346254
3191.6;1022.2;2610899.16;1243943;7.58286;47.346252
3192.5;1022.9;2610900.07;1243942.78;7.582872;47.34625
3192.9;1022.2;2610900;1243942.44;7.582871;47.346247
3193.2;1022.9;2610900.15;1243942.22;7.582873;47.346245
3193.6;1024.6;2610900.45;1243941.89;7.582877;47.346242
3194.1;1024.6;2610900.83;1243941.55;7.582882;47.346239
3194.8;1024.6;2610901.51;1243941.33;7.582891;47.346237
3195.4;1025.4;2610902.04;1243941.11;7.582898;47.346235
3196.1;1025.4;2610902.72;1243941;7.582907;47.346234
3196.8;1025.4;2610903.4;1243941.11;7.582916;47.346235
3197.2;1025.4;2610903.85;1243941.23;7.582922;47.346236
3197.9;1026.2;2610904.38;1243941.67;7.582929;47.34624
3198.4;1024.7;2610904.76;1243942.01;7.582934;47.346243
3199.2;1024.7;2610905.21;1243942.67;7.58294;47.346249
3199.9;1024.7;2610905.36;1243943.34;7.582942;47.346255
3200.8;1022.9;2610905.66;1243944.12;7.582946;47.346262
3201.5;1022.9;2610905.96;1243944.79;7.58295;47.346268
3202.3;1023.4;2610906.26;1243945.57;7.582954;47.346275
3202.6;1023.4;2610906.49;1243945.79;7.582957;47.346277
3203.1;1023.4;2610906.94;1243945.9;7.582963;47.346278
3204.9;1022.2;2610908.6;1243946.46;7.582985;47.346283
3205.4;1022.2;2610908.6;1243947.02;7.582985;47.346288
3206.1;1022.2;2610908.9;1243947.57;7.582989;47.346293
3206.7;1022.2;2610909.43;1243947.91;7.582996;47.346296
3207.3;1023.1;2610910.04;1243947.91;7.583004;47.346296
3207.9;1023.1;2610910.64;1243947.8;7.583012;47.346295
3208.7;1023.1;2610911.4;1243947.8;7.583022;47.346295
3209.3;1023.2;2610912;1243947.91;7.58303;47.346296
3210.2;1021.7;2610912.83;1243948.25;7.583041;47.346299
3210.9;1021.7;2610913.44;1243948.58;7.583049;47.346302
3211.8;1021.9;2610914.19;1243949.14;7.583059;47.346307
3212.7;1021.9;2610915.02;1243949.59;7.58307;47.346311
3214.8;1020.6;2610916.91;1243950.48;7.583095;47.346319
3215.5;1020.6;2610917.51;1243950.81;7.583103;47.346322
3217.3;1020.4;2610919.02;1243951.82;7.583123;47.346331
3219.2;1018.6;2610920.38;1243953.04;7.583141;47.346342
3219.7;1018.6;2610920.91;1243953.27;7.583148;47.346344
3220.5;1018.6;2610921.66;1243953.38;7.583158;47.346345
3221.2;1018.5;2610922.34;1243953.6;7.583167;47.346347
3221.8;1018.5;2610922.95;1243953.6;7.583175;47.346347
3222.5;1018.5;2610923.63;1243953.72;7.583184;47.346348
3223.2;1020.8;2610924.31;1243953.72;7.583193;47.346348
3223.9;1020.8;2610925.06;1243953.72;7.583203;47.346348
3224.7;1020.8;2610925.82;1243953.83;7.583213;47.346349
3225.4;1024.9;2610926.5;1243953.94;7.583222;47.34635
3226.3;1017;2610927.33;1243954.17;7.583233;47.346352
3227.5;1018.3;2610928.54;1243954.61;7.583249;47.346356
3228.1;1018.3;2610929.07;1243954.73;7.583256;47.346357
3228.7;1018.3;2610929.6;1243954.95;7.583263;47.346359
3229.3;1021.6;2610930.2;1243954.95;7.583271;47.346359
3230;1021.6;2610930.88;1243955.06;7.58328;47.34636
3230.7;1021.6;2610931.64;1243955.18;7.58329;47.346361
3232.4;1021.6;2610933.3;1243955.51;7.583312;47.346364
3234.2;1024.2;2610935.11;1243955.63;7.583336;47.346365
3235.1;1024.2;2610935.94;1243955.41;7.583347;47.346363
3235.9;1023.5;2610936.7;1243955.07;7.583357;47.34636
3237.2;1023.5;2610937.83;1243954.41;7.583372;47.346354
3237.9;1023.3;2610938.44;1243954.19;7.58338;47.346352
3238.8;1025.3;2610939.12;1243953.63;7.583389;47.346347
3239.5;1025.3;2610939.72;1243953.19;7.583397;47.346343
3241.1;1024.7;2610940.94;1243952.19;7.583413;47.346334
3241.7;1026.3;2610941.54;1243951.97;7.583421;47.346332
3242.4;1026.1;2610942.22;1243951.75;7.58343;47.34633
3243.4;1026.1;2610943.13;1243951.42;7.583442;47.346327
3244.2;1026.1;2610943.81;1243951.08;7.583451;47.346324
3245;1025.7;2610944.49;1243950.64;7.58346;47.34632
3245.9;1027.6;2610945.02;1243949.86;7.583467;47.346313
3246.8;1027.6;2610945.25;1243948.97;7.58347;47.346305
3247.6;1027.6;2610945.55;1243948.31;7.583474;47.346299
3249.3;1029.7;2610947.22;1243947.75;7.583496;47.346294
3249.8;1029.7;2610947.74;1243947.76;7.583503;47.346294
3250.8;1029.6;2610948.73;1243947.65;7.583516;47.346293
3251.9;1029.6;2610949.79;1243947.43;7.58353;47.346291
3252.9;1029.6;2610950.69;1243947.09;7.583542;47.346288
3253.8;1029.6;2610951.52;1243946.76;7.583553;47.346285
3256.2;1029.5;2610953.87;1243946.21;7.583584;47.34628
3256.4;1029.7;2610954.09;1243946.21;7.583587;47.34628
3257.1;1029.7;2610954.78;1243946.1;7.583596;47.346279
3257.8;1031.9;2610955.3;1243945.66;7.583603;47.346275
3258.5;1031.9;2610955.91;1243945.32;7.583611;47.346272
3259.3;1032.1;2610956.74;1243945.33;7.583622;47.346272
3260.1;1032.1;2610957.57;1243945.44;7.583633;47.346273
3261.3;1031.9;2610958.71;1243945.44;7.583648;47.346273
3261.9;1031.9;2610959.31;1243945.44;7.583656;47.346273
3262.6;1031.7;2610960.07;1243945.33;7.583666;47.346272
3263.4;1031.7;2610960.82;1243945.11;7.583676;47.34627
3264.3;1031.7;2610961.58;1243944.78;7.583686;47.346267
3264.8;1031.6;2610962.11;1243944.56;7.583693;47.346265
3265.4;1031.6;2610962.64;1243944.34;7.5837;47.346263
3266;1031.6;2610963.17;1243944.23;7.583707;47.346262
3266.5;1031.6;2610963.7;1243944;7.583714;47.34626
3267.1;1033.7;2610964.15;1243943.67;7.58372;47.346257
3267.6;1033.7;2610964.6;1243943.45;7.583726;47.346255
3268.2;1033.7;2610965.21;1243943.34;7.583734;47.346254
3269.1;1033.6;2610966.12;1243943.12;7.583746;47.346252
3270;1033.6;2610966.87;1243942.79;7.583756;47.346249
3270.7;1033.6;2610967.48;1243942.45;7.583764;47.346246
3271.6;1033.6;2610968.31;1243942.12;7.583775;47.346243
3272.3;1035.7;2610968.99;1243941.9;7.583784;47.346241
3273;1035.7;2610969.59;1243941.46;7.583792;47.346237
3273.7;1035.7;2610969.75;1243940.79;7.583794;47.346231
3274.7;1037.5;2610969.22;1243939.9;7.583787;47.346223
3276.7;1038;2610967.48;1243938.9;7.583764;47.346214
3278.3;1038;2610966.12;1243938.23;7.583746;47.346208
3279.3;1039.8;2610965.14;1243937.89;7.583733;47.346205
3280.2;1039.8;2610964.31;1243937.45;7.583722;47.346201
3281.2;1040.1;2610963.56;1243936.89;7.583712;47.346196
3282;1040.1;2610962.8;1243936.55;7.583702;47.346193
3282.9;1040.3;2610961.97;1243936.22;7.583691;47.34619
3283.7;1042.3;2610961.29;1243935.77;7.583682;47.346186
3285.1;1042.3;2610960.08;1243935.1;7.583666;47.34618
3286;1042.2;2610959.25;1243934.66;7.583655;47.346176
3287.4;1044;2610958.12;1243933.99;7.58364;47.34617
3288.7;1043.8;2610957.07;1243933.21;7.583626;47.346163
3291.2;1045.7;2610955.03;1243931.76;7.583599;47.34615
3292.4;1045.7;2610954.05;1243930.98;7.583586;47.346143
3293.5;1045.3;2610953.14;1243930.42;7.583574;47.346138
3294.5;1047.3;2610952.24;1243929.86;7.583562;47.346133
3295.6;1047;2610951.41;1243929.19;7.583551;47.346127
3296.7;1047;2610950.5;1243928.64;7.583539;47.346122
3297.8;1046.9;2610949.52;1243928.08;7.583526;47.346117
3298.9;1048.7;2610948.61;1243927.52;7.583514;47.346112
3299.9;1048.7;2610947.78;1243926.96;7.583503;47.346107
3302.3;1050.2;2610946.2;1243925.07;7.583482;47.34609
3303.2;1050;2610945.9;1243924.29;7.583478;47.346083
3305;1051.2;2610945.15;1243922.62;7.583468;47.346068
3306;1052.6;2610944.92;1243921.62;7.583465;47.346059
3306.8;1052.6;2610944.47;1243920.95;7.583459;47.346053
3307.7;1052.6;2610944.02;1243920.18;7.583453;47.346046
3308.7;1053.7;2610943.34;1243919.51;7.583444;47.34604
3309.3;1053.7;2610942.81;1243919.17;7.583437;47.346037
3310.2;1053.7;2610942.28;1243918.5;7.58343;47.346031
3310.9;1055.4;2610942.36;1243917.73;7.583431;47.346024
3312.6;1055.4;2610943.8;1243916.84;7.58345;47.346016
3313.8;1055.7;2610944.93;1243916.95;7.583465;47.346017
3315.4;1056.1;2610946.52;1243917.18;7.583486;47.346019
3316.2;1056.1;2610947.35;1243917.4;7.583497;47.346021
3317.5;1056.9;2610948.55;1243917.85;7.583513;47.346025
3318.9;1055.5;2610949.84;1243918.41;7.58353;47.34603
3320;1056.5;2610950.82;1243918.85;7.583543;47.346034
3321;1056.5;2610951.8;1243919.19;7.583556;47.346037
3321.9;1057.2;2610952.63;1243919.52;7.583567;47.34604
3322.9;1057.2;2610953.61;1243919.75;7.58358;47.346042
3323.9;1057.3;2610954.6;1243919.75;7.583593;47.346042
3324.7;1057.3;2610955.35;1243919.64;7.583603;47.346041
3325.6;1056.4;2610956.18;1243919.98;7.583614;47.346044
3326.2;1055.9;2610956.56;1243920.42;7.583619;47.346048
3326.9;1055.9;2610957.24;1243920.76;7.583628;47.346051
3328.4;1055.3;2610958.68;1243920.54;7.583647;47.346049
3329.4;1055.7;2610959.28;1243919.76;7.583655;47.346042
3331.2;1055.1;2610960.42;1243918.32;7.58367;47.346029
3333.4;1055.8;2610961.78;1243916.65;7.583688;47.346014
3335.6;1056.1;2610962.84;1243914.65;7.583702;47.345996
3336.9;1056.9;2610963.37;1243913.43;7.583709;47.345985
3337.7;1056.9;2610963.68;1243912.76;7.583713;47.345979
3338.5;1057.4;2610964.06;1243911.98;7.583718;47.345972
3339.4;1057.4;2610964.51;1243911.32;7.583724;47.345966
3339.9;1057.4;2610964.81;1243910.87;7.583728;47.345962
3340.4;1057.4;2610965.34;1243910.76;7.583735;47.345961
3340.8;1057.4;2610965.65;1243910.54;7.583739;47.345959
3342;1058;2610966.33;1243909.54;7.583748;47.34595
3343.5;1058;2610967.09;1243908.21;7.583758;47.345938
3344.4;1059.1;2610967.62;1243907.54;7.583765;47.345932
3345.3;1058.8;2610968.15;1243906.88;7.583772;47.345926
3346.1;1058.8;2610968.68;1243906.21;7.583779;47.34592
3347.6;1060.1;2610969.51;1243904.99;7.58379;47.345909
3349.8;1061.5;2610967.77;1243903.65;7.583767;47.345897
3351.4;1061.5;2610966.19;1243903.43;7.583746;47.345895
3352.7;1061.7;2610964.9;1243903.09;7.583729;47.345892
3354;1061.9;2610963.7;1243902.64;7.583713;47.345888
3355.3;1061.9;2610962.56;1243902.09;7.583698;47.345883
3356.5;1063.3;2610961.43;1243901.53;7.583683;47.345878
3357.6;1063.3;2610960.37;1243901.19;7.583669;47.345875
3359.6;1063.7;2610958.56;1243900.41;7.583645;47.345868
3360.7;1064.9;2610957.66;1243899.85;7.583633;47.345863
3361.7;1064.9;2610956.67;1243899.41;7.58362;47.345859
3362.8;1065.2;2610955.69;1243898.96;7.583607;47.345855
3363.8;1065.2;2610954.86;1243898.51;7.583596;47.345851
3364.8;1066.5;2610954.11;1243897.85;7.583586;47.345845
3365.7;1066.4;2610953.66;1243897.07;7.58358;47.345838
3366.7;1066.4;2610953.81;1243896.07;7.583582;47.345829
3367.8;1067.2;2610954.57;1243895.29;7.583592;47.345822
3369;1067.2;2610955.47;1243894.51;7.583604;47.345815
3370;1068;2610956.16;1243893.74;7.583613;47.345808
3372.1;1068;2610957.59;1243892.18;7.583632;47.345794
3373.4;1069.3;2610958.73;1243891.63;7.583647;47.345789
3375.3;1069.1;2610960.54;1243891.08;7.583671;47.345784
3376.4;1069.1;2610961.6;1243890.63;7.583685;47.34578
3377.4;1068.9;2610962.58;1243890.41;7.583698;47.345778
3378.5;1068.9;2610963.57;1243890.08;7.583711;47.345775
3379.4;1069.7;2610964.47;1243889.86;7.583723;47.345773
3380.4;1069.7;2610965.38;1243889.53;7.583735;47.34577
3380.9;1069.7;2610965.76;1243889.08;7.58374;47.345766
3381.7;1069.7;2610965.84;1243888.31;7.583741;47.345759
3382.3;1070.9;2610965.76;1243887.75;7.58374;47.345754
3382.8;1070.9;2610965.92;1243887.31;7.583742;47.34575
3383.4;1070.8;2610966.37;1243886.86;7.583748;47.345746
3384.6;1070.8;2610967.58;1243886.53;7.583764;47.345743
3385.4;1070.6;2610968.26;1243886.86;7.583773;47.345746
3386;1070.6;2610968.86;1243886.87;7.583781;47.345746
3386.6;1070.6;2610969.39;1243886.98;7.583788;47.345747
3387;1070.6;2610969.85;1243887.09;7.583794;47.345748
3387.2;1070.3;2610970.07;1243887.09;7.583797;47.345748
3388.1;1070.3;2610970.9;1243887.09;7.583808;47.345748
3388.8;1070.3;2610971.66;1243887.09;7.583818;47.345748
3390;1069.8;2610972.79;1243887.1;7.583833;47.345748
3391.1;1069.8;2610973.93;1243886.88;7.583848;47.345746
3392.1;1069.2;2610974.91;1243886.77;7.583861;47.345745
3392.9;1069.2;2610975.66;1243886.66;7.583871;47.345744
3393.6;1069.1;2610976.42;1243886.55;7.583881;47.345743
3394.3;1069.1;2610977.03;1243886.21;7.583889;47.34574
3395;1069.1;2610977.71;1243886.22;7.583898;47.34574
3395.5;1068;2610978.16;1243886.22;7.583904;47.34574
3395.9;1068;2610978.54;1243886.11;7.583909;47.345739
3396.5;1069.1;2610979.07;1243885.77;7.583916;47.345736
3397.3;1069.1;2610979.75;1243885.33;7.583925;47.345732
3398.2;1068.2;2610980.5;1243884.78;7.583935;47.345727
3399.4;1068.2;2610981.49;1243884.22;7.583948;47.345722
3401.2;1068.5;2610983;1243883.22;7.583968;47.345713
3402.9;1067.8;2610984.59;1243882.45;7.583989;47.345706
3403.6;1067.8;2610985.12;1243882.12;7.583996;47.345703
3404.4;1069;2610985.8;1243881.67;7.584005;47.345699
3405.3;1068.2;2610986.48;1243881.12;7.584014;47.345694
3407;1069.4;2610987.77;1243879.9;7.584031;47.345683
3408.1;1068.6;2610988.07;1243878.9;7.584035;47.345674
3409.9;1069.2;2610989.13;1243877.45;7.584049;47.345661
3412.1;1068.7;2610990.42;1243875.68;7.584066;47.345645
3413;1068.7;2610990.72;1243874.79;7.58407;47.345637
3413.8;1068.7;2610991.18;1243874.12;7.584076;47.345631
3414.9;1069.5;2610991.78;1243873.23;7.584084;47.345623
3415.6;1067.9;2610992.09;1243872.57;7.584088;47.345617
3416.5;1068.6;2610992.54;1243871.79;7.584094;47.34561
3417.4;1068.6;2610992.92;1243871.01;7.584099;47.345603
3418.4;1068.6;2610993.08;1243870.01;7.584101;47.345594
3419.3;1069.2;2610992.4;1243869.34;7.584092;47.345588
3420.6;1070.6;2610991.19;1243869.01;7.584076;47.345585
3422;1071.7;2610989.75;1243869;7.584057;47.345585
3423.1;1071.7;2610988.69;1243869.22;7.584043;47.345587
3424.5;1072.8;2610987.41;1243869.67;7.584026;47.345591
3427.3;1073.3;2610984.76;1243870.66;7.583991;47.3456
3429.1;1074.6;2610983.02;1243870.88;7.583968;47.345602
3430.5;1075.9;2610981.59;1243870.99;7.583949;47.345603
3432.5;1076.3;2610979.55;1243871.21;7.583922;47.345605
3433.5;1076.3;2610978.64;1243871.43;7.58391;47.345607
3434.7;1076.7;2610977.43;1243871.54;7.583894;47.345608
3436;1076.7;2610976.22;1243871.2;7.583878;47.345605
3437.3;1077.5;2610975.54;1243870.09;7.583869;47.345595
3438.6;1078.5;2610975.7;1243868.76;7.583871;47.345583
3440.7;1078.7;2610976.91;1243867.09;7.583887;47.345568
3441.9;1078.7;2610977.74;1243866.2;7.583898;47.34556
3442.9;1078.9;2610978.42;1243865.43;7.583907;47.345553
3443.9;1078.9;2610979.11;1243864.65;7.583916;47.345546
3445.9;1078.7;2610980.17;1243862.98;7.58393;47.345531
3446.8;1078.7;2610980.32;1243862.09;7.583932;47.345523
3447.7;1079.3;2610980.02;1243861.31;7.583928;47.345516
3448.7;1080.4;2610979.11;1243860.87;7.583916;47.345512
3449.5;1080.4;2610978.28;1243860.87;7.583905;47.345512
3450.6;1081.1;2610977.3;1243860.42;7.583892;47.345508
3450.6;1081.4;2610976.47;1243859.53;7.583881;47.3455
3452.9;1082.8;2610975.19;1243857.64;7.583864;47.345483
3454.1;1082.8;2610974.13;1243856.97;7.58385;47.345477
3456.2999999999997;1083.9;2610972.17;1243855.96;7.583824;47.345468
3457.7;1084.8;2610970.96;1243855.41;7.583808;47.345463
3458.7999999999997;1085.5;2610969.98;1243854.96;7.583795;47.345459
3459.7999999999997;1085.5;2610969;1243854.51;7.583782;47.345455
3461.5;1086.8;2610967.41;1243853.95;7.583761;47.34545
3462.1;1086.8;2610966.88;1243853.84;7.583754;47.345449
3463.2;1087.2;2610965.75;1243853.51;7.583739;47.345446
3463.9;1087.2;2610965.3;1243852.95;7.583733;47.345441
3465.2999999999997;1087.8;2610963.94;1243852.72;7.583715;47.345439
3465.9;1087.8;2610963.33;1243852.61;7.583707;47.345438
3467.7;1088.6;2610962.73;1243850.94;7.583699;47.345423
3469.1;1089.6;2610963.41;1243849.72;7.583708;47.345412
3470.6;1089.6;2610963.87;1243848.28;7.583714;47.345399
3471.2999999999997;1090.1;2610963.57;1243847.72;7.58371;47.345394
3471.9;1090.1;2610963.04;1243847.39;7.583703;47.345391
3472.2999999999997;1090.1;2610962.66;1243847.16;7.583698;47.345389
3473;1090.1;2610962.14;1243846.83;7.583691;47.345386
3473.6;1090.9;2610961.61;1243846.38;7.583684;47.345382
3474.2;1091.4;2610961.23;1243845.94;7.583679;47.345378
3474.9;1091.4;2610960.7;1243845.49;7.583672;47.345374
3475.7;1091.4;2610960.33;1243844.82;7.583667;47.345368
3476.4;1091.9;2610959.95;1243844.27;7.583662;47.345363
3477.9;1092.6;2610958.97;1243843.04;7.583649;47.345352
3478.7999999999997;1092.6;2610958.29;1243842.48;7.58364;47.345347
3478.9;1092.6;2610958.29;1243842.37;7.58364;47.345346
3479.5;1093;2610957.84;1243842.04;7.583634;47.345343
3480.2;1093.7;2610957.31;1243841.48;7.583627;47.345338
3480.9;1093.7;2610956.78;1243841.04;7.58362;47.345334
3481.7999999999997;1093.7;2610956.03;1243840.7;7.58361;47.345331
3482.7;1093.9;2610955.2;1243840.37;7.583599;47.345328
3483.6;1094.6;2610954.36;1243839.92;7.583588;47.345324
3484.4;1095;2610953.99;1243839.25;7.583583;47.345318
3485.1;1095;2610953.91;1243838.47;7.583582;47.345311
3485.9;1095.3;2610954.07;1243837.7;7.583584;47.345304
3486.7;1095.3;2610954.37;1243837.03;7.583588;47.345298
3487.5;1095.3;2610954.75;1243836.25;7.583593;47.345291
3489.2;1095.8;2610955.28;1243834.7;7.5836;47.345277
3490.6;1096;2610955.51;1243833.25;7.583603;47.345264
3491.4;1096;2610955.74;1243832.58;7.583606;47.345258
3492;1095.8;2610955.82;1243831.92;7.583607;47.345252
3492.7999999999997;1095.8;2610955.97;1243831.14;7.583609;47.345245
3493.4;1095;2610956.12;1243830.58;7.583611;47.34524
3494.1;1094.6;2610956.05;1243829.92;7.58361;47.345234
3495.6;1095.6;2610955.52;1243828.47;7.583603;47.345221
3496.1;1095.6;2610955.29;1243828.03;7.5836;47.345217
3496.7999999999997;1094.9;2610954.84;1243827.47;7.583594;47.345212
3497.5;1094.9;2610954.39;1243827.02;7.583588;47.345208
3498.2;1096.1;2610953.63;1243827.02;7.583578;47.345208
3499;1096.1;2610952.8;1243827.13;7.583567;47.345209
3499.7999999999997;1096.1;2610952.05;1243827.02;7.583557;47.345208
3500.4;1097.1;2610951.52;1243826.68;7.58355;47.345205
3501;1097.1;2610950.99;1243826.46;7.583543;47.345203
3502.2;1098.2;2610949.78;1243826.24;7.583527;47.345201
3502.7;1098.2;2610949.33;1243826.24;7.583521;47.345201
3503.2999999999997;1098.2;2610948.8;1243826.01;7.583514;47.345199
3504.2999999999997;1098;2610948.35;1243825.12;7.583508;47.345191
3505.7999999999997;1099.1;2610947.9;1243823.68;7.583502;47.345178
3506.5;1097.7;2610948.12;1243823.01;7.583505;47.345172
3507.2999999999997;1097.7;2610948.35;1243822.23;7.583508;47.345165
3508;1096.7;2610948.58;1243821.56;7.583511;47.345159
3509.7;1095.1;2610949.04;1243819.9;7.583517;47.345144
3510.5;1095.1;2610949.19;1243819.12;7.583519;47.345137
3511.2;1095.1;2610949.11;1243818.45;7.583518;47.345131
3511.9;1095.1;2610948.59;1243818.01;7.583511;47.345127
3512.7;1095.1;2610947.76;1243817.89;7.5835;47.345126
3514.2999999999997;1097.2;2610946.17;1243818;7.583479;47.345127
3515;1097;2610945.49;1243818;7.58347;47.345127
3516.6;1098.4;2610943.98;1243817.33;7.58345;47.345121
3517.5;1098.4;2610943.22;1243816.89;7.58344;47.345117
3518.5;1098.4;2610942.54;1243816.22;7.583431;47.345111
3519.5;1099.2;2610941.64;1243815.66;7.583419;47.345106
3521.4;1101.6;2610939.98;1243814.77;7.583397;47.345098
3522.7999999999997;1101.6;2610938.62;1243815.1;7.583379;47.345101
3523.9;1103.2;2610937.71;1243815.65;7.583367;47.345106
3525;1103.2;2610936.73;1243816.21;7.583354;47.345111
3526.1;1104.5;2610935.74;1243816.65;7.583341;47.345115
3527.2999999999997;1104.5;2610934.61;1243816.98;7.583326;47.345118
3528.4;1106;2610933.55;1243816.76;7.583312;47.345116
3529.6;1106.1;2610932.65;1243815.98;7.5833;47.345109
3531.7;1106.8;2610931.51;1243814.2;7.583285;47.345093
3532.4;1107.3;2610931.14;1243813.53;7.58328;47.345087
3533.2999999999997;1107.3;2610930.84;1243812.75;7.583276;47.34508
3534;1107.5;2610930.84;1243811.97;7.583276;47.345073
3534.7999999999997;1107.5;2610930.99;1243811.19;7.583278;47.345066
3536.2999999999997;1107;2610931.45;1243809.75;7.583284;47.345053
3537.7;1105.2;2610932.05;1243808.53;7.583292;47.345042
3538.7999999999997;1104.1;2610932.43;1243807.53;7.583297;47.345033
3539.7;1104.1;2610932.51;1243806.64;7.583298;47.345025
3541.2999999999997;1102.7;2610932.14;1243805.08;7.583293;47.345011
3541.9;1105.2;2610931.83;1243804.52;7.583289;47.345006
3542.5;1103.4;2610931.53;1243803.97;7.583285;47.345001
3543.5;1103.4;2610930.85;1243803.3;7.583276;47.344995
3544.1;1103.4;2610930.33;1243802.96;7.583269;47.344992
3544.7;1106;2610929.8;1243802.63;7.583262;47.344989
3546.4;1104.3;2610928.52;1243801.63;7.583245;47.34498
3547.1;1106.6;2610927.84;1243801.29;7.583236;47.344977
3548;1106.6;2610927.01;1243800.96;7.583225;47.344974
3549.2999999999997;1109.1;2610925.8;1243800.73;7.583209;47.344972
3550.1;1109.1;2610924.96;1243800.84;7.583198;47.344973
3551.1;1110.7;2610923.98;1243800.73;7.583185;47.344972
3552;1110.7;2610923.15;1243800.39;7.583174;47.344969
3552.7999999999997;1109.7;2610922.47;1243799.95;7.583165;47.344965
3553.7;1110.9;2610921.64;1243799.61;7.583154;47.344962
3554.5;1110.9;2610920.96;1243799.17;7.583145;47.344958
3555.6;1110.9;2610920.21;1243798.39;7.583135;47.344951
3556.2;1111.5;2610919.83;1243797.94;7.58313;47.344947
3556.7;1111.5;2610919.45;1243797.61;7.583125;47.344944
3556.7999999999997;1111.5;2610919.45;1243797.72;7.583125;47.344945
3557.6;1110.9;2610920.13;1243798.16;7.583134;47.344949
3558.2999999999997;1110.9;2610920.74;1243798.5;7.583142;47.344952
3558.7;1110.9;2610921.12;1243798.61;7.583147;47.344953
3558.9;1110.9;2610921.34;1243798.72;7.58315;47.344954
3559;1110.9;2610921.42;1243798.72;7.583151;47.344954
3559.2;1110.9;2610921.27;1243798.61;7.583149;47.344953
3559.9;1110.9;2610920.66;1243798.17;7.583141;47.344949
3561.5;1111.5;2610919.3;1243797.5;7.583123;47.344943
3563.2;1113.3;2610917.72;1243796.83;7.583102;47.344937
3564.4;1113.3;2610916.59;1243796.38;7.583087;47.344933
3565.5;1114;2610915.6;1243795.93;7.583074;47.344929
3566.4;1114;2610914.77;1243795.6;7.583063;47.344926
3567.2999999999997;1114.8;2610913.87;1243795.37;7.583051;47.344924
3569;1114.8;2610912.2;1243795.04;7.583029;47.344921
3569.6;1115.8;2610911.68;1243794.7;7.583022;47.344918
3571.7999999999997;1116;2610909.79;1243793.59;7.582997;47.344908
3572.7999999999997;1116;2610909.64;1243792.59;7.582995;47.344899
3575;1115.5;2610908.43;1243790.8;7.582979;47.344883
3576.2999999999997;1115.2;2610908.06;1243789.58;7.582974;47.344872
3577.2;1116.6;2610907.61;1243788.8;7.582968;47.344865
3578.1;1116.6;2610906.93;1243788.13;7.582959;47.344859
3579.9;1117.2;2610905.42;1243787.13;7.582939;47.34485
3581.7999999999997;1118.4;2610903.83;1243786.24;7.582918;47.344842
3582.5;1117.9;2610903.15;1243785.9;7.582909;47.344839
3583.2;1117.9;2610902.63;1243785.46;7.582902;47.344835
3584;1117.9;2610902.1;1243784.9;7.582895;47.34483
3585.6;1118.4;2610900.89;1243783.79;7.582879;47.34482
3586.2999999999997;1118.4;2610900.51;1243783.23;7.582874;47.344815
3587;1119.6;2610899.99;1243782.67;7.582867;47.34481
3588.7;1118.6;2610898.78;1243781.56;7.582851;47.3448
3590.2;1120.2;2610897.65;1243780.56;7.582836;47.344791
3591.7999999999997;1118.8;2610897.04;1243779.11;7.582828;47.344778
3592.2999999999997;1118.8;2610896.89;1243778.55;7.582826;47.344773
3593;1117.1;2610896.59;1243778;7.582822;47.344768
3593.7999999999997;1117.1;2610896.07;1243777.33;7.582815;47.344762
3594.6;1119.2;2610895.46;1243776.88;7.582807;47.344758
3595.5;1119.2;2610894.78;1243776.33;7.582798;47.344753
3597.2;1120.3;2610893.42;1243775.21;7.58278;47.344743
3597.9;1120.3;2610892.82;1243774.99;7.582772;47.344741
3598.6;1120.3;2610892.14;1243774.65;7.582763;47.344738
3599.5;1121.7;2610891.46;1243774.1;7.582754;47.344733
3600.2999999999997;1121.5;2610890.78;1243773.65;7.582745;47.344729
3601.2999999999997;1122.9;2610889.95;1243773.09;7.582734;47.344724
3602.4;1122.9;2610889.12;1243772.42;7.582723;47.344718
3603;1122.9;2610888.59;1243772.09;7.582716;47.344715
3603.7999999999997;1123.6;2610887.99;1243771.53;7.582708;47.34471
3604.7;1123.6;2610887.54;1243770.75;7.582702;47.344703
3606.4;1123.4;2610886.71;1243769.31;7.582691;47.34469
3608.4;1124;2610885.5;1243767.75;7.582675;47.344676
3608.7999999999997;1124;2610885.13;1243767.52;7.58267;47.344674
3609.5;1124;2610884.52;1243767.08;7.582662;47.34467
3610.2999999999997;1124;2610884.07;1243766.52;7.582656;47.344665
3610.9;1124.8;2610883.77;1243765.97;7.582652;47.34466
3611.4;1124.8;2610883.47;1243765.52;7.582648;47.344656
3612.1;1124.8;2610883.17;1243764.96;7.582644;47.344651
3612.7;1124.8;2610882.94;1243764.41;7.582641;47.344646
3613.4;1124.2;2610882.49;1243763.85;7.582635;47.344641
3614.9;1125.5;2610881.51;1243762.74;7.582622;47.344631
3615.2999999999997;1125.5;2610881.21;1243762.4;7.582618;47.344628
3615.9;1125.5;2610880.75;1243762.07;7.582612;47.344625
3616.5;1125.6;2610880.22;1243761.73;7.582605;47.344622
3617.4;1126.4;2610879.32;1243761.62;7.582593;47.344621
3618.6;1126.4;2610878.18;1243761.51;7.582578;47.34462
3619.1;1127.3;2610877.66;1243761.29;7.582571;47.344618
3619.9;1127.3;2610877.51;1243760.51;7.582569;47.344611
3620.7999999999997;1127.4;2610877.66;1243759.62;7.582571;47.344603
3622.6;1127.5;2610877.36;1243757.84;7.582567;47.344587
3623.4;1127.5;2610877.06;1243757.17;7.582563;47.344581
3624.7;1127.5;2610876.31;1243756.06;7.582553;47.344571
3625.4;1128.4;2610875.85;1243755.5;7.582547;47.344566
3626.4;1128.4;2610875.33;1243754.72;7.58254;47.344559
3627.2999999999997;1128.3;2610874.8;1243753.94;7.582533;47.344552
3629.1;1129.5;2610873.67;1243752.49;7.582518;47.344539
3629.9;1129.2;2610873.14;1243751.94;7.582511;47.344534
3631;1129.2;2610872.23;1243751.27;7.582499;47.344528
3631.6;1130.6;2610871.7;1243751.05;7.582492;47.344526
3633.2999999999997;1130.6;2610870.27;1243750.15;7.582473;47.344518
3633.9;1132.3;2610869.89;1243749.71;7.582468;47.344514
3634.5;1132.3;2610869.44;1243749.37;7.582462;47.344511
3635.1;1132.3;2610868.99;1243748.93;7.582456;47.344507
3635.7999999999997;1132.3;2610868.31;1243748.59;7.582447;47.344504
3636.6;1132.6;2610867.63;1243748.37;7.582438;47.344502
3638;1132.6;2610866.19;1243748.37;7.582419;47.344502
3638.6;1132.7;2610865.59;1243748.48;7.582411;47.344503
3639.2;1132.7;2610865.06;1243748.25;7.582404;47.344501
3639.7999999999997;1133.4;2610864.53;1243747.92;7.582397;47.344498
3640.4;1133.4;2610864;1243747.58;7.58239;47.344495
3641.2999999999997;1133.6;2610863.17;1243747.58;7.582379;47.344495
3642;1133.6;2610862.49;1243747.8;7.58237;47.344497
3642.7999999999997;1133.8;2610861.66;1243747.8;7.582359;47.344497
3643.6;1133.8;2610860.9;1243747.69;7.582349;47.344496
3644.2999999999997;1133.8;2610860.38;1243747.24;7.582342;47.344492
3646.1;1134.7;2610859.25;1243745.8;7.582327;47.344479
3647.2999999999997;1134.7;2610859.1;1243744.57;7.582325;47.344468
3648.2;1135.6;2610859.17;1243743.68;7.582326;47.34446
3650.4;1136.4;2610859.86;1243741.57;7.582335;47.344441
3651.7999999999997;1136.4;2610860.84;1243740.69;7.582348;47.344433
3653;1136.4;2610861.9;1243740.13;7.582362;47.344428
3654.1;1137.1;2610862.88;1243739.58;7.582375;47.344423
3655.4;1137.1;2610863.87;1243738.69;7.582388;47.344415
3656.1;1136.9;2610864.25;1243738.13;7.582393;47.34441
3657;1137.5;2610864.7;1243737.36;7.582399;47.344403
3657.7;1137.5;2610864.93;1243736.69;7.582402;47.344397
3658.5;1137.7;2610865.08;1243735.91;7.582404;47.34439
3660;1137.7;2610865.31;1243734.47;7.582407;47.344377
3660.4;1137.7;2610865.31;1243734.02;7.582407;47.344373
3661.1;1137.5;2610865.09;1243733.36;7.582404;47.344367
3661.7;1137.5;2610864.63;1243733.02;7.582398;47.344364
3662.2999999999997;1137.5;2610864.11;1243732.69;7.582391;47.344361
3663.1;1139.5;2610863.35;1243732.35;7.582381;47.344358
3663.9;1139.5;2610862.6;1243732.13;7.582371;47.344356
3664.7999999999997;1140.8;2610861.76;1243731.9;7.58236;47.344354
3665.6;1140.8;2610861.01;1243731.68;7.58235;47.344352
3666.2999999999997;1140.8;2610860.41;1243731.23;7.582342;47.344348
3667.1;1141.1;2610859.95;1243730.57;7.582336;47.344342
3667.9;1142.1;2610859.8;1243729.79;7.582334;47.344335
3668.7;1142.1;2610859.96;1243729.01;7.582336;47.344328
3669.5;1141.2;2610860.11;1243728.23;7.582338;47.344321
3670.2999999999997;1141.9;2610860.19;1243727.45;7.582339;47.344314
3670.9;1141.9;2610860.11;1243726.79;7.582338;47.344308
3672.2;1143.7;2610859.81;1243725.56;7.582334;47.344297
3672.7999999999997;1143.7;2610859.81;1243725.01;7.582334;47.344292
3673.2;1143.7;2610859.89;1243724.56;7.582335;47.344288
3673.7999999999997;1143.7;2610859.97;1243724.01;7.582336;47.344283
3674.2;1144.9;2610859.81;1243723.56;7.582334;47.344279
3675;1144.9;2610859.36;1243722.89;7.582328;47.344273
3676;1144.9;2610858.61;1243722.34;7.582318;47.344268
3676.7999999999997;1145;2610857.78;1243722.11;7.582307;47.344266
3678.2999999999997;1146;2610856.42;1243721.55;7.582289;47.344261
3678.9;1146;2610855.89;1243721.22;7.582282;47.344258
3679.6;1146;2610855.51;1243720.66;7.582277;47.344253
3680.2;1146;2610855.06;1243720.33;7.582271;47.34425
3680.7;1147;2610854.83;1243719.88;7.582268;47.344246
3681.2999999999997;1147;2610855.14;1243719.33;7.582272;47.344241
3682;1147;2610855.74;1243719;7.58228;47.344238
3682.7999999999997;1146.9;2610856.5;1243718.77;7.58229;47.344236
3683.9;1147.9;2610857.18;1243717.89;7.582299;47.344228
3684.4;1147.9;2610857.41;1243717.44;7.582302;47.344224
3684.9;1147.9;2610857.56;1243717;7.582304;47.34422
3685.2999999999997;1147.9;2610857.71;1243716.55;7.582306;47.344216
3685.9;1147.6;2610858.01;1243716.11;7.58231;47.344212
3686.6;1149.1;2610858.39;1243715.55;7.582315;47.344207
3687.2999999999997;1149.1;2610858.7;1243714.89;7.582319;47.344201
3688.7;1149.9;2610859.46;1243713.67;7.582329;47.34419
3689.2999999999997;1149.9;2610859.68;1243713.11;7.582332;47.344185
3689.7999999999997;1149.9;2610859.99;1243712.78;7.582336;47.344182
3690.4;1149.8;2610860.36;1243712.33;7.582341;47.344178
3690.7999999999997;1150.7;2610860.37;1243711.89;7.582341;47.344174
3691.2;1150.7;2610860.14;1243711.55;7.582338;47.344171
3691.6;1150.6;2610859.91;1243711.22;7.582335;47.344168
3691.9;1150.7;2610860.06;1243711;7.582337;47.344166
3692;1150.7;2610860.06;1243710.89;7.582337;47.344165
3692.1;1150.6;2610859.99;1243710.89;7.582336;47.344165
3692.2;1150.6;2610859.99;1243711;7.582336;47.344166
3692.2999999999997;1150.7;2610860.06;1243710.89;7.582337;47.344165
3692.4;1150.7;2610860.14;1243710.78;7.582338;47.344164
3692.7;1150.7;2610860.37;1243710.67;7.582341;47.344163
3693.5;1150.7;2610860.97;1243710.11;7.582349;47.344158
3694;1151.5;2610861.35;1243709.78;7.582354;47.344155
3694.4;1151.5;2610861.73;1243709.67;7.582359;47.344154
3694.7;1151.5;2610861.96;1243709.78;7.582362;47.344155
3694.7999999999997;1151.5;2610861.88;1243709.89;7.582361;47.344156
3694.9;1151.5;2610861.96;1243709.89;7.582362;47.344156
3695;1151.5;2610861.88;1243709.89;7.582361;47.344156
3695;1151.5;2610861.96;1243709.89;7.582362;47.344156
3695.1;1151.5;2610861.96;1243709.78;7.582362;47.344155
3695.2999999999997;1151.6;2610862.11;1243709.67;7.582364;47.344154
3695.5;1151.6;2610862.03;1243709.56;7.582363;47.344153
3695.5;1151.5;2610861.96;1243709.56;7.582362;47.344153
3695.6;1151.5;2610861.88;1243709.56;7.582361;47.344153
3695.7;1151.5;2610861.81;1243709.56;7.58236;47.344153
3695.7999999999997;1151.5;2610861.73;1243709.45;7.582359;47.344152
3696.2;1151.5;2610861.65;1243709.11;7.582358;47.344149
3696.7999999999997;1151.5;2610861.28;1243708.55;7.582353;47.344144
3697.7999999999997;1152.5;2610860.52;1243707.89;7.582343;47.344138
3698.9;1152.4;2610859.77;1243707.11;7.582333;47.344131
3700;1152.4;2610859.01;1243706.33;7.582323;47.344124
3701.9;1153.3;2610857.66;1243704.99;7.582305;47.344112
3702.7;1153.3;2610856.98;1243704.54;7.582296;47.344108
3704.4;1154.2;2610855.7;1243703.43;7.582279;47.344098
3705.1;1154.2;2610855.17;1243703.1;7.582272;47.344095
3705.7999999999997;1154.2;2610854.56;1243702.65;7.582264;47.344091
3707.2999999999997;1155.1;2610853.73;1243701.43;7.582253;47.34408
3707.7999999999997;1155.1;2610853.58;1243700.98;7.582251;47.344076
3708.4;1155.1;2610853.43;1243700.31;7.582249;47.34407
3709;1156;2610853.21;1243699.76;7.582246;47.344065
3709.6;1156;2610852.98;1243699.2;7.582243;47.34406
3710.4;1156;2610852.53;1243698.64;7.582237;47.344055
3711;1156;2610852.08;1243698.2;7.582231;47.344051
3711.7;1157;2610851.47;1243697.86;7.582223;47.344048
3712.2;1157;2610851.02;1243697.53;7.582217;47.344045
3712.9;1157;2610850.57;1243697.08;7.582211;47.344041
3713.5;1157;2610850.19;1243696.64;7.582206;47.344037
3714.1;1156.8;2610849.97;1243696.08;7.582203;47.344032
3714.7999999999997;1157.7;2610849.59;1243695.41;7.582198;47.344026
3715.5;1157.7;2610849.14;1243694.97;7.582192;47.344022
3716.1;1157.7;2610848.68;1243694.52;7.582186;47.344018
3716.7999999999997;1158.4;2610848.31;1243693.97;7.582181;47.344013
3717.4;1158.4;2610848.16;1243693.41;7.582179;47.344008
3718;1158.4;2610847.93;1243692.85;7.582176;47.344003
3719.2999999999997;1159.2;2610847.48;1243691.63;7.58217;47.343992
3719.6;1159.2;2610847.56;1243691.3;7.582171;47.343989
3720.2999999999997;1159.2;2610847.33;1243690.63;7.582168;47.343983
3720.9;1159.2;2610847.1;1243690.07;7.582165;47.343978
3721.6;1160;2610846.65;1243689.52;7.582159;47.343973
3722.6;1160;2610846.28;1243688.63;7.582154;47.343965
3724.1;1160.6;2610845.67;1243687.29;7.582146;47.343953
3724.5;1160.6;2610845.37;1243686.96;7.582142;47.34395
3725.7;1161.5;2610844.69;1243685.95;7.582133;47.343941
3726.2999999999997;1161.5;2610844.24;1243685.51;7.582127;47.343937
3727;1161.4;2610843.79;1243685.06;7.582121;47.343933
3727.7999999999997;1161.4;2610843.26;1243684.51;7.582114;47.343928
3728.6;1162.2;2610842.66;1243683.95;7.582106;47.343923
3729.1;1162.2;2610842.2;1243683.62;7.5821;47.34392
3729.7;1162.2;2610841.9;1243683.17;7.582096;47.343916
3730.2;1162.2;2610841.68;1243682.72;7.582093;47.343912
3730.7;1162.2;2610841.38;1243682.28;7.582089;47.343908
3731.4;1162.8;2610841;1243681.72;7.582084;47.343903
3732;1162.8;2610840.47;1243681.39;7.582077;47.3439
3732.7;1162.8;2610840.09;1243680.83;7.582072;47.343895
3733.2;1162.7;2610839.64;1243680.5;7.582066;47.343892
3733.9;1163.5;2610839.26;1243679.94;7.582061;47.343887
3735.2999999999997;1163.5;2610838.43;1243678.83;7.58205;47.343877
3735.9;1163.5;2610838.06;1243678.38;7.582045;47.343873
3736.6;1164.3;2610837.61;1243677.83;7.582039;47.343868
3737.4;1164.3;2610837.08;1243677.27;7.582032;47.343863
3738.9;1164.3;2610836.1;1243676.04;7.582019;47.343852
3739.2999999999997;1165;2610835.95;1243675.71;7.582017;47.343849
3740.7;1165;2610835.04;1243674.6;7.582005;47.343839
3741.1;1165;2610834.74;1243674.37;7.582001;47.343837
3741.6;1165;2610834.44;1243674.04;7.581997;47.343834
3742.2;1165.7;2610834.06;1243673.48;7.581992;47.343829
3742.9;1165.7;2610833.76;1243672.93;7.581988;47.343824
3743.6;1165.7;2610833.23;1243672.37;7.581981;47.343819
3744.4;1166.3;2610832.78;1243671.7;7.581975;47.343813
3745.2;1166.3;2610832.33;1243671.14;7.581969;47.343808
3745.9;1166.4;2610831.8;1243670.59;7.581962;47.343803
3746.7;1167.1;2610831.42;1243669.92;7.581957;47.343797
3747.2999999999997;1167.1;2610831.2;1243669.36;7.581954;47.343792
3748;1167.1;2610830.9;1243668.7;7.58195;47.343786
3748.7;1167.1;2610830.52;1243668.14;7.581945;47.343781
3750;1167.8;2610829.69;1243667.14;7.581934;47.343772
3750.5;1167.8;2610829.24;1243667.03;7.581928;47.343771
3751.1;1167.8;2610828.63;1243667.14;7.58192;47.343772
3751.7;1167.8;2610828.03;1243667.25;7.581912;47.343773
3752.5;1167.9;2610827.27;1243667.36;7.581902;47.343774
3753.5;1167.9;2610826.29;1243667.24;7.581889;47.343773
3754.2999999999997;1168;2610825.46;1243667.02;7.581878;47.343771
3755.2;1168;2610824.63;1243666.79;7.581867;47.343769
3756.1;1168;2610823.8;1243666.46;7.581856;47.343766
3757;1168;2610822.97;1243666.01;7.581845;47.343762
3757.7999999999997;1168.7;2610822.29;1243665.57;7.581836;47.343758
3758.7;1168.7;2610821.53;1243665.12;7.581826;47.343754
3759.6;1168.7;2610820.7;1243664.68;7.581815;47.34375
3760.5;1168.7;2610820.1;1243664.12;7.581807;47.343745
3762.2999999999997;1169.3;2610818.74;1243662.89;7.581789;47.343734
3763.1;1169.3;2610818.21;1243662.22;7.581782;47.343728
3764.9;1169.9;2610816.85;1243661.11;7.581764;47.343718
3765.7;1169.9;2610816.33;1243660.55;7.581757;47.343713
3766.4;1169.9;2610815.72;1243660.11;7.581749;47.343709
3767.4;1170.5;2610814.89;1243659.66;7.581738;47.343705
3769.2;1170.5;2610813.46;1243658.44;7.581719;47.343694
3771.2999999999997;1171.1;2610812.48;1243656.66;7.581706;47.343678
3772;1171.7;2610812.1;1243655.99;7.581701;47.343672
3772.9;1171.8;2610811.42;1243655.54;7.581692;47.343668
3773.7;1171.8;2610810.67;1243655.1;7.581682;47.343664
3774.6;1171.9;2610809.99;1243654.54;7.581673;47.343659
3775.5;1172.4;2610809.54;1243653.76;7.581667;47.343652
3777.4;1172.4;2610808.71;1243652.09;7.581656;47.343637
3778.2;1173;2610808.63;1243651.31;7.581655;47.34363
3779.1;1173;2610808.56;1243650.42;7.581654;47.343622
3780.7999999999997;1173.7;2610807.96;1243648.75;7.581646;47.343607
3781.6;1174.2;2610807.96;1243647.97;7.581646;47.3436
3782.4;1174.2;2610807.66;1243647.2;7.581642;47.343593
3783.2999999999997;1174.2;2610807.36;1243646.42;7.581638;47.343586
3784.1;1174.7;2610807.06;1243645.64;7.581634;47.343579
3784.9;1174.7;2610806.68;1243644.97;7.581629;47.343573
3785.6;1174.7;2610806.08;1243644.52;7.581621;47.343569
3786.6;1174.8;2610805.25;1243644.08;7.58161;47.343565
3787.6;1175.3;2610804.27;1243643.74;7.581597;47.343562
3788.7;1175.3;2610803.21;1243643.63;7.581583;47.343561
3789.7;1175.3;2610802.23;1243643.41;7.58157;47.343559
3790.7999999999997;1175.4;2610801.17;1243643.18;7.581556;47.343557
3791.7999999999997;1175.4;2610800.19;1243642.85;7.581543;47.343554
3792.7;1175.5;2610799.36;1243642.4;7.581532;47.34355
3793.7;1176;2610798.53;1243641.95;7.581521;47.343546
3794.6;1176;2610797.69;1243641.51;7.58151;47.343542
3796.6;1176;2610796.03;1243640.5;7.581488;47.343533
3797.2;1176.7;2610795.96;1243639.84;7.581487;47.343527
3797.7999999999997;1176.7;2610795.89;1243639.28;7.581486;47.343522
3798.5;1176.7;2610795.36;1243638.84;7.581479;47.343518
3799.2;1176.7;2610794.75;1243638.5;7.581471;47.343515
3800;1176.7;2610794.07;1243638.05;7.581462;47.343511
3801.7;1177.3;2610792.56;1243637.27;7.581442;47.343504
3802.4;1177.3;2610792.04;1243636.83;7.581435;47.3435
3803.2;1177.4;2610791.43;1243636.27;7.581427;47.343495
3804.1;1177.9;2610790.75;1243635.71;7.581418;47.34349
3805.2999999999997;1177.9;2610789.7;1243635.16;7.581404;47.343485
3807.2;1177.9;2610787.96;1243634.37;7.581381;47.343478
3809.1;1178.5;2610786.15;1243633.82;7.581357;47.343473
3811;1178.5;2610784.49;1243632.81;7.581335;47.343464
3813;1179;2610782.75;1243631.81;7.581312;47.343455
3814;1179.1;2610781.92;1243631.36;7.581301;47.343451
3815;1179.1;2610781.01;1243630.8;7.581289;47.343446
3815.9;1179.1;2610780.33;1243630.25;7.58128;47.343441
3816.7999999999997;1179.6;2610779.5;1243629.91;7.581269;47.343438
3817.7;1179.6;2610778.75;1243629.47;7.581259;47.343434
3818.5;1179.6;2610778.07;1243629.02;7.58125;47.34343
3820.4;1180.2;2610776.71;1243627.68;7.581232;47.343418
3822.2;1180.4;2610775.35;1243626.46;7.581214;47.343407
3823.9;1180.9;2610773.77;1243625.9;7.581193;47.343402
3825.5;1180.9;2610772.41;1243625.01;7.581175;47.343394
3826.4;1181.1;2610771.73;1243624.45;7.581166;47.343389
3827.2;1181.1;2610771.05;1243624;7.581157;47.343385
3828.1;1181.5;2610770.37;1243623.45;7.581148;47.34338
3829.1;1181.7;2610769.69;1243622.78;7.581139;47.343374
3829.9;1181.7;2610769.01;1243622.22;7.58113;47.343369
3830.7;1182.1;2610768.41;1243621.78;7.581122;47.343365
3831.6;1182.3;2610767.65;1243621.33;7.581112;47.343361
3833.2999999999997;1182.3;2610766.07;1243620.55;7.581091;47.343354
3834;1182.5;2610765.46;1243620.21;7.581083;47.343351
3834.7999999999997;1182.9;2610764.86;1243619.66;7.581075;47.343346
3835.7;1182.9;2610764.26;1243618.99;7.581067;47.34334
3836.7;1183.3;2610763.43;1243618.54;7.581056;47.343336
3837.5;1183.3;2610762.67;1243618.21;7.581046;47.343333
3838.4;1184;2610761.92;1243617.76;7.581036;47.343329
3839.1;1184;2610761.24;1243617.43;7.581027;47.343326
3840;1184;2610760.56;1243616.87;7.581018;47.343321
3840.7999999999997;1184.3;2610759.96;1243616.31;7.58101;47.343316
3841.7;1184.6;2610759.43;1243615.64;7.581003;47.34331
3842.5;1184.6;2610758.9;1243615.09;7.580996;47.343305
3843.2;1184.6;2610758.45;1243614.53;7.58099;47.3433
3843.9;1185;2610757.92;1243614.09;7.580983;47.343296
3844.6;1185.2;2610757.31;1243613.75;7.580975;47.343293
3846.2999999999997;1185.4;2610755.88;1243612.75;7.580956;47.343284
3848.4;1185.8;2610754.6;1243611.08;7.580939;47.343269
3849.5;1186.2;2610754;1243610.19;7.580931;47.343261
3851.7999999999997;1186.5;2610752.71;1243608.29;7.580914;47.343244
3853.9;1187.1;2610750.98;1243607.07;7.580891;47.343233
3854.7;1187.1;2610750.38;1243606.62;7.580883;47.343229
3855.5;1187.6;2610749.62;1243606.18;7.580873;47.343225
3856.5;1187.9;2610748.79;1243605.73;7.580862;47.343221
3857.4;1188.4;2610747.96;1243605.28;7.580851;47.343217
3859.1;1188.4;2610746.45;1243604.61;7.580831;47.343211
3860.7999999999997;1189.1;2610745.02;1243603.61;7.580812;47.343202
3862.6;1189.5;2610743.51;1243602.61;7.580792;47.343193
3863.4;1189.5;2610742.83;1243602.16;7.580783;47.343189
3864.2999999999997;1189.8;2610742.15;1243601.6;7.580774;47.343184
3865.2;1190.2;2610741.54;1243600.94;7.580766;47.343178
3866.1;1190.2;2610741.02;1243600.27;7.580759;47.343172
3867;1190.5;2610740.34;1243599.71;7.58075;47.343167
3867.7999999999997;1191;2610739.66;1243599.27;7.580741;47.343163
3868.7;1191;2610738.75;1243599.04;7.580729;47.343161
3870.6;1191.6;2610736.94;1243598.59;7.580705;47.343157
3871.2999999999997;1191.6;2610736.26;1243598.37;7.580696;47.343155
3872;1192.1;2610735.58;1243598.03;7.580687;47.343152
3872.7999999999997;1192.2;2610735.05;1243597.48;7.58068;47.343147
3873.5;1192.2;2610734.6;1243596.92;7.580674;47.343142
3875.5;1192.9;2610733.17;1243595.58;7.580655;47.34313
3877.1;1193.3;2610731.88;1243594.58;7.580638;47.343121
3877.7999999999997;1193.6;2610731.58;1243593.91;7.580634;47.343115
3878.6;1193.6;2610731.05;1243593.36;7.580627;47.34311
3879.4;1193.6;2610730.37;1243592.91;7.580618;47.343106
3880.2999999999997;1193.9;2610729.62;1243592.58;7.580608;47.343103
3881.1;1193.9;2610728.79;1243592.46;7.580597;47.343102
3882;1194.2;2610727.88;1243592.46;7.580585;47.343102
3882.9;1194.2;2610727.05;1243592.79;7.580574;47.343105
3883.7999999999997;1194.2;2610726.22;1243593.24;7.580563;47.343109
3884.7999999999997;1194.6;2610725.31;1243593.68;7.580551;47.343113
3885.7;1194.6;2610724.48;1243593.79;7.58054;47.343114
3886.6;1194.9;2610723.57;1243593.68;7.580528;47.343113
3887.5;1194.9;2610722.74;1243593.45;7.580517;47.343111
3888.4;1195.1;2610721.91;1243593.12;7.580506;47.343108
3889.2999999999997;1195.1;2610721.08;1243592.78;7.580495;47.343105
3890.2;1195.1;2610720.17;1243592.45;7.580483;47.343102
3891.2;1195.5;2610719.27;1243592.11;7.580471;47.343099
3892.1;1195.8;2610718.44;1243591.78;7.58046;47.343096
3893;1196;2610717.68;1243591.33;7.58045;47.343092
3895;1196.3;2610715.72;1243590.66;7.580424;47.343086
3896.7;1196.3;2610714.13;1243590.32;7.580403;47.343083
3898.5;1197;2610712.39;1243589.65;7.58038;47.343077
3899.2;1197.2;2610711.71;1243589.43;7.580371;47.343075
3900.2;1197.2;2610710.81;1243589.1;7.580359;47.343072
3901.2;1197.5;2610709.9;1243588.76;7.580347;47.343069
3902.2;1197.5;2610708.92;1243588.54;7.580334;47.343067
3903.2;1197.7;2610707.94;1243588.42;7.580321;47.343066
3904.2999999999997;1197.7;2610706.8;1243588.31;7.580306;47.343065
3905.2;1198;2610705.9;1243588.2;7.580294;47.343064
3906.2;1198.3;2610704.92;1243587.86;7.580281;47.343061
3907.2;1198.3;2610704.09;1243587.3;7.58027;47.343056
3908.4;1198.5;2610703.18;1243586.64;7.580258;47.34305
3910.6;1199.1;2610701.37;1243585.3;7.580234;47.343038
3912.7999999999997;1199.3;2610699.56;1243584.18;7.58021;47.343028
3913.7999999999997;1199.6;2610698.88;1243583.4;7.580201;47.343021
3914.9;1199.6;2610698.12;1243582.62;7.580191;47.343014
3915.7999999999997;1200.1;2610697.52;1243581.96;7.580183;47.343008
3917.7;1200.1;2610696.01;1243580.73;7.580163;47.342997
3919.7;1200.6;2610694.65;1243579.28;7.580145;47.342984
3921.5;1200.8;2610693.3;1243578.17;7.580127;47.342974
3922.4;1201.1;2610692.69;1243577.5;7.580119;47.342968
3923.2999999999997;1201.1;2610692.01;1243576.83;7.58011;47.342962
3924.2;1201.4;2610691.33;1243576.27;7.580101;47.342957
3925;1201.5;2610690.73;1243575.72;7.580093;47.342952
3926;1201.5;2610690.05;1243574.94;7.580084;47.342945
3926.9;1201.8;2610689.6;1243574.16;7.580078;47.342938
3927.7999999999997;1202.1;2610689.15;1243573.38;7.580072;47.342931
3928.7999999999997;1202.1;2610688.62;1243572.6;7.580065;47.342924
3929.7999999999997;1202.2;2610688.02;1243571.82;7.580057;47.342917
3930.7999999999997;1202.4;2610687.34;1243571.04;7.580048;47.34291
3931.9;1202.4;2610686.58;1243570.26;7.580038;47.342903
3933;1202.8;2610685.91;1243569.37;7.580029;47.342895
3934.1;1202.8;2610685.23;1243568.48;7.58002;47.342887
3936.2999999999997;1202.9;2610684.17;1243566.59;7.580006;47.34287
3937.2999999999997;1203.4;2610683.87;1243565.59;7.580002;47.342861
3938.4;1203.4;2610683.5;1243564.59;7.579997;47.342852
3939.4;1203.5;2610682.97;1243563.7;7.57999;47.342844
3941.5;1203.6;2610682.06;1243561.8;7.579978;47.342827
3942.5;1203.7;2610681.61;1243560.91;7.579972;47.342819
3944.6;1203.8;2610680.71;1243559.02;7.57996;47.342802
3945.6;1203.8;2610680.18;1243558.24;7.579953;47.342795
3946.6;1203.9;2610680.03;1243557.24;7.579951;47.342786
3947.6;1203.9;2610680.03;1243556.24;7.579951;47.342777
3949.5;1203.9;2610680.19;1243554.35;7.579953;47.34276
3950.2999999999997;1204;2610680.19;1243553.57;7.579953;47.342753
3951.2;1204;2610680.27;1243552.68;7.579954;47.342745
3951.9;1204.1;2610680.34;1243551.91;7.579955;47.342738
3952.7999999999997;1204.1;2610680.57;1243551.13;7.579958;47.342731
3953.7;1204.1;2610680.95;1243550.24;7.579963;47.342723
3954.6;1204.1;2610681.33;1243549.46;7.579968;47.342716
3955.5;1204.1;2610681.86;1243548.68;7.579975;47.342709
3956.6;1204.1;2610682.32;1243547.68;7.579981;47.3427
3957.7;1204.1;2610682.7;1243546.69;7.579986;47.342691
3958.7;1204.2;2610682.77;1243545.68;7.579987;47.342682
3959.7999999999997;1204.2;2610682.78;1243544.57;7.579987;47.342672
3960.7999999999997;1204.2;2610683;1243543.57;7.57999;47.342663
3961.9;1204.2;2610683.23;1243542.57;7.579993;47.342654
3962.8999999999996;1204.2;2610683.69;1243541.68;7.579999;47.342646
3965.2;1204.1;2610684.98;1243539.68;7.580016;47.342628
3966.3;1204.1;2610685.66;1243538.91;7.580025;47.342621
3967.5;1204.1;2610686.34;1243537.91;7.580034;47.342612
3968.6;1204.1;2610686.95;1243537.02;7.580042;47.342604
3970.8;1203.8;2610688.31;1243535.24;7.58006;47.342588
3972;1203.8;2610689.07;1243534.36;7.58007;47.34258
3973.2;1203.8;2610689.9;1243533.47;7.580081;47.342572
3975.6;1203.6;2610691.04;1243531.36;7.580096;47.342553
3976.3999999999996;1203.6;2610691.26;1243530.58;7.580099;47.342546
3978;1203.5;2610691.8;1243529.02;7.580106;47.342532
3979.3;1203.2;2610692.1;1243527.8;7.58011;47.342521
3980.5;1203.2;2610692.48;1243526.69;7.580115;47.342511
3983.2;1203.2;2610692.94;1243524.02;7.580121;47.342487
3984.3999999999996;1203.1;2610692.64;1243522.8;7.580117;47.342476
3985.7;1203;2610692.19;1243521.58;7.580111;47.342465
3987.1;1203.2;2610691.89;1243520.24;7.580107;47.342453
3987.8999999999996;1202.8;2610692.12;1243519.46;7.58011;47.342446
3988.8;1202.8;2610692.49;1243518.68;7.580115;47.342439
3989.2;1202.8;2610692.57;1243518.24;7.580116;47.342435
3989.3999999999996;1202.8;2610692.5;1243518.13;7.580115;47.342434
3989.5;1202.8;2610692.34;1243518.13;7.580113;47.342434
3989.6;1202.8;2610692.34;1243518.24;7.580113;47.342435
3989.6;1202.8;2610692.34;1243518.24;7.580113;47.342435
3989.7;1202.8;2610692.34;1243518.35;7.580113;47.342436
3989.8;1202.8;2610692.34;1243518.24;7.580113;47.342435
3990;1202.8;2610692.5;1243518.13;7.580115;47.342434
3990.3999999999996;1202.8;2610692.8;1243518.02;7.580119;47.342433
3992;1202.2;2610694.01;1243516.91;7.580135;47.342423
3995.2;1201.9;2610696.28;1243514.69;7.580165;47.342403
3996.1;1201.9;2610696.96;1243514.02;7.580174;47.342397
3997.3;1201.7;2610697.87;1243513.25;7.580186;47.34239
3998.6;1201.3;2610699;1243512.69;7.580201;47.342385
4000;1200.8;2610700.37;1243512.47;7.580219;47.342383
4001.3999999999996;1200.8;2610701.8;1243512.7;7.580238;47.342385
4004.3999999999996;1199.6;2610704.75;1243513.37;7.580277;47.342391
4006.8999999999996;1199.5;2610706.25;1243515.37;7.580297;47.342409
4009.2;1199.8;2610707.84;1243516.93;7.580318;47.342423
4010.3999999999996;1199.6;2610708.82;1243517.71;7.580331;47.34243
4013.1;1199.3;2610710.93;1243519.27;7.580359;47.342444
4014.1;1199.3;2610711.84;1243519.83;7.580371;47.342449
4015.3;1199.1;2610712.9;1243520.28;7.580385;47.342453
4016.3999999999996;1199.1;2610713.88;1243520.84;7.580398;47.342458
4017.6;1198.9;2610714.86;1243521.5;7.580411;47.342464
4019.8999999999996;1198.6;2610716.82;1243522.73;7.580437;47.342475
4020.8999999999996;1198.6;2610717.73;1243523.07;7.580449;47.342478
4022.3;1198.3;2610719.01;1243523.62;7.580466;47.342483
4023.3;1198.5;2610719.84;1243524.18;7.580477;47.342488
4025.6;1198;2610721.8;1243525.52;7.580503;47.3425
4026.8;1198.1;2610722.63;1243526.3;7.580514;47.342507
4028;1198.1;2610723.69;1243526.97;7.580528;47.342513
4031;1197.2;2610726.64;1243527.64;7.580567;47.342519
4031.7;1197.2;2610727.24;1243527.64;7.580575;47.342519
4032.8;1196.7;2610728.38;1243527.53;7.58059;47.342518
4035.1;1196.1;2610730.72;1243527.31;7.580621;47.342516
4036.3;1196.1;2610731.85;1243527.21;7.580636;47.342515
4037.6;1195.8;2610733.06;1243527.65;7.580652;47.342519
4038.7;1195.6;2610734.04;1243528.21;7.580665;47.342524
4040;1195.6;2610734.95;1243529.1;7.580677;47.342532
4041.2;1195.6;2610735.85;1243529.88;7.580689;47.342539
4043.7;1195.4;2610737.97;1243531.22;7.580717;47.342551
4045.5;1195.2;2610739.63;1243531.89;7.580739;47.342557
4046;1195;2610740;1243532.22;7.580744;47.34256
4047.1;1195;2610740.91;1243532.89;7.580756;47.342566
4048.2;1195;2610741.89;1243533.45;7.580769;47.342571
4049.5;1194.6;2610743.1;1243533.9;7.580785;47.342575
4052.1;1194.6;2610745.67;1243534.23;7.580819;47.342578
4053.5;1194.2;2610747.03;1243534.01;7.580837;47.342576
4055;1193.8;2610748.47;1243533.57;7.580856;47.342572
4056.3;1193.8;2610749.75;1243533.35;7.580873;47.34257
4057.7;1193.6;2610751.19;1243533.13;7.580892;47.342568
4059.3;1193.5;2610752.78;1243532.91;7.580913;47.342566
4060.8999999999996;1193.4;2610754.36;1243532.92;7.580934;47.342566
4062.5;1193.4;2610755.95;1243533.03;7.580955;47.342567
4063.8999999999996;1193.3;2610757.31;1243533.03;7.580973;47.342567
4065.5;1193.3;2610758.97;1243533.15;7.580995;47.342568
4066.7;1193.1;2610760.1;1243533.37;7.58101;47.34257
4068.1;1193.1;2610761.46;1243533.6;7.581028;47.342572
4069.3;1192.9;2610762.67;1243533.93;7.581044;47.342575
4070.6;1193.1;2610763.88;1243534.38;7.58106;47.342579
4073.1;1193;2610766.3;1243534.94;7.581092;47.342584
4074.3;1193;2610767.43;1243534.61;7.581107;47.342581
4075.6;1192.8;2610768.64;1243534.17;7.581123;47.342577
4076.8;1192.3;2610769.78;1243533.72;7.581138;47.342573
4078.1;1192.1;2610771.06;1243533.28;7.581155;47.342569
4079.3999999999996;1191.9;2610772.35;1243533.28;7.581172;47.342569
4080.7;1191.9;2610773.63;1243533.51;7.581189;47.342571
4082;1191.8;2610774.92;1243533.62;7.581206;47.342572
4083.3999999999996;1191.8;2610776.12;1243534.29;7.581222;47.342578
4084.7;1191.8;2610777.18;1243535.07;7.581236;47.342585
4086;1191.7;2610778.24;1243535.85;7.58125;47.342592
4087.2;1191.9;2610779.14;1243536.63;7.581262;47.342599
4088.5;1191.8;2610780.2;1243537.41;7.581276;47.342606
4089.8;1191.8;2610781.33;1243537.97;7.581291;47.342611
4091.1;1191.7;2610782.54;1243538.53;7.581307;47.342616
4092.6;1191.7;2610783.9;1243539.08;7.581325;47.342621
4094;1191.6;2610785.26;1243539.31;7.581343;47.342623
4095.3999999999996;1191.4;2610786.69;1243539.42;7.581362;47.342624
4096.9;1191.1;2610788.13;1243539.65;7.581381;47.342626
4098.3;1191.1;2610789.49;1243539.98;7.581399;47.342629
4100.8;1191.3;2610791.53;1243541.43;7.581426;47.342642
4102;1191.2;2610792.58;1243541.99;7.58144;47.342647
4103.2;1191.5;2610793.79;1243542.22;7.581456;47.342649
4104.6;1191.5;2610795.15;1243542.44;7.581474;47.342651
4105.9;1191.4;2610796.44;1243542.67;7.581491;47.342653
4108.5;1191.2;2610799.01;1243543.34;7.581525;47.342659
4109.9;1191.2;2610800.37;1243543.56;7.581543;47.342661
4111.3;1191.2;2610801.73;1243543.79;7.581561;47.342663
4112.6;1191.4;2610803.01;1243544.01;7.581578;47.342665
4115.2;1191.4;2610805.5;1243544.68;7.581611;47.342671
4116.5;1191.3;2610806.71;1243545.24;7.581627;47.342676
4117.7;1191.3;2610807.77;1243545.69;7.581641;47.34268
4118.9;1191.5;2610808.9;1243546.25;7.581656;47.342685
4121.5;1191.5;2610811.24;1243547.25;7.581687;47.342694
4122.6;1191.5;2610812.37;1243547.47;7.581702;47.342696
4125;1191.8;2610814.72;1243548.04;7.581733;47.342701
4126.2;1191.8;2610815.77;1243548.59;7.581747;47.342706
4127.4;1191.7;2610816.91;1243548.93;7.581762;47.342709
4129.9;1191.5;2610819.17;1243549.93;7.581792;47.342718
4131.1;1191.6;2610820;1243550.82;7.581803;47.342726
4132.3;1191.6;2610820.6;1243551.83;7.581811;47.342735
4134.6;1192.7;2610820.9;1243554.16;7.581815;47.342756
4135.9;1192.7;2610820.67;1243555.38;7.581812;47.342767
4137.1;1192.9;2610820.14;1243556.49;7.581805;47.342777
4138.2;1193.1;2610819.46;1243557.38;7.581796;47.342785
4140.5;1193.6;2610818.1;1243559.16;7.581778;47.342801
4141.3;1193.4;2610817.42;1243559.71;7.581769;47.342806
4142.2;1193;2610816.81;1243560.38;7.581761;47.342812
4142.9;1193;2610816.2;1243560.6;7.581753;47.342814
4143.6;1192.7;2610815.45;1243560.6;7.581743;47.342814
4144.3;1192.7;2610814.77;1243560.6;7.581734;47.342814
4144.6;1192.7;2610814.54;1243560.71;7.581731;47.342815
4144.6;1192.7;2610814.47;1243560.71;7.58173;47.342815
4144.8;1192.7;2610814.32;1243560.6;7.581728;47.342814
4145.1;1192.7;2610814.01;1243560.6;7.581724;47.342814
4145.7;1192.1;2610813.48;1243560.49;7.581717;47.342813
4146.7;1192.1;2610812.5;1243560.37;7.581704;47.342812
4147.8;1191.9;2610811.44;1243560.04;7.58169;47.342809
4148.9;1192.6;2610810.46;1243559.59;7.581677;47.342805
4149.9;1192.2;2610809.56;1243559.03;7.581665;47.3428
4151.2;1192.2;2610808.58;1243558.14;7.581652;47.342792
4152.4;1192.5;2610807.75;1243557.36;7.581641;47.342785
4153.5;1192.5;2610807.07;1243556.47;7.581632;47.342777
4154.6;1193;2610806.47;1243555.58;7.581624;47.342769
4155.2;1193;2610806.09;1243555.13;7.581619;47.342765
4155.5;1193;2610806.01;1243554.8;7.581618;47.342762
4155.7;1192.9;2610805.94;1243554.58;7.581617;47.34276
4156;1192.9;2610805.86;1243554.36;7.581616;47.342758
4156.2;1192.9;2610805.79;1243554.13;7.581615;47.342756
4156.4;1193;2610805.71;1243553.91;7.581614;47.342754
4156.6;1193;2610805.64;1243553.8;7.581613;47.342753
4156.8;1193;2610805.56;1243553.58;7.581612;47.342751
4156.8;1193;2610805.56;1243553.58;7.581612;47.342751
4156.9;1193;2610805.49;1243553.47;7.581611;47.34275
4156.9;1193;2610805.49;1243553.47;7.581611;47.34275
4157;1193;2610805.56;1243553.47;7.581612;47.34275
4157.2;1193;2610805.64;1243553.58;7.581613;47.342751
4157.3;1193;2610805.79;1243553.69;7.581615;47.342752
4157.5;1193;2610805.79;1243553.8;7.581615;47.342753
4157.5;1193;2610805.86;1243553.8;7.581616;47.342753
4157.7;1193;2610805.94;1243553.91;7.581617;47.342754
4158;1193;2610806.24;1243554.02;7.581621;47.342755
4158.4;1193;2610806.47;1243554.36;7.581624;47.342758
4158.5;1193;2610806.62;1243554.36;7.581626;47.342758
4158.7;1193;2610806.69;1243554.47;7.581627;47.342759
4158.8;1193;2610806.69;1243554.58;7.581627;47.34276
4158.9;1193;2610806.62;1243554.58;7.581626;47.34276
4159;1193;2610806.62;1243554.69;7.581626;47.342761
4159;1193;2610806.62;1243554.69;7.581626;47.342761
4159;1193;2610806.62;1243554.69;7.581626;47.342761
4159.1;1193;2610806.62;1243554.8;7.581626;47.342762
4159.2;1193;2610806.69;1243554.8;7.581627;47.342762
4159.3;1193;2610806.77;1243554.91;7.581628;47.342763
4159.4;1193;2610806.77;1243554.8;7.581628;47.342762
4159.4;1193;2610806.77;1243554.8;7.581628;47.342762
4159.4;1193;2610806.77;1243554.8;7.581628;47.342762
4159.5;1193;2610806.77;1243554.91;7.581628;47.342763
4159.6;1193;2610806.84;1243554.91;7.581629;47.342763
4159.6;1193;2610806.84;1243554.91;7.581629;47.342763
4159.6;1193;2610806.84;1243554.91;7.581629;47.342763
4159.6;1193;2610806.84;1243554.91;7.581629;47.342763
4159.6;1193;2610806.84;1243554.91;7.581629;47.342763
4159.7;1193;2610806.92;1243554.91;7.58163;47.342763
4159.7;1193;2610806.84;1243554.91;7.581629;47.342763
4159.7;1193;2610806.84;1243554.91;7.581629;47.342763
4159.7;1193;2610806.84;1243554.91;7.581629;47.342763
4159.7;1193;2610806.84;1243554.91;7.581629;47.342763
4159.9;1193;2610806.92;1243554.8;7.58163;47.342762
4160;1193;2610807;1243554.8;7.581631;47.342762
4160;1193;2610807;1243554.8;7.581631;47.342762
4160;1193;2610807;1243554.8;7.581631;47.342762
4160;1193;2610807;1243554.8;7.581631;47.342762
4160;1193;2610807.07;1243554.8;7.581632;47.342762
4160;1193;2610807.07;1243554.8;7.581632;47.342762
4160;1193;2610807.07;1243554.8;7.581632;47.342762
4160.1;1193;2610807.15;1243554.8;7.581633;47.342762
4160.1;1193;2610807.15;1243554.8;7.581633;47.342762
4160.1;1193;2610807.15;1243554.8;7.581633;47.342762
4160.1;1193;2610807.15;1243554.8;7.581633;47.342762
4160.1;1193;2610807.15;1243554.8;7.581633;47.342762
4160.2;1193;2610807.22;1243554.8;7.581634;47.342762
4160.3;1193;2610807.15;1243554.8;7.581633;47.342762
4160.3;1193;2610807.22;1243554.8;7.581634;47.342762
4160.3;1193;2610807.22;1243554.8;7.581634;47.342762
4160.3;1193;2610807.22;1243554.8;7.581634;47.342762
4160.3;1193;2610807.22;1243554.8;7.581634;47.342762
4160.3;1193;2610807.22;1243554.8;7.581634;47.342762
4160.3;1193;2610807.22;1243554.8;7.581634;47.342762
4160.3;1193;2610807.22;1243554.8;7.581634;47.342762
4160.3;1193;2610807.22;1243554.8;7.581634;47.342762
4160.3;1193;2610807.22;1243554.8;7.581634;47.342762
4160.3;1193;2610807.22;1243554.8;7.581634;47.342762
4160.3;1193;2610807.22;1243554.8;7.581634;47.342762
4160.4;1193;2610807.3;1243554.8;7.581635;47.342762
4160.4;1193;2610807.3;1243554.8;7.581635;47.342762
4160.5;1193;2610807.22;1243554.8;7.581634;47.342762
4160.5;1193;2610807.22;1243554.8;7.581634;47.342762
4160.5;1193;2610807.22;1243554.8;7.581634;47.342762
4160.5;1193;2610807.22;1243554.8;7.581634;47.342762
4160.5;1193;2610807.22;1243554.8;7.581634;47.342762
4160.5;1193;2610807.22;1243554.8;7.581634;47.342762
4160.5;1193;2610807.22;1243554.8;7.581634;47.342762
4160.5;1193;2610807.22;1243554.8;7.581634;47.342762
4160.5;1193;2610807.22;1243554.8;7.581634;47.342762
4160.5;1193;2610807.22;1243554.8;7.581634;47.342762
4160.5;1193;2610807.22;1243554.8;7.581634;47.342762
4160.5;1193;2610807.22;1243554.8;7.581634;47.342762
4160.5;1193;2610807.22;1243554.8;7.581634;47.342762
4160.5;1193;2610807.22;1243554.8;7.581634;47.342762
4160.5;1193;2610807.22;1243554.8;7.581634;47.342762
4160.5;1193;2610807.22;1243554.8;7.581634;47.342762
4160.5;1193;2610807.22;1243554.8;7.581634;47.342762
4160.6;1193;2610807.3;1243554.8;7.581635;47.342762
4160.6;1193;2610807.3;1243554.8;7.581635;47.342762
4160.6;1193;2610807.3;1243554.8;7.581635;47.342762
4160.6;1193;2610807.3;1243554.8;7.581635;47.342762
4160.6;1193;2610807.3;1243554.8;7.581635;47.342762
4160.6;1193;2610807.37;1243554.8;7.581636;47.342762
4160.6;1193;2610807.37;1243554.8;7.581636;47.342762
4160.6;1193;2610807.37;1243554.8;7.581636;47.342762
4160.6;1193;2610807.37;1243554.8;7.581636;47.342762
4160.6;1193;2610807.37;1243554.8;7.581636;47.342762
4160.6;1193;2610807.37;1243554.8;7.581636;47.342762
4160.7;1193;2610807.45;1243554.8;7.581637;47.342762
4160.7;1193;2610807.45;1243554.8;7.581637;47.342762
4160.7;1193;2610807.45;1243554.8;7.581637;47.342762
4160.7;1193;2610807.45;1243554.8;7.581637;47.342762
4160.7;1193;2610807.45;1243554.8;7.581637;47.342762
4160.7;1193;2610807.45;1243554.8;7.581637;47.342762
4160.7;1193;2610807.45;1243554.8;7.581637;47.342762
4160.8;1193;2610807.45;1243554.69;7.581637;47.342761
4160.8;1193;2610807.45;1243554.69;7.581637;47.342761
4160.8;1193;2610807.45;1243554.69;7.581637;47.342761
4160.8;1193;2610807.45;1243554.69;7.581637;47.342761
4160.8;1193;2610807.45;1243554.69;7.581637;47.342761
4160.8;1193;2610807.45;1243554.69;7.581637;47.342761
4160.8;1193;2610807.45;1243554.69;7.581637;47.342761
4160.8;1193;2610807.45;1243554.69;7.581637;47.342761
4160.8;1193;2610807.45;1243554.69;7.581637;47.342761
4160.8;1193;2610807.45;1243554.69;7.581637;47.342761
4160.8;1193;2610807.45;1243554.69;7.581637;47.342761
4160.8;1193;2610807.45;1243554.69;7.581637;47.342761
4160.8;1193;2610807.45;1243554.69;7.581637;47.342761
4160.9;1193;2610807.45;1243554.58;7.581637;47.34276
4160.9;1193;2610807.45;1243554.58;7.581637;47.34276
4160.9;1193;2610807.45;1243554.58;7.581637;47.34276
4160.9;1193;2610807.45;1243554.58;7.581637;47.34276
4160.9;1193;2610807.45;1243554.58;7.581637;47.34276
4160.9;1193;2610807.45;1243554.58;7.581637;47.34276
4160.9;1193;2610807.45;1243554.58;7.581637;47.34276
4160.9;1193;2610807.45;1243554.58;7.581637;47.34276
4160.9;1193;2610807.45;1243554.58;7.581637;47.34276
4161;1193;2610807.52;1243554.58;7.581638;47.34276
4161;1193;2610807.52;1243554.58;7.581638;47.34276
4161;1193;2610807.52;1243554.58;7.581638;47.34276
4161.5;1193.2;2610808.05;1243554.58;7.581645;47.34276
4162.1;1193.2;2610808.58;1243554.58;7.581652;47.34276
4162.6;1193.2;2610808.96;1243555.03;7.581657;47.342764
4163.9;1193.2;2610809.94;1243555.81;7.58167;47.342771
4164.4;1192.9;2610810.24;1243556.14;7.581674;47.342774
4164.6;1192.9;2610810.39;1243556.37;7.581676;47.342776
4164.8;1192.9;2610810.54;1243556.48;7.581678;47.342777
4164.8;1192.9;2610810.54;1243556.48;7.581678;47.342777
4164.8;1192.9;2610810.54;1243556.48;7.581678;47.342777
4164.9;1192.9;2610810.54;1243556.59;7.581678;47.342778
4165.1;1192.9;2610810.39;1243556.48;7.581676;47.342777
4165.5;1192.9;2610810.17;1243556.14;7.581673;47.342774
4165.9;1193.2;2610809.87;1243555.92;7.581669;47.342772
4166.3;1193.2;2610809.56;1243555.7;7.581665;47.34277
4166.6;1193.2;2610809.34;1243555.47;7.581662;47.342768
4166.8;1193.2;2610809.26;1243555.25;7.581661;47.342766
4167.5;1193.2;2610809.34;1243554.58;7.581662;47.34276
4167.8;1193.2;2610809.49;1243554.25;7.581664;47.342757
4168;1193.2;2610809.41;1243554.14;7.581663;47.342756
4168.1;1193.2;2610809.42;1243554.03;7.581663;47.342755
4168.1;1193.2;2610809.42;1243554.03;7.581663;47.342755
4168.2;1192.8;2610809.42;1243553.92;7.581663;47.342754
4168.3;1192.8;2610809.49;1243553.92;7.581664;47.342754
4168.4;1193.2;2610809.57;1243554.03;7.581665;47.342755
4168.4;1193.2;2610809.57;1243554.03;7.581665;47.342755
4168.4;1193.2;2610809.57;1243554.03;7.581665;47.342755
4168.6;1192.8;2610809.64;1243553.92;7.581666;47.342754
4168.6;1192.8;2610809.57;1243553.92;7.581665;47.342754
4168.6;1192.8;2610809.57;1243553.92;7.581665;47.342754
4168.6;1192.8;2610809.57;1243553.92;7.581665;47.342754
4168.7;1192.8;2610809.64;1243553.92;7.581666;47.342754
4168.8;1192.8;2610809.72;1243553.92;7.581667;47.342754
4168.8;1192.8;2610809.72;1243553.92;7.581667;47.342754
4168.9;1192.8;2610809.64;1243553.92;7.581666;47.342754
4168.9;1192.8;2610809.64;1243553.92;7.581666;47.342754
4168.9;1192.8;2610809.64;1243553.92;7.581666;47.342754
4168.9;1192.8;2610809.64;1243553.92;7.581666;47.342754
4169;1192.8;2610809.64;1243553.81;7.581666;47.342753
4169;1192.8;2610809.64;1243553.81;7.581666;47.342753
4169;1192.8;2610809.64;1243553.81;7.581666;47.342753
4169;1192.8;2610809.64;1243553.81;7.581666;47.342753
4169;1192.8;2610809.64;1243553.81;7.581666;47.342753
4169.1;1192.8;2610809.64;1243553.7;7.581666;47.342752
4169.1;1192.8;2610809.64;1243553.7;7.581666;47.342752
4169.1;1192.8;2610809.64;1243553.7;7.581666;47.342752
4169.1;1192.8;2610809.64;1243553.7;7.581666;47.342752
4169.2;1192.8;2610809.64;1243553.58;7.581666;47.342751
4169.2;1192.8;2610809.64;1243553.58;7.581666;47.342751
4169.3;1192.8;2610809.57;1243553.58;7.581665;47.342751
4169.3;1192.8;2610809.57;1243553.58;7.581665;47.342751
4169.3;1192.8;2610809.57;1243553.58;7.581665;47.342751
4169.3;1192.8;2610809.57;1243553.58;7.581665;47.342751
4169.3;1192.8;2610809.57;1243553.58;7.581665;47.342751
4169.3;1192.8;2610809.57;1243553.58;7.581665;47.342751
4169.3;1192.8;2610809.57;1243553.58;7.581665;47.342751
4169.3;1192.8;2610809.57;1243553.58;7.581665;47.342751
4169.3;1192.8;2610809.57;1243553.58;7.581665;47.342751
4169.3;1192.8;2610809.57;1243553.58;7.581665;47.342751
4169.3;1192.8;2610809.57;1243553.58;7.581665;47.342751
4169.3;1192.8;2610809.57;1243553.58;7.581665;47.342751
4169.3;1192.8;2610809.57;1243553.58;7.581665;47.342751
4169.3;1192.8;2610809.57;1243553.58;7.581665;47.342751
4169.3;1192.8;2610809.57;1243553.58;7.581665;47.342751
4169.3;1192.8;2610809.57;1243553.58;7.581665;47.342751
4169.3;1192.8;2610809.49;1243553.58;7.581664;47.342751
4169.4;1192.8;2610809.49;1243553.47;7.581664;47.34275
4169.4;1192.8;2610809.49;1243553.47;7.581664;47.34275
4169.4;1192.8;2610809.49;1243553.47;7.581664;47.34275
4169.4;1192.8;2610809.49;1243553.47;7.581664;47.34275
4169.4;1192.8;2610809.49;1243553.47;7.581664;47.34275
4169.5;1192.8;2610809.42;1243553.47;7.581663;47.34275
4169.5;1192.8;2610809.42;1243553.47;7.581663;47.34275
4169.5;1192.8;2610809.42;1243553.47;7.581663;47.34275
4169.5;1192.8;2610809.42;1243553.47;7.581663;47.34275
4169.5;1192.8;2610809.42;1243553.47;7.581663;47.34275
4169.5;1192.8;2610809.42;1243553.47;7.581663;47.34275
4169.6;1192.8;2610809.34;1243553.47;7.581662;47.34275
4169.6;1192.8;2610809.34;1243553.47;7.581662;47.34275
4169.6;1192.8;2610809.34;1243553.47;7.581662;47.34275
4169.6;1192.8;2610809.34;1243553.47;7.581662;47.34275
4169.7;1192.8;2610809.27;1243553.47;7.581661;47.34275
4169.7;1192.8;2610809.27;1243553.47;7.581661;47.34275
4169.7;1192.8;2610809.27;1243553.47;7.581661;47.34275
4169.7;1192.8;2610809.27;1243553.47;7.581661;47.34275
4169.7;1192.8;2610809.27;1243553.47;7.581661;47.34275
4169.7;1192.8;2610809.27;1243553.47;7.581661;47.34275
4169.8;1192.8;2610809.34;1243553.47;7.581662;47.34275
4169.8;1192.8;2610809.34;1243553.47;7.581662;47.34275
4169.8;1192.8;2610809.34;1243553.47;7.581662;47.34275
4169.8;1192.8;2610809.34;1243553.47;7.581662;47.34275
4169.8;1192.8;2610809.34;1243553.47;7.581662;47.34275
4169.8;1192.8;2610809.34;1243553.47;7.581662;47.34275
4169.8;1192.8;2610809.34;1243553.47;7.581662;47.34275
4169.8;1192.8;2610809.34;1243553.47;7.581662;47.34275
4169.8;1192.8;2610809.34;1243553.47;7.581662;47.34275
4169.8;1192.8;2610809.34;1243553.47;7.581662;47.34275
4169.8;1192.8;2610809.27;1243553.47;7.581661;47.34275
4169.8;1192.8;2610809.27;1243553.47;7.581661;47.34275
4169.8;1192.8;2610809.27;1243553.47;7.581661;47.34275
4169.8;1192.8;2610809.27;1243553.47;7.581661;47.34275
4169.8;1192.8;2610809.27;1243553.47;7.581661;47.34275
4169.8;1192.8;2610809.27;1243553.47;7.581661;47.34275
4169.8;1192.8;2610809.27;1243553.47;7.581661;47.34275
4169.9;1192.8;2610809.27;1243553.36;7.581661;47.342749
4169.9;1192.8;2610809.27;1243553.36;7.581661;47.342749
4169.9;1192.8;2610809.27;1243553.36;7.581661;47.342749
4169.9;1192.8;2610809.27;1243553.36;7.581661;47.342749
4169.9;1192.8;2610809.27;1243553.36;7.581661;47.342749
4169.9;1192.8;2610809.27;1243553.36;7.581661;47.342749
4170;1192.8;2610809.27;1243553.47;7.581661;47.34275
4170;1192.8;2610809.27;1243553.47;7.581661;47.34275
4170;1192.8;2610809.27;1243553.47;7.581661;47.34275
4170;1192.8;2610809.27;1243553.47;7.581661;47.34275
4170;1192.8;2610809.27;1243553.47;7.581661;47.34275
4170;1192.8;2610809.27;1243553.47;7.581661;47.34275
4170.2;1192.8;2610809.27;1243553.36;7.581661;47.342749
4170.2;1192.8;2610809.27;1243553.36;7.581661;47.342749
4170.2;1192.8;2610809.27;1243553.36;7.581661;47.342749
4170.2;1192.8;2610809.27;1243553.36;7.581661;47.342749
4170.2;1192.8;2610809.27;1243553.36;7.581661;47.342749
4170.2;1192.8;2610809.27;1243553.36;7.581661;47.342749
4170.2;1192.8;2610809.27;1243553.36;7.581661;47.342749
4170.2;1192.8;2610809.27;1243553.36;7.581661;47.342749
4170.2;1192.8;2610809.27;1243553.36;7.581661;47.342749
4170.2;1192.8;2610809.27;1243553.36;7.581661;47.342749
4170.2;1192.8;2610809.27;1243553.36;7.581661;47.342749
4170.2;1192.8;2610809.27;1243553.36;7.581661;47.342749
4170.2;1192.8;2610809.19;1243553.36;7.58166;47.342749
4170.2;1192.8;2610809.19;1243553.36;7.58166;47.342749
4170.2;1192.8;2610809.19;1243553.36;7.58166;47.342749
4170.2;1192.8;2610809.19;1243553.36;7.58166;47.342749
4170.2;1192.8;2610809.19;1243553.36;7.58166;47.342749
4170.2;1192.8;2610809.19;1243553.36;7.58166;47.342749
4170.2;1192.8;2610809.19;1243553.36;7.58166;47.342749
4170.2;1192.8;2610809.19;1243553.36;7.58166;47.342749
4170.2;1192.8;2610809.19;1243553.36;7.58166;47.342749
4170.2;1192.8;2610809.19;1243553.36;7.58166;47.342749
4170.2;1192.8;2610809.19;1243553.36;7.58166;47.342749
4170.2;1192.8;2610809.19;1243553.36;7.58166;47.342749
4170.2;1192.8;2610809.19;1243553.36;7.58166;47.342749
4170.2;1192.8;2610809.19;1243553.36;7.58166;47.342749
4170.2;1192.8;2610809.19;1243553.36;7.58166;47.342749
4170.2;1192.8;2610809.19;1243553.36;7.58166;47.342749
4170.2;1192.8;2610809.19;1243553.36;7.58166;47.342749
4170.2;1192.8;2610809.19;1243553.36;7.58166;47.342749
4170.2;1192.8;2610809.19;1243553.36;7.58166;47.342749
4170.2;1192.8;2610809.19;1243553.36;7.58166;47.342749
4170.2;1192.8;2610809.19;1243553.36;7.58166;47.342749
4170.2;1192.8;2610809.19;1243553.36;7.58166;47.342749
4170.2;1192.8;2610809.19;1243553.36;7.58166;47.342749
4170.2;1192.8;2610809.19;1243553.36;7.58166;47.342749
4170.2;1192.8;2610809.19;1243553.36;7.58166;47.342749
4170.2;1192.8;2610809.19;1243553.36;7.58166;47.342749
4170.2;1192.8;2610809.19;1243553.36;7.58166;47.342749
4170.2;1192.8;2610809.19;1243553.36;7.58166;47.342749
4170.2;1192.8;2610809.19;1243553.36;7.58166;47.342749
4170.2;1192.8;2610809.19;1243553.36;7.58166;47.342749
4170.2;1192.8;2610809.19;1243553.36;7.58166;47.342749
4170.2;1192.8;2610809.19;1243553.36;7.58166;47.342749
4170.2;1192.8;2610809.19;1243553.36;7.58166;47.342749
4170.2;1192.8;2610809.19;1243553.36;7.58166;47.342749
4170.2;1192.8;2610809.19;1243553.36;7.58166;47.342749
4170.2;1192.8;2610809.19;1243553.36;7.58166;47.342749
4170.2;1192.8;2610809.19;1243553.36;7.58166;47.342749
4170.2;1192.8;2610809.19;1243553.36;7.58166;47.342749
4170.2;1192.8;2610809.19;1243553.36;7.58166;47.342749
4170.2;1192.8;2610809.19;1243553.36;7.58166;47.342749
4170.2;1192.8;2610809.19;1243553.36;7.58166;47.342749
4170.2;1192.8;2610809.19;1243553.36;7.58166;47.342749
4170.2;1192.8;2610809.19;1243553.36;7.58166;47.342749
4170.2;1192.8;2610809.19;1243553.36;7.58166;47.342749
4170.2;1192.8;2610809.19;1243553.36;7.58166;47.342749
4170.2;1192.8;2610809.19;1243553.36;7.58166;47.342749
4170.2;1192.8;2610809.19;1243553.36;7.58166;47.342749
4170.2;1192.8;2610809.19;1243553.36;7.58166;47.342749
4170.2;1192.8;2610809.19;1243553.36;7.58166;47.342749
4170.2;1192.8;2610809.19;1243553.36;7.58166;47.342749
4170.2;1192.8;2610809.19;1243553.36;7.58166;47.342749
4170.2;1192.8;2610809.19;1243553.36;7.58166;47.342749
4170.2;1192.8;2610809.19;1243553.36;7.58166;47.342749
4170.2;1192.8;2610809.19;1243553.36;7.58166;47.342749
4170.2;1192.8;2610809.19;1243553.36;7.58166;47.342749
4170.2;1192.8;2610809.19;1243553.36;7.58166;47.342749
4170.2;1192.8;2610809.19;1243553.36;7.58166;47.342749
4170.2;1192.8;2610809.19;1243553.36;7.58166;47.342749
4170.2;1192.8;2610809.19;1243553.36;7.58166;47.342749
4170.2;1192.8;2610809.19;1243553.36;7.58166;47.342749
4170.2;1192.8;2610809.19;1243553.36;7.58166;47.342749
4170.2;1192.8;2610809.19;1243553.36;7.58166;47.342749
4170.2;1192.8;2610809.19;1243553.36;7.58166;47.342749
4170.2;1192.8;2610809.19;1243553.36;7.58166;47.342749
4170.2;1192.8;2610809.19;1243553.36;7.58166;47.342749
4170.2;1192.8;2610809.19;1243553.36;7.58166;47.342749
4170.2;1192.8;2610809.19;1243553.36;7.58166;47.342749
4170.2;1192.8;2610809.19;1243553.36;7.58166;47.342749
4170.2;1192.8;2610809.19;1243553.36;7.58166;47.342749
4170.2;1192.8;2610809.19;1243553.36;7.58166;47.342749
4170.2;1192.8;2610809.19;1243553.36;7.58166;47.342749
4170.2;1192.8;2610809.19;1243553.36;7.58166;47.342749
4170.2;1192.8;2610809.19;1243553.36;7.58166;47.342749
4170.2;1192.8;2610809.19;1243553.36;7.58166;47.342749
4170.3;1192.8;2610809.19;1243553.25;7.58166;47.342748
4170.5;1192.8;2610809.19;1243553.36;7.58166;47.342749
4170.6;1192.8;2610809.19;1243553.25;7.58166;47.342748
4170.6;1192.8;2610809.19;1243553.25;7.58166;47.342748
4170.6;1192.8;2610809.11;1243553.25;7.581659;47.342748
4170.6;1192.8;2610809.11;1243553.25;7.581659;47.342748
4170.6;1192.8;2610809.11;1243553.25;7.581659;47.342748
4170.6;1192.8;2610809.11;1243553.25;7.581659;47.342748
4170.6;1192.8;2610809.11;1243553.25;7.581659;47.342748
4170.6;1192.8;2610809.11;1243553.25;7.581659;47.342748
4170.6;1192.8;2610809.11;1243553.25;7.581659;47.342748
4170.6;1192.8;2610809.11;1243553.25;7.581659;47.342748
4170.6;1192.8;2610809.11;1243553.25;7.581659;47.342748
4170.6;1192.8;2610809.11;1243553.25;7.581659;47.342748
4170.6;1192.8;2610809.11;1243553.25;7.581659;47.342748
4170.6;1192.8;2610809.11;1243553.25;7.581659;47.342748
4170.8;1192.8;2610809.11;1243553.14;7.581659;47.342747
4170.8;1192.8;2610809.11;1243553.14;7.581659;47.342747
4170.8;1192.8;2610809.11;1243553.14;7.581659;47.342747
4170.8;1192.8;2610809.11;1243553.14;7.581659;47.342747
4170.8;1192.8;2610809.11;1243553.14;7.581659;47.342747
4170.8;1192.8;2610809.11;1243553.14;7.581659;47.342747
4170.8;1192.8;2610809.11;1243553.14;7.581659;47.342747
4170.8;1192.8;2610809.11;1243553.14;7.581659;47.342747
4170.8;1192.8;2610809.11;1243553.14;7.581659;47.342747
4170.8;1192.8;2610809.11;1243553.14;7.581659;47.342747
4170.8;1192.8;2610809.11;1243553.14;7.581659;47.342747
4170.9;1192.8;2610809.11;1243553.03;7.581659;47.342746
4170.9;1192.8;2610809.11;1243553.03;7.581659;47.342746
4170.9;1192.8;2610809.11;1243553.03;7.581659;47.342746
4170.9;1192.8;2610809.11;1243553.03;7.581659;47.342746
4170.9;1192.8;2610809.11;1243553.03;7.581659;47.342746
4170.9;1192.8;2610809.11;1243553.03;7.581659;47.342746
4171;1192.8;2610809.11;1243553.14;7.581659;47.342747
4171;1192.8;2610809.11;1243553.14;7.581659;47.342747
4171;1192.8;2610809.11;1243553.14;7.581659;47.342747
4171;1192.8;2610809.11;1243553.14;7.581659;47.342747
4171;1192.8;2610809.11;1243553.14;7.581659;47.342747
4171;1192.8;2610809.11;1243553.14;7.581659;47.342747
4171.1;1192.8;2610809.11;1243553.03;7.581659;47.342746
4171.2;1192.8;2610809.11;1243553.14;7.581659;47.342747
4171.3;1192.8;2610809.04;1243553.14;7.581658;47.342747
4171.3;1192.8;2610809.04;1243553.14;7.581658;47.342747
4171.3;1192.8;2610809.04;1243553.14;7.581658;47.342747
4171.4;1192.8;2610809.04;1243553.03;7.581658;47.342746
4171.4;1192.8;2610809.04;1243553.03;7.581658;47.342746
4171.4;1192.8;2610809.04;1243553.03;7.581658;47.342746
4171.4;1192.8;2610809.04;1243553.03;7.581658;47.342746
4171.4;1192.8;2610809.04;1243553.03;7.581658;47.342746
4171.4;1192.8;2610809.04;1243553.03;7.581658;47.342746
4171.4;1192.8;2610809.04;1243553.03;7.581658;47.342746
4171.4;1192.8;2610809.04;1243553.03;7.581658;47.342746
4171.4;1192.8;2610809.04;1243553.03;7.581658;47.342746
4171.4;1192.8;2610809.04;1243553.03;7.581658;47.342746
4171.4;1192.8;2610809.04;1243553.03;7.581658;47.342746
4171.4;1192.8;2610809.04;1243553.03;7.581658;47.342746
4171.4;1192.8;2610809.04;1243553.03;7.581658;47.342746
4171.4;1192.8;2610809.04;1243553.03;7.581658;47.342746
4171.4;1192.8;2610809.04;1243553.03;7.581658;47.342746
4171.4;1192.8;2610809.04;1243553.03;7.581658;47.342746
4171.4;1192.8;2610809.04;1243553.03;7.581658;47.342746
4171.5;1192.8;2610809.04;1243552.92;7.581658;47.342745
4171.5;1192.8;2610809.04;1243552.92;7.581658;47.342745
4171.6;1192.8;2610808.96;1243552.92;7.581657;47.342745
4171.6;1192.8;2610808.96;1243552.92;7.581657;47.342745
4171.6;1192.8;2610808.96;1243552.92;7.581657;47.342745
4171.6;1192.8;2610808.96;1243552.92;7.581657;47.342745
4171.6;1192.8;2610808.96;1243552.92;7.581657;47.342745
4171.6;1192.8;2610808.96;1243552.92;7.581657;47.342745
4171.6;1192.8;2610808.96;1243552.92;7.581657;47.342745
4171.6;1192.8;2610808.96;1243552.92;7.581657;47.342745
4171.6;1192.8;2610808.96;1243552.92;7.581657;47.342745
4171.6;1192.8;2610808.96;1243552.92;7.581657;47.342745
4171.6;1192.8;2610808.96;1243552.92;7.581657;47.342745
4171.6;1192.8;2610808.96;1243552.92;7.581657;47.342745
4171.6;1192.8;2610808.96;1243552.92;7.581657;47.342745
4171.6;1192.8;2610808.96;1243552.92;7.581657;47.342745
4171.6;1192.8;2610808.96;1243552.92;7.581657;47.342745
4171.6;1192.8;2610808.96;1243552.92;7.581657;47.342745
4171.6;1192.8;2610808.96;1243552.92;7.581657;47.342745
4171.6;1192.8;2610808.96;1243552.92;7.581657;47.342745
4171.6;1192.8;2610808.96;1243552.92;7.581657;47.342745
4171.6;1192.8;2610808.96;1243552.92;7.581657;47.342745
4171.6;1192.8;2610808.96;1243552.92;7.581657;47.342745
4171.6;1192.8;2610808.96;1243552.92;7.581657;47.342745
4171.6;1192.8;2610808.96;1243552.92;7.581657;47.342745
4171.6;1192.8;2610808.96;1243552.92;7.581657;47.342745
4171.6;1192.8;2610808.96;1243552.92;7.581657;47.342745
4171.6;1192.8;2610808.96;1243552.92;7.581657;47.342745
4171.6;1192.8;2610808.96;1243552.92;7.581657;47.342745
4171.6;1192.8;2610808.96;1243552.92;7.581657;47.342745
4171.6;1192.8;2610808.96;1243552.92;7.581657;47.342745
4171.6;1192.8;2610808.96;1243552.92;7.581657;47.342745
4171.6;1192.8;2610808.96;1243552.92;7.581657;47.342745
4171.6;1192.8;2610808.96;1243552.92;7.581657;47.342745
4171.6;1192.8;2610808.96;1243552.92;7.581657;47.342745
4171.6;1192.8;2610808.96;1243552.92;7.581657;47.342745
4171.6;1192.8;2610808.96;1243552.92;7.581657;47.342745
4171.6;1192.8;2610808.96;1243552.92;7.581657;47.342745
4171.6;1192.8;2610808.96;1243552.92;7.581657;47.342745
4171.7;1192.8;2610808.96;1243552.81;7.581657;47.342744
4171.7;1192.8;2610808.96;1243552.81;7.581657;47.342744
4171.7;1192.8;2610808.96;1243552.81;7.581657;47.342744
4171.7;1192.8;2610808.96;1243552.81;7.581657;47.342744
4171.7;1192.8;2610808.96;1243552.81;7.581657;47.342744
4171.7;1192.8;2610808.96;1243552.81;7.581657;47.342744
4171.7;1192.8;2610808.96;1243552.81;7.581657;47.342744
4171.7;1192.8;2610808.96;1243552.81;7.581657;47.342744
4171.7;1192.8;2610808.96;1243552.81;7.581657;47.342744
4171.7;1192.8;2610808.96;1243552.81;7.581657;47.342744
4171.7;1192.8;2610808.96;1243552.81;7.581657;47.342744
4171.7;1192.8;2610808.96;1243552.81;7.581657;47.342744
4171.7;1192.8;2610808.96;1243552.81;7.581657;47.342744
4171.7;1192.8;2610808.96;1243552.81;7.581657;47.342744
4171.7;1192.8;2610808.96;1243552.81;7.581657;47.342744
4171.7;1192.8;2610808.96;1243552.81;7.581657;47.342744
4171.7;1192.8;2610808.96;1243552.81;7.581657;47.342744
4171.7;1192.8;2610808.96;1243552.81;7.581657;47.342744
4171.7;1192.8;2610808.96;1243552.81;7.581657;47.342744
4171.8;1192.8;2610808.96;1243552.69;7.581657;47.342743
4171.8;1192.8;2610808.96;1243552.69;7.581657;47.342743
4171.8;1192.8;2610808.96;1243552.69;7.581657;47.342743
4171.8;1192.8;2610808.96;1243552.69;7.581657;47.342743
4171.8;1192.8;2610808.96;1243552.69;7.581657;47.342743
4171.8;1192.8;2610808.96;1243552.69;7.581657;47.342743
4171.8;1192.8;2610808.96;1243552.69;7.581657;47.342743
4171.8;1192.8;2610808.96;1243552.69;7.581657;47.342743
4171.8;1192.8;2610808.96;1243552.69;7.581657;47.342743
4171.8;1192.8;2610808.96;1243552.69;7.581657;47.342743
4171.8;1192.8;2610808.96;1243552.69;7.581657;47.342743
4171.8;1192.8;2610808.96;1243552.69;7.581657;47.342743
4171.8;1192.8;2610808.96;1243552.69;7.581657;47.342743
4171.8;1192.8;2610808.96;1243552.69;7.581657;47.342743
4171.8;1192.8;2610808.96;1243552.69;7.581657;47.342743
4171.8;1192.8;2610808.96;1243552.69;7.581657;47.342743
4171.8;1192.8;2610808.96;1243552.69;7.581657;47.342743
4171.8;1192.8;2610808.96;1243552.69;7.581657;47.342743
4171.8;1192.8;2610808.96;1243552.69;7.581657;47.342743
4171.8;1192.8;2610808.96;1243552.69;7.581657;47.342743
4171.8;1192.8;2610808.96;1243552.69;7.581657;47.342743
4171.8;1192.8;2610808.96;1243552.69;7.581657;47.342743
4171.8;1192.8;2610808.96;1243552.69;7.581657;47.342743
4171.8;1192.8;2610808.96;1243552.69;7.581657;47.342743
4171.8;1192.8;2610808.96;1243552.69;7.581657;47.342743
4171.8;1192.8;2610808.96;1243552.69;7.581657;47.342743
4171.8;1192.8;2610808.96;1243552.69;7.581657;47.342743
4171.8;1192.8;2610808.96;1243552.69;7.581657;47.342743
4171.8;1192.8;2610808.96;1243552.69;7.581657;47.342743
4171.8;1192.8;2610808.96;1243552.69;7.581657;47.342743
4171.8;1192.8;2610808.96;1243552.69;7.581657;47.342743
4171.8;1192.8;2610808.96;1243552.69;7.581657;47.342743
4171.8;1192.8;2610808.96;1243552.69;7.581657;47.342743
4171.8;1192.8;2610808.96;1243552.69;7.581657;47.342743
4171.8;1192.8;2610808.96;1243552.69;7.581657;47.342743
4171.8;1192.8;2610808.96;1243552.69;7.581657;47.342743
4171.8;1192.8;2610808.96;1243552.69;7.581657;47.342743
4171.8;1192.8;2610808.96;1243552.69;7.581657;47.342743
4171.8;1192.8;2610808.96;1243552.69;7.581657;47.342743
4171.9;1192.8;2610808.96;1243552.58;7.581657;47.342742
4171.9;1192.8;2610808.96;1243552.58;7.581657;47.342742
4171.9;1192.8;2610808.96;1243552.58;7.581657;47.342742
4172;1192.8;2610808.96;1243552.69;7.581657;47.342743
4172.1;1192.8;2610808.96;1243552.58;7.581657;47.342742
4172.1;1192.8;2610808.96;1243552.58;7.581657;47.342742
4172.1;1192.8;2610808.96;1243552.58;7.581657;47.342742
4172.1;1192.8;2610808.96;1243552.58;7.581657;47.342742
4172.1;1192.8;2610808.96;1243552.58;7.581657;47.342742
4172.1;1192.8;2610808.96;1243552.58;7.581657;47.342742
4172.1;1192.8;2610808.96;1243552.58;7.581657;47.342742
4172.1;1192.8;2610808.96;1243552.58;7.581657;47.342742
4172.1;1192.8;2610808.96;1243552.58;7.581657;47.342742
4172.1;1192.8;2610808.96;1243552.58;7.581657;47.342742
4172.1;1192.8;2610808.96;1243552.58;7.581657;47.342742
4172.1;1192.8;2610808.96;1243552.58;7.581657;47.342742
4172.1;1192.8;2610808.96;1243552.58;7.581657;47.342742
4172.1;1192.8;2610808.96;1243552.58;7.581657;47.342742
4172.1;1192.8;2610808.96;1243552.58;7.581657;47.342742
4172.1;1192.8;2610808.96;1243552.58;7.581657;47.342742
4172.1;1192.8;2610808.96;1243552.58;7.581657;47.342742
4172.1;1192.8;2610808.96;1243552.58;7.581657;47.342742
4172.1;1192.8;2610808.96;1243552.58;7.581657;47.342742
4172.1;1192.8;2610808.96;1243552.58;7.581657;47.342742
4172.1;1192.8;2610808.96;1243552.58;7.581657;47.342742
4172.1;1192.8;2610808.96;1243552.58;7.581657;47.342742
4172.1;1192.8;2610808.96;1243552.58;7.581657;47.342742
4172.1;1192.8;2610808.96;1243552.58;7.581657;47.342742
4172.1;1192.8;2610808.96;1243552.58;7.581657;47.342742
4172.1;1192.8;2610808.96;1243552.58;7.581657;47.342742
4172.1;1192.8;2610808.96;1243552.58;7.581657;47.342742
4172.1;1192.8;2610808.96;1243552.58;7.581657;47.342742
4172.1;1192.8;2610808.96;1243552.58;7.581657;47.342742
4172.1;1192.8;2610808.96;1243552.58;7.581657;47.342742
4172.1;1192.8;2610808.96;1243552.58;7.581657;47.342742
4172.2;1192.8;2610808.89;1243552.58;7.581656;47.342742
4172.2;1192.8;2610808.89;1243552.58;7.581656;47.342742
4172.3;1192.8;2610808.89;1243552.47;7.581656;47.342741
4172.3;1192.8;2610808.89;1243552.47;7.581656;47.342741
4172.3;1192.8;2610808.89;1243552.47;7.581656;47.342741
4172.3;1192.8;2610808.89;1243552.47;7.581656;47.342741
4172.3;1192.8;2610808.89;1243552.47;7.581656;47.342741
4172.3;1192.8;2610808.89;1243552.47;7.581656;47.342741
4172.3;1192.8;2610808.89;1243552.47;7.581656;47.342741
4172.3;1192.8;2610808.89;1243552.47;7.581656;47.342741
4172.3;1192.8;2610808.89;1243552.47;7.581656;47.342741
4172.3;1192.8;2610808.89;1243552.47;7.581656;47.342741
4172.3;1192.8;2610808.89;1243552.47;7.581656;47.342741
4172.3;1192.8;2610808.89;1243552.47;7.581656;47.342741
4172.3;1192.8;2610808.89;1243552.47;7.581656;47.342741
4172.3;1192.8;2610808.89;1243552.47;7.581656;47.342741
4172.3;1192.8;2610808.89;1243552.47;7.581656;47.342741
4172.3;1192.8;2610808.89;1243552.47;7.581656;47.342741
4172.3;1192.8;2610808.89;1243552.47;7.581656;47.342741
4172.3;1192.8;2610808.89;1243552.47;7.581656;47.342741
4172.3;1192.8;2610808.89;1243552.47;7.581656;47.342741
4172.3;1192.8;2610808.89;1243552.47;7.581656;47.342741
4172.3;1192.8;2610808.89;1243552.47;7.581656;47.342741
4172.3;1192.8;2610808.89;1243552.47;7.581656;47.342741
4172.3;1192.8;2610808.89;1243552.47;7.581656;47.342741
4172.3;1192.8;2610808.89;1243552.47;7.581656;47.342741
4172.3;1192.8;2610808.89;1243552.47;7.581656;47.342741
4172.3;1192.8;2610808.89;1243552.47;7.581656;47.342741
4172.3;1192.8;2610808.89;1243552.47;7.581656;47.342741
4172.3;1192.8;2610808.89;1243552.47;7.581656;47.342741
4172.3;1192.8;2610808.89;1243552.47;7.581656;47.342741
4172.3;1192.8;2610808.89;1243552.47;7.581656;47.342741
4172.3;1192.8;2610808.89;1243552.47;7.581656;47.342741
4172.4;1192.8;2610808.81;1243552.47;7.581655;47.342741
4172.4;1192.8;2610808.81;1243552.47;7.581655;47.342741
4172.4;1192.8;2610808.81;1243552.47;7.581655;47.342741
4172.4;1192.8;2610808.81;1243552.47;7.581655;47.342741
4172.4;1192.8;2610808.81;1243552.47;7.581655;47.342741
4172.4;1192.8;2610808.81;1243552.47;7.581655;47.342741
4172.4;1192.8;2610808.81;1243552.47;7.581655;47.342741
4172.4;1192.8;2610808.81;1243552.47;7.581655;47.342741
4172.4;1192.8;2610808.81;1243552.47;7.581655;47.342741
4172.4;1192.8;2610808.81;1243552.47;7.581655;47.342741
4172.4;1192.8;2610808.81;1243552.47;7.581655;47.342741
4172.4;1192.8;2610808.81;1243552.47;7.581655;47.342741
4172.4;1192.8;2610808.81;1243552.47;7.581655;47.342741
4172.4;1192.8;2610808.81;1243552.47;7.581655;47.342741
4172.4;1192.8;2610808.81;1243552.47;7.581655;47.342741
4172.4;1192.8;2610808.81;1243552.47;7.581655;47.342741
4172.4;1192.8;2610808.81;1243552.47;7.581655;47.342741
4172.4;1192.8;2610808.81;1243552.47;7.581655;47.342741
4172.4;1192.8;2610808.81;1243552.47;7.581655;47.342741
4172.4;1192.8;2610808.81;1243552.47;7.581655;47.342741
4172.4;1192.8;2610808.81;1243552.47;7.581655;47.342741
4172.4;1192.8;2610808.81;1243552.47;7.581655;47.342741
4172.4;1192.8;2610808.81;1243552.47;7.581655;47.342741
4172.4;1192.8;2610808.81;1243552.47;7.581655;47.342741
4172.4;1192.8;2610808.81;1243552.47;7.581655;47.342741
4172.4;1192.8;2610808.81;1243552.47;7.581655;47.342741
4172.4;1192.8;2610808.81;1243552.47;7.581655;47.342741
4172.4;1192.8;2610808.81;1243552.47;7.581655;47.342741
4172.5;1192.8;2610808.74;1243552.47;7.581654;47.342741
4172.5;1192.8;2610808.74;1243552.47;7.581654;47.342741
4172.6;1192.8;2610808.74;1243552.36;7.581654;47.34274
4172.6;1192.8;2610808.74;1243552.36;7.581654;47.34274
4172.6;1192.8;2610808.74;1243552.36;7.581654;47.34274
4172.6;1192.8;2610808.74;1243552.36;7.581654;47.34274
4172.6;1192.8;2610808.74;1243552.36;7.581654;47.34274
4172.6;1192.8;2610808.74;1243552.36;7.581654;47.34274
4172.6;1192.8;2610808.74;1243552.36;7.581654;47.34274
4172.6;1192.8;2610808.74;1243552.36;7.581654;47.34274
4172.6;1192.8;2610808.74;1243552.36;7.581654;47.34274
4172.6;1192.8;2610808.74;1243552.36;7.581654;47.34274
4172.6;1192.8;2610808.74;1243552.36;7.581654;47.34274
4172.6;1192.8;2610808.74;1243552.36;7.581654;47.34274
4172.6;1192.8;2610808.74;1243552.36;7.581654;47.34274
4172.6;1192.8;2610808.74;1243552.36;7.581654;47.34274
4172.6;1192.8;2610808.74;1243552.36;7.581654;47.34274
4172.6;1192.8;2610808.74;1243552.36;7.581654;47.34274
4172.6;1192.8;2610808.74;1243552.36;7.581654;47.34274
4172.6;1192.8;2610808.74;1243552.36;7.581654;47.34274
4172.6;1192.8;2610808.74;1243552.36;7.581654;47.34274
4172.6;1192.8;2610808.74;1243552.36;7.581654;47.34274
4172.6;1192.8;2610808.74;1243552.36;7.581654;47.34274
4172.6;1192.8;2610808.74;1243552.36;7.581654;47.34274
4172.6;1192.8;2610808.74;1243552.36;7.581654;47.34274
4172.6;1192.8;2610808.74;1243552.36;7.581654;47.34274
4172.6;1192.8;2610808.74;1243552.36;7.581654;47.34274
4172.6;1192.8;2610808.74;1243552.36;7.581654;47.34274
4172.6;1192.8;2610808.74;1243552.36;7.581654;47.34274
4172.6;1192.8;2610808.74;1243552.36;7.581654;47.34274
4172.6;1192.8;2610808.74;1243552.36;7.581654;47.34274
4172.6;1192.8;2610808.74;1243552.36;7.581654;47.34274
4172.6;1192.8;2610808.74;1243552.36;7.581654;47.34274
4172.6;1192.8;2610808.74;1243552.36;7.581654;47.34274
4172.6;1192.8;2610808.74;1243552.36;7.581654;47.34274
4172.6;1192.8;2610808.74;1243552.36;7.581654;47.34274
4172.6;1192.8;2610808.74;1243552.36;7.581654;47.34274
4172.6;1192.8;2610808.74;1243552.36;7.581654;47.34274
4172.6;1192.8;2610808.74;1243552.36;7.581654;47.34274
4172.6;1192.8;2610808.74;1243552.36;7.581654;47.34274
4172.6;1192.8;2610808.74;1243552.36;7.581654;47.34274
4172.6;1192.8;2610808.74;1243552.36;7.581654;47.34274
4172.6;1192.8;2610808.74;1243552.36;7.581654;47.34274
4172.6;1192.8;2610808.74;1243552.36;7.581654;47.34274
4172.6;1192.8;2610808.74;1243552.36;7.581654;47.34274
4172.6;1192.8;2610808.74;1243552.36;7.581654;47.34274
4172.6;1192.8;2610808.74;1243552.36;7.581654;47.34274
4172.6;1192.8;2610808.74;1243552.36;7.581654;47.34274
4172.6;1192.8;2610808.74;1243552.36;7.581654;47.34274
4172.6;1192.8;2610808.74;1243552.36;7.581654;47.34274
4172.6;1192.8;2610808.74;1243552.36;7.581654;47.34274
4172.6;1192.8;2610808.74;1243552.36;7.581654;47.34274
4172.7;1192.8;2610808.66;1243552.36;7.581653;47.34274
4172.7;1192.8;2610808.66;1243552.36;7.581653;47.34274
4172.7;1192.8;2610808.66;1243552.36;7.581653;47.34274
4172.7;1192.8;2610808.66;1243552.36;7.581653;47.34274
4172.7;1192.8;2610808.66;1243552.36;7.581653;47.34274
4172.7;1192.8;2610808.66;1243552.36;7.581653;47.34274
4172.7;1192.8;2610808.66;1243552.36;7.581653;47.34274
4172.7;1192.8;2610808.66;1243552.36;7.581653;47.34274
4172.7;1192.8;2610808.66;1243552.36;7.581653;47.34274
4172.7;1192.8;2610808.66;1243552.36;7.581653;47.34274
4172.7;1192.8;2610808.66;1243552.36;7.581653;47.34274
4172.7;1192.8;2610808.66;1243552.36;7.581653;47.34274
4172.7;1192.8;2610808.66;1243552.36;7.581653;47.34274
4172.7;1192.8;2610808.66;1243552.36;7.581653;47.34274
4172.7;1192.8;2610808.66;1243552.36;7.581653;47.34274
4172.7;1192.8;2610808.66;1243552.36;7.581653;47.34274
4172.7;1192.8;2610808.66;1243552.36;7.581653;47.34274
4172.7;1192.8;2610808.66;1243552.36;7.581653;47.34274
4172.7;1192.8;2610808.66;1243552.36;7.581653;47.34274
4172.7;1192.8;2610808.66;1243552.36;7.581653;47.34274
4172.7;1192.8;2610808.66;1243552.36;7.581653;47.34274
4172.9;1192.8;2610808.59;1243552.14;7.581652;47.342738
4172.9;1192.8;2610808.59;1243552.14;7.581652;47.342738
4172.9;1192.8;2610808.59;1243552.14;7.581652;47.342738
4172.9;1192.8;2610808.59;1243552.14;7.581652;47.342738
4172.9;1192.8;2610808.59;1243552.14;7.581652;47.342738
4172.9;1192.8;2610808.59;1243552.14;7.581652;47.342738
4173;1192.8;2610808.59;1243552.25;7.581652;47.342739
4173.1;1192.8;2610808.51;1243552.25;7.581651;47.342739
4173.1;1192.8;2610808.51;1243552.25;7.581651;47.342739
4173.1;1192.8;2610808.51;1243552.25;7.581651;47.342739
4173.1;1192.8;2610808.51;1243552.25;7.581651;47.342739
4173.1;1192.8;2610808.51;1243552.25;7.581651;47.342739
4173.1;1192.8;2610808.51;1243552.25;7.581651;47.342739
4173.2;1192.8;2610808.44;1243552.25;7.58165;47.342739
4173.3;1192.8;2610808.44;1243552.36;7.58165;47.34274
4173.3;1192.8;2610808.44;1243552.36;7.58165;47.34274
4173.3;1192.8;2610808.44;1243552.36;7.58165;47.34274
4173.3;1192.8;2610808.44;1243552.36;7.58165;47.34274
4173.3;1192.8;2610808.44;1243552.36;7.58165;47.34274
4173.3;1192.8;2610808.44;1243552.36;7.58165;47.34274
4173.4;1192.8;2610808.44;1243552.47;7.58165;47.342741
4173.4;1192.8;2610808.44;1243552.47;7.58165;47.342741
4173.4;1192.8;2610808.44;1243552.47;7.58165;47.342741
4173.4;1192.8;2610808.44;1243552.47;7.58165;47.342741
4173.4;1192.8;2610808.44;1243552.47;7.58165;47.342741
4173.4;1192.8;2610808.44;1243552.47;7.58165;47.342741
4173.4;1192.8;2610808.44;1243552.47;7.58165;47.342741
4173.4;1192.8;2610808.44;1243552.47;7.58165;47.342741
4173.4;1192.8;2610808.51;1243552.47;7.581651;47.342741
4173.6;1192.8;2610808.51;1243552.58;7.581651;47.342742
4173.7;1192.8;2610808.51;1243552.47;7.581651;47.342741
4173.7;1192.8;2610808.51;1243552.47;7.581651;47.342741
4173.7;1192.8;2610808.51;1243552.47;7.581651;47.342741
4173.7;1192.8;2610808.51;1243552.47;7.581651;47.342741
4173.7;1192.8;2610808.51;1243552.47;7.581651;47.342741
4173.7;1192.8;2610808.51;1243552.47;7.581651;47.342741
4173.7;1192.8;2610808.51;1243552.47;7.581651;47.342741
4173.7;1192.8;2610808.51;1243552.47;7.581651;47.342741
4173.7;1192.8;2610808.51;1243552.47;7.581651;47.342741
4173.7;1192.8;2610808.51;1243552.47;7.581651;47.342741
4173.7;1192.8;2610808.51;1243552.47;7.581651;47.342741
4173.7;1192.8;2610808.51;1243552.47;7.581651;47.342741
4173.7;1192.8;2610808.51;1243552.47;7.581651;47.342741
4173.7;1192.8;2610808.51;1243552.47;7.581651;47.342741
4173.7;1192.8;2610808.51;1243552.47;7.581651;47.342741
4173.7;1192.8;2610808.51;1243552.47;7.581651;47.342741
4173.7;1192.8;2610808.51;1243552.47;7.581651;47.342741
4173.8;1192.8;2610808.51;1243552.36;7.581651;47.34274
4173.9;1192.8;2610808.51;1243552.47;7.581651;47.342741
4174;1192.8;2610808.59;1243552.36;7.581652;47.34274
4174;1192.8;2610808.59;1243552.36;7.581652;47.34274
4174;1192.8;2610808.59;1243552.36;7.581652;47.34274
4174;1192.8;2610808.59;1243552.36;7.581652;47.34274
4174;1192.8;2610808.59;1243552.36;7.581652;47.34274
4174;1192.8;2610808.59;1243552.36;7.581652;47.34274
4174.1;1192.8;2610808.59;1243552.47;7.581652;47.342741
4174.1;1192.8;2610808.59;1243552.47;7.581652;47.342741
4174.1;1192.8;2610808.59;1243552.47;7.581652;47.342741
4174.1;1192.8;2610808.59;1243552.47;7.581652;47.342741
4174.1;1192.8;2610808.59;1243552.47;7.581652;47.342741
4174.1;1192.8;2610808.59;1243552.47;7.581652;47.342741
4174.1;1192.8;2610808.59;1243552.47;7.581652;47.342741
4174.1;1192.8;2610808.59;1243552.47;7.581652;47.342741
4174.1;1192.8;2610808.59;1243552.47;7.581652;47.342741
4174.3;1192.8;2610808.59;1243552.36;7.581652;47.34274
4174.3;1192.8;2610808.59;1243552.36;7.581652;47.34274
4174.3;1192.8;2610808.59;1243552.36;7.581652;47.34274
4174.3;1192.8;2610808.59;1243552.36;7.581652;47.34274
4174.3;1192.8;2610808.59;1243552.36;7.581652;47.34274
4174.3;1192.8;2610808.59;1243552.36;7.581652;47.34274
4174.3;1192.8;2610808.59;1243552.36;7.581652;47.34274
4174.3;1192.8;2610808.59;1243552.36;7.581652;47.34274
4174.3;1192.8;2610808.59;1243552.36;7.581652;47.34274
4174.3;1192.8;2610808.59;1243552.36;7.581652;47.34274
4174.3;1192.8;2610808.59;1243552.36;7.581652;47.34274
4174.3;1192.8;2610808.59;1243552.36;7.581652;47.34274
4174.3;1192.8;2610808.59;1243552.36;7.581652;47.34274
4174.3;1192.8;2610808.59;1243552.36;7.581652;47.34274
4174.3;1192.8;2610808.59;1243552.36;7.581652;47.34274
4174.3;1192.8;2610808.59;1243552.36;7.581652;47.34274
4174.3;1192.8;2610808.59;1243552.36;7.581652;47.34274
4174.3;1192.8;2610808.59;1243552.36;7.581652;47.34274
4174.3;1192.8;2610808.59;1243552.36;7.581652;47.34274
4174.3;1192.8;2610808.59;1243552.36;7.581652;47.34274
4174.3;1192.8;2610808.59;1243552.36;7.581652;47.34274
4174.3;1192.8;2610808.59;1243552.36;7.581652;47.34274
4174.3;1192.8;2610808.59;1243552.36;7.581652;47.34274
4174.3;1192.8;2610808.59;1243552.36;7.581652;47.34274
4174.3;1192.8;2610808.59;1243552.36;7.581652;47.34274
4174.3;1192.8;2610808.59;1243552.36;7.581652;47.34274
4174.3;1192.8;2610808.59;1243552.36;7.581652;47.34274
4174.3;1192.8;2610808.59;1243552.36;7.581652;47.34274
4174.3;1192.8;2610808.59;1243552.36;7.581652;47.34274
4174.3;1192.8;2610808.59;1243552.36;7.581652;47.34274
4174.3;1192.8;2610808.66;1243552.36;7.581653;47.34274
4174.4;1192.8;2610808.59;1243552.36;7.581652;47.34274
4174.4;1192.8;2610808.59;1243552.36;7.581652;47.34274
4174.4;1192.8;2610808.59;1243552.36;7.581652;47.34274
4174.4;1192.8;2610808.59;1243552.36;7.581652;47.34274
4174.4;1192.8;2610808.59;1243552.36;7.581652;47.34274
4174.4;1192.8;2610808.59;1243552.36;7.581652;47.34274
4174.5;1192.8;2610808.59;1243552.47;7.581652;47.342741
4174.5;1192.8;2610808.59;1243552.47;7.581652;47.342741
4174.5;1192.8;2610808.59;1243552.47;7.581652;47.342741
4174.6;1192.8;2610808.59;1243552.36;7.581652;47.34274
4174.6;1192.8;2610808.59;1243552.36;7.581652;47.34274
4174.6;1192.8;2610808.59;1243552.36;7.581652;47.34274
4174.6;1192.8;2610808.59;1243552.36;7.581652;47.34274
4174.6;1192.8;2610808.59;1243552.36;7.581652;47.34274
4174.6;1192.8;2610808.59;1243552.36;7.581652;47.34274
4174.6;1192.8;2610808.59;1243552.36;7.581652;47.34274
4174.6;1192.8;2610808.59;1243552.36;7.581652;47.34274
4174.6;1192.8;2610808.59;1243552.36;7.581652;47.34274
4174.6;1192.8;2610808.59;1243552.36;7.581652;47.34274
4174.6;1192.8;2610808.59;1243552.36;7.581652;47.34274
4174.6;1192.8;2610808.59;1243552.36;7.581652;47.34274
4174.6;1192.8;2610808.59;1243552.36;7.581652;47.34274
4174.6;1192.8;2610808.59;1243552.36;7.581652;47.34274
4174.6;1192.8;2610808.59;1243552.36;7.581652;47.34274
4174.6;1192.8;2610808.59;1243552.36;7.581652;47.34274
4174.6;1192.8;2610808.59;1243552.36;7.581652;47.34274
4174.6;1192.8;2610808.59;1243552.36;7.581652;47.34274
4174.7;1192.8;2610808.51;1243552.36;7.581651;47.34274
4174.7;1192.8;2610808.51;1243552.36;7.581651;47.34274
4174.7;1192.8;2610808.51;1243552.36;7.581651;47.34274
4174.7;1192.8;2610808.51;1243552.36;7.581651;47.34274
4174.7;1192.8;2610808.51;1243552.36;7.581651;47.34274
4174.7;1192.8;2610808.51;1243552.36;7.581651;47.34274
4174.7;1192.8;2610808.51;1243552.36;7.581651;47.34274
4174.7;1192.8;2610808.51;1243552.36;7.581651;47.34274
4174.7;1192.8;2610808.51;1243552.36;7.581651;47.34274
4174.7;1192.8;2610808.51;1243552.36;7.581651;47.34274
4174.7;1192.8;2610808.51;1243552.36;7.581651;47.34274
4174.8;1192.8;2610808.44;1243552.36;7.58165;47.34274
4174.8;1192.8;2610808.44;1243552.36;7.58165;47.34274
4174.8;1192.8;2610808.44;1243552.36;7.58165;47.34274
4174.8;1192.8;2610808.44;1243552.36;7.58165;47.34274
4174.8;1192.8;2610808.44;1243552.36;7.58165;47.34274
4174.8;1192.8;2610808.44;1243552.36;7.58165;47.34274
4174.8;1192.8;2610808.44;1243552.36;7.58165;47.34274
4174.8;1192.8;2610808.44;1243552.36;7.58165;47.34274
4174.8;1192.8;2610808.44;1243552.36;7.58165;47.34274
4174.8;1192.8;2610808.44;1243552.36;7.58165;47.34274
4174.8;1192.8;2610808.44;1243552.36;7.58165;47.34274
4174.8;1192.8;2610808.44;1243552.36;7.58165;47.34274
4174.8;1192.8;2610808.44;1243552.36;7.58165;47.34274
4174.9;1192.8;2610808.36;1243552.36;7.581649;47.34274
4174.9;1192.8;2610808.36;1243552.36;7.581649;47.34274
4174.9;1192.8;2610808.36;1243552.36;7.581649;47.34274
4175;1192.8;2610808.44;1243552.25;7.58165;47.342739
4175.1;1192.8;2610808.44;1243552.36;7.58165;47.34274
4175.1;1192.8;2610808.44;1243552.36;7.58165;47.34274
4175.1;1192.8;2610808.44;1243552.36;7.58165;47.34274
4175.1;1192.8;2610808.44;1243552.36;7.58165;47.34274
4175.1;1192.8;2610808.44;1243552.36;7.58165;47.34274
4175.1;1192.8;2610808.44;1243552.36;7.58165;47.34274
4175.1;1192.8;2610808.44;1243552.36;7.58165;47.34274
4175.1;1192.8;2610808.44;1243552.36;7.58165;47.34274
4175.1;1192.8;2610808.44;1243552.36;7.58165;47.34274
4175.1;1192.8;2610808.44;1243552.36;7.58165;47.34274
4175.1;1192.8;2610808.44;1243552.36;7.58165;47.34274
4175.2;1192.8;2610808.36;1243552.36;7.581649;47.34274
4175.2;1192.8;2610808.44;1243552.36;7.58165;47.34274
4175.2;1192.8;2610808.44;1243552.36;7.58165;47.34274
4175.2;1192.8;2610808.44;1243552.36;7.58165;47.34274
4175.3;1192.8;2610808.36;1243552.36;7.581649;47.34274
4175.3;1192.8;2610808.36;1243552.36;7.581649;47.34274
4175.3;1192.8;2610808.36;1243552.36;7.581649;47.34274
4175.3;1192.8;2610808.36;1243552.36;7.581649;47.34274
4175.3;1192.8;2610808.36;1243552.36;7.581649;47.34274
4175.3;1192.8;2610808.36;1243552.36;7.581649;47.34274
4175.3;1192.8;2610808.36;1243552.36;7.581649;47.34274
4175.3;1192.8;2610808.36;1243552.36;7.581649;47.34274
4175.3;1192.8;2610808.36;1243552.36;7.581649;47.34274
4175.4;1192.8;2610808.44;1243552.36;7.58165;47.34274
4175.4;1192.8;2610808.44;1243552.36;7.58165;47.34274
4175.4;1192.8;2610808.44;1243552.36;7.58165;47.34274
4175.4;1192.8;2610808.44;1243552.36;7.58165;47.34274
4175.4;1192.8;2610808.44;1243552.36;7.58165;47.34274
4175.4;1192.8;2610808.44;1243552.36;7.58165;47.34274
4175.4;1192.8;2610808.44;1243552.36;7.58165;47.34274
4175.4;1192.8;2610808.44;1243552.36;7.58165;47.34274
4175.4;1192.8;2610808.44;1243552.36;7.58165;47.34274
4175.4;1192.8;2610808.44;1243552.36;7.58165;47.34274
4175.5;1192.8;2610808.51;1243552.36;7.581651;47.34274
4175.5;1192.8;2610808.51;1243552.36;7.581651;47.34274
4175.5;1192.8;2610808.51;1243552.36;7.581651;47.34274
4175.5;1192.8;2610808.51;1243552.36;7.581651;47.34274
4175.5;1192.8;2610808.51;1243552.36;7.581651;47.34274
4175.5;1192.8;2610808.51;1243552.36;7.581651;47.34274
4175.6;1192.8;2610808.44;1243552.25;7.58165;47.342739
4175.6;1192.8;2610808.44;1243552.25;7.58165;47.342739
4175.6;1192.8;2610808.44;1243552.25;7.58165;47.342739
4175.6;1192.8;2610808.44;1243552.25;7.58165;47.342739
4175.6;1192.8;2610808.44;1243552.25;7.58165;47.342739
4175.7;1192.8;2610808.36;1243552.25;7.581649;47.342739
4175.7;1192.8;2610808.36;1243552.25;7.581649;47.342739
4175.7;1192.8;2610808.36;1243552.25;7.581649;47.342739
4175.7;1192.8;2610808.36;1243552.25;7.581649;47.342739
4175.7;1192.8;2610808.36;1243552.25;7.581649;47.342739
4175.7;1192.8;2610808.36;1243552.25;7.581649;47.342739
4175.7;1192.8;2610808.36;1243552.25;7.581649;47.342739
4175.7;1192.8;2610808.36;1243552.25;7.581649;47.342739
4175.8;1192.8;2610808.36;1243552.36;7.581649;47.34274
4175.8;1192.8;2610808.36;1243552.36;7.581649;47.34274
4175.9;1192.8;2610808.44;1243552.36;7.58165;47.34274
4175.9;1192.8;2610808.36;1243552.36;7.581649;47.34274
4175.9;1192.8;2610808.36;1243552.36;7.581649;47.34274
4175.9;1192.8;2610808.36;1243552.36;7.581649;47.34274
4175.9;1192.8;2610808.36;1243552.36;7.581649;47.34274
4176;1192.8;2610808.28;1243552.36;7.581648;47.34274
4176;1192.8;2610808.28;1243552.36;7.581648;47.34274
4176;1192.8;2610808.28;1243552.36;7.581648;47.34274
4176;1192.8;2610808.28;1243552.36;7.581648;47.34274
4176;1192.8;2610808.28;1243552.36;7.581648;47.34274
4176.1;1192.8;2610808.36;1243552.36;7.581649;47.34274
4176.1;1192.8;2610808.36;1243552.36;7.581649;47.34274
4176.2;1192.8;2610808.28;1243552.36;7.581648;47.34274
4176.2;1192.8;2610808.28;1243552.36;7.581648;47.34274
4176.2;1192.8;2610808.28;1243552.36;7.581648;47.34274
4176.2;1192.8;2610808.28;1243552.36;7.581648;47.34274
4176.2;1192.8;2610808.36;1243552.36;7.581649;47.34274
4176.2;1192.8;2610808.36;1243552.36;7.581649;47.34274
4176.2;1192.8;2610808.36;1243552.36;7.581649;47.34274
4176.2;1192.8;2610808.36;1243552.36;7.581649;47.34274
4176.2;1192.8;2610808.36;1243552.36;7.581649;47.34274
4176.2;1192.8;2610808.36;1243552.36;7.581649;47.34274
4176.4;1192.8;2610808.36;1243552.25;7.581649;47.342739
4176.4;1192.8;2610808.44;1243552.25;7.58165;47.342739
4176.4;1192.8;2610808.44;1243552.25;7.58165;47.342739
4176.4;1192.8;2610808.44;1243552.25;7.58165;47.342739
4176.5;1192.8;2610808.51;1243552.25;7.581651;47.342739
4176.5;1192.8;2610808.51;1243552.25;7.581651;47.342739
4176.5;1192.8;2610808.51;1243552.25;7.581651;47.342739
4176.5;1192.8;2610808.51;1243552.25;7.581651;47.342739
4176.6;1192.8;2610808.59;1243552.25;7.581652;47.342739
4176.6;1192.8;2610808.59;1243552.25;7.581652;47.342739
4176.6;1192.8;2610808.59;1243552.25;7.581652;47.342739
4176.6;1192.8;2610808.59;1243552.25;7.581652;47.342739
4176.6;1192.8;2610808.59;1243552.25;7.581652;47.342739
4176.6;1192.8;2610808.59;1243552.25;7.581652;47.342739
4176.6;1192.8;2610808.59;1243552.25;7.581652;47.342739
4176.6;1192.8;2610808.59;1243552.25;7.581652;47.342739
4176.6;1192.8;2610808.59;1243552.25;7.581652;47.342739
4176.6;1192.8;2610808.59;1243552.25;7.581652;47.342739
4176.6;1192.8;2610808.59;1243552.25;7.581652;47.342739
4176.6;1192.8;2610808.59;1243552.25;7.581652;47.342739
4176.7;1192.8;2610808.51;1243552.36;7.581651;47.34274
4176.8;1192.8;2610808.51;1243552.47;7.581651;47.342741
4177;1192.8;2610808.36;1243552.58;7.581649;47.342742
4177.3;1192.8;2610808.66;1243552.58;7.581653;47.342742
4177.4;1192.8;2610808.74;1243552.58;7.581654;47.342742
4177.6;1192.8;2610808.59;1243552.69;7.581652;47.342743
4177.7;1192.8;2610808.66;1243552.69;7.581653;47.342743
4177.7;1192.8;2610808.66;1243552.69;7.581653;47.342743
4177.7;1192.8;2610808.74;1243552.69;7.581654;47.342743
4177.9;1192.8;2610808.81;1243552.81;7.581655;47.342744
4178;1192.8;2610808.89;1243552.69;7.581656;47.342743
4178.4;1192.8;2610809.19;1243552.47;7.58166;47.342741
4178.5;1192.8;2610809.27;1243552.47;7.581661;47.342741
4178.5;1192.8;2610809.27;1243552.47;7.581661;47.342741
4178.5;1192.8;2610809.27;1243552.47;7.581661;47.342741
4178.8;1192.8;2610809.57;1243552.25;7.581665;47.342739
4179.4;1192.8;2610810.17;1243552.25;7.581673;47.342739
4179.9;1192.8;2610810.55;1243552.47;7.581678;47.342741
4180.1;1192.8;2610810.55;1243552.7;7.581678;47.342743
4180.2;1192.8;2610810.55;1243552.81;7.581678;47.342744
4180.6;1192.8;2610810.93;1243552.81;7.581683;47.342744
4181;1192.8;2610811.31;1243552.7;7.581688;47.342743
4181.1;1192.8;2610811.38;1243552.81;7.581689;47.342744
4181.1;1192.8;2610811.38;1243552.81;7.581689;47.342744
4181.5;1192.8;2610811.61;1243553.14;7.581692;47.342747
4182.1;1192.8;2610811;1243553.14;7.581684;47.342747
4183;1192.8;2610810.1;1243553.03;7.581672;47.342746
4183.7;1192.8;2610809.42;1243553.03;7.581663;47.342746
4184.6;1192.8;2610808.81;1243553.69;7.581655;47.342752
4187.8;1192.9;2610810.62;1243556.25;7.581679;47.342775
4188.9;1192.9;2610810.84;1243557.37;7.581682;47.342785
4190.1;1192.9;2610811.6;1243556.37;7.581692;47.342776
4190.4;1192.9;2610811.75;1243556.15;7.581694;47.342774
4190.5;1192.9;2610811.83;1243556.03;7.581695;47.342773
4190.7;1193.1;2610811.91;1243555.92;7.581696;47.342772
4191.4;1193;2610812.59;1243555.92;7.581705;47.342772
4191.8;1193;2610813.04;1243555.93;7.581711;47.342772
4191.9;1193;2610813.04;1243555.81;7.581711;47.342771
4193.7;1192.9;2610814.63;1243555.04;7.581732;47.342764
4194.6;1192.9;2610815.46;1243554.6;7.581743;47.34276
4195.3;1192.9;2610814.93;1243554.26;7.581736;47.342757
4195.3;1192.9;2610814.93;1243554.26;7.581736;47.342757
4198;1192.1;2610816.07;1243551.82;7.581751;47.342735
4199.4;1192.1;2610817.51;1243551.82;7.58177;47.342735
4200.1;1192.4;2610817.35;1243552.49;7.581768;47.342741
4201;1192.4;2610816.9;1243553.26;7.581762;47.342748
4201.3;1192.4;2610816.9;1243553.6;7.581762;47.342751
4201.5;1192.4;2610817.05;1243553.49;7.581764;47.34275
4202;1192.4;2610817.43;1243553.15;7.581769;47.342747
4202.6;1192.4;2610817.96;1243552.93;7.581776;47.342745
4203.4;1192.5;2610818.79;1243552.71;7.581787;47.342743
4204.2;1192.5;2610819.54;1243552.6;7.581797;47.342742
4205;1192.2;2610820.3;1243552.6;7.581807;47.342742
4205.8;1192.2;2610821.06;1243552.27;7.581817;47.342739
4206.6;1191.6;2610821.66;1243551.72;7.581825;47.342734
4207.4;1191.5;2610822.42;1243551.61;7.581835;47.342733
4208.1;1191.5;2610823.1;1243551.39;7.581844;47.342731
4209.6;1191.8;2610824.23;1243552.39;7.581859;47.34274
4210.3;1191.8;2610824.91;1243552.28;7.581868;47.342739
4212.1;1190.9;2610826.65;1243551.95;7.581891;47.342736
4213;1190.9;2610827.48;1243551.5;7.581902;47.342732
4214;1190.5;2610828.39;1243551.06;7.581914;47.342728
4215.2;1190.5;2610829.45;1243550.62;7.581928;47.342724
4216.1;1190.5;2610830.35;1243550.62;7.58194;47.342724
4217.1;1190.5;2610831.26;1243551.07;7.581952;47.342728
4218.2;1189.9;2610832.01;1243551.96;7.581962;47.342736
4219;1190.3;2610832.32;1243552.63;7.581966;47.342742
4219.9;1190.3;2610832.69;1243553.52;7.581971;47.34275
4221;1191;2610833.22;1243554.41;7.581978;47.342758
4222.3;1191;2610833.82;1243555.63;7.581986;47.342769
4223.2;1191.3;2610834.12;1243556.41;7.58199;47.342776
4224.2;1191.3;2610834.35;1243557.41;7.581993;47.342785
4225.2;1192;2610834.72;1243558.3;7.581998;47.342793
4226.2;1192;2610835.02;1243559.3;7.582002;47.342802
4227.2;1192.7;2610835.1;1243560.3;7.582003;47.342811
4228.1;1192.7;2610835.1;1243561.19;7.582003;47.342819
4229.2;1193.1;2610835.25;1243562.3;7.582005;47.342829
4231;1193.1;2610835.85;1243563.97;7.582013;47.342844
4232;1193.6;2610836.3;1243564.86;7.582019;47.342852
4232.9;1193.6;2610836.83;1243565.64;7.582026;47.342859
4234.7;1194;2610838.03;1243566.98;7.582042;47.342871
4235.6;1194;2610838.79;1243567.31;7.582052;47.342874
4236.9;1194;2610839.92;1243567.98;7.582067;47.34288
4237.9;1194.4;2610840.83;1243568.43;7.582079;47.342884
4238.9;1194.4;2610841.73;1243568.87;7.582091;47.342888
4240;1193.9;2610842.64;1243569.43;7.582103;47.342893
4241;1194.5;2610843.39;1243570.1;7.582113;47.342899
4242.1;1194.4;2610844.15;1243570.88;7.582123;47.342906
4243.3;1194.4;2610844.98;1243571.77;7.582134;47.342914
4244.8;1194.6;2610846.11;1243572.77;7.582149;47.342923
4247.1;1195;2610847.69;1243574.44;7.58217;47.342938
4248.2;1194.8;2610848.52;1243575.22;7.582181;47.342945
4249.3;1194.8;2610849.43;1243575.89;7.582193;47.342951
4251.4;1194.7;2610850.79;1243577.45;7.582211;47.342965
4252.7;1195.1;2610851.77;1243578.23;7.582224;47.342972
4254.9;1194.9;2610853.58;1243579.46;7.582248;47.342983
4256.2;1195.1;2610854.63;1243580.24;7.582262;47.34299
4257.4;1195.1;2610855.54;1243581.13;7.582274;47.342998
4258.4;1194.8;2610856.37;1243581.69;7.582285;47.343003
4259.5;1194.8;2610857.43;1243581.91;7.582299;47.343005
4261.8;1195.1;2610859.69;1243582.25;7.582329;47.343008
4262.8;1194.5;2610860.68;1243582.25;7.582342;47.343008
4263.9;1194.5;2610861.81;1243582.25;7.582357;47.343008
4265.2;1194;2610863.02;1243582.59;7.582373;47.343011
4266.3;1193.4;2610864.08;1243582.92;7.582387;47.343014
4267.4;1193.4;2610865.06;1243583.37;7.5824;47.343018
4269;1193.5;2610866.57;1243584.04;7.58242;47.343024
4270.7;1192.3;2610868.23;1243583.6;7.582442;47.34302
4271.7;1192.3;2610869.14;1243583.38;7.582454;47.343018
4272.7;1191.8;2610870.2;1243583.38;7.582468;47.343018
4274;1191.8;2610871.4;1243583.6;7.582484;47.34302
4276.4;1191.8;2610873.67;1243584.39;7.582514;47.343027
4277.8;1191.3;2610874.73;1243585.39;7.582528;47.343036
4279;1191.9;2610875.56;1243586.28;7.582539;47.343044
4281.4;1191.4;2610877.59;1243587.51;7.582566;47.343055
4282.8;1190.7;2610878.96;1243587.18;7.582584;47.343052
4284.2;1190.4;2610880.32;1243586.96;7.582602;47.34305
4285.5;1190.4;2610881.6;1243586.96;7.582619;47.34305
4288.4;1189.5;2610884.4;1243587.85;7.582656;47.343058
4291;1189.6;2610886.81;1243588.86;7.582688;47.343067
4292.4;1189;2610888.02;1243589.42;7.582704;47.343072
4293.7;1189.6;2610889.08;1243590.31;7.582718;47.34308
4296.9;1189.7;2610891.57;1243592.31;7.582751;47.343098
4298;1189.2;2610892.47;1243592.76;7.582763;47.343102
4299.3;1189.2;2610893.76;1243593.21;7.58278;47.343106
4300.6;1188.6;2610894.96;1243593.77;7.582796;47.343111
4301.8;1189;2610896.02;1243594.21;7.58281;47.343115
4304;1189;2610897.91;1243595.44;7.582835;47.343126
4305.6;1188.8;2610899.04;1243596.44;7.58285;47.343135
4306.4;1188.8;2610899.64;1243597;7.582858;47.34314
4307.1;1187.9;2610900.1;1243597.55;7.582864;47.343145
4307.9;1188.7;2610900.47;1243598.22;7.582869;47.343151
4308.8;1188.7;2610900.92;1243599;7.582875;47.343158
4309.4;1188.7;2610901.45;1243599.45;7.582882;47.343162
4310.1;1188;2610902.06;1243599.78;7.58289;47.343165
4311.1;1188.5;2610902.96;1243600.12;7.582902;47.343168
4312.2;1188.5;2610903.94;1243600.56;7.582915;47.343172
4314.6;1188.7;2610905.23;1243602.57;7.582932;47.34319
4316.2;1188.7;2610906.05;1243604.01;7.582943;47.343203
4317.5;1188.7;2610906.96;1243604.91;7.582955;47.343211
4318.8;1188.7;2610907.86;1243605.8;7.582967;47.343219
4321.9;1187.7;2610910.36;1243607.69;7.583;47.343236
4322.7;1188.3;2610910.96;1243608.25;7.583008;47.343241
4323.8;1188.3;2610911.71;1243609.03;7.583018;47.343248
4324.9;1187.8;2610912.32;1243609.92;7.583026;47.343256
4326;1188.3;2610912.99;1243610.81;7.583035;47.343264
4327.1;1188.3;2610913.67;1243611.7;7.583044;47.343272
4328.2;1188.1;2610914.2;1243612.59;7.583051;47.34328
4329.9;1188.8;2610915.26;1243614.04;7.583065;47.343293
4330.8;1188;2610916.01;1243614.48;7.583075;47.343297
4332;1188;2610917.07;1243615.04;7.583089;47.343302
4333.3;1187.5;2610918.12;1243615.71;7.583103;47.343308
4334.5;1188.1;2610919.11;1243616.49;7.583116;47.343315
4335.6;1188.1;2610919.86;1243617.27;7.583126;47.343322
4337.2;1188;2610920.92;1243618.5;7.58314;47.343333
4338;1188;2610921.52;1243618.94;7.583148;47.343337
4340.4;1188.1;2610923.33;1243620.5;7.583172;47.343351
4341.6;1187.4;2610924.23;1243621.39;7.583184;47.343359
4342.8;1188;2610924.91;1243622.28;7.583193;47.343367
4344.1;1188;2610925.59;1243623.4;7.583202;47.343377
4346.8;1187.9;2610927.17;1243625.62;7.583223;47.343397
4347.9;1188.6;2610927.93;1243626.4;7.583233;47.343404
4349.1;1188.1;2610928.83;1243627.18;7.583245;47.343411
4350.3;1188.1;2610929.82;1243627.96;7.583258;47.343418
4351.5;1187.9;2610930.8;1243628.63;7.583271;47.343424
4352.7;1187.9;2610931.78;1243629.3;7.583284;47.34343
4353.9;1187.2;2610932.83;1243629.97;7.583298;47.343436
4355.6;1187.2;2610934.19;1243630.86;7.583316;47.343444
4356.6;1187.2;2610935.02;1243631.53;7.583327;47.34345
4359.3;1187;2610936.98;1243633.31;7.583353;47.343466
4360.5;1186.7;2610938.04;1243633.98;7.583367;47.343472
4361.9;1187.3;2610939.17;1243634.65;7.583382;47.343478
4363.2;1186.4;2610940.31;1243635.32;7.583397;47.343484
4364.5;1186.9;2610941.44;1243636.1;7.583412;47.343491
4365.5;1186.3;2610942.27;1243636.55;7.583423;47.343495
4366.6;1186.3;2610943.17;1243637.1;7.583435;47.3435
4368.9;1186.2;2610944.83;1243638.77;7.583457;47.343515
4369.8;1186.2;2610945.29;1243639.55;7.583463;47.343522
4370.6;1186.6;2610945.89;1243640.11;7.583471;47.343527
4371.4;1186;2610946.57;1243640.44;7.58348;47.34353
4371.9;1186;2610947.02;1243640.56;7.583486;47.343531
4372.8;1186;2610947.93;1243640.89;7.583498;47.343534
4373.9;1185.5;2610948.99;1243641.23;7.583512;47.343537
4376.2;1185.5;2610951.02;1243642.23;7.583539;47.343546
4377.5;1184.8;2610952.23;1243642.57;7.583555;47.343549
4378.5;1184.8;2610953.29;1243642.79;7.583569;47.343551
4379.5;1184.4;2610954.27;1243643.02;7.583582;47.343553
4381.6;1183.8;2610956.31;1243643.46;7.583609;47.343557
4382.4;1183.8;2610957.07;1243643.35;7.583619;47.343556
4383.3;1183.8;2610957.97;1243643.25;7.583631;47.343555
4384.3;1183.6;2610958.96;1243642.91;7.583644;47.343552
4385.6;1183.3;2610960.09;1243642.36;7.583659;47.343547
4388;1182.3;2610962.44;1243641.81;7.58369;47.343542
4389.3;1182.3;2610963.65;1243641.37;7.583706;47.343538
4390.7;1182.1;2610965.01;1243641.15;7.583724;47.343536
4392.1;1181.5;2610966.37;1243641.37;7.583742;47.343538
4394.7;1181.4;2610968.78;1243642.38;7.583774;47.343547
4395.9;1181.4;2610969.76;1243643.16;7.583787;47.343554
4397.2;1180.9;2610970.82;1243643.82;7.583801;47.34356
4399.5;1180.7;2610972.71;1243645.16;7.583826;47.343572
4400.5;1180.7;2610973.54;1243645.72;7.583837;47.343577
4401.6;1180.5;2610974.44;1243646.28;7.583849;47.343582
4402.6;1180.5;2610975.35;1243646.84;7.583861;47.343587
4404.2;1180;2610976.78;1243647.5;7.58388;47.343593
4404.8;1180;2610977.31;1243647.84;7.583887;47.343596
4406.7;1179.7;2610978.9;1243648.84;7.583908;47.343605
4407.7;1179.7;2610979.73;1243649.29;7.583919;47.343609
4408.6;1179.4;2610980.48;1243649.85;7.583929;47.343614
4410.4;1179.5;2610981.84;1243651.07;7.583947;47.343625
4412;1179.3;2610983.05;1243652.07;7.583963;47.343634
4413.1;1179.3;2610983.73;1243652.97;7.583972;47.343642
4414.2;1178.9;2610984.4;1243653.86;7.583981;47.34365
4415.3;1179.3;2610985.08;1243654.75;7.58399;47.343658
4416.5;1179.3;2610985.99;1243655.42;7.584002;47.343664
4418.9;1178.5;2610988.1;1243656.53;7.58403;47.343674
4420.1;1178.5;2610989.23;1243657.09;7.584045;47.343679
4421.1;1178.5;2610989.99;1243657.65;7.584055;47.343684
4422.1;1178;2610990.74;1243658.43;7.584065;47.343691
4423.4;1178;2610991.57;1243659.43;7.584076;47.3437
4424.6;1177.8;2610992.48;1243660.21;7.584088;47.343707
4425.9;1177.8;2610993.54;1243660.88;7.584102;47.343713
4427.1;1177.4;2610994.52;1243661.66;7.584115;47.34372
4428.6;1177.5;2610995.72;1243662.55;7.584131;47.343728
4429.8;1177.2;2610996.78;1243663;7.584145;47.343732
4431.2;1176.5;2610998.06;1243663.55;7.584162;47.343737
4432.5;1176.7;2610999.27;1243664.11;7.584178;47.343742
4433.8;1176;2611000.25;1243664.89;7.584191;47.343749
4435.1;1176;2611001.23;1243665.78;7.584204;47.343757
4436.4;1175.6;2611002.22;1243666.56;7.584217;47.343764
4438.8;1175.2;2611004.1;1243668.12;7.584242;47.343778
4439.9;1175.2;2611004.78;1243669.01;7.584251;47.343786
4441;1175.2;2611005.46;1243669.91;7.58426;47.343794
4442.1;1174.7;2611006.06;1243670.8;7.584268;47.343802
4443.2;1174.7;2611006.66;1243671.69;7.584276;47.34381
4444.2;1174.6;2611007.42;1243672.35;7.584286;47.343816
4444.8;1174.6;2611007.72;1243672.91;7.58429;47.343821
4445.1;1174.6;2611007.49;1243672.91;7.584287;47.343821
4445.4;1174.6;2611007.19;1243672.91;7.584283;47.343821
4445.6;1174.6;2611006.96;1243672.8;7.58428;47.34382
4445.9;1174.6;2611006.81;1243672.58;7.584278;47.343818
4446;1174.6;2611006.74;1243672.46;7.584277;47.343817
4446.3;1174.6;2611006.66;1243672.24;7.584276;47.343815
4446.4;1174.6;2611006.66;1243672.13;7.584276;47.343814
4446.6;1174.7;2611006.59;1243671.91;7.584275;47.343812
4446.6;1174.7;2611006.59;1243671.91;7.584275;47.343812
4446.7;1174.7;2611006.51;1243671.91;7.584274;47.343812
4446.8;1174.7;2611006.51;1243671.8;7.584274;47.343811
4446.9;1174.7;2611006.44;1243671.8;7.584273;47.343811
4446.9;1174.7;2611006.44;1243671.8;7.584273;47.343811
4446.9;1174.7;2611006.51;1243671.8;7.584274;47.343811
4446.9;1174.7;2611006.51;1243671.8;7.584274;47.343811
4446.9;1174.7;2611006.51;1243671.8;7.584274;47.343811
4447.1;1174.7;2611006.44;1243671.69;7.584273;47.34381
4447.1;1174.7;2611006.44;1243671.69;7.584273;47.34381
4447.2;1174.7;2611006.44;1243671.57;7.584273;47.343809
4447.3;1174.7;2611006.51;1243671.69;7.584274;47.34381
4447.6;1174.7;2611006.21;1243671.8;7.58427;47.343811
4448;1175.4;2611005.98;1243671.57;7.584267;47.343809
4448.1;1175.4;2611005.83;1243671.46;7.584265;47.343808
4448.3;1175.4;2611005.68;1243671.35;7.584263;47.343807
4448.4;1175.4;2611005.68;1243671.24;7.584263;47.343806
4448.5;1175.4;2611005.61;1243671.24;7.584262;47.343806
4448.6;1175.4;2611005.68;1243671.24;7.584263;47.343806
4449;1174.7;2611006.06;1243671.24;7.584268;47.343806
4449.7;1174.7;2611006.59;1243671.69;7.584275;47.34381
4450.8;1174.6;2611007.49;1243672.36;7.584287;47.343816
4452.2;1174;2611008.63;1243673.14;7.584302;47.343823
4454.6;1173.6;2611010.44;1243674.81;7.584326;47.343838
4455.8;1173.6;2611011.49;1243675.36;7.58434;47.343843
4457.2;1172.9;2611012.63;1243676.14;7.584355;47.34385
4458.3;1172.9;2611013.38;1243676.92;7.584365;47.343857
4459.5;1172.5;2611014.06;1243677.93;7.584374;47.343866
4460.6;1172.9;2611014.89;1243678.71;7.584385;47.343873
4461.7;1172.9;2611015.72;1243679.37;7.584396;47.343879
4462.8;1172.3;2611016.62;1243679.93;7.584408;47.343884
4463.9;1172.6;2611017.38;1243680.71;7.584418;47.343891
4464.9;1172.1;2611018.13;1243681.49;7.584428;47.343898
4466;1172.1;2611019.11;1243681.83;7.584441;47.343901
4467.3;1171.3;2611020.4;1243681.72;7.584458;47.3439
4468.5;1171.3;2611021.61;1243681.83;7.584474;47.343901
4469.6;1170.9;2611022.67;1243682.17;7.584488;47.343904
4471.1;1170.9;2611023.8;1243683.17;7.584503;47.343913
4473.2;1169.9;2611025.15;1243684.73;7.584521;47.343927
4474.5;1169.9;2611025.98;1243685.73;7.584532;47.343936
4475.6;1169.1;2611026.74;1243686.62;7.584542;47.343944
4476.7;1169.1;2611027.19;1243687.62;7.584548;47.343953
4477.9;1169.1;2611027.49;1243688.74;7.584552;47.343963
4479.6;1169.2;2611027.71;1243690.4;7.584555;47.343978
4481.5;1168.5;2611028.16;1243692.29;7.584561;47.343995
4482.8;1168.5;2611028.99;1243693.3;7.584572;47.344004
4484.1;1168.4;2611029.9;1243694.19;7.584584;47.344012
4485.4;1167.9;2611030.8;1243695.08;7.584596;47.34402
4486.5;1167.9;2611031.63;1243695.86;7.584607;47.344027
4487.7;1167;2611032.69;1243696.53;7.584621;47.344033
4489.1;1167;2611033.9;1243697.2;7.584637;47.344039
4490.3;1166.5;2611034.95;1243697.76;7.584651;47.344044
4491.6;1166.3;2611035.86;1243698.65;7.584663;47.344052
4492.9;1166;2611036.54;1243699.76;7.584672;47.344062
4494.2;1165.9;2611037.22;1243700.87;7.584681;47.344072
4495.4;1165.5;2611038.2;1243701.54;7.584694;47.344078
4496.9;1165.5;2611039.71;1243701.77;7.584714;47.34408
4498.9;1164.9;2611041.67;1243701.99;7.58474;47.344082
4500.5;1164.3;2611043.03;1243702.77;7.584758;47.344089
4503.5;1163.9;2611045.67;1243704.33;7.584793;47.344103
4505;1163.5;2611046.96;1243705.12;7.58481;47.34411
4506.3;1163.1;2611048.09;1243705.78;7.584825;47.344116
4507.8;1162.9;2611049.3;1243706.57;7.584841;47.344123
4509.2;1162.6;2611050.58;1243707.12;7.584858;47.344128
4510.8;1162.2;2611052.01;1243707.9;7.584877;47.344135
4511.8;1161.9;2611052.84;1243708.46;7.584888;47.34414
4513.1;1161.9;2611053.98;1243709.13;7.584903;47.344146
4514.4;1161.7;2611055.11;1243709.69;7.584918;47.344151
4515.8;1161.2;2611056.24;1243710.47;7.584933;47.344158
4517.1;1161.2;2611057.37;1243711.14;7.584948;47.344164
4518.5;1160.9;2611058.51;1243711.92;7.584963;47.344171
4520.1;1160.7;2611059.79;1243712.92;7.58498;47.34418
4521.2;1160.4;2611060.54;1243713.7;7.58499;47.344187
4522.5;1160.2;2611061.6;1243714.59;7.585004;47.344195
4523.9;1159.9;2611062.5;1243715.6;7.585016;47.344204
4525.2;1159.8;2611063.41;1243716.49;7.585028;47.344212
4527.6;1159.3;2611064.99;1243718.38;7.585049;47.344229
4529.4;1159;2611066.05;1243719.83;7.585063;47.344242
4530.2;1158.7;2611066.42;1243720.49;7.585068;47.344248
4531.5;1158.7;2611067.03;1243721.61;7.585076;47.344258
4532.9;1158.3;2611067.71;1243722.83;7.585085;47.344269
4535.3;1158;2611069.21;1243724.72;7.585105;47.344286
4536.2;1158;2611069.97;1243725.28;7.585115;47.344291
4537.7;1157.5;2611071.25;1243726.06;7.585132;47.344298
4538.2;1157.5;2611071.63;1243726.29;7.585137;47.3443
4538.4;1157.5;2611071.86;1243726.18;7.58514;47.344299
4538.7;1157.3;2611072.08;1243726.4;7.585143;47.344301
4539.2;1157.3;2611072.38;1243726.73;7.585147;47.344304
4539.2;1157.3;2611072.38;1243726.73;7.585147;47.344304
4539.3;1157.3;2611072.31;1243726.73;7.585146;47.344304
4539.4;1157.3;2611072.31;1243726.84;7.585146;47.344305
4540.1;1157.3;2611072.46;1243727.51;7.585148;47.344311
4541.1;1156.8;2611072.76;1243728.51;7.585152;47.34432
4542.6;1156.8;2611073.06;1243729.96;7.585156;47.344333
4543.1;1156.3;2611073.36;1243730.4;7.58516;47.344337
4544.1;1156.3;2611074.34;1243730.07;7.585173;47.344334
4545.8;1156.6;2611075.7;1243729.18;7.585191;47.344326
4547.5;1156.4;2611077.07;1243728.07;7.585209;47.344316
4549.4;1156.3;2611078.2;1243726.63;7.585224;47.344303
4551.1;1156.5;2611078.96;1243725.08;7.585234;47.344289
4552.8;1156.8;2611079.64;1243723.52;7.585243;47.344275
4554.4;1156.4;2611080.33;1243722.08;7.585252;47.344262
4556;1156.6;2611081.09;1243720.63;7.585262;47.344249
4557.5;1156.8;2611081.77;1243719.3;7.585271;47.344237
4558.9;1156.5;2611082.45;1243718.08;7.58528;47.344226
4560.1;1156.5;2611083.13;1243717.08;7.585289;47.344217
4561.2;1156.5;2611083.66;1243716.19;7.585296;47.344209
4564.1;1155.8;2611085.25;1243713.75;7.585317;47.344187
4564.9;1155.8;2611085.78;1243713.08;7.585324;47.344181
4566.1;1155.3;2611086.62;1243712.3;7.585335;47.344174
4567;1155;2611087.3;1243711.64;7.585344;47.344168
4568.2;1154.6;2611088.13;1243710.86;7.585355;47.344161
4569.4;1154.6;2611089.19;1243710.2;7.585369;47.344155
4570.6;1154;2611090.17;1243709.53;7.585382;47.344149
4571.9;1154;2611091.16;1243708.76;7.585395;47.344142
4573;1153.9;2611092.07;1243708.09;7.585407;47.344136
4575.5;1153.3;2611094.03;1243706.54;7.585433;47.344122
4576.6;1153.1;2611094.94;1243705.98;7.585445;47.344117
4577.8;1152.8;2611096;1243705.32;7.585459;47.344111
4579.1;1152.8;2611097.21;1243704.88;7.585475;47.344107
4580.5;1152.5;2611098.42;1243704.21;7.585491;47.344101
4583;1152.2;2611100.46;1243702.77;7.585518;47.344088
4584;1152.2;2611101.37;1243702.21;7.58553;47.344083
4585.2;1151.5;2611102.36;1243701.55;7.585543;47.344077
4587.3;1151.3;2611104.1;1243700.33;7.585566;47.344066
4588.4;1150.8;2611104.7;1243699.44;7.585574;47.344058
4589.5;1150.8;2611105.23;1243698.55;7.585581;47.34405
4591.7;1150.2;2611106.97;1243697.11;7.585604;47.344037
4592.8;1150.2;2611107.66;1243696.22;7.585613;47.344029
4594;1149.7;2611108.49;1243695.45;7.585624;47.344022
4595.1;1149.7;2611109.24;1243694.67;7.585634;47.344015
4596.1;1149.3;2611109.85;1243693.78;7.585642;47.344007
4597.1;1149.2;2611110.46;1243693;7.58565;47.344
4598.7;1148.8;2611111.44;1243691.78;7.585663;47.343989
4600.7;1148.7;2611112.65;1243690.23;7.585679;47.343975
4601.9;1148.4;2611113.49;1243689.34;7.58569;47.343967
4604.3;1147.9;2611115.3;1243687.68;7.585714;47.343952
4605.7;1147.8;2611116.36;1243686.9;7.585728;47.343945
4607;1147.8;2611117.5;1243686.12;7.585743;47.343938
4608.3;1147.3;2611118.56;1243685.46;7.585757;47.343932
4609.7;1147.3;2611119.62;1243684.57;7.585771;47.343924
4611;1146.8;2611120.6;1243683.68;7.585784;47.343916
4612.3;1146.8;2611121.58;1243682.8;7.585797;47.343908
4613.6;1146.5;2611122.57;1243681.91;7.58581;47.3439
4614.8;1146.5;2611123.48;1243681.13;7.585822;47.343893
4616.2;1146.4;2611124.54;1243680.24;7.585836;47.343885
4617.8;1146.1;2611125.67;1243679.13;7.585851;47.343875
4618.9;1146;2611126.51;1243678.36;7.585862;47.343868
4620.3;1145.7;2611127.56;1243677.47;7.585876;47.34386
4621.7;1145.6;2611128.78;1243676.81;7.585892;47.343854
4624.4;1145.3;2611131.04;1243675.36;7.585922;47.343841
4625.7;1145.3;2611132.18;1243674.7;7.585937;47.343835
4627.6;1144.9;2611133.62;1243673.48;7.585956;47.343824
4628.6;1144.9;2611134.37;1243672.81;7.585966;47.343818
4630;1144.6;2611135.36;1243671.81;7.585979;47.343809
4631.5;1144.5;2611136.42;1243670.82;7.585993;47.3438
4632.7;1144.2;2611137.33;1243669.93;7.586005;47.343792
4634.1;1144.2;2611138.31;1243669.04;7.586018;47.343784
4635.5;1144.2;2611139.37;1243668.04;7.586032;47.343775
4638.3;1143.9;2611141.57;1243666.27;7.586061;47.343759
4639.7;1143.5;2611142.63;1243665.38;7.586075;47.343751
4641.1;1143.5;2611143.53;1243664.38;7.586087;47.343742
4642.6;1143.1;2611144.52;1243663.27;7.5861;47.343732
4644;1143.1;2611145.58;1243662.27;7.586114;47.343723
4645.4;1142.8;2611146.79;1243661.5;7.58613;47.343716
4646.9;1142.8;2611148;1243660.61;7.586146;47.343708
4648.5;1142.4;2611149.29;1243659.72;7.586163;47.3437
4649.8;1142.4;2611150.35;1243658.95;7.586177;47.343693
4651.2;1142.4;2611151.41;1243658.06;7.586191;47.343685
4654;1142;2611153.6;1243656.28;7.58622;47.343669
4655.4;1141.8;2611154.58;1243655.28;7.586233;47.34366
4656.6;1141.8;2611155.49;1243654.51;7.586245;47.343653
4658.2;1141.6;2611156.7;1243653.51;7.586261;47.343644
4659.4;1141.6;2611157.61;1243652.73;7.586273;47.343637
4660.6;1141.3;2611158.6;1243651.96;7.586286;47.34363
4663.3;1141.3;2611160.71;1243650.4;7.586314;47.343616
4664.7;1141.1;2611161.77;1243649.52;7.586328;47.343608
4666;1141.1;2611162.76;1243648.63;7.586341;47.3436
4667.5;1141;2611163.97;1243647.63;7.586357;47.343591
4668.7;1141;2611164.88;1243646.97;7.586369;47.343585
4670;1141;2611165.94;1243646.19;7.586383;47.343578
4672.7;1140.8;2611167.83;1243644.3;7.586408;47.343561
4674;1140.7;2611168.81;1243643.42;7.586421;47.343553
4675.3;1140.7;2611169.72;1243642.53;7.586433;47.343545
4677.1;1140.5;2611171.08;1243641.31;7.586451;47.343534
4678;1140.5;2611171.77;1243640.75;7.58646;47.343529
4679.2;1140.3;2611172.67;1243639.98;7.586472;47.343522
4681.8;1140.3;2611174.64;1243638.2;7.586498;47.343506
4682.9;1140.1;2611175.55;1243637.65;7.58651;47.343501
4684.1;1140.1;2611176.53;1243636.87;7.586523;47.343494
4685.5;1139.9;2611177.52;1243635.98;7.586536;47.343486
4686.8;1139.9;2611178.65;1243635.21;7.586551;47.343479
4688;1139.9;2611179.56;1243634.54;7.586563;47.343473
4689.1;1139.7;2611180.47;1243633.76;7.586575;47.343466
4690.3;1139.7;2611181.45;1243633.1;7.586588;47.34346
4691.6;1139.7;2611182.51;1243632.43;7.586602;47.343454
4692.9;1139.5;2611183.65;1243631.77;7.586617;47.343448
4694.2;1139.5;2611184.71;1243631.1;7.586631;47.343442
4695.7;1139.5;2611185.92;1243630.22;7.586647;47.343434
4696.7;1139.2;2611186.67;1243629.55;7.586657;47.343428
4698;1139.2;2611187.73;1243628.66;7.586671;47.34342
4699.4;1139.1;2611188.72;1243627.66;7.586684;47.343411
4702.2;1138.9;2611190.69;1243625.67;7.58671;47.343393
4703.6;1138.9;2611191.75;1243624.89;7.586724;47.343386
4704.9;1138.9;2611192.73;1243624;7.586737;47.343378
4706.2;1138.8;2611193.71;1243623.12;7.58675;47.34337
4707.5;1138.7;2611194.55;1243622.12;7.586761;47.343361
4710.2;1138.5;2611196.36;1243620.12;7.586785;47.343343
4711.5;1138.4;2611197.35;1243619.23;7.586798;47.343335
4712.8;1138.3;2611198.33;1243618.45;7.586811;47.343328
4714.7;1138.1;2611199.85;1243617.35;7.586831;47.343318
4715.6;1138.1;2611200.6;1243616.79;7.586841;47.343313
4716.9;1138.1;2611201.66;1243616.02;7.586855;47.343306
4718.3;1137.9;2611202.72;1243615.13;7.586869;47.343298
4719.7;1137.9;2611203.78;1243614.24;7.586883;47.34329
4721;1137.7;2611204.69;1243613.35;7.586895;47.343282
4722.3;1137.7;2611205.67;1243612.46;7.586908;47.343274
4723.5;1137.5;2611206.66;1243611.69;7.586921;47.343267
4724.9;1137.5;2611207.79;1243610.91;7.586936;47.34326
4726.2;1137.5;2611208.85;1243610.14;7.58695;47.343253
4728.8;1137.2;2611210.82;1243608.47;7.586976;47.343238
4730;1137;2611211.88;1243607.81;7.58699;47.343232
4731.4;1136.9;2611212.86;1243606.92;7.587003;47.343224
4732.8;1136.7;2611213.92;1243605.92;7.587017;47.343215
4734.2;1136.7;2611214.83;1243604.92;7.587029;47.343206
4735.5;1136.4;2611215.67;1243603.92;7.58704;47.343197
4738.1;1136.5;2611217.48;1243602.04;7.587064;47.34318
4739.4;1136.2;2611218.39;1243601.15;7.587076;47.343172
4740.8;1136.2;2611219.45;1243600.26;7.58709;47.343164
4742;1135.8;2611220.43;1243599.48;7.587103;47.343157
4743.6;1135.8;2611221.65;1243598.49;7.587119;47.343148
4744.8;1135.5;2611222.55;1243597.71;7.587131;47.343141
4746.1;1135.5;2611223.61;1243596.93;7.587145;47.343134
4747.4;1135.4;2611224.6;1243596.05;7.587158;47.343126
4748.8;1135.2;2611225.73;1243595.27;7.587173;47.343119
4750.1;1135.3;2611226.79;1243594.49;7.587187;47.343112
4751.4;1135;2611227.78;1243593.72;7.5872;47.343105
4753.2;1134.9;2611229.14;1243592.5;7.587218;47.343094
4754;1134.7;2611229.67;1243591.83;7.587225;47.343088
4755.3;1134.6;2611230.65;1243591.05;7.587238;47.343081
4756.7;1134.6;2611231.71;1243590.17;7.587252;47.343073
4758;1134.2;2611232.85;1243589.39;7.587267;47.343066
4759.5;1134.2;2611233.98;1243588.5;7.587282;47.343058
4762.2;1133.9;2611236.03;1243586.73;7.587309;47.343042
4763.3;1133.9;2611236.86;1243586.06;7.58732;47.343036
4764.6;1133.7;2611237.84;1243585.17;7.587333;47.343028
4766;1133.7;2611238.98;1243584.29;7.587348;47.34302
4768.8;1133.3;2611241.1;1243582.51;7.587376;47.343004
4770;1133.1;2611242.08;1243581.74;7.587389;47.342997
4771.4;1133.1;2611243.07;1243580.85;7.587402;47.342989
4772.9;1132.8;2611244.2;1243579.85;7.587417;47.34298
4774;1132.8;2611245.03;1243579.07;7.587428;47.342973
4775.4;1132.6;2611246.17;1243578.3;7.587443;47.342966
4776.8;1132.4;2611247.3;1243577.52;7.587458;47.342959
4778.2;1132.1;2611248.51;1243576.75;7.587474;47.342952
4779.5;1131.9;2611249.57;1243575.97;7.587488;47.342945
4780.8;1132;2611250.56;1243575.19;7.587501;47.342938
4782.3;1132;2611251.62;1243574.08;7.587515;47.342928
4783.3;1131.3;2611252.22;1243573.31;7.587523;47.342921
4784.5;1131.3;2611252.98;1243572.42;7.587533;47.342913
4785.6;1131.1;2611253.59;1243571.42;7.587541;47.342904
4786.8;1131;2611254.42;1243570.53;7.587552;47.342896
4788.2;1130.9;2611255.48;1243569.75;7.587566;47.342889
4789.4;1130.5;2611256.54;1243569.09;7.58758;47.342883
4791.1;1130.2;2611257.68;1243567.87;7.587595;47.342872
4791.9;1129.9;2611258.36;1243567.42;7.587604;47.342868
4793.1;1129.9;2611259.34;1243566.65;7.587617;47.342861
4794.5;1129.5;2611260.4;1243565.76;7.587631;47.342853
4797.1;1129;2611262.29;1243563.99;7.587656;47.342837
4798.3;1129;2611263.2;1243563.21;7.587668;47.34283
4799.6;1128.8;2611264.26;1243562.54;7.587682;47.342824
4800.9;1128.5;2611265.32;1243561.77;7.587696;47.342817
4802.1;1128.1;2611266.3;1243560.99;7.587709;47.34281
4804.6;1127.7;2611268.2;1243559.44;7.587734;47.342796
4805.8;1127.7;2611268.95;1243558.44;7.587744;47.342787
4807;1127.4;2611269.86;1243557.66;7.587756;47.34278
4808.4;1127.1;2611270.85;1243556.77;7.587769;47.342772
4809.9;1126.4;2611272.06;1243555.89;7.587785;47.342764
4811.1;1126.4;2611272.96;1243555.11;7.587797;47.342757
4812.4;1126.1;2611274.02;1243554.33;7.587811;47.34275
4813.7;1125.9;2611275.16;1243553.56;7.587826;47.342743
4815;1125.6;2611276.29;1243553.01;7.587841;47.342738
4816.4;1125.6;2611277.5;1243552.34;7.587857;47.342732
4819.5;1125.2;2611279.7;1243550.12;7.587886;47.342712
4820.5;1124.8;2611280.38;1243549.46;7.587895;47.342706
4821.9;1124.8;2611281.52;1243548.57;7.58791;47.342698
4823.2;1124.3;2611282.58;1243547.79;7.587924;47.342691
4824.6;1124.3;2611283.56;1243546.79;7.587937;47.342682
4826;1123.7;2611284.47;1243545.79;7.587949;47.342673
4827.3;1123.7;2611285.23;1243544.68;7.587959;47.342663
4829.9;1123.3;2611286.82;1243542.69;7.58798;47.342645
4831.1;1123.1;2611287.8;1243541.91;7.587993;47.342638
4832.3;1122.9;2611288.63;1243541.02;7.588004;47.34263
4833.6;1122.9;2611289.47;1243540.02;7.588015;47.342621
4834.9;1122.3;2611290.45;1243539.25;7.588028;47.342614
4837.6;1121.8;2611292.65;1243537.69;7.588057;47.3426
4839.1;1121.8;2611293.86;1243536.81;7.588073;47.342592
4840.4;1121.3;2611294.84;1243535.92;7.588086;47.342584
4841.6;1121.3;2611295.75;1243535.14;7.588098;47.342577
4844.3;1120.9;2611297.87;1243533.48;7.588126;47.342562
4845.8;1120.7;2611299.15;1243532.7;7.588143;47.342555
4847.1;1120.3;2611300.21;1243531.93;7.588157;47.342548
4848.7;1120.3;2611301.5;1243531.04;7.588174;47.34254
4850;1120;2611302.48;1243530.15;7.588187;47.342532
4851.4;1119.7;2611303.47;1243529.15;7.5882;47.342523
4852.7;1119.4;2611304.38;1243528.27;7.588212;47.342515
4854;1118.9;2611305.44;1243527.38;7.588226;47.342507
4855.5;1118.8;2611306.65;1243526.6;7.588242;47.3425
4856.9;1118.4;2611307.71;1243525.6;7.588256;47.342491
4858.6;1118.3;2611308.99;1243524.6;7.588273;47.342482
4859.7;1118;2611309.83;1243523.83;7.588284;47.342475
4861;1117.8;2611310.74;1243522.94;7.588296;47.342467
4863.8;1117.5;2611312.78;1243521.05;7.588323;47.34245
4865.3;1117.5;2611313.99;1243520.17;7.588339;47.342442
4866.8;1116.8;2611315.13;1243519.17;7.588354;47.342433
4868.7;1116.5;2611316.64;1243517.95;7.588374;47.342422
4869.6;1116.5;2611317.32;1243517.39;7.588383;47.342417
4871;1116.2;2611318.31;1243516.4;7.588396;47.342408
4872.3;1115.9;2611319.29;1243515.51;7.588409;47.3424
4873.8;1115.8;2611320.35;1243514.51;7.588423;47.342391
4875.3;1115.5;2611321.33;1243513.4;7.588436;47.342381
4877.9;1115;2611323.38;1243511.74;7.588463;47.342366
4879.4;1114.9;2611324.59;1243510.85;7.588479;47.342358
4880.8;1114.9;2611325.72;1243510.07;7.588494;47.342351
4882.2;1114.5;2611326.86;1243509.3;7.588509;47.342344
4883.5;1114.3;2611328.07;1243508.63;7.588525;47.342338
4886.3;1113.7;2611330.34;1243507.08;7.588555;47.342324
4887.4;1113.7;2611331.25;1243506.41;7.588567;47.342318
4889.1;1113;2611332.38;1243505.19;7.588582;47.342307
4890;1113;2611332.99;1243504.53;7.58859;47.342301
4891.3;1112.2;2611334.12;1243503.86;7.588605;47.342295
4892.5;1112.2;2611335.26;1243503.42;7.58862;47.342291
4893.8;1112;2611336.47;1243502.87;7.588636;47.342286
4895.2;1111.7;2611337.53;1243501.98;7.58865;47.342278
4896.4;1111.7;2611338.36;1243501.09;7.588661;47.34227
4898.1;1111.4;2611339.5;1243499.87;7.588676;47.342259
4899.2;1111.5;2611340.25;1243499.09;7.588686;47.342252
4901.9;1111.4;2611342.45;1243497.54;7.588715;47.342238
4903.4;1111.4;2611343.43;1243496.43;7.588728;47.342228
4904.8;1111.2;2611344.42;1243495.43;7.588741;47.342219
4906.2;1111.2;2611345.4;1243494.43;7.588754;47.34221
4907.5;1111.3;2611346.01;1243493.21;7.588762;47.342199
4908.9;1111.3;2611347.14;1243492.43;7.588777;47.342192
4910.4;1111.5;2611348.5;1243491.77;7.588795;47.342186
4913.2;1112;2611350.85;1243490.22;7.588826;47.342172
4914.6;1111.7;2611351.83;1243489.22;7.588839;47.342163
4916;1112.1;2611352.82;1243488.22;7.588852;47.342154
4918.9;1112;2611354.79;1243486.11;7.588878;47.342135
4921.6;1111.9;2611356.83;1243484.45;7.588905;47.34212
4922.8;1111.6;2611357.89;1243483.78;7.588919;47.342114
4924.2;1111.8;2611359.03;1243483.01;7.588934;47.342107
4926.9;1111.8;2611361.3;1243481.57;7.588964;47.342094
4928.3;1111.9;2611362.36;1243480.68;7.588978;47.342086
4929.3;1111.3;2611363.11;1243479.9;7.588988;47.342079
4930.7;1111.4;2611364.1;1243479.01;7.589001;47.342071
4932;1111.4;2611365.08;1243478.13;7.589014;47.342063
4933.3;1110.7;2611366.22;1243477.46;7.589029;47.342057
4934.6;1110.7;2611367.28;1243476.8;7.589043;47.342051
4937.2;1110.1;2611369.39;1243475.24;7.589071;47.342037
4938.4;1109.9;2611370.3;1243474.47;7.589083;47.34203
4939.7;1109.5;2611371.14;1243473.47;7.589094;47.342021
4941.1;1109.4;2611372.12;1243472.47;7.589107;47.342012
4942.3;1108.9;2611372.95;1243471.58;7.589118;47.342004
4943.6;1108.7;2611374.01;1243470.92;7.589132;47.341998
4944.8;1108.7;2611375.22;1243470.47;7.589148;47.341994
4946.5;1108.6;2611376.81;1243470.03;7.589169;47.34199
4948.8;1108.3;2611378.93;1243469.04;7.589197;47.341981
4950.4;1108;2611380.29;1243468.26;7.589215;47.341974
4951.7;1107.6;2611381.42;1243467.71;7.58923;47.341969
4953;1107.4;2611382.56;1243467.04;7.589245;47.341963
4954.2;1107.4;2611383.62;1243466.38;7.589259;47.341957
4955.5;1106.8;2611384.75;1243465.82;7.589274;47.341952
4958.1;1106.7;2611386.95;1243464.49;7.589303;47.34194
4959.3;1106.1;2611388.01;1243463.83;7.589317;47.341934
4960.8;1106.1;2611389.29;1243463.05;7.589334;47.341927
4962.1;1105.9;2611390.5;1243462.61;7.58935;47.341923
4963.6;1105.9;2611391.86;1243462.06;7.589368;47.341918
4965;1105.4;2611393;1243461.17;7.589383;47.34191
4966.5;1105.4;2611394.21;1243460.28;7.589399;47.341902
4967.8;1104.9;2611395.35;1243459.62;7.589414;47.341896
4969.2;1104.7;2611396.48;1243458.84;7.589429;47.341889
4971.9;1104.3;2611398.83;1243457.4;7.58946;47.341876
4973.2;1104.3;2611399.89;1243456.74;7.589474;47.34187
4974.6;1104;2611401.1;1243456.07;7.58949;47.341864
4976.3;1103.5;2611402.68;1243455.41;7.589511;47.341858
4977.6;1103.5;2611403.89;1243454.96;7.589527;47.341854
4979;1103.4;2611405.18;1243454.3;7.589544;47.341848
4980.5;1102.8;2611406.47;1243453.63;7.589561;47.341842
4982;1102.8;2611407.75;1243452.86;7.589578;47.341835
4983.4;1102.5;2611408.89;1243452.08;7.589593;47.341828
4984.9;1102.3;2611410.17;1243451.31;7.58961;47.341821
4986.5;1102.3;2611411.61;1243450.53;7.589629;47.341814
4987.8;1101.9;2611412.75;1243449.98;7.589644;47.341809
4989.3;1101.7;2611414.11;1243449.31;7.589662;47.341803
4990.8;1101.7;2611415.39;1243448.54;7.589679;47.341796
4992.4;1101.5;2611416.76;1243447.65;7.589697;47.341788
4993.9;1101.4;2611418.04;1243446.88;7.589714;47.341781
4995.6;1101.1;2611419.48;1243445.99;7.589733;47.341773
4997.3;1101;2611420.99;1243445.21;7.589753;47.341766
4998.9;1100.8;2611422.43;1243444.44;7.589772;47.341759
5000.6;1100.4;2611423.87;1243443.55;7.589791;47.341751
5002.2;1100.3;2611425.23;1243442.78;7.589809;47.341744
5003.8;1099.8;2611426.67;1243442;7.589828;47.341737
5005.4;1099.7;2611428.03;1243441.22;7.589846;47.34173
5006.8;1099.7;2611429.31;1243440.56;7.589863;47.341724
5008.3;1099.1;2611430.6;1243439.78;7.58988;47.341717
5009.7;1099.1;2611431.73;1243439.01;7.589895;47.34171
5011.1;1098.9;2611432.95;1243438.34;7.589911;47.341704
5012.8;1098.3;2611434.38;1243437.46;7.58993;47.341696
5014;1098.3;2611435.44;1243436.79;7.589944;47.34169
5016.6;1097.6;2611437.79;1243435.68;7.589975;47.34168
5017.8;1097.3;2611438.62;1243434.8;7.589986;47.341672
5019.2;1096.8;2611439.53;1243433.8;7.589998;47.341663
5021.7;1096.4;2611441.8;1243432.69;7.590028;47.341653
5022.9;1096.1;2611442.86;1243432.25;7.590042;47.341649
5024.2;1095.3;2611444.14;1243431.92;7.590059;47.341646
5025.5;1095.3;2611445.35;1243431.47;7.590075;47.341642
5026.8;1094.9;2611446.56;1243430.92;7.590091;47.341637
5028.1;1094.9;2611447.7;1243430.37;7.590106;47.341632
5029.3;1094.1;2611448.76;1243429.7;7.59012;47.341626
5030.6;1094.1;2611449.82;1243429.04;7.590134;47.34162
5032.1;1093.6;2611451.18;1243428.37;7.590152;47.341614
5033.3;1093.3;2611452.31;1243428.04;7.590167;47.341611
5034.7;1092.9;2611453.6;1243427.49;7.590184;47.341606
5036.2;1092.5;2611454.88;1243426.71;7.590201;47.341599
5037.6;1092.3;2611455.94;1243425.71;7.590215;47.34159
5039;1092;2611456.93;1243424.71;7.590228;47.341581
5040.4;1091.6;2611457.99;1243423.83;7.590242;47.341573
5042;1091.2;2611459.27;1243422.94;7.590259;47.341565
5044.1;1090.7;2611461.17;1243422.05;7.590284;47.341557
5045.2;1090.1;2611462.15;1243421.5;7.590297;47.341552
5046.3;1090.1;2611463.21;1243421.06;7.590311;47.341548
5047.6;1089.8;2611464.42;1243420.73;7.590327;47.341545
5048.8;1089.8;2611465.48;1243420.17;7.590341;47.34154
5050.5;1088.7;2611466.91;1243419.29;7.59036;47.341532
5051.3;1088.7;2611467.67;1243418.95;7.59037;47.341529
5052.6;1088.2;2611468.81;1243418.4;7.590385;47.341524
5053.7;1087.7;2611469.86;1243417.96;7.590399;47.34152
5054.9;1087.2;2611471;1243417.51;7.590414;47.341516
5056.2;1086.8;2611472.21;1243417.18;7.59043;47.341513
5058.5;1086.4;2611474.48;1243416.52;7.59046;47.341507
5060.8;1085.4;2611476.52;1243415.52;7.590487;47.341498
5061.6;1085.4;2611476.97;1243414.86;7.590493;47.341492
5063.3;1084.5;2611478.19;1243413.64;7.590509;47.341481
5064.4;1084.5;2611479.09;1243413.08;7.590521;47.341476
5065.5;1084.1;2611480;1243412.42;7.590533;47.34147
5066.7;1083.6;2611481.06;1243411.86;7.590547;47.341465
5068;1083.3;2611482.19;1243411.42;7.590562;47.341461
5069.1;1083.3;2611483.25;1243410.98;7.590576;47.341457
5070.3;1083;2611484.39;1243410.76;7.590591;47.341455
5071.5;1083;2611485.6;1243410.54;7.590607;47.341453
5073.8;1082.2;2611487.79;1243409.76;7.590636;47.341446
5075.5;1081.9;2611489.38;1243409.1;7.590657;47.34144
5076.2;1081.9;2611489.98;1243408.77;7.590665;47.341437
5077.2;1081.4;2611490.82;1243408.21;7.590676;47.341432
5078.3;1080.8;2611491.72;1243407.55;7.590688;47.341426
5079.5;1080.6;2611492.48;1243406.66;7.590698;47.341418
5080.7;1079.9;2611493.47;1243405.99;7.590711;47.341412
5081.8;1079.5;2611494.52;1243405.55;7.590725;47.341408
5084.4;1079.2;2611496.87;1243404.44;7.590756;47.341398
5085.5;1078.5;2611497.78;1243403.89;7.590768;47.341393
5086.6;1078;2611498.69;1243403.34;7.59078;47.341388
5087.6;1078;2611499.44;1243402.67;7.59079;47.341382
5088.7;1077.8;2611500.5;1243402.23;7.590804;47.341378
5089.9;1077;2611501.56;1243401.67;7.590818;47.341373
5091.4;1076.8;2611502.85;1243400.9;7.590835;47.341366
5092.1;1076.8;2611503.38;1243400.45;7.590842;47.341362
5093.1;1075.7;2611504.13;1243399.79;7.590852;47.341356
5094.3;1075.7;2611504.97;1243399.01;7.590863;47.341349
5095.3;1075.7;2611505.8;1243398.35;7.590874;47.341343
5097.7;1074.8;2611507.92;1243397.35;7.590902;47.341334
5098.5;1074.1;2611508.6;1243396.8;7.590911;47.341329
5100.9;1073.2;2611510.72;1243395.8;7.590939;47.34132
5101.9;1073.2;2611511.62;1243395.47;7.590951;47.341317
5103;1072.7;2611512.61;1243394.8;7.590964;47.341311
5104.1;1072.7;2611513.52;1243394.25;7.590976;47.341306
5105.2;1072;2611514.42;1243393.58;7.590988;47.3413
5106.3;1072;2611515.26;1243392.92;7.590999;47.341294
5109;1071.2;2611517.15;1243391.03;7.591024;47.341277
5110.3;1071.2;2611517.83;1243389.92;7.591033;47.341267
5112.1;1071.2;2611517.15;1243388.25;7.591024;47.341252
5113.8;1071.2;2611516.33;1243386.69;7.591013;47.341238
5115.6;1071.4;2611515.57;1243385.14;7.591003;47.341224
5117.3;1071;2611514.82;1243383.58;7.590993;47.34121
5120.1;1070.8;2611514.07;1243380.91;7.590983;47.341186
5121.4;1070.7;2611513.92;1243379.57;7.590981;47.341174
5122.9;1070.7;2611513.92;1243378.13;7.590981;47.341161
5124.2;1070.5;2611514.15;1243376.79;7.590984;47.341149
5125.7;1070.5;2611514.31;1243375.35;7.590986;47.341136
5128.2;1070.5;2611514.61;1243372.79;7.59099;47.341113
5129.9;1070.5;2611514.84;1243371.13;7.590993;47.341098
5131.4;1070.5;2611515.07;1243369.68;7.590996;47.341085
5134.1;1070.5;2611515.61;1243367.01;7.591003;47.341061
5135.4;1070.5;2611515.76;1243365.68;7.591005;47.341049
5137;1070.5;2611515.69;1243364.12;7.591004;47.341035
5138.5;1070.5;2611515.47;1243362.68;7.591001;47.341022
5140.3;1070.5;2611515.39;1243360.9;7.591;47.341006
5141.5;1070.5;2611515.4;1243359.67;7.591;47.340995
5142.9;1070.5;2611515.55;1243358.23;7.591002;47.340982
5144.4;1070.4;2611515.7;1243356.78;7.591004;47.340969
5145.9;1070.4;2611516.01;1243355.34;7.591008;47.340956
5147.3;1070.4;2611515.78;1243353.89;7.591005;47.340943
5148.8;1070.4;2611514.65;1243352.89;7.59099;47.340934
5152;1070.5;2611511.48;1243352.77;7.590948;47.340933
5153.6;1070.6;2611509.89;1243352.55;7.590927;47.340931
5155.2;1070.5;2611508.46;1243351.77;7.590908;47.340924
5156.7;1070.5;2611507.17;1243351.1;7.590891;47.340918
5158.2;1070.5;2611506.04;1243350.09;7.590876;47.340909
5159.9;1070.5;2611504.99;1243348.76;7.590862;47.340897
5162.4;1070.5;2611503.48;1243346.75;7.590842;47.340879
5163.4;1070.4;2611502.88;1243345.98;7.590834;47.340872
5164.5;1070.4;2611502.12;1243345.2;7.590824;47.340865
5165.5;1070.5;2611501.6;1243344.3;7.590817;47.340857
5167.5;1070.4;2611500.62;1243342.64;7.590804;47.340842
5168.8;1070.4;2611499.41;1243342.08;7.590788;47.340837
5170.1;1070.2;2611498.12;1243341.63;7.590771;47.340833
5171.6;1070.3;2611496.77;1243341.07;7.590753;47.340828
5173;1070.4;2611495.48;1243340.62;7.590736;47.340824
5176.3;1070.4;2611492.54;1243339.17;7.590697;47.340811
5177.2;1070.5;2611491.78;1243338.62;7.590687;47.340806
5178.6;1070.4;2611490.65;1243337.84;7.590672;47.340799
5179.9;1070.5;2611489.59;1243337.06;7.590658;47.340792
5181.3;1070.5;2611488.54;1243336.16;7.590644;47.340784
5182.7;1070.6;2611487.56;1243335.16;7.590631;47.340775
5184;1070.6;2611486.65;1243334.16;7.590619;47.340766
5185.9;1070.8;2611485.52;1243332.6;7.590604;47.340752
5186.9;1070.8;2611484.92;1243331.82;7.590596;47.340745
5189.7;1071;2611483.41;1243329.48;7.590576;47.340724
5191;1071;2611482.58;1243328.48;7.590565;47.340715
5192.4;1071.1;2611481.68;1243327.48;7.590553;47.340706
5193.8;1071.1;2611480.85;1243326.36;7.590542;47.340696
5196.7;1071.3;2611478.96;1243324.14;7.590517;47.340676
5197.7;1071.4;2611478.36;1243323.25;7.590509;47.340668
5199.2;1071.5;2611477.45;1243322.13;7.590497;47.340658
5200.6;1071.6;2611476.63;1243321.02;7.590486;47.340648
5203.4;1071.7;2611474.82;1243318.9;7.590462;47.340629
5204.9;1071.8;2611473.91;1243317.68;7.59045;47.340618
5206.5;1071.8;2611473.01;1243316.34;7.590438;47.340606
5207.7;1071.8;2611472.25;1243315.34;7.590428;47.340597
5209.1;1071.8;2611471.42;1243314.23;7.590417;47.340587
5210.6;1071.9;2611470.59;1243313;7.590406;47.340576
5212;1072;2611469.92;1243311.78;7.590397;47.340565
5214.9;1072;2611468.49;1243309.22;7.590378;47.340542
5216.8;1072.1;2611467.66;1243307.55;7.590367;47.340527
5217.8;1072.1;2611467.06;1243306.77;7.590359;47.34052
5219.1;1072.1;2611466.15;1243305.88;7.590347;47.340512
5220.4;1072.2;2611465.02;1243305.1;7.590332;47.340505
5223.1;1072.4;2611462.98;1243303.43;7.590305;47.34049
5224.5;1072.4;2611462.3;1243302.2;7.590296;47.340479
5227.5;1072.4;2611460.57;1243299.75;7.590273;47.340457
5228.9;1072.5;2611459.74;1243298.64;7.590262;47.340447
5230.3;1072.5;2611458.76;1243297.53;7.590249;47.340437
5231.8;1072.7;2611457.78;1243296.41;7.590236;47.340427
5233.4;1072.7;2611456.72;1243295.3;7.590222;47.340417
5236.3;1072.9;2611454.76;1243293.07;7.590196;47.340397
5238;1073;2611453.56;1243291.85;7.59018;47.340386
5239.3;1073;2611452.8;1243290.84;7.59017;47.340377
5240.9;1073.1;2611451.82;1243289.62;7.590157;47.340366
5242.4;1073.1;2611450.84;1243288.51;7.590144;47.340356
5243.9;1073.2;2611449.94;1243287.28;7.590132;47.340345
5245.4;1073.2;2611448.96;1243286.06;7.590119;47.340334
5246.9;1073.2;2611447.98;1243284.94;7.590106;47.340324
5248.5;1073.2;2611447.07;1243283.72;7.590094;47.340313
5251.4;1073.2;2611445.04;1243281.6;7.590067;47.340294
5253;1073.2;2611444.06;1243280.38;7.590054;47.340283
5254.4;1073.3;2611443.08;1243279.26;7.590041;47.340273
5256;1073.3;2611442.17;1243278.04;7.590029;47.340262
5257.5;1073.4;2611441.19;1243276.81;7.590016;47.340251
5259.3;1073.3;2611440.06;1243275.48;7.590001;47.340239
5260.6;1073.4;2611439.31;1243274.36;7.589991;47.340229
5262;1073.3;2611438.48;1243273.25;7.58998;47.340219
5264.9;1073.3;2611436.59;1243271.13;7.589955;47.3402
5266.4;1073.3;2611435.61;1243269.91;7.589942;47.340189
5267.7;1073.3;2611434.63;1243269.13;7.589929;47.340182
5269.6;1073.3;2611433.2;1243267.9;7.58991;47.340171
5270.4;1073.3;2611432.52;1243267.35;7.589901;47.340166
5271.8;1073.4;2611431.54;1243266.45;7.589888;47.340158
5273;1073.3;2611430.63;1243265.56;7.589876;47.34015
5274.2;1073.4;2611429.95;1243264.56;7.589867;47.340141
5275.7;1073.3;2611429.5;1243263.23;7.589861;47.340129
5276.9;1073.3;2611429.28;1243262;7.589858;47.340118
5278.2;1073.3;2611429.36;1243260.67;7.589859;47.340106
5279.8;1073.3;2611429.74;1243259.11;7.589864;47.340092
5282.5;1073.3;2611430.5;1243256.56;7.589874;47.340069
5283.9;1073.3;2611431.18;1243255.34;7.589883;47.340058
5285.3;1073.2;2611432.01;1243254.23;7.589894;47.340048
5286.7;1073.3;2611432.85;1243253.12;7.589905;47.340038
5288;1073.3;2611433.61;1243252.01;7.589915;47.340028
5289.6;1073.2;2611434.51;1243250.67;7.589927;47.340016
5290.8;1073.4;2611435.2;1243249.67;7.589936;47.340007
5293.7;1073.5;2611436.41;1243247.12;7.589952;47.339984
5295;1073.7;2611436.79;1243245.9;7.589957;47.339973
5296.3;1073.7;2611437.32;1243244.67;7.589964;47.339962
5297.7;1073.9;2611437.78;1243243.34;7.58997;47.33995
5299.1;1073.9;2611438.23;1243242.01;7.589976;47.339938
5302.1;1074.1;2611439.37;1243239.23;7.589991;47.339913
5303.5;1074.3;2611439.9;1243237.9;7.589998;47.339901
5304.9;1074.3;2611440.36;1243236.56;7.590004;47.339889
5306.4;1074.5;2611440.89;1243235.23;7.590011;47.339877
5309.2;1074.6;2611442.03;1243232.68;7.590026;47.339854
5310.8;1074.8;2611442.71;1243231.23;7.590035;47.339841
5312;1074.8;2611443.17;1243230.12;7.590041;47.339831
5313.3;1075;2611443.63;1243228.9;7.590047;47.33982
5316;1075.1;2611444.46;1243226.34;7.590058;47.339797
5317.3;1075.3;2611444.84;1243225.12;7.590063;47.339786
5318.6;1075.5;2611445.3;1243223.9;7.590069;47.339775
5320.2;1075.5;2611445.83;1243222.34;7.590076;47.339761
5322.8;1075.7;2611446.89;1243220.01;7.59009;47.33974
5324;1076;2611447.35;1243218.9;7.590096;47.33973
5325.3;1076.1;2611447.8;1243217.68;7.590102;47.339719
5328;1076.5;2611448.94;1243215.23;7.590117;47.339697
5329.6;1076.7;2611449.62;1243213.79;7.590126;47.339684
5331.6;1076.7;2611450.54;1243212.01;7.590138;47.339668
5332.6;1077.1;2611450.91;1243211.01;7.590143;47.339659
5333.8;1077.4;2611451.29;1243209.9;7.590148;47.339649
5335.1;1077.4;2611451.68;1243208.68;7.590153;47.339638
5336.3;1078;2611452.13;1243207.57;7.590159;47.339628
5337.5;1078;2611452.74;1243206.57;7.590167;47.339619
5338.8;1078.3;2611453.42;1243205.46;7.590176;47.339609
5339.9;1078.3;2611453.8;1243204.35;7.590181;47.339599
5341.1;1078.9;2611454.18;1243203.24;7.590186;47.339589
5343.5;1078.9;2611455.32;1243201.13;7.590201;47.33957
5344.6;1078.9;2611455.85;1243200.13;7.590208;47.339561
5345.9;1079.2;2611456.45;1243199.02;7.590216;47.339551
5347.3;1079.3;2611457.06;1243197.79;7.590224;47.33954
5348.4;1079.3;2611457.44;1243196.68;7.590229;47.33953
5349.6;1079.4;2611457.9;1243195.57;7.590235;47.33952
5352.2;1079.6;2611458.73;1243193.13;7.590246;47.339498
5353.5;1079.8;2611459.19;1243191.91;7.590252;47.339487
5354.9;1079.8;2611459.72;1243190.68;7.590259;47.339476
5357.5;1080;2611460.93;1243188.35;7.590275;47.339455
5358.8;1080.3;2611461.54;1243187.24;7.590283;47.339445
5360;1080.4;2611462.07;1243186.13;7.59029;47.339435
5361.3;1080.7;2611462.68;1243184.91;7.590298;47.339424
5362.6;1080.9;2611463.13;1243183.8;7.590304;47.339414
5363.9;1080.9;2611463.59;1243182.57;7.59031;47.339403
5366.4;1081.1;2611464.28;1243180.13;7.590319;47.339381
5367.7;1081.1;2611464.81;1243178.91;7.590326;47.33937
5369.1;1081.3;2611465.34;1243177.69;7.590333;47.339359
5370.4;1081.3;2611465.95;1243176.46;7.590341;47.339348
5373.2;1081.7;2611467.08;1243173.91;7.590356;47.339325
5374.5;1081.7;2611467.46;1243172.69;7.590361;47.339314
5375.8;1081.8;2611468;1243171.46;7.590368;47.339303
5377;1082.1;2611468.3;1243170.35;7.590372;47.339293
5378.2;1082.3;2611468.6;1243169.13;7.590376;47.339282
5379.5;1082.3;2611469.06;1243167.91;7.590382;47.339271
5380.9;1082.3;2611469.59;1243166.69;7.590389;47.33926
5382.3;1082.6;2611470.2;1243165.35;7.590397;47.339248
5383.6;1082.6;2611470.81;1243164.24;7.590405;47.339238
5385.1;1082.8;2611471.49;1243162.91;7.590414;47.339226
5386.1;1082.8;2611472.02;1243162.02;7.590421;47.339218
5387.3;1083;2611472.63;1243161.02;7.590429;47.339209
5390;1083.1;2611473.69;1243158.58;7.590443;47.339187
5391.4;1083.3;2611474.14;1243157.25;7.590449;47.339175
5392.8;1083.5;2611474.68;1243155.91;7.590456;47.339163
5394.5;1083.5;2611475.36;1243154.36;7.590465;47.339149
5395.8;1083.5;2611475.97;1243153.25;7.590473;47.339139
5398.6;1083.8;2611477.56;1243150.91;7.590494;47.339118
5400.1;1084;2611478.32;1243149.58;7.590504;47.339106
5401.6;1084;2611478.92;1243148.25;7.590512;47.339094
5403;1084.1;2611479.61;1243147.03;7.590521;47.339083
5406;1084.3;2611480.9;1243144.36;7.590538;47.339059
5407.2;1084.5;2611481.28;1243143.14;7.590543;47.339048
5408.7;1084.7;2611481.73;1243141.81;7.590549;47.339036
5411.5;1084.9;2611482.79;1243139.14;7.590563;47.339012
5412.9;1085.1;2611483.1;1243137.81;7.590567;47.339
5414.2;1085.1;2611483.1;1243136.47;7.590567;47.338988
5415.6;1085.3;2611483.41;1243135.14;7.590571;47.338976
5416.9;1085.5;2611483.94;1243133.92;7.590578;47.338965
5418.1;1085.5;2611484.39;1243132.81;7.590584;47.338955
5419.4;1085.7;2611484.62;1243131.58;7.590587;47.338944
5420.7;1085.7;2611484.7;1243130.25;7.590588;47.338932
5423.5;1086.1;2611484.86;1243127.47;7.59059;47.338907
5425;1086.1;2611485.16;1243126.02;7.590594;47.338894
5426.2;1086.2;2611485.09;1243124.8;7.590593;47.338883
5428.8;1086.4;2611484.19;1243122.35;7.590581;47.338861
5430.1;1086.4;2611483.59;1243121.24;7.590573;47.338851
5431.4;1086.4;2611482.98;1243120.02;7.590565;47.33884
5432.7;1086.8;2611482.3;1243118.9;7.590556;47.33883
5434.6;1086.8;2611481.48;1243117.23;7.590545;47.338815
5435.5;1086.8;2611481.02;1243116.46;7.590539;47.338808
5436.8;1087.3;2611480.42;1243115.34;7.590531;47.338798
5438.2;1086.9;2611479.74;1243114.12;7.590522;47.338787
5439.5;1087.3;2611479.22;1243112.89;7.590515;47.338776
5440.8;1087.7;2611479.22;1243111.56;7.590515;47.338764
5443.8;1088;2611479.75;1243108.67;7.590522;47.338738
5444.5;1088;2611479.98;1243108;7.590525;47.338732
5445.6;1088.7;2611480.59;1243107;7.590533;47.338723
5446.7;1088.7;2611481.35;1243106.23;7.590543;47.338716
5447.8;1089.2;2611482.25;1243105.67;7.590555;47.338711
5448.9;1089.2;2611483.16;1243105.12;7.590567;47.338706
5449.9;1089.7;2611484.15;1243104.9;7.59058;47.338704
5450.9;1089.7;2611485.2;1243104.9;7.590594;47.338704
5452.1;1089.9;2611486.34;1243105.12;7.590609;47.338706
5454;1089.9;2611488.23;1243105.46;7.590634;47.338709
5454.7;1089.9;2611488.91;1243105.69;7.590643;47.338711
5455.4;1089.9;2611489.59;1243105.8;7.590652;47.338712
5456.2;1090;2611490.34;1243105.69;7.590662;47.338711
5457.1;1090;2611491.17;1243105.25;7.590673;47.338707
5458.4;1090.3;2611492.23;1243104.58;7.590687;47.338701
5459.3;1090.3;2611493.06;1243104.25;7.590698;47.338698
5460.4;1089.4;2611494.05;1243103.69;7.590711;47.338693
5461.5;1089.4;2611495.11;1243103.36;7.590725;47.33869
5462.7;1089.4;2611496.24;1243103.03;7.59074;47.338687
5465.3;1089.3;2611498.74;1243102.37;7.590773;47.338681
5467.1;1089.3;2611500.55;1243102.04;7.590797;47.338678
5467.9;1089.3;2611501.31;1243102.04;7.590807;47.338678
5469.1;1089.4;2611502.52;1243102.27;7.590823;47.33868
5470.5;1089.4;2611503.88;1243102.71;7.590841;47.338684
5471.8;1089.5;2611505.16;1243103.05;7.590858;47.338687
5473.1;1089.4;2611506.37;1243103.27;7.590874;47.338689
5474.4;1089.4;2611507.65;1243103.5;7.590891;47.338691
5475.6;1089.3;2611508.86;1243103.83;7.590907;47.338694
5476.9;1089.6;2611509.99;1243104.39;7.590922;47.338699
5478.2;1089.4;2611511.2;1243104.95;7.590938;47.338704
5479.5;1089.3;2611512.41;1243105.4;7.590954;47.338708
5480.9;1089.7;2611513.62;1243106.07;7.59097;47.338714
5483.5;1089.8;2611515.81;1243107.52;7.590999;47.338727
5484.8;1090.3;2611516.86;1243108.19;7.591013;47.338733
5486;1090.3;2611517.92;1243108.85;7.591027;47.338739
5487.3;1090.5;2611519.05;1243109.41;7.591042;47.338744
5488.5;1091.1;2611520.03;1243110.08;7.591055;47.33875
5489.7;1091.1;2611520.94;1243110.86;7.591067;47.338757
5490.9;1091.1;2611521.92;1243111.64;7.59108;47.338764
5492.3;1091.6;2611522.83;1243112.64;7.591092;47.338773
5495;1092;2611524.56;1243114.76;7.591115;47.338792
5496;1092;2611525.47;1243115.1;7.591127;47.338795
5497.1;1092.3;2611526.52;1243115.54;7.591141;47.338799
5498.3;1092.3;2611527.5;1243116.1;7.591154;47.338804
5500.6;1092.4;2611529.62;1243117.22;7.591182;47.338814
5501.9;1092.5;2611530.9;1243117.22;7.591199;47.338814
5504.4;1092.5;2611533.4;1243117.45;7.591232;47.338816
5505.299999999999;1092.6;2611534.3;1243117.34;7.591244;47.338815
5507.5;1092.4;2611536.42;1243117.67;7.591272;47.338818
5508.5;1092.2;2611537.33;1243118.12;7.591284;47.338822
5509.6;1092;2611538.16;1243118.9;7.591295;47.338829
5510.7;1092;2611539.06;1243119.46;7.591307;47.338834
5513;1091.7;2611540.87;1243120.91;7.591331;47.338847
5514.1;1091.7;2611541.93;1243121.24;7.591345;47.33885
5515.299999999999;1091.3;2611543.14;1243121.36;7.591361;47.338851
5518;1090.9;2611545.71;1243120.8;7.591395;47.338846
5519.299999999999;1090.1;2611547;1243120.36;7.591412;47.338842
5520.6;1089.5;2611548.21;1243120.03;7.591428;47.338839
5521.799999999999;1088.9;2611549.41;1243119.7;7.591444;47.338836
5523.2;1088.3;2611550.78;1243119.7;7.591462;47.338836
5524.6;1087.6;2611552.14;1243119.71;7.59148;47.338836
5525.9;1087.6;2611553.5;1243119.93;7.591498;47.338838
5527.4;1087.6;2611554.93;1243120.27;7.591517;47.338841
5529;1087.3;2611556.52;1243120.6;7.591538;47.338844
5531.4;1087.1;2611558.86;1243121.05;7.591569;47.338848
5532.4;1087.1;2611559.84;1243121.05;7.591582;47.338848
5533.9;1087.1;2611561.35;1243121.17;7.591602;47.338849
5535.6;1086.8;2611563.02;1243121.06;7.591624;47.338848
5537.1;1086.3;2611564.53;1243120.73;7.591644;47.338845
5538.6;1086.3;2611565.89;1243120.29;7.591662;47.338841
5539.799999999999;1085.6;2611567.1;1243120.07;7.591678;47.338839
5540.9;1084.7;2611568.16;1243119.96;7.591692;47.338838
5543.1;1084.2;2611570.27;1243120.63;7.59172;47.338844
5543.9;1084.2;2611570.72;1243121.3;7.591726;47.33885
5544.9;1084.2;2611571.55;1243121.86;7.591737;47.338855
5546;1083.9;2611572.54;1243122.3;7.59175;47.338859
5548.5;1083.4;2611574.88;1243123.2;7.591781;47.338867
5549.7;1083.4;2611575.93;1243123.87;7.591795;47.338873
5551;1083.6;2611576.99;1243124.53;7.591809;47.338879
5552.5;1083.4;2611578.35;1243125.2;7.591827;47.338885
5554.1;1083.4;2611579.86;1243125.65;7.591847;47.338889
5555.6;1083.2;2611581.45;1243125.66;7.591868;47.338889
5557.2;1082.9;2611583.03;1243125.66;7.591889;47.338889
5558.9;1082.6;2611584.7;1243125.55;7.591911;47.338888
5560.5;1082.3;2611586.29;1243125.44;7.591932;47.338887
5562.1;1082.3;2611587.87;1243125.78;7.591953;47.33889
5563.7;1082.4;2611589.31;1243126.34;7.591972;47.338895
5565.2;1082;2611590.67;1243127.01;7.59199;47.338901
5568.1;1082.4;2611593.23;1243128.35;7.592024;47.338913
5569.4;1082;2611594.36;1243129.02;7.592039;47.338919
5571.1;1082;2611595.95;1243129.8;7.59206;47.338926
5572.299999999999;1082.4;2611597.01;1243130.13;7.592074;47.338929
5573.6;1081.9;2611598.29;1243130.47;7.592091;47.338932
5575;1081.9;2611599.65;1243130.8;7.592109;47.338935
5576.4;1081.6;2611601.01;1243131.03;7.592127;47.338937
5579.1;1081.3;2611603.73;1243131.59;7.592163;47.338942
5580.7;1081.7;2611605.24;1243132.15;7.592183;47.338947
5583.299999999999;1081.7;2611607.43;1243133.38;7.592212;47.338958
5584.4;1082.1;2611608.41;1243134.05;7.592225;47.338964
5585.799999999999;1082.1;2611609.54;1243134.83;7.59224;47.338971
5587.2;1082;2611610.75;1243135.5;7.592256;47.338977
5590.5;1082.3;2611613.77;1243136.84;7.592296;47.338989
5591.2;1082.2;2611614.45;1243136.95;7.592305;47.33899
5592.4;1082.2;2611615.66;1243137.06;7.592321;47.338991
5594.9;1081.8;2611618.15;1243137.4;7.592354;47.338994
5596.2;1081.8;2611619.44;1243137.51;7.592371;47.338995
5597.4;1081.5;2611620.57;1243137.96;7.592386;47.338999
5598.7;1081.9;2611621.48;1243138.85;7.592398;47.339007
5600;1081.5;2611622.23;1243139.85;7.592408;47.339016
5601.1;1081.8;2611623.21;1243140.41;7.592421;47.339021
5602.299999999999;1081.4;2611624.27;1243140.97;7.592435;47.339026
5603.5;1081.4;2611625.33;1243141.64;7.592449;47.339032
5604.799999999999;1081.2;2611626.23;1243142.53;7.592461;47.33904
5606.2;1081.2;2611627.29;1243143.42;7.592475;47.339048
5607.4;1080.8;2611628.34;1243143.98;7.592489;47.339053
5610;1080.9;2611630.61;1243145.21;7.592519;47.339064
5611.2;1080.9;2611631.74;1243145.65;7.592534;47.339068
5612.5;1081.1;2611632.95;1243146.21;7.59255;47.339073
5613.799999999999;1080.8;2611634.16;1243146.77;7.592566;47.339078
5615.2;1080.8;2611635.52;1243147;7.592584;47.33908
5616.2;1080.5;2611636.5;1243146.89;7.592597;47.339079
5617.299999999999;1080.5;2611637.56;1243147;7.592611;47.33908
5619.5;1081.1;2611639.52;1243148;7.592637;47.339089
5620.9;1081.2;2611640.58;1243149.01;7.592651;47.339098
5622.1;1081.2;2611641.48;1243149.79;7.592663;47.339105
5623.4;1081.2;2611642.62;1243150.35;7.592678;47.33911
5624.6;1081.2;2611643.75;1243150.79;7.592693;47.339114
5626.299999999999;1081.1;2611645.33;1243151.46;7.592714;47.33912
5627;1080.8;2611646.01;1243151.69;7.592723;47.339122
5628.299999999999;1080.7;2611647.22;1243152.02;7.592739;47.339125
5629.4;1080.5;2611648.36;1243152.02;7.592754;47.339125
5630.6;1080.5;2611649.49;1243152.03;7.592769;47.339125
5631.7;1080.5;2611650.62;1243152.14;7.592784;47.339126
5632.799999999999;1080.5;2611651.76;1243152.03;7.592799;47.339125
5634.1;1080.4;2611652.97;1243151.81;7.592815;47.339123
5635.4;1080.4;2611654.18;1243152.26;7.592831;47.339127
5636.4;1080.4;2611655.16;1243152.59;7.592844;47.33913
5637.7;1080.6;2611656.44;1243152.93;7.592861;47.339133
5640.4;1080.9;2611658.93;1243153.94;7.592894;47.339142
5641.5;1080.3;2611659.92;1243154.49;7.592907;47.339147
5642.7;1080.4;2611660.9;1243155.16;7.59292;47.339153
5645.1;1079.5;2611663.01;1243156.17;7.592948;47.339162
5646.1;1079.5;2611663.84;1243156.84;7.592959;47.339168
5647.2;1079.4;2611664.67;1243157.5;7.59297;47.339174
5648.299999999999;1078.9;2611665.42;1243158.28;7.59298;47.339181
5649.2;1078.6;2611666.18;1243158.84;7.59299;47.339186
5650.299999999999;1078.6;2611667.01;1243159.51;7.593001;47.339192
5651.7;1078;2611668.14;1243160.29;7.593016;47.339199
5652.6;1078;2611669.05;1243160.51;7.593028;47.339201
5654.9;1077.6;2611671.31;1243160.96;7.593058;47.339205
5655.799999999999;1077;2611672.22;1243161.19;7.59307;47.339207
5656.9;1077;2611673.28;1243161.3;7.593084;47.339208
5658;1076.7;2611674.41;1243161.41;7.593099;47.339209
5659.7;1076.4;2611676.07;1243161.42;7.593121;47.339209
5660.5;1076.4;2611676.83;1243161.42;7.593131;47.339209
5661.5;1076.4;2611677.81;1243161.64;7.593144;47.339211
5662.6;1076.3;2611678.87;1243161.98;7.593158;47.339214
5665;1075.2;2611681.21;1243162.65;7.593189;47.33922
5666;1075.3;2611682.19;1243162.76;7.593202;47.339221
5667.1;1075.3;2611683.18;1243163.32;7.593215;47.339226
5668.2;1075.2;2611684.08;1243163.88;7.593227;47.339231
5669.1;1074.4;2611684.91;1243164.21;7.593238;47.339234
5670.1;1074.4;2611685.82;1243164.66;7.59325;47.339238
5671.2;1074.3;2611686.72;1243165.33;7.593262;47.339244
5672.2;1074.3;2611687.48;1243166;7.593272;47.33925
5673.2;1073.4;2611688.08;1243166.78;7.59328;47.339257
5675.5;1072.9;2611689.74;1243168.34;7.593302;47.339271
5676.4;1072.5;2611690.5;1243168.78;7.593312;47.339275
5677.4;1072.5;2611691.33;1243169.34;7.593323;47.33928
5678.5;1072.3;2611692.31;1243169.79;7.593336;47.339284
5679.5;1071.8;2611693.36;1243170.01;7.59335;47.339286
5680.799999999999;1071.5;2611694.57;1243170.35;7.593366;47.339289
5681.7;1071.5;2611695.4;1243170.57;7.593377;47.339291
5682.6;1071.3;2611696.01;1243171.24;7.593385;47.339297
5683.5;1070.9;2611696.38;1243172.13;7.59339;47.339305
5684.299999999999;1070.9;2611696.99;1243172.69;7.593398;47.33931
5685.6;1070.9;2611697.82;1243173.58;7.593409;47.339318
5686.5;1070.2;2611698.65;1243174.03;7.59342;47.339322
5687.5;1070.2;2611699.63;1243174.25;7.593433;47.339324
5688.9;1070.2;2611700.99;1243174.47;7.593451;47.339326
5690.299999999999;1070;2611702.42;1243174.59;7.59347;47.339327
5691.6;1070;2611703.71;1243174.7;7.593487;47.339328
5692.9;1069.9;2611704.92;1243174.37;7.593503;47.339325
5694.4;1070.4;2611706.36;1243173.93;7.593522;47.339321
5695.6;1070.4;2611707.42;1243173.26;7.593536;47.339315
5696.799999999999;1070.3;2611708.47;1243172.82;7.59355;47.339311
5697.9;1070.3;2611709.61;1243172.82;7.593565;47.339311
5698.9;1070.6;2611710.59;1243172.94;7.593578;47.339312
5699.9;1070.6;2611711.57;1243172.61;7.593591;47.339309
5701;1070.9;2611712.56;1243172.27;7.593604;47.339306
5702.4;1071.7;2611713.92;1243171.94;7.593622;47.339303
5704.5;1071.4;2611716.03;1243172.39;7.59365;47.339307
5705.9;1071.4;2611717.32;1243172.73;7.593667;47.33931
5706.9;1071.2;2611718.37;1243172.84;7.593681;47.339311
5708.1;1071.2;2611719.58;1243172.95;7.593697;47.339312
5709.4;1071.3;2611720.87;1243172.96;7.593714;47.339312
5711.299999999999;1071.4;2611722.68;1243173.52;7.593738;47.339317
5712.299999999999;1071.4;2611723.51;1243173.96;7.593749;47.339321
5713.6;1071.3;2611724.64;1243174.74;7.593764;47.339328
5715.1;1071.3;2611725.93;1243175.41;7.593781;47.339334
5717.7;1071.1;2611728.5;1243175.42;7.593815;47.339334
5718.9;1071.1;2611729.71;1243175.31;7.593831;47.339333
5721.5;1070.7;2611732.35;1243174.98;7.593866;47.33933
5722.7;1070.7;2611733.49;1243175.32;7.593881;47.339333
5723.9;1070;2611734.69;1243175.54;7.593897;47.339335
5726.299999999999;1070.6;2611736.96;1243176.21;7.593927;47.339341
5727.6;1070.5;2611738.09;1243176.88;7.593942;47.339347
5730.4;1070.6;2611740.28;1243178.55;7.593971;47.339362
5731;1070.6;2611740.81;1243178.89;7.593978;47.339365
5732.2;1070.6;2611741.94;1243179.11;7.593993;47.339367
5733.299999999999;1070.7;2611743.08;1243179.34;7.594008;47.339369
5734.4;1070.4;2611744.13;1243179.56;7.594022;47.339371
5735.6;1070.4;2611745.27;1243179.79;7.594037;47.339373
5736.7;1071;2611746.4;1243180.01;7.594052;47.339375
5738.4;1071;2611747.99;1243180.68;7.594073;47.339381
5739.299999999999;1071.3;2611748.82;1243180.91;7.594084;47.339383
5740.4;1071.3;2611749.8;1243181.46;7.594097;47.339388
5741.5;1071.1;2611750.78;1243182.02;7.59411;47.339393
5743.799999999999;1071.1;2611752.74;1243183.03;7.594136;47.339402
5745.299999999999;1071.1;2611753.95;1243183.92;7.594152;47.33941
5746.6;1069.9;2611755.08;1243184.59;7.594167;47.339416
5747.299999999999;1069.9;2611755.69;1243185.03;7.594175;47.33942
5748.2;1069.9;2611756.06;1243185.81;7.59418;47.339427
5750.4;1069;2611757.04;1243187.82;7.594193;47.339445
5751.9;1068.1;2611758.4;1243188.49;7.594211;47.339451
5754.9;1068.7;2611761.19;1243189.6;7.594248;47.339461
5756.2;1067.5;2611762.33;1243190.16;7.594263;47.339466
5757.5;1067.5;2611763.53;1243190.5;7.594279;47.339469
5758.7;1068;2611764.74;1243190.94;7.594295;47.339473
5760.1;1068;2611765.87;1243191.61;7.59431;47.339479
5761.299999999999;1067.4;2611766.93;1243192.28;7.594324;47.339485
5762.5;1067.4;2611767.91;1243192.95;7.594337;47.339491
5764.9;1066.4;2611770.03;1243194.07;7.594365;47.339501
5766.1;1066.4;2611771.16;1243194.4;7.59438;47.339504
5767.299999999999;1066.7;2611772.29;1243194.96;7.594395;47.339509
5768.5;1066.7;2611773.5;1243195.08;7.594411;47.33951
5769.7;1067.1;2611774.64;1243194.86;7.594426;47.339508
5770.799999999999;1067.1;2611775.62;1243195.3;7.594439;47.339512
5772.1;1065.9;2611776.52;1243196.19;7.594451;47.33952
5772.799999999999;1065.9;2611777.2;1243196.53;7.59446;47.339523
5775;1066.3;2611779.39;1243196.42;7.594489;47.339522
5776.299999999999;1066.8;2611780.53;1243195.87;7.594504;47.339517
5777.5;1066.8;2611781.74;1243195.76;7.59452;47.339516
5779.299999999999;1066.4;2611783.47;1243196.32;7.594543;47.339521
5780.799999999999;1066.6;2611784.91;1243196.88;7.594562;47.339526
5782;1066.6;2611785.97;1243197.21;7.594576;47.339529
5783;1066.8;2611786.95;1243197.66;7.594589;47.339533
5784.2;1066.3;2611787.7;1243198.55;7.594599;47.339541
5785.4;1066.6;2611788.53;1243199.44;7.59461;47.339549
5787.9;1065.5;2611790.72;1243200.56;7.594639;47.339559
5789.1;1065.5;2611791.93;1243200.45;7.594655;47.339558
5790.1;1064.9;2611792.91;1243200.45;7.594668;47.339558
5792.1;1063.6;2611794.88;1243200.9;7.594694;47.339562
5794.1;1063.5;2611796.46;1243202.13;7.594715;47.339573
5795;1063.5;2611797.29;1243202.57;7.594726;47.339577
5797.2;1063.1;2611798.73;1243204.24;7.594745;47.339592
5798.299999999999;1063.1;2611799.4;1243205.02;7.594754;47.339599
5799.5;1062.6;2611800.31;1243205.8;7.594766;47.339606
5800.6;1062.4;2611800.99;1243206.69;7.594775;47.339614
5801.6;1062.4;2611801.51;1243207.58;7.594782;47.339622
5803.9;1061.8;2611803.1;1243209.25;7.594803;47.339637
5804.5;1061.8;2611803.55;1243209.59;7.594809;47.33964
5805.6;1061;2611804.61;1243210.04;7.594823;47.339644
5806.799999999999;1061;2611805.82;1243210.15;7.594839;47.339645
5808;1061;2611806.95;1243210.15;7.594854;47.339645
5809;1061;2611807.93;1243210.26;7.594867;47.339646
5810;1060.8;2611808.92;1243210.15;7.59488;47.339645
5811.5;1060.9;2611810.43;1243210.05;7.5949;47.339644
5812.1;1060.9;2611811.03;1243210.16;7.594908;47.339645
5813.1;1060.9;2611811.94;1243210.49;7.59492;47.339648
5814.2;1061.1;2611812.92;1243211.05;7.594933;47.339653
5816.6;1060.2;2611815.03;1243212.28;7.594961;47.339664
5817.799999999999;1060.2;2611815.94;1243213.06;7.594973;47.339671
5819;1060;2611816.84;1243213.84;7.594985;47.339678
5821.4;1059.3;2611819.03;1243214.73;7.595014;47.339686
5822.299999999999;1059.3;2611819.94;1243214.74;7.595026;47.339686
5823.4;1059.3;2611821;1243214.96;7.59504;47.339688
5824.4;1059.2;2611822.06;1243214.96;7.595054;47.339688
5825.6;1059.2;2611823.19;1243215.19;7.595069;47.33969
5826.6;1059.3;2611824.25;1243215.3;7.595083;47.339691
5828.1;1059.3;2611825.68;1243215.52;7.595102;47.339693
5829.2;1059.3;2611826.66;1243215.97;7.595115;47.339697
5830.4;1058.6;2611827.87;1243216.31;7.595131;47.3397
5831.7;1058.5;2611829.08;1243216.53;7.595147;47.339702
5834.299999999999;1058.3;2611831.57;1243217.32;7.59518;47.339709
5835.4;1058;2611832.48;1243217.98;7.595192;47.339715
5837;1058.1;2611833.84;1243218.77;7.59521;47.339722
5838.1;1058.1;2611834.82;1243219.32;7.595223;47.339727
5840.6;1057.8;2611837.01;1243220.44;7.595252;47.339737
5841.7;1057.9;2611838.14;1243220.66;7.595267;47.339739
5843;1057.9;2611839.43;1243221;7.595284;47.339742
5844.299999999999;1057.8;2611840.48;1243221.67;7.595298;47.339748
5846.2;1057.3;2611842.22;1243222.56;7.595321;47.339756
5848.299999999999;1057.4;2611844.03;1243223.46;7.595345;47.339764
5849.4;1057.4;2611845.09;1243223.79;7.595359;47.339767
5850.6;1056.9;2611846.3;1243224.13;7.595375;47.33977
5852;1056.9;2611847.58;1243224.57;7.595392;47.339774
5854.4;1056.9;2611849.85;1243225.47;7.595422;47.339782
5855.9;1057.1;2611851.28;1243225.69;7.595441;47.339784
5857.1;1057.2;2611852.49;1243225.81;7.595457;47.339785
5858.4;1056.4;2611853.78;1243226.03;7.595474;47.339787
5861;1057.1;2611856.19;1243226.93;7.595506;47.339795
5862.299999999999;1057.1;2611857.48;1243227.37;7.595523;47.339799
5865.2;1057.9;2611860.35;1243227.27;7.595561;47.339798
5866.4;1057.9;2611861.48;1243227.05;7.595576;47.339796
5868.7;1058;2611863.82;1243227.5;7.595607;47.3398
5869.799999999999;1057.9;2611864.81;1243227.94;7.59562;47.339804
5872.1;1057.9;2611866.85;1243228.95;7.595647;47.339813
5873.299999999999;1057.9;2611867.98;1243229.4;7.595662;47.339817
5875.4;1057.8;2611870.02;1243229.96;7.595689;47.339822
5876.5;1057.6;2611870.92;1243230.51;7.595701;47.339827
5877.5;1057.6;2611871.75;1243231.07;7.595712;47.339832
5878.6;1058.1;2611872.81;1243231.3;7.595726;47.339834
5879.6;1058.1;2611873.79;1243231.52;7.595739;47.339836
5881.799999999999;1057.6;2611875.83;1243232.41;7.595766;47.339844
5882.799999999999;1058;2611876.74;1243232.86;7.595778;47.339848
5883.9;1058;2611877.87;1243232.97;7.595793;47.339849
5885;1058.8;2611878.93;1243232.86;7.595807;47.339848
5886.1;1058.8;2611880.06;1243232.87;7.595822;47.339848
5887.4;1058.8;2611881.27;1243233.2;7.595838;47.339851
5888.6;1059.1;2611882.4;1243233.43;7.595853;47.339853
5889.799999999999;1059.1;2611883.61;1243233.65;7.595869;47.339855
5892.2;1058.3;2611885.5;1243235.1;7.595894;47.339868
5893.299999999999;1057.7;2611886.1;1243236.1;7.595902;47.339877
5895.4;1057.7;2611887.54;1243237.55;7.595921;47.33989
5896.6;1056.9;2611888.59;1243238.11;7.595935;47.339895
5898;1056.9;2611889.95;1243238.44;7.595953;47.339898
5900.1;1056.9;2611891.99;1243238.89;7.59598;47.339902
5901.299999999999;1056.6;2611893.2;1243239.12;7.595996;47.339904
5902.5;1056.1;2611894.33;1243239.68;7.596011;47.339909
5903.9;1056.1;2611895.31;1243240.57;7.596024;47.339917
5906.799999999999;1055.4;2611897.73;1243242.24;7.596056;47.339932
5907.6;1055.3;2611898.33;1243242.8;7.596064;47.339937
5909.9;1054.6;2611900.07;1243244.25;7.596087;47.33995
5911.2;1054.6;2611901.35;1243244.58;7.596104;47.339953
5912.4;1054.6;2611902.48;1243245.03;7.596119;47.339957
5913.6;1054.6;2611903.54;1243245.59;7.596133;47.339962
5914.9;1054.1;2611904.67;1243246.26;7.596148;47.339968
5916.1;1054.1;2611905.73;1243246.7;7.596162;47.339972
5917.299999999999;1054;2611906.94;1243246.82;7.596178;47.339973
5918.799999999999;1054;2611908.3;1243246.26;7.596196;47.339968
5921.2;1053.8;2611910.72;1243245.82;7.596228;47.339964
5923.6;1053.2;2611913.06;1243245.94;7.596259;47.339965
5924.4;1053.9;2611913.89;1243246.16;7.59627;47.339967
5924.9;1053.5;2611914.12;1243246.61;7.596273;47.339971
5925.2;1053.5;2611914.04;1243246.83;7.596272;47.339973
5925.299999999999;1053.5;2611914.12;1243246.94;7.596273;47.339974
5925.5;1053.5;2611914.27;1243246.83;7.596275;47.339973
5925.9;1053.5;2611914.65;1243246.83;7.59628;47.339973
5927;1053.5;2611915.71;1243247.28;7.596294;47.339977
5930;1053.2;2611918.2;1243248.84;7.596327;47.339991
5931.4;1053.2;2611919.4;1243249.62;7.596343;47.339998
5934;1053.3;2611921.74;1243250.63;7.596374;47.340007
5935.299999999999;1052.8;2611922.88;1243251.41;7.596389;47.340014
5936.5;1052.2;2611924.01;1243251.85;7.596404;47.340018
5938;1052.2;2611925.45;1243251.97;7.596423;47.340019
5939.1;1053;2611926.43;1243252.42;7.596436;47.340023
5940.299999999999;1053;2611927.41;1243253.08;7.596449;47.340029
5941.5;1052;2611928.31;1243253.98;7.596461;47.340037
5942.6;1052.6;2611928.99;1243254.87;7.59647;47.340045
5943.9;1052.6;2611929.9;1243255.76;7.596482;47.340053
5945;1051.9;2611930.88;1243256.32;7.596495;47.340058
5946.7;1051.8;2611932.08;1243257.43;7.596511;47.340068
5947.5;1051.8;2611932.69;1243257.99;7.596519;47.340073
5948.9;1051;2611933.82;1243258.77;7.596534;47.34008
5950.1;1051;2611934.95;1243259.21;7.596549;47.340084
5951.2;1051.1;2611936.01;1243259.44;7.596563;47.340086
5952.2;1051.1;2611937.07;1243259.55;7.596577;47.340087
5954.4;1051.5;2611939.18;1243259.89;7.596605;47.34009
5956.1;1050.7;2611940.85;1243260;7.596627;47.340091
5957.299999999999;1050.7;2611942.05;1243260.45;7.596643;47.340095
5958.7;1050.7;2611943.34;1243260.9;7.59666;47.340099
5959.799999999999;1050.9;2611944.47;1243260.79;7.596675;47.340098
5962;1051.9;2611946.44;1243259.9;7.596701;47.34009
5963.1;1051.9;2611947.5;1243259.8;7.596715;47.340089
5964.5;1051.4;2611948.7;1243260.58;7.596731;47.340096
5966.799999999999;1051.5;2611950.9;1243261.14;7.59676;47.340101
5968.9;1051;2611952.93;1243261.7;7.596787;47.340106
5970;1050.7;2611953.84;1243262.37;7.596799;47.340112
5971.1;1050.5;2611954.82;1243262.92;7.596812;47.340117
5972.299999999999;1050.5;2611955.88;1243263.37;7.596826;47.340121
5973.2;1050.3;2611956.79;1243263.59;7.596838;47.340123
5975.5;1050.1;2611958.82;1243264.71;7.596865;47.340133
5976.7;1050.1;2611959.8;1243265.38;7.596878;47.340139
5977.9;1050.1;2611960.94;1243265.83;7.596893;47.340143
5979.1;1050;2611962.07;1243266.16;7.596908;47.340146
5980.6;1050;2611963.58;1243266.17;7.596928;47.340146
5981.6;1050.8;2611964.56;1243266.17;7.596941;47.340146
5982.7;1050.8;2611965.7;1243266.17;7.596956;47.340146
5983.799999999999;1051.1;2611966.76;1243266.39;7.59697;47.340148
5984.9;1051.1;2611967.74;1243266.73;7.596983;47.340151
5986.9;1050.6;2611969.55;1243267.73;7.597007;47.34016
5987.799999999999;1050.1;2611970.23;1243268.29;7.597016;47.340165
5989.799999999999;1050.1;2611971.96;1243269.3;7.597039;47.340174
5991;1048.9;2611972.95;1243269.96;7.597052;47.34018
5992.1;1049.5;2611973.85;1243270.63;7.597064;47.340186
5994.4;1048.7;2611975.66;1243271.97;7.597088;47.340198
5995.7;1048.3;2611976.11;1243273.19;7.597094;47.340209
5998;1048;2611976.41;1243275.53;7.597098;47.34023
5999.2;1047.3;2611976.94;1243276.53;7.597105;47.340239
6000.2;1047.3;2611977.69;1243277.2;7.597115;47.340245
6002.299999999999;1046.1;2611979.28;1243278.54;7.597136;47.340257
6003.5;1046;2611980.56;1243278.54;7.597153;47.340257
6004.9;1046;2611981.92;1243278.54;7.597171;47.340257
6005.7;1045.7;2611982.75;1243278.54;7.597182;47.340257
6006.6;1045.7;2611983.58;1243278.66;7.597193;47.340258
6007.5;1045.6;2611984.41;1243278.99;7.597204;47.340261
6008.4;1045.6;2611985.32;1243279.22;7.597216;47.340263
6009.4;1045.6;2611986.3;1243279.33;7.597229;47.340264
6010.5;1045.6;2611987.36;1243279.22;7.597243;47.340263
6012;1045.5;2611988.87;1243279.11;7.597263;47.340262
6012.7;1045.5;2611989.55;1243279;7.597272;47.340261
6015;1045.5;2611991.82;1243278.67;7.597302;47.340258
6016.1;1045.6;2611992.96;1243278.68;7.597317;47.340258
6017.4;1045.8;2611994.24;1243278.9;7.597334;47.34026
6018.799999999999;1045.8;2611995.6;1243279.35;7.597352;47.340264
6020.7;1045.8;2611997.34;1243280.13;7.597375;47.340271
6021.5;1045.9;2611998.09;1243280.35;7.597385;47.340273
6022.7;1045.9;2611999.22;1243280.58;7.5974;47.340275
6023.7;1045.8;2612000.28;1243280.36;7.597414;47.340273
6025;1045.3;2612001.42;1243279.92;7.597429;47.340269
6026.1;1045;2612002.55;1243279.59;7.597444;47.340266
6028.7;1044.8;2612005.12;1243279.81;7.597478;47.340268
6030.5;1044.9;2612006.71;1243280.59;7.597499;47.340275
6031.799999999999;1044.9;2612007.76;1243281.37;7.597513;47.340282
6033.2;1045.2;2612008.74;1243282.38;7.597526;47.340291
6034.5;1045.2;2612009.72;1243283.27;7.597539;47.340299
6035.7;1045;2612010.4;1243284.27;7.597548;47.340308
6038;1044.7;2612012.29;1243285.5;7.597573;47.340319
6039.299999999999;1044.7;2612013.57;1243285.17;7.59759;47.340316
6040.299999999999;1044.5;2612014.41;1243284.72;7.597601;47.340312
6041.4;1044.5;2612015.54;1243284.61;7.597616;47.340311
6042.5;1044.2;2612016.67;1243284.62;7.597631;47.340311
6043.7;1044.2;2612017.81;1243284.73;7.597646;47.340312
6044.799999999999;1044;2612018.94;1243284.84;7.597661;47.340313
6047.5;1043.8;2612021.58;1243285.52;7.597696;47.340319
6048.1;1043.8;2612021.96;1243285.96;7.597701;47.340323
6049.1;1044.4;2612022.72;1243286.63;7.597711;47.340329
6051.2;1044.3;2612024.38;1243287.86;7.597733;47.34034
6052.4;1044.7;2612025.28;1243288.64;7.597745;47.340347
6055;1044.7;2612027.62;1243289.86;7.597776;47.340358
6055.9;1044.4;2612028.45;1243289.76;7.597787;47.340357
6057.1;1044.4;2612029.66;1243289.76;7.597803;47.340357
6058.2;1044.3;2612030.8;1243289.98;7.597818;47.340359
6060.7;1044.1;2612033.14;1243290.77;7.597849;47.340366
6062;1043.9;2612034.34;1243291.21;7.597865;47.34037
6063.2;1043.9;2612035.48;1243291.66;7.59788;47.340374
6064.7;1043.5;2612036.91;1243291.77;7.597899;47.340375
6065.9;1043.1;2612038.12;1243291.44;7.597915;47.340372
6068.299999999999;1042.9;2612040.47;1243291;7.597946;47.340368
6069.4;1042.9;2612041.6;1243291.12;7.597961;47.340369
6070.9;1042.8;2612043.03;1243291.56;7.59798;47.340373
6072.2;1043;2612043.86;1243292.57;7.597991;47.340382
6073.7;1043;2612045.07;1243293.35;7.598007;47.340389
6074.799999999999;1043;2612046.13;1243293.68;7.598021;47.340392
6076.1;1043;2612047.41;1243293.91;7.598038;47.340394
6077.299999999999;1042.7;2612048.62;1243294.02;7.598054;47.340395
6078.5;1042.7;2612049.83;1243294.25;7.59807;47.340397
6079.9;1042.6;2612051.12;1243294.58;7.598087;47.3404
6081.2;1042.3;2612052.4;1243294.92;7.598104;47.340403
6083.9;1042.2;2612054.74;1243296.37;7.598135;47.340416
6085.2;1042.2;2612055.8;1243297.04;7.598149;47.340422
6086.6;1041.6;2612057;1243297.71;7.598165;47.340428
6087.9;1041.6;2612058.14;1243298.49;7.59818;47.340435
6090.6;1041.1;2612060.25;1243300.05;7.598208;47.340449
6092.5;1041.1;2612061.99;1243300.83;7.598231;47.340456
6093.299999999999;1040.5;2612062.74;1243301.05;7.598241;47.340458
6094.4;1040.5;2612063.72;1243301.61;7.598254;47.340463
6095.5;1040.1;2612064.55;1243302.39;7.598265;47.34047
6096.799999999999;1040.1;2612065.15;1243303.5;7.598273;47.34048
6099.2;1039.6;2612066.81;1243305.18;7.598295;47.340495
6100.6;1038.8;2612067.57;1243306.4;7.598305;47.340506
6103.2;1038.7;2612069.76;1243307.74;7.598334;47.340518
6104.4;1037.9;2612070.89;1243308.19;7.598349;47.340522
6104.4;1037.8;2612072.02;1243308.52;7.598364;47.340525
6105.799999999999;1037.8;2612073.46;1243308.52;7.598383;47.340525
6107.299999999999;1038.1;2612074.89;1243308.53;7.598402;47.340525
6108.7;1038.3;2612076.25;1243308.75;7.59842;47.340527
6109.9;1038.3;2612077.46;1243309.2;7.598436;47.340531
6111.099999999999;1038.1;2612078.59;1243309.54;7.598451;47.340534
6112.299999999999;1038.1;2612079.8;1243309.54;7.598467;47.340534
6114.799999999999;1037.6;2612082.3;1243309.54;7.5985;47.340534
6116.099999999999;1037.6;2612083.58;1243309.66;7.598517;47.340535
6117.299999999999;1037.5;2612084.79;1243309.88;7.598533;47.340537
6118.599999999999;1037.8;2612086;1243310.22;7.598549;47.34054
6119.9;1037.5;2612087.28;1243310.55;7.598566;47.340543
6121.099999999999;1037.6;2612088.42;1243311;7.598581;47.340547
6122.2;1037.6;2612089.4;1243311.45;7.598594;47.340551
6123.299999999999;1037.8;2612090.3;1243312.01;7.598606;47.340556
6124.5;1037.8;2612091.28;1243312.67;7.598619;47.340562
6127.5;1037.8;2612094.23;1243313.35;7.598658;47.340568
6128.099999999999;1037.8;2612094.83;1243313.35;7.598666;47.340568
6129.299999999999;1037.8;2612095.97;1243313.57;7.598681;47.34057
6130.4;1037.5;2612097.1;1243313.58;7.598696;47.34057
6132.799999999999;1037.9;2612099.44;1243314.03;7.598727;47.340574
6134;1037.8;2612100.58;1243314.36;7.598742;47.340577
6135.2;1037.8;2612101.79;1243314.36;7.598758;47.340577
6136.5;1037.7;2612103.15;1243314.48;7.598776;47.340578
6137.799999999999;1037.8;2612104.35;1243314.92;7.598792;47.340582
6139.299999999999;1037.8;2612105.56;1243315.71;7.598808;47.340589
6140.799999999999;1038.4;2612106.84;1243316.6;7.598825;47.340597
6143.599999999999;1038.9;2612109.11;1243318.27;7.598855;47.340612
6145.2;1039;2612110.39;1243319.16;7.598872;47.34062
6147.9;1039;2612112.96;1243319.95;7.598906;47.340627
6149.299999999999;1039.5;2612114.32;1243320.17;7.598924;47.340629
6150.599999999999;1039.5;2612115.68;1243320.4;7.598942;47.340631
6152;1039.8;2612116.96;1243320.73;7.598959;47.340634
6153.2;1040.1;2612118.02;1243321.29;7.598973;47.340639
6154.5;1040;2612119;1243322.18;7.598986;47.340647
6155.9;1040.5;2612120.06;1243323.18;7.599;47.340656
6156.9;1040.5;2612120.89;1243323.74;7.599011;47.340661
6158.099999999999;1039.9;2612121.87;1243324.41;7.599024;47.340667
6159.299999999999;1040.7;2612123;1243324.86;7.599039;47.340671
6160.4;1040.7;2612123.98;1243325.3;7.599052;47.340675
6162.4;1041.1;2612125.95;1243325.75;7.599078;47.340679
6163.9;1041.4;2612127.38;1243325.87;7.599097;47.34068
6164.599999999999;1041.5;2612128.06;1243325.98;7.599106;47.340681
6165.599999999999;1041.4;2612129.04;1243326.09;7.599119;47.340682
6167.9;1041.5;2612131.39;1243326.32;7.59915;47.340684
6169;1041.6;2612132.44;1243326.32;7.599164;47.340684
6170.099999999999;1041.6;2612133.58;1243326.44;7.599179;47.340685
6171.799999999999;1041.8;2612135.24;1243326.66;7.599201;47.340687
6172.5;1041.8;2612136;1243326.77;7.599211;47.340688
6174.7;1041.5;2612138.11;1243326.89;7.599239;47.340689
6177;1042.7;2612140.07;1243328.12;7.599265;47.3407
6178.099999999999;1042.7;2612141.05;1243328.67;7.599278;47.340705
6179.099999999999;1042.7;2612141.81;1243329.34;7.599288;47.340711
6180.2;1042.9;2612142.49;1243330.12;7.599297;47.340718
6181;1042.9;2612143.02;1243330.79;7.599304;47.340724
6181.9;1042.9;2612143.62;1243331.46;7.599312;47.34073
6184;1042.7;2612145.35;1243332.57;7.599335;47.34074
6186.2;1042.9;2612147.55;1243332.91;7.599364;47.340743
6187.4;1042.4;2612148.68;1243333.25;7.599379;47.340746
6189.299999999999;1041.9;2612150.49;1243333.92;7.599403;47.340752
6190.299999999999;1041.9;2612151.47;1243333.92;7.599416;47.340752
6191.2;1041.3;2612152.3;1243334.37;7.599427;47.340756
6192.4;1041.3;2612152.6;1243335.48;7.599431;47.340766
6193.4;1041.3;2612152.37;1243336.48;7.599428;47.340775
6195.799999999999;1040.9;2612152.97;1243338.82;7.599436;47.340796
6196.9;1040.9;2612153.73;1243339.6;7.599446;47.340803
6198.099999999999;1040.2;2612154.71;1243340.27;7.599459;47.340809
6199.299999999999;1040.2;2612155.77;1243340.82;7.599473;47.340814
6200.5;1040.1;2612156.9;1243341.38;7.599488;47.340819
6201.799999999999;1040.1;2612158.11;1243341.83;7.599504;47.340823
6203.7;1040.1;2612159.92;1243342.17;7.599528;47.340826
6204.4;1040.2;2612160.6;1243342.39;7.599537;47.340828
6205.599999999999;1040.2;2612161.81;1243342.73;7.599553;47.340831
6206.9;1040.1;2612163.09;1243342.73;7.59957;47.340831
6208.099999999999;1039.9;2612164.3;1243342.73;7.599586;47.340831
6210.5;1040.3;2612166.26;1243344.07;7.599612;47.340843
6211.9;1040.3;2612166.94;1243345.29;7.599621;47.340854
6213.2;1040;2612167.77;1243346.3;7.599632;47.340863
6214.5;1040.1;2612168.9;1243346.85;7.599647;47.340868
6215.7;1040.1;2612170.11;1243347.19;7.599663;47.340871
6217;1040.1;2612171.32;1243347.53;7.599679;47.340874
6218.099999999999;1039.7;2612172.45;1243347.64;7.599694;47.340875
6219.299999999999;1039.7;2612173.66;1243347.64;7.59971;47.340875
6220.5;1039.4;2612174.8;1243347.42;7.599725;47.340873
6221.7;1038.9;2612176.01;1243347.65;7.599741;47.340875
6224;1038.4;2612178.12;1243348.54;7.599769;47.340883
6225.299999999999;1038.4;2612179.18;1243349.21;7.599783;47.340889
6227.599999999999;1038.2;2612181.14;1243350.55;7.599809;47.340901
6228.799999999999;1037.5;2612182.2;1243351.11;7.599823;47.340906
6230;1037.5;2612182.95;1243352;7.599833;47.340914
6231.099999999999;1038.2;2612183.93;1243352.44;7.599846;47.340918
6232.2;1037.1;2612184.99;1243352.89;7.59986;47.340922
6233.4;1037.1;2612185.97;1243353.56;7.599873;47.340928
6234.5;1036.8;2612186.88;1243354.12;7.599885;47.340933
6235.7;1036.8;2612187.78;1243354.9;7.599897;47.34094
6236.7;1035.6;2612188.46;1243355.68;7.599906;47.340947
6238.7;1036;2612189.89;1243357.13;7.599925;47.34096
6239.9;1035.3;2612191.03;1243357.02;7.59994;47.340959
6241;1034.5;2612192.09;1243356.69;7.599954;47.340956
6242.2;1034.5;2612193.29;1243356.69;7.59997;47.340956
6244.5;1033.6;2612195.48;1243357.36;7.599999;47.340962
6245.7;1032.9;2612196.69;1243357.47;7.600015;47.340963
6248.099999999999;1032.9;2612199.04;1243358.03;7.600046;47.340968
6249.5;1032.3;2612200.32;1243358.59;7.600063;47.340973
6250.7;1032.3;2612201.45;1243359.04;7.600078;47.340977
6252.099999999999;1031.6;2612202.81;1243358.93;7.600096;47.340976
6255.099999999999;1031.7;2612205.53;1243360.16;7.600132;47.340987
6258.2;1031.1;2612208.1;1243361.94;7.600166;47.341003
6259.099999999999;1031.3;2612208.85;1243362.39;7.600176;47.341007
6260.4;1031.1;2612210.06;1243362.95;7.600192;47.341012
6261.799999999999;1031.1;2612211.34;1243363.51;7.600209;47.341017
6263;1031.3;2612212.32;1243364.18;7.600222;47.341023
6265.4;1031.2;2612213.83;1243366.07;7.600242;47.34104
6266.4;1031.2;2612214.59;1243366.74;7.600252;47.341046
6267.7;1031.2;2612215.87;1243366.96;7.600269;47.341048
6268.799999999999;1031;2612216.93;1243367.19;7.600283;47.34105
6270;1030.8;2612218.14;1243367.41;7.600299;47.341052
6271.299999999999;1030.8;2612219.34;1243367.64;7.600315;47.341054
6272.599999999999;1030.8;2612220.55;1243368.08;7.600331;47.341058
6273.799999999999;1030.8;2612221.76;1243368.53;7.600347;47.341062
6275.099999999999;1030.9;2612222.89;1243368.98;7.600362;47.341066
6277.5;1030.8;2612225.01;1243370.09;7.60039;47.341076
6278.5;1030.8;2612225.99;1243370.43;7.600403;47.341079
6279.7;1031.2;2612227.12;1243370.65;7.600418;47.341081
6282;1031.4;2612229.39;1243371.44;7.600448;47.341088
6283;1031.5;2612230.22;1243372;7.600459;47.341093
6284.099999999999;1031.4;2612231.2;1243372.44;7.600472;47.341097
6285.4;1031.8;2612232.48;1243372.33;7.600489;47.341096
6287.799999999999;1031.8;2612234.83;1243372.45;7.60052;47.341097
6288.9;1031.8;2612235.88;1243372.79;7.600534;47.3411
6290;1031.7;2612236.94;1243373.23;7.600548;47.341104
6291.099999999999;1031.7;2612237.92;1243373.79;7.600561;47.341109
6292.599999999999;1031.9;2612239.36;1243374.13;7.60058;47.341112
6293.4;1032;2612240.11;1243374.46;7.60059;47.341115
6294.599999999999;1032;2612241.02;1243375.13;7.600602;47.341121
6297;1032.4;2612242.9;1243376.69;7.600627;47.341135
6298;1032.4;2612243.81;1243377.14;7.600639;47.341139
6299.2;1032.5;2612244.79;1243377.7;7.600652;47.341144
6300.2;1033.2;2612245.7;1243378.14;7.600664;47.341148
6302.2;1033.5;2612247.66;1243378.7;7.60069;47.341153
6303.099999999999;1033.6;2612248.42;1243379.26;7.6007;47.341158
6304.2;1033.6;2612249.25;1243379.93;7.600711;47.341164
6305.299999999999;1034.1;2612250.08;1243380.6;7.600722;47.34117
6307.599999999999;1033.9;2612252.11;1243381.6;7.600749;47.341179
6308.9;1034.3;2612253.17;1243382.49;7.600763;47.341187
6309.9;1034.3;2612253.93;1243383.16;7.600773;47.341193
6311;1033.7;2612254.76;1243383.83;7.600784;47.341199
6312.2;1033.9;2612255.66;1243384.61;7.600796;47.341206
6314.5;1033.1;2612257.47;1243385.95;7.60082;47.341218
6315.5;1032.8;2612258.3;1243386.62;7.600831;47.341224
6316.5;1032.8;2612259.13;1243387.18;7.600842;47.341229
6318.799999999999;1032.5;2612261.09;1243388.29;7.600868;47.341239
6320.099999999999;1031.8;2612262.3;1243388.85;7.600884;47.341244
6321.2;1031.8;2612263.28;1243389.41;7.600897;47.341249
6322.5;1030.8;2612264.42;1243389.85;7.600912;47.341253
6323.5;1031.9;2612265.32;1243390.3;7.600924;47.341257
6324.5;1031;2612266.23;1243390.75;7.600936;47.341261
6326.5;1031;2612267.96;1243391.86;7.600959;47.341271
6327.599999999999;1031.4;2612268.87;1243392.31;7.600971;47.341275
6328.7;1030.8;2612270;1243392.53;7.600986;47.341277
6329.9;1030.8;2612271.21;1243392.65;7.601002;47.341278
6331.2;1030.2;2612272.34;1243393.21;7.601017;47.341283
6333.599999999999;1030.8;2612274.15;1243394.77;7.601041;47.341297
6334.7;1030.8;2612274.76;1243395.77;7.601049;47.341306
6335.799999999999;1031.8;2612275.21;1243396.77;7.601055;47.341315
6337;1031.8;2612275.96;1243397.66;7.601065;47.341323
6338.2;1031.8;2612277.02;1243398.22;7.601079;47.341328
6340.599999999999;1031.4;2612279.28;1243399.11;7.601109;47.341336
6341.9;1031;2612280.57;1243398.89;7.601126;47.341334
6343.299999999999;1031;2612281.93;1243398.56;7.601144;47.341331
6346.099999999999;1030.1;2612284.73;1243398.68;7.601181;47.341332
6347.5;1030.1;2612285.86;1243399.35;7.601196;47.341338
6348.9;1030.5;2612286.99;1243400.24;7.601211;47.341346
6351.599999999999;1030.9;2612288.2;1243402.69;7.601227;47.341368
6352.9;1030.9;2612288.8;1243403.8;7.601235;47.341378
6354.2;1031.6;2612289.93;1243404.36;7.60125;47.341383
6355.5;1031.6;2612291.21;1243404.7;7.601267;47.341386
6356.799999999999;1031.3;2612292.42;1243405.26;7.601283;47.341391
6357.9;1031.3;2612293.33;1243405.81;7.601295;47.341396
6359;1031.9;2612294.38;1243406.26;7.601309;47.3414
6360.099999999999;1031.9;2612295.44;1243406.48;7.601323;47.341402
6361.299999999999;1031.9;2612296.58;1243406.71;7.601338;47.341404
6363.599999999999;1032;2612298.92;1243407.05;7.601369;47.341407
6364.799999999999;1031.9;2612300.05;1243407.16;7.601384;47.341408
6365.799999999999;1031.9;2612301.03;1243407.61;7.601397;47.341412
6367;1032.9;2612301.94;1243408.28;7.601409;47.341418
6368;1032.7;2612302.92;1243408.61;7.601422;47.341421
6369.4;1032.7;2612304.2;1243409.06;7.601439;47.341425
6370.099999999999;1032.7;2612304.81;1243409.51;7.601447;47.341429
6371.2;1033.6;2612305.49;1243410.29;7.601456;47.341436
6372.2;1033.5;2612306.01;1243411.18;7.601463;47.341444
6374.299999999999;1033.7;2612307.6;1243412.51;7.601484;47.341456
6375.2;1033.3;2612308.43;1243412.85;7.601495;47.341459
6376.4;1033.3;2612309.56;1243413.3;7.60151;47.341463
6377.299999999999;1033.2;2612310.47;1243413.19;7.601522;47.341462
6378.4;1033.2;2612311.38;1243412.63;7.601534;47.341457
6379.4;1033.3;2612312.36;1243412.3;7.601547;47.341454
6380.4;1033.3;2612313.42;1243412.3;7.601561;47.341454
6381.299999999999;1033.1;2612314.25;1243412.19;7.601572;47.341453
6382.099999999999;1033.1;2612315.08;1243411.97;7.601583;47.341451
6383.299999999999;1032.9;2612316.14;1243411.53;7.601597;47.341447
6384.299999999999;1032.9;2612317.12;1243411.42;7.60161;47.341446
6385.4;1032.8;2612318.25;1243411.65;7.601625;47.341448
6386.799999999999;1032.8;2612319.54;1243411.98;7.601642;47.341451
6388.099999999999;1033.3;2612320.82;1243412.21;7.601659;47.341453
6390.7;1033.6;2612323.24;1243413.32;7.601691;47.341463
6392.099999999999;1033.6;2612324.52;1243413.66;7.601708;47.341466
6393.4;1033.6;2612325.81;1243413.89;7.601725;47.341468
6394.599999999999;1033.9;2612327.02;1243413.55;7.601741;47.341465
6395.9;1034.1;2612328.23;1243413;7.601757;47.34146
6398.4;1034;2612330.5;1243412.12;7.601787;47.341452
6400.799999999999;1034;2612332.54;1243410.79;7.601814;47.34144
6402;1034;2612333.52;1243410.12;7.601827;47.341434
6403.099999999999;1033.6;2612334.66;1243410.12;7.601842;47.341434
6404.299999999999;1033.6;2612335.64;1243410.68;7.601855;47.341439
6406.599999999999;1032.6;2612337.45;1243412.13;7.601879;47.341452
6407.7;1031.2;2612338.28;1243412.91;7.60189;47.341459
6410;1031.4;2612339.79;1243414.58;7.60191;47.341474
6410.799999999999;1030.2;2612340.16;1243415.36;7.601915;47.341481
6411.9;1030.6;2612340.92;1243416.14;7.601925;47.341488
6413.099999999999;1029.5;2612342.05;1243416.59;7.60194;47.341492
6414.5;1029.5;2612343.18;1243417.26;7.601955;47.341498
6415.799999999999;1029.6;2612344.24;1243418.04;7.601969;47.341505
6417.099999999999;1029.6;2612345.37;1243418.71;7.601984;47.341511
6418.7;1029;2612346.58;1243419.71;7.602;47.34152
6419.7;1029.4;2612347.41;1243420.27;7.602011;47.341525
6420.799999999999;1028.7;2612348.39;1243420.83;7.602024;47.34153
6421.9;1028.7;2612349.45;1243421.16;7.602038;47.341533
6423.2;1028.1;2612350.65;1243421.61;7.602054;47.341537
6425.599999999999;1027.3;2612353.07;1243421.84;7.602086;47.341539
6427.299999999999;1026.5;2612354.74;1243421.51;7.602108;47.341536
6427.9;1026.5;2612355.34;1243421.4;7.602116;47.341535
6430.299999999999;1025.7;2612357.68;1243421.73;7.602147;47.341538
6432.7;1026.4;2612360.02;1243422.18;7.602178;47.341542
6433.799999999999;1026.4;2612361.08;1243422.41;7.602192;47.341544
6435.299999999999;1026.7;2612362.67;1243422.3;7.602213;47.341543
6436;1026.7;2612363.35;1243422.3;7.602222;47.341543
6437.099999999999;1027.1;2612364.41;1243422.3;7.602236;47.341543
6439.4;1027.7;2612366.67;1243422.2;7.602266;47.341542
6440.4;1027.7;2612367.58;1243422.64;7.602278;47.341546
6442.5;1028.2;2612369.54;1243423.54;7.602304;47.341554
6443.599999999999;1028;2612370.6;1243423.87;7.602318;47.341557
6444.5;1028.9;2612371.43;1243424.1;7.602329;47.341559
6445.5;1028.3;2612372.34;1243424.54;7.602341;47.341563
6446.599999999999;1028.3;2612373.32;1243425.1;7.602354;47.341568
6447.7;1027.8;2612374.15;1243425.77;7.602365;47.341574
6448.7;1029.2;2612374.9;1243426.44;7.602375;47.34158
6449.799999999999;1029.2;2612375.88;1243426.89;7.602388;47.341584
6452.2;1030.5;2612377.85;1243428.34;7.602414;47.341597
6453.599999999999;1030.6;2612379.05;1243428.89;7.60243;47.341602
6454.7;1030.8;2612380.19;1243428.79;7.602445;47.341601
6455.799999999999;1030.8;2612381.25;1243428.34;7.602459;47.341597
6457.099999999999;1030.9;2612382.46;1243428.68;7.602475;47.3416
6460;1030.8;2612384.49;1243430.68;7.602502;47.341618
6461.7;1031.3;2612385.55;1243432.02;7.602516;47.34163
6464.5;1030.9;2612386.83;1243434.58;7.602533;47.341653
6466;1030.9;2612387.5;1243435.92;7.602542;47.341665
6467.4;1030.5;2612388.56;1243436.81;7.602556;47.341673
6468.799999999999;1030.5;2612389.69;1243437.7;7.602571;47.341681
6470.2;1030.4;2612390.82;1243438.48;7.602586;47.341688
6472.9;1029.7;2612393.09;1243439.93;7.602616;47.341701
6474.2;1029.6;2612394.3;1243440.38;7.602632;47.341705
6475.299999999999;1029.6;2612395.35;1243440.71;7.602646;47.341708
6476.4;1029.1;2612396.26;1243441.38;7.602658;47.341714
6477.7;1029.3;2612397.24;1243442.16;7.602671;47.341721
6478.799999999999;1028.9;2612398.22;1243442.61;7.602684;47.341725
6479.9;1028.9;2612399.35;1243442.83;7.602699;47.341727
6481.099999999999;1028.5;2612400.49;1243443.06;7.602714;47.341729
6483.5;1028.1;2612402.83;1243443.62;7.602745;47.341734
6484.5;1028.1;2612403.81;1243443.51;7.602758;47.341733
6485.5;1027.6;2612404.8;1243443.18;7.602771;47.34173
6486.7;1027.3;2612406;1243442.96;7.602787;47.341728
6487.9;1027.3;2612407.14;1243443.07;7.602802;47.341729
6490.099999999999;1026.9;2612409.41;1243443.08;7.602832;47.341729
6491.4;1026.9;2612410.61;1243443.19;7.602848;47.34173
6492.599999999999;1026.9;2612411.82;1243443.53;7.602864;47.341733
6493.7;1027;2612412.88;1243443.86;7.602878;47.341736
6494.799999999999;1028.2;2612413.86;1243444.2;7.602891;47.341739
6496.7;1028.7;2612415.52;1243445.2;7.602913;47.341748
6498.7;1029.1;2612417.49;1243445.43;7.602939;47.34175
6500.9;1030.7;2612419.22;1243446.77;7.602962;47.341762
6502;1029.9;2612420.2;1243447.32;7.602975;47.341767
6504.299999999999;1029.7;2612422.24;1243448.44;7.603002;47.341777
6505.599999999999;1029.7;2612422.84;1243449.55;7.60301;47.341787
6507.5;1030.8;2612423.82;1243451.22;7.603023;47.341802
6508.5;1030.1;2612424.73;1243451.56;7.603035;47.341805
6509.9;1030.7;2612426.01;1243452.12;7.603052;47.34181
6512.5;1030.8;2612428.28;1243453.46;7.603082;47.341822
6513.9;1030.5;2612429.48;1243454.24;7.603098;47.341829
6515.099999999999;1030.4;2612430.47;1243454.79;7.603111;47.341834
6516.4;1030.4;2612431.29;1243455.8;7.603122;47.341843
6517.599999999999;1029.6;2612432.05;1243456.8;7.603132;47.341852
6520.2;1028.8;2612434.01;1243458.47;7.603158;47.341867
6521.5;1028.8;2612435.29;1243458.7;7.603175;47.341869
6523;1028.3;2612436.73;1243458.59;7.603194;47.341868
6525.5;1027.8;2612439.3;1243458.7;7.603228;47.341869
6528.2;1027;2612441.87;1243459.38;7.603262;47.341875
6529.5;1026.4;2612442.92;1243460.16;7.603276;47.341882
6530.799999999999;1026.4;2612443.9;1243461.05;7.603289;47.34189
6532.2;1025.5;2612445.04;1243461.83;7.603304;47.341897
6535;1025.3;2612447.45;1243463.17;7.603336;47.341909
6536.099999999999;1024.5;2612448.43;1243463.84;7.603349;47.341915
6537.599999999999;1025.2;2612449.49;1243464.84;7.603363;47.341924
6539.2;1024.6;2612450.62;1243465.96;7.603378;47.341934
6540.599999999999;1025.3;2612451.68;1243466.96;7.603392;47.341943
6542.099999999999;1024.9;2612452.73;1243467.96;7.603406;47.341952
6543.5;1025.5;2612453.79;1243468.85;7.60342;47.34196
6544.9;1025.4;2612454.92;1243469.74;7.603435;47.341968
6546.7;1025.9;2612456.35;1243470.86;7.603454;47.341978
6547.599999999999;1025.9;2612456.96;1243471.42;7.603462;47.341983
6548.799999999999;1026;2612458.01;1243471.97;7.603476;47.341988
6549.9;1026.7;2612459.07;1243472.31;7.60349;47.341991
6550.9;1026.9;2612460.05;1243472.42;7.603503;47.341992
6551.9;1026.9;2612461.03;1243472.65;7.603516;47.341994
6554.2;1026.9;2612463.15;1243473.65;7.603544;47.342003
6555.4;1027;2612464.13;1243474.32;7.603557;47.342009
6556.599999999999;1027;2612465.19;1243474.88;7.603571;47.342014
6557.7;1026.3;2612466.09;1243475.55;7.603583;47.34202
6558.9;1027;2612467.07;1243476.22;7.603596;47.342026
6560.299999999999;1026.4;2612468.05;1243477.22;7.603609;47.342035
6561.7;1027.1;2612468.96;1243478.22;7.603621;47.342044
6563;1026.6;2612470.01;1243479.12;7.603635;47.342052
6564.599999999999;1026.6;2612471.37;1243479.9;7.603653;47.342059
6565.9;1026.8;2612472.43;1243480.57;7.603667;47.342065
6567.099999999999;1026.8;2612473.41;1243481.35;7.60368;47.342072
6569.5;1027;2612475.45;1243482.57;7.603707;47.342083
6570.9;1026.7;2612476.66;1243483.24;7.603723;47.342089
6572.2;1026.7;2612477.79;1243483.91;7.603738;47.342095
6573.7;1027.1;2612479.15;1243484.69;7.603756;47.342102
6574.9;1026.8;2612480.13;1243485.25;7.603769;47.342107
6576.099999999999;1026.8;2612481.26;1243485.7;7.603784;47.342111
6577.2;1027.4;2612482.32;1243486.15;7.603798;47.342115
6579.7;1027.3;2612484.36;1243487.48;7.603825;47.342127
6581;1027.9;2612485.56;1243488.04;7.603841;47.342132
6583.2;1027.8;2612487.75;1243488.27;7.60387;47.342134
6584.5;1027.5;2612488.89;1243488.83;7.603885;47.342139
6586.9;1027.1;2612491.23;1243489.39;7.603916;47.342144
6588.2;1026.8;2612492.44;1243489.84;7.603932;47.342148
6589.299999999999;1027.7;2612493.49;1243490.28;7.603946;47.342152
6590.5;1027.3;2612494.4;1243491.06;7.603958;47.342159
6591.599999999999;1027.3;2612495.08;1243491.95;7.603967;47.342167
6594.099999999999;1028.6;2612496.06;1243494.18;7.60398;47.342187
6595.299999999999;1028.6;2612496.66;1243495.29;7.603988;47.342197
6597.4;1027.9;2612498.47;1243496.3;7.604012;47.342206
6599.799999999999;1027.8;2612500.58;1243497.41;7.60404;47.342216
6601.2;1027.8;2612501.94;1243497.86;7.604058;47.34222
6602.7;1028.1;2612503.38;1243498.09;7.604077;47.342222
6605.099999999999;1027.7;2612505.64;1243498.98;7.604107;47.34223
6606.4;1027.7;2612506.62;1243499.76;7.60412;47.342237
6607.599999999999;1028.4;2612507.6;1243500.43;7.604133;47.342243
6609.2;1028.4;2612509.27;1243500.66;7.604155;47.342245
6610;1028.4;2612509.95;1243500.99;7.604164;47.342248
6611.2;1028;2612511.08;1243501.44;7.604179;47.342252
6612.4;1027.7;2612512.14;1243501.88;7.604193;47.342256
6613.5;1028.7;2612513.19;1243502.44;7.604207;47.342261
6614.7;1026.8;2612514.1;1243503.22;7.604219;47.342268
6617.7;1027.6;2612515.91;1243505.56;7.604243;47.342289
6618.4;1029;2612516.21;1243506.23;7.604247;47.342295
6620.9;1028.8;2612517.71;1243508.12;7.604267;47.342312
6621.799999999999;1028.9;2612518.09;1243509.01;7.604272;47.34232
6622.799999999999;1028.9;2612518.62;1243509.79;7.604279;47.342327
6625;1028.4;2612520.43;1243511.13;7.604303;47.342339
6625.7;1028.4;2612521.11;1243511.24;7.604312;47.34234
6626.9;1028.6;2612522.17;1243511.8;7.604326;47.342345
6628.2;1027.8;2612523.45;1243512.14;7.604343;47.342348
6629.5;1028.6;2612524.73;1243512.25;7.60436;47.342349
6630.799999999999;1028.9;2612526.02;1243512.36;7.604377;47.34235
6632.099999999999;1028.9;2612527.23;1243512.7;7.604393;47.342353
6633.4;1028.9;2612528.51;1243513.15;7.60441;47.342357
6634.7;1028.9;2612529.8;1243513.48;7.604427;47.34236
6635.7;1028.7;2612530.78;1243513.71;7.60444;47.342362
6636.799999999999;1028.7;2612531.83;1243513.93;7.604454;47.342364
6637.9;1029.1;2612532.89;1243514.05;7.604468;47.342365
6638.9;1029.1;2612533.87;1243514.38;7.604481;47.342368
6640;1029.1;2612534.7;1243515.05;7.604492;47.342374
6641.099999999999;1029.1;2612535.61;1243515.61;7.604504;47.342379
6641.9;1028.8;2612536.44;1243515.61;7.604515;47.342379
6642.5;1028.8;2612536.97;1243515.39;7.604522;47.342377
6643;1028.8;2612537.5;1243515.39;7.604529;47.342377
6643.599999999999;1027.1;2612538.1;1243515.61;7.604537;47.342379
6644.5;1028;2612538.78;1243516.06;7.604546;47.342383
6646.599999999999;1026.9;2612540.37;1243517.51;7.604567;47.342396
6648.099999999999;1027.8;2612541.42;1243518.62;7.604581;47.342406
6648.9;1026.6;2612542.1;1243518.96;7.60459;47.342409
6651.299999999999;1026.5;2612544.29;1243520.07;7.604619;47.342419
6652.4;1026.5;2612544.97;1243520.85;7.604628;47.342426
6653.5;1026.5;2612545.72;1243521.63;7.604638;47.342433
6655.9;1025.9;2612546.55;1243523.97;7.604649;47.342454
6658.7;1026.1;2612546.62;1243526.75;7.60465;47.342479
6660.2;1026.1;2612547.15;1243528.09;7.604657;47.342491
6661.599999999999;1026.1;2612547.82;1243529.31;7.604666;47.342502
6663;1025.7;2612548.73;1243530.42;7.604678;47.342512
6664.4;1025.7;2612549.41;1243531.65;7.604687;47.342523
6665.7;1026;2612549.71;1243532.87;7.604691;47.342534
6667.099999999999;1026.3;2612549.78;1243534.32;7.604692;47.342547
6668.2;1026.3;2612549.7;1243535.43;7.604691;47.342557
6669.599999999999;1026.5;2612549.32;1243536.76;7.604686;47.342569
6670.7;1026.5;2612549.24;1243537.87;7.604685;47.342579
6672.7;1025.9;2612550.3;1243539.54;7.604699;47.342594
6673.799999999999;1025.9;2612551.35;1243539.99;7.604713;47.342598
6676.2;1024.9;2612553.09;1243541.55;7.604736;47.342612
6677.299999999999;1023.6;2612553.77;1243542.44;7.604745;47.34262
6678.4;1023.2;2612554.75;1243542.89;7.604758;47.342624
6679.7;1023.1;2612556.03;1243542.89;7.604775;47.342624
6680.9;1023.1;2612557.24;1243542.89;7.604791;47.342624
6682.2;1022.9;2612558.53;1243543.12;7.604808;47.342626
6683.799999999999;1022.5;2612560.19;1243543.34;7.60483;47.342628
6684.7;1022.5;2612561.02;1243543.35;7.604841;47.342628
6686;1021.6;2612562.3;1243543.35;7.604858;47.342628
6688.4;1021.2;2612564.64;1243544.02;7.604889;47.342634
6689.7;1021.2;2612565.4;1243545.02;7.604899;47.342643
6691;1021.7;2612565.62;1243546.36;7.604902;47.342655
6692.599999999999;1020.6;2612566.37;1243547.81;7.604912;47.342668
6693.299999999999;1020.8;2612566.83;1243548.25;7.604918;47.342672
6694.299999999999;1020.8;2612567.51;1243549.03;7.604927;47.342679
6696.5;1020.1;2612569.24;1243550.37;7.60495;47.342691
6697.5;1019.2;2612570.22;1243550.48;7.604963;47.342692
6699.5;1018.2;2612572.19;1243550.04;7.604989;47.342688
6700.799999999999;1018.2;2612573.4;1243550.38;7.605005;47.342691
6701.9;1017.3;2612574.08;1243551.27;7.605014;47.342699
6704.2;1017.8;2612575.51;1243553.16;7.605033;47.342716
6706.599999999999;1016.9;2612576.49;1243555.28;7.605046;47.342735
6707.599999999999;1017.2;2612576.86;1243556.28;7.605051;47.342744
6708.9;1017.2;2612577.69;1243557.17;7.605062;47.342752
6709.9;1016.4;2612578.44;1243557.84;7.605072;47.342758
6712.099999999999;1016.7;2612579.95;1243559.51;7.605092;47.342773
6713.2;1016.4;2612580.86;1243560.18;7.605104;47.342779
6714.299999999999;1016.4;2612581.76;1243560.62;7.605116;47.342783
6715.5;1015.5;2612582.9;1243561.07;7.605131;47.342787
6716.799999999999;1016;2612583.8;1243562.07;7.605143;47.342796
6718.9;1015.3;2612584.7;1243563.97;7.605155;47.342813
6719.9;1015.9;2612585.16;1243564.86;7.605161;47.342821
6721;1015.9;2612585.53;1243565.86;7.605166;47.34283
6722.099999999999;1016.1;2612585.98;1243566.86;7.605172;47.342839
6723.099999999999;1015.6;2612586.51;1243567.75;7.605179;47.342847
6725.4;1015.4;2612588.02;1243569.42;7.605199;47.342862
6726.099999999999;1015.4;2612588.55;1243569.87;7.605206;47.342866
6726.799999999999;1016.5;2612588.85;1243570.53;7.60521;47.342872
6727.4;1016.5;2612588.92;1243571.09;7.605211;47.342877
6728.4;1016.5;2612589.52;1243571.98;7.605219;47.342885
6729.099999999999;1015.7;2612590.2;1243571.87;7.605228;47.342884
6730.099999999999;1016.8;2612591.19;1243572.1;7.605241;47.342886
6731.299999999999;1015.8;2612592.32;1243572.21;7.605256;47.342887
6732.599999999999;1015.8;2612593.68;1243572.21;7.605274;47.342887
6735.099999999999;1014.8;2612595.95;1243573.11;7.605304;47.342895
6736.099999999999;1013.9;2612596.93;1243573.55;7.605317;47.342899
6737.4;1014.5;2612597.98;1243574.22;7.605331;47.342905
6738.799999999999;1013.5;2612599.12;1243575;7.605346;47.342912
6739.799999999999;1013.5;2612599.79;1243575.78;7.605355;47.342919
6740.9;1013.1;2612600.47;1243576.67;7.605364;47.342927
6741.799999999999;1013.1;2612600.92;1243577.45;7.60537;47.342934
6742.7;1014;2612601.45;1243578.12;7.605377;47.34294
6743.7;1012.9;2612602.13;1243578.9;7.605386;47.342947
6744.599999999999;1012.9;2612602.66;1243579.57;7.605393;47.342953
6746;1013.5;2612603.18;1243580.9;7.6054;47.342965
6747.7;1014;2612603.94;1243582.46;7.60541;47.342979
6748.7;1013.4;2612604.54;1243583.24;7.605418;47.342986
6749.9;1013.4;2612604.91;1243584.35;7.605423;47.342996
6751.299999999999;1013.4;2612605.59;1243585.58;7.605432;47.343007
6752.9;1013.1;2612606.42;1243586.91;7.605443;47.343019
6754.9;1012.2;2612607.93;1243588.25;7.605463;47.343031
6756;1013.2;2612608.91;1243588.81;7.605476;47.343036
6757.4;1014.2;2612610.04;1243589.7;7.605491;47.343044
6758.799999999999;1014.4;2612611.1;1243590.48;7.605505;47.343051
6759.9;1016.7;2612612.16;1243590.93;7.605519;47.343055
6761;1016.7;2612613.06;1243591.49;7.605531;47.34306
6762.2;1017.1;2612614.04;1243592.16;7.605544;47.343066
6764.7;1019.5;2612616.31;1243593.27;7.605574;47.343076
6765.299999999999;1019.5;2612616.15;1243593.83;7.605572;47.343081
6766.799999999999;1015.5;2612616.15;1243595.39;7.605572;47.343095
6767.5;1013;2612616;1243596.05;7.60557;47.343101
6768.299999999999;1014.3;2612616.53;1243596.72;7.605577;47.343107
6770.7;1014.7;2612618.79;1243597.17;7.605607;47.343111
6771.7;1014.7;2612619.85;1243597.28;7.605621;47.343112
6773;1017.9;2612620.98;1243597.95;7.605636;47.343118
6775.4;1015.7;2612622.94;1243599.29;7.605662;47.34313
6776.599999999999;1015.7;2612623.93;1243599.96;7.605675;47.343136
6777.9;1014.7;2612625.06;1243600.63;7.60569;47.343142
6780.5;1015.7;2612627.47;1243601.52;7.605722;47.34315
6781.4;1017.2;2612628.38;1243601.75;7.605734;47.343152
6782.599999999999;1015.4;2612629.51;1243602.2;7.605749;47.343156
6783.799999999999;1016.9;2612630.65;1243602.53;7.605764;47.343159
6785;1016.9;2612631.78;1243602.76;7.605779;47.343161
6786.099999999999;1016.5;2612632.91;1243602.76;7.605794;47.343161
6787.2;1016.5;2612633.97;1243602.65;7.605808;47.34316
6788.299999999999;1015.4;2612635.03;1243602.43;7.605822;47.343158
6789.299999999999;1013.9;2612636.09;1243602.21;7.605836;47.343156
6791.599999999999;1012.4;2612638.2;1243601.55;7.605864;47.34315
6792.4;1012.4;2612638.96;1243601.1;7.605874;47.343146
6793.5;1012.4;2612639.94;1243600.77;7.605887;47.343143
6794.599999999999;1010.4;2612641.08;1243600.66;7.605902;47.343142
6797.2;1009.3;2612642.89;1243602.45;7.605926;47.343158
6798.5;1009.3;2612643.57;1243603.56;7.605935;47.343168
6800;1008.5;2612644.32;1243604.9;7.605945;47.34318
6801.599999999999;1009;2612645;1243606.34;7.605954;47.343193
6803.2;1009;2612645.6;1243607.79;7.605962;47.343206
6804.5;1008.6;2612646.58;1243608.68;7.605975;47.343214
6806;1008.6;2612647.56;1243609.79;7.605988;47.343224
6807;1008.6;2612648.31;1243610.57;7.605998;47.343231
6808.2;1008.6;2612649.22;1243611.35;7.60601;47.343238
6810.7;1008.6;2612651.33;1243612.69;7.606038;47.34325
6812.099999999999;1008;2612652.54;1243613.25;7.606054;47.343255
6813.299999999999;1008;2612653.59;1243613.92;7.606068;47.343261
6814.9;1007.7;2612654.65;1243615.15;7.606082;47.343272
6817.4;1007.8;2612656.38;1243616.93;7.606105;47.343288
6820;1008.2;2612658.42;1243618.49;7.606132;47.343302
6821.2;1008.2;2612659.4;1243619.16;7.606145;47.343308
6822.299999999999;1008.4;2612660.08;1243620.05;7.606154;47.343316
6823.9;1008.4;2612660.53;1243621.61;7.60616;47.34333
6824.7;1009.5;2612660.98;1243622.27;7.606166;47.343336
6825.799999999999;1009.5;2612661.81;1243622.94;7.606177;47.343342
6826.9;1008.6;2612662.72;1243623.61;7.606189;47.343348
6828;1009.7;2612663.62;1243624.28;7.606201;47.343354
6829.099999999999;1008.8;2612664.61;1243624.51;7.606214;47.343356
6830.2;1008.8;2612665.74;1243624.51;7.606229;47.343356
6831.299999999999;1008.1;2612666.87;1243624.73;7.606244;47.343358
6832.5;1007.4;2612668;1243625.07;7.606259;47.343361
6833.599999999999;1007.4;2612668.99;1243625.52;7.606272;47.343365
6834.9;1008.5;2612669.97;1243626.3;7.606285;47.343372
6836.299999999999;1007.6;2612670.8;1243627.52;7.606296;47.343383
6837.799999999999;1008.9;2612671.7;1243628.64;7.606308;47.343393
6839.4;1007.9;2612672.83;1243629.75;7.606323;47.343403
6840.9;1009;2612673.66;1243631.09;7.606334;47.343415
6842.7;1009.8;2612674.11;1243632.75;7.60634;47.34343
6845.099999999999;1010.8;2612674.78;1243635.09;7.606349;47.343451
6846.7;1011.9;2612675.31;1243636.65;7.606356;47.343465
6848.2;1011.4;2612676.14;1243637.87;7.606367;47.343476
6849.5;1012.3;2612677.12;1243638.76;7.60638;47.343484
6850.9;1011.9;2612678.18;1243639.66;7.606394;47.343492
6852.7;1012.7;2612679.61;1243640.77;7.606413;47.343502
6853.5;1012.4;2612680.29;1243641.11;7.606422;47.343505
6854.5;1012.4;2612681.12;1243641.66;7.606433;47.34351
6855.7;1013;2612682.1;1243642.33;7.606446;47.343516
6856.9;1013;2612683.16;1243642.89;7.60646;47.343521
6858.099999999999;1012.6;2612684.21;1243643.45;7.606474;47.343526
6859.4;1012.6;2612685.42;1243643.9;7.60649;47.34353
6861.4;1013.2;2612687.16;1243644.9;7.606513;47.343539
6863.5;1013.8;2612688.59;1243646.46;7.606532;47.343553
6864.9;1013.8;2612689.65;1243647.35;7.606546;47.343561
6867.4;1014.2;2612691.91;1243648.47;7.606576;47.343571
6868.599999999999;1013.5;2612693.12;1243648.8;7.606592;47.343574
6869.7;1013.1;2612694.02;1243649.36;7.606604;47.343579
6871.7;1014.2;2612695.61;1243650.59;7.606625;47.34359
6873.7;1014.3;2612697.04;1243651.93;7.606644;47.343602
6874.9;1015.1;2612697.57;1243653.04;7.606651;47.343612
6876;1015.9;2612698.1;1243654.04;7.606658;47.343621
6877.2;1015.9;2612698.77;1243655.04;7.606667;47.34363
6878.5;1017.5;2612699.3;1243656.16;7.606674;47.34364
6879.5;1017.5;2612699.3;1243657.16;7.606674;47.343649
6880.599999999999;1018.3;2612699.45;1243658.27;7.606676;47.343659
6881.599999999999;1018.3;2612699.82;1243659.16;7.606681;47.343667
6882.599999999999;1019.4;2612700.27;1243660.05;7.606687;47.343675
6884.599999999999;1019.4;2612701.33;1243661.83;7.606701;47.343691
6886.7;1020.7;2612702.91;1243663.17;7.606722;47.343703
6887.799999999999;1021.1;2612703.59;1243664.06;7.606731;47.343711
6888.799999999999;1021.1;2612703.89;1243664.95;7.606735;47.343719
6890.099999999999;1018.4;2612703.89;1243666.28;7.606735;47.343731
6891.5;1018.4;2612703.96;1243667.73;7.606736;47.343744
6893;1019;2612704.34;1243669.17;7.606741;47.343757
6894.299999999999;1017.3;2612704.71;1243670.4;7.606746;47.343768
6895.7;1017.3;2612705.31;1243671.62;7.606754;47.343779
6897;1017.5;2612706.22;1243672.63;7.606766;47.343788
6898.299999999999;1017.5;2612707.27;1243673.41;7.60678;47.343795
6899.599999999999;1017.4;2612708.25;1243674.19;7.606793;47.343802
6900.799999999999;1017.4;2612709.16;1243674.97;7.606805;47.343809
6901.9;1018.7;2612710.07;1243675.52;7.606817;47.343814
6903.2;1017.5;2612711.12;1243676.3;7.606831;47.343821
6905.599999999999;1018.2;2612713.23;1243677.42;7.606859;47.343831
6906.7;1018.6;2612714.29;1243677.87;7.606873;47.343835
6907.599999999999;1018;2612715.2;1243678.09;7.606885;47.343837
6908.799999999999;1018.3;2612716.26;1243678.43;7.606899;47.34384
6909.5;1018.3;2612717.01;1243678.43;7.606909;47.34384
6910.4;1018.3;2612717.92;1243678.65;7.606921;47.343842
6911.5;1018.9;2612718.9;1243678.88;7.606934;47.343844
6912.2;1018.9;2612719.58;1243679.21;7.606943;47.343847
6913.2;1019.6;2612720.48;1243679.66;7.606955;47.343851
6914.299999999999;1018.7;2612721.47;1243680.22;7.606968;47.343856
6915.5;1019.5;2612722.22;1243681.11;7.606978;47.343864
6917.5;1018.5;2612723.73;1243682.45;7.606998;47.343876
6918.799999999999;1019.1;2612724.86;1243683.12;7.607013;47.343882
6919.799999999999;1019.1;2612725.77;1243683.34;7.607025;47.343884
6920.9;1019.1;2612726.82;1243683.68;7.607039;47.343887
6921.9;1019;2612727.73;1243684.01;7.607051;47.34389
6922.799999999999;1019.1;2612728.71;1243684.12;7.607064;47.343891
6923.7;1019.1;2612729.54;1243684.24;7.607075;47.343892
6924.599999999999;1017.8;2612730.45;1243684.57;7.607087;47.343895
6926.5;1016.6;2612732.26;1243685.02;7.607111;47.343899
6927.2;1016.6;2612732.79;1243685.47;7.607118;47.343903
6928.2;1017.8;2612733.39;1243686.25;7.607126;47.34391
6929.2;1016.5;2612734.07;1243687.03;7.607135;47.343917
6930.2;1016.5;2612734.6;1243687.81;7.607142;47.343924
6932.099999999999;1016.5;2612736.11;1243689.03;7.607162;47.343935
6933.5;1016.5;2612737.31;1243689.81;7.607178;47.343942
6935.5;1017;2612737.92;1243691.7;7.607186;47.343959
6937.599999999999;1017;2612738.44;1243693.71;7.607193;47.343977
6938.599999999999;1017.6;2612739.19;1243694.38;7.607203;47.343983
6939.599999999999;1017.1;2612740.18;1243694.6;7.607216;47.343985
6940.799999999999;1017.1;2612741.38;1243694.83;7.607232;47.343987
6943.099999999999;1016.9;2612742.67;1243696.72;7.607249;47.344004
6944.299999999999;1016.9;2612743.34;1243697.72;7.607258;47.344013
6945.5;1017.7;2612743.79;1243698.83;7.607264;47.344023
6947.799999999999;1017.9;2612744.32;1243701.06;7.607271;47.344043
6949.2;1018.7;2612744.69;1243702.39;7.607276;47.344055
6950.2;1018.7;2612745.07;1243703.28;7.607281;47.344063
6951.4;1019.5;2612745.67;1243704.28;7.607289;47.344072
6952.4;1019.4;2612746.05;1243705.29;7.607294;47.344081
6953.599999999999;1020;2612746.57;1243706.29;7.607301;47.34409
6954.7;1020;2612747.56;1243706.96;7.607314;47.344096
6955.9;1019.3;2612748.61;1243707.52;7.607328;47.344101
6957.299999999999;1020.1;2612749.67;1243708.41;7.607342;47.344109
6958.299999999999;1019.3;2612750.12;1243709.3;7.607348;47.344117
6959.299999999999;1020.2;2612750.57;1243710.19;7.607354;47.344125
6960.4;1020.2;2612751.17;1243711.08;7.607362;47.344133
6961.5;1020.2;2612751.85;1243711.97;7.607371;47.344141
6962.5;1020.1;2612752.38;1243712.86;7.607378;47.344149
6963.599999999999;1020.1;2612752.76;1243713.86;7.607383;47.344158
6965.599999999999;1021.1;2612753.89;1243715.53;7.607398;47.344173
6966.7;1020.7;2612754.11;1243716.53;7.607401;47.344182
6968.5;1020.7;2612755.24;1243717.98;7.607416;47.344195
6969.5;1020.2;2612756.15;1243718.43;7.607428;47.344199
6970.599999999999;1020.2;2612757.2;1243718.76;7.607442;47.344202
6971.799999999999;1019.5;2612758.41;1243718.88;7.607458;47.344203
6973;1019.5;2612759.55;1243719.1;7.607473;47.344205
6973.9;1018.8;2612760.38;1243719.55;7.607484;47.344209
6975;1018.8;2612761.36;1243719.99;7.607497;47.344213
6976.4;1018.4;2612762.49;1243720.78;7.607512;47.34422
6979;1018.4;2612764.22;1243722.78;7.607535;47.344238
6980.5;1018.9;2612764.75;1243724.12;7.607542;47.34425
6982.099999999999;1018.9;2612765.73;1243725.45;7.607555;47.344262
6983.299999999999;1019;2612766.56;1243726.23;7.607566;47.344269
6984.5;1019;2612767.69;1243726.79;7.607581;47.344274
6985.7;1018.2;2612768.6;1243727.57;7.607593;47.344281
6987;1018.9;2612769.2;1243728.68;7.607601;47.344291
6988.2;1018.9;2612769.8;1243729.69;7.607609;47.3443
6989.299999999999;1019;2612770.63;1243730.47;7.60762;47.344307
6990.4;1019;2612771.53;1243731.02;7.607632;47.344312
6991.299999999999;1018.5;2612772.44;1243731.36;7.607644;47.344315
6992.599999999999;1018.5;2612773.5;1243730.69;7.607658;47.344309
6993.9;1017.7;2612773.5;1243729.36;7.607658;47.344297
6994.7;1017.7;2612773.5;1243728.58;7.607658;47.34429
6995.099999999999;1017.7;2612773.51;1243728.14;7.607658;47.344286
6995.2;1017.7;2612773.51;1243728.03;7.607658;47.344285
6995.4;1016.8;2612773.58;1243727.91;7.607659;47.344284
6995.4;1016.8;2612773.66;1243727.92;7.60766;47.344284
6995.599999999999;1016.8;2612773.73;1243727.8;7.607661;47.344283
6995.7;1016.8;2612773.81;1243727.8;7.607662;47.344283
6995.7;1016.8;2612773.81;1243727.8;7.607662;47.344283
6995.799999999999;1016.8;2612773.88;1243727.69;7.607663;47.344282
6995.9;1016.8;2612773.96;1243727.69;7.607664;47.344282
6996;1016.8;2612773.96;1243727.58;7.607664;47.344281
6996.099999999999;1016;2612774.04;1243727.47;7.607665;47.34428
6996.099999999999;1016;2612774.04;1243727.47;7.607665;47.34428
6996.2;1016;2612774.11;1243727.47;7.607666;47.34428
6996.299999999999;1016;2612774.11;1243727.58;7.607666;47.344281
6996.4;1016;2612774.19;1243727.47;7.607667;47.34428
6996.5;1016;2612774.19;1243727.58;7.607667;47.344281
6996.599999999999;1016;2612774.26;1243727.58;7.607668;47.344281
6996.7;1016;2612774.26;1243727.69;7.607668;47.344282
6996.799999999999;1016;2612774.34;1243727.69;7.607669;47.344282
6996.799999999999;1016;2612774.34;1243727.69;7.607669;47.344282
6996.799999999999;1016;2612774.34;1243727.69;7.607669;47.344282
6996.799999999999;1016;2612774.34;1243727.69;7.607669;47.344282
6996.9;1016;2612774.34;1243727.58;7.607669;47.344281
6996.9;1016;2612774.34;1243727.58;7.607669;47.344281
6996.9;1016;2612774.34;1243727.58;7.607669;47.344281
6996.9;1016;2612774.34;1243727.58;7.607669;47.344281
6997;1016;2612774.34;1243727.47;7.607669;47.34428
6997.099999999999;1016;2612774.26;1243727.47;7.607668;47.34428
6997.099999999999;1016;2612774.26;1243727.47;7.607668;47.34428
6997.099999999999;1016;2612774.26;1243727.47;7.607668;47.34428
6997.2;1016;2612774.26;1243727.36;7.607668;47.344279
6997.2;1016;2612774.26;1243727.36;7.607668;47.344279
6997.2;1016;2612774.26;1243727.36;7.607668;47.344279
6997.2;1016;2612774.26;1243727.36;7.607668;47.344279
6997.2;1016;2612774.26;1243727.36;7.607668;47.344279
6997.2;1016;2612774.26;1243727.36;7.607668;47.344279
6997.299999999999;1016;2612774.26;1243727.25;7.607668;47.344278
6997.299999999999;1016;2612774.26;1243727.25;7.607668;47.344278
6997.299999999999;1016;2612774.26;1243727.25;7.607668;47.344278
6997.299999999999;1016;2612774.26;1243727.25;7.607668;47.344278
6997.299999999999;1016;2612774.26;1243727.25;7.607668;47.344278
6997.299999999999;1016;2612774.26;1243727.25;7.607668;47.344278
6997.299999999999;1016;2612774.26;1243727.25;7.607668;47.344278
6997.299999999999;1016;2612774.26;1243727.25;7.607668;47.344278
6997.4;1016;2612774.26;1243727.14;7.607668;47.344277
6997.4;1016;2612774.26;1243727.14;7.607668;47.344277
6997.599999999999;1016;2612774.42;1243727.03;7.60767;47.344276
6997.799999999999;1016;2612774.57;1243727.14;7.607672;47.344277
6997.9;1016;2612774.57;1243727.25;7.607672;47.344278
6998.2;1016;2612774.64;1243727.47;7.607673;47.34428
6998.4;1016;2612774.79;1243727.7;7.607675;47.344282
6998.799999999999;1016.9;2612774.87;1243728.03;7.607676;47.344285
6999.5;1016.9;2612775.24;1243728.7;7.607681;47.344291
7000.2;1016.9;2612775.47;1243729.36;7.607684;47.344297
7001.2;1017.7;2612775.92;1243730.25;7.60769;47.344305
7002.299999999999;1016.9;2612776.3;1243731.26;7.607695;47.344314
7003.099999999999;1017.6;2612776.44;1243732.03;7.607697;47.344321
7004.099999999999;1017.6;2612776.52;1243733.04;7.607698;47.34433
7004.7;1017.6;2612776.59;1243733.59;7.607699;47.344335
7005.2;1018.8;2612776.59;1243734.15;7.607699;47.34434
7005.4;1018.8;2612776.59;1243734.37;7.607699;47.344342
7005.7;1018.8;2612776.59;1243734.59;7.607699;47.344344
7006;1018.8;2612776.51;1243734.93;7.607698;47.344347
7006.2;1018.8;2612776.51;1243735.15;7.607698;47.344349
7006.5;1018.8;2612776.51;1243735.37;7.607698;47.344351
7006.7;1018.8;2612776.59;1243735.59;7.607699;47.344353
7006.799999999999;1018.8;2612776.59;1243735.7;7.607699;47.344354
7006.9;1018.8;2612776.66;1243735.82;7.6077;47.344355
7007.099999999999;1018.8;2612776.74;1243735.93;7.607701;47.344356
7007.2;1019.4;2612776.74;1243736.04;7.607701;47.344357
7007.4;1019.4;2612776.66;1243736.26;7.6077;47.344359
7007.799999999999;1019.4;2612776.66;1243736.59;7.6077;47.344362
7007.9;1019.4;2612776.66;1243736.7;7.6077;47.344363
7008;1019.4;2612776.59;1243736.82;7.607699;47.344364
7008.099999999999;1019.4;2612776.59;1243736.93;7.607699;47.344365
7008.2;1019.4;2612776.59;1243737.04;7.607699;47.344366
7008.2;1019.4;2612776.59;1243737.04;7.607699;47.344366
7008.4;1019.4;2612776.66;1243737.15;7.6077;47.344367
7008.4;1019.4;2612776.58;1243737.15;7.607699;47.344367
7008.5;1019.4;2612776.66;1243737.15;7.6077;47.344367
7008.599999999999;1019.4;2612776.66;1243737.26;7.6077;47.344368
7008.599999999999;1019.4;2612776.66;1243737.26;7.6077;47.344368
7008.7;1019.4;2612776.66;1243737.37;7.6077;47.344369
7008.7;1019.4;2612776.66;1243737.37;7.6077;47.344369
7008.799999999999;1019.4;2612776.74;1243737.37;7.607701;47.344369
7008.799999999999;1019.4;2612776.74;1243737.37;7.607701;47.344369
7008.9;1019.4;2612776.74;1243737.48;7.607701;47.34437
7008.9;1019.4;2612776.74;1243737.48;7.607701;47.34437
7008.9;1019.4;2612776.74;1243737.48;7.607701;47.34437
7008.9;1019.4;2612776.74;1243737.48;7.607701;47.34437
7008.9;1019.4;2612776.74;1243737.48;7.607701;47.34437
7008.9;1019.4;2612776.74;1243737.48;7.607701;47.34437
7008.9;1019.4;2612776.74;1243737.48;7.607701;47.34437
7008.9;1019.4;2612776.74;1243737.48;7.607701;47.34437
7009;1019.4;2612776.74;1243737.59;7.607701;47.344371
7009;1019.4;2612776.74;1243737.59;7.607701;47.344371
7009;1019.4;2612776.74;1243737.59;7.607701;47.344371
7009;1019.4;2612776.74;1243737.59;7.607701;47.344371
7009;1019.4;2612776.74;1243737.59;7.607701;47.344371
7009;1019.4;2612776.74;1243737.59;7.607701;47.344371
7009;1019.4;2612776.74;1243737.59;7.607701;47.344371
7009;1019.4;2612776.74;1243737.59;7.607701;47.344371
7009;1019.4;2612776.74;1243737.59;7.607701;47.344371
7009;1019.4;2612776.74;1243737.59;7.607701;47.344371
7009.099999999999;1019.4;2612776.81;1243737.59;7.607702;47.344371
7009.099999999999;1019.4;2612776.81;1243737.59;7.607702;47.344371
7009.2;1019.4;2612776.74;1243737.59;7.607701;47.344371
7009.2;1019.4;2612776.74;1243737.59;7.607701;47.344371
7009.2;1019.4;2612776.74;1243737.59;7.607701;47.344371
7009.299999999999;1019.4;2612776.74;1243737.48;7.607701;47.34437
7009.299999999999;1019.4;2612776.74;1243737.48;7.607701;47.34437
7009.299999999999;1019.4;2612776.74;1243737.48;7.607701;47.34437
7009.299999999999;1019.4;2612776.74;1243737.48;7.607701;47.34437
7009.299999999999;1019.4;2612776.74;1243737.48;7.607701;47.34437
7009.299999999999;1019.4;2612776.74;1243737.48;7.607701;47.34437
7009.4;1019.4;2612776.74;1243737.37;7.607701;47.344369
7009.4;1019.4;2612776.74;1243737.37;7.607701;47.344369
7009.4;1019.4;2612776.74;1243737.37;7.607701;47.344369
7009.4;1019.4;2612776.74;1243737.37;7.607701;47.344369
7009.4;1019.4;2612776.74;1243737.37;7.607701;47.344369
7009.4;1019.4;2612776.74;1243737.37;7.607701;47.344369
7009.4;1019.4;2612776.74;1243737.37;7.607701;47.344369
7009.4;1019.4;2612776.74;1243737.37;7.607701;47.344369
7009.4;1019.4;2612776.74;1243737.37;7.607701;47.344369
7009.5;1019.4;2612776.74;1243737.26;7.607701;47.344368
7009.5;1019.4;2612776.74;1243737.26;7.607701;47.344368
7009.5;1019.4;2612776.74;1243737.26;7.607701;47.344368
7009.5;1019.4;2612776.74;1243737.26;7.607701;47.344368
7009.5;1019.4;2612776.74;1243737.26;7.607701;47.344368
7009.5;1019.4;2612776.74;1243737.26;7.607701;47.344368
7009.599999999999;1019.4;2612776.81;1243737.26;7.607702;47.344368
7009.7;1019.4;2612776.81;1243737.15;7.607702;47.344367
7009.7;1019.4;2612776.81;1243737.15;7.607702;47.344367
7009.7;1019.4;2612776.81;1243737.15;7.607702;47.344367
7009.7;1019.4;2612776.81;1243737.15;7.607702;47.344367
7009.7;1019.4;2612776.81;1243737.15;7.607702;47.344367
7009.7;1019.4;2612776.81;1243737.15;7.607702;47.344367
7009.799999999999;1019.4;2612776.89;1243737.15;7.607703;47.344367
7009.799999999999;1019.4;2612776.89;1243737.15;7.607703;47.344367
7009.9;1019.4;2612776.89;1243737.04;7.607703;47.344366
7009.9;1019.4;2612776.89;1243737.04;7.607703;47.344366
7009.9;1019.4;2612776.89;1243737.04;7.607703;47.344366
7009.9;1019.4;2612776.89;1243737.04;7.607703;47.344366
7009.9;1019.4;2612776.89;1243737.04;7.607703;47.344366
7009.9;1019.4;2612776.89;1243737.04;7.607703;47.344366
7009.9;1019.4;2612776.89;1243737.04;7.607703;47.344366
7009.9;1019.4;2612776.89;1243737.04;7.607703;47.344366
7009.9;1019.4;2612776.89;1243737.04;7.607703;47.344366
7009.9;1019.4;2612776.89;1243737.04;7.607703;47.344366
7009.9;1019.4;2612776.89;1243737.04;7.607703;47.344366
7009.9;1019.4;2612776.89;1243737.04;7.607703;47.344366
7010;1019.4;2612776.89;1243737.15;7.607703;47.344367
7010;1019.4;2612776.89;1243737.15;7.607703;47.344367
7010;1019.4;2612776.89;1243737.15;7.607703;47.344367
7010;1019.4;2612776.89;1243737.15;7.607703;47.344367
7010;1019.4;2612776.89;1243737.15;7.607703;47.344367
7010.099999999999;1019.4;2612776.96;1243737.15;7.607704;47.344367
7010.099999999999;1019.4;2612776.96;1243737.15;7.607704;47.344367
7010.099999999999;1019.4;2612776.96;1243737.15;7.607704;47.344367
7010.099999999999;1019.4;2612776.96;1243737.15;7.607704;47.344367
7010.099999999999;1019.4;2612776.96;1243737.15;7.607704;47.344367
7010.2;1019.4;2612776.96;1243737.04;7.607704;47.344366
7010.2;1019.4;2612776.96;1243737.04;7.607704;47.344366
7010.2;1019.4;2612776.96;1243737.04;7.607704;47.344366
7010.2;1019.4;2612776.96;1243737.04;7.607704;47.344366
7010.2;1019.4;2612776.96;1243737.04;7.607704;47.344366
7010.2;1019.4;2612776.96;1243737.04;7.607704;47.344366
7010.299999999999;1019.4;2612776.96;1243737.15;7.607704;47.344367
7010.4;1019.4;2612777.04;1243737.04;7.607705;47.344366
7010.4;1019.4;2612777.04;1243737.04;7.607705;47.344366
7010.4;1019.4;2612777.04;1243737.04;7.607705;47.344366
7010.5;1019.4;2612777.04;1243737.15;7.607705;47.344367
7010.5;1019.4;2612777.04;1243737.15;7.607705;47.344367
7010.599999999999;1019.4;2612777.04;1243737.04;7.607705;47.344366
7010.799999999999;1019.4;2612777.04;1243737.15;7.607705;47.344367
7010.799999999999;1019.4;2612777.04;1243737.15;7.607705;47.344367
7010.799999999999;1019.4;2612777.04;1243737.15;7.607705;47.344367
7010.799999999999;1019.4;2612777.04;1243737.15;7.607705;47.344367
7010.799999999999;1019.4;2612776.96;1243737.15;7.607704;47.344367
7010.799999999999;1019.4;2612776.96;1243737.15;7.607704;47.344367
7010.799999999999;1019.4;2612776.96;1243737.15;7.607704;47.344367
7010.799999999999;1019.4;2612776.96;1243737.15;7.607704;47.344367
7010.799999999999;1019.4;2612776.96;1243737.15;7.607704;47.344367
7010.9;1019.4;2612776.89;1243737.15;7.607703;47.344367
7011;1019.4;2612776.89;1243737.04;7.607703;47.344366
7011.099999999999;1019.4;2612776.89;1243737.15;7.607703;47.344367
7011.2;1019.4;2612776.89;1243737.04;7.607703;47.344366
7011.2;1019.4;2612776.89;1243737.04;7.607703;47.344366
7011.2;1019.4;2612776.89;1243737.04;7.607703;47.344366
7011.2;1019.4;2612776.89;1243737.04;7.607703;47.344366
7011.2;1019.4;2612776.89;1243737.04;7.607703;47.344366
7011.2;1019.4;2612776.89;1243737.04;7.607703;47.344366
7011.299999999999;1019.4;2612776.81;1243737.04;7.607702;47.344366
7011.4;1019.4;2612776.81;1243736.93;7.607702;47.344365
7011.4;1019.4;2612776.81;1243736.93;7.607702;47.344365
7011.4;1019.4;2612776.81;1243736.93;7.607702;47.344365
7011.4;1019.4;2612776.81;1243736.93;7.607702;47.344365
7011.5;1019.4;2612776.89;1243736.93;7.607703;47.344365
7011.5;1019.4;2612776.89;1243736.93;7.607703;47.344365
7011.5;1019.4;2612776.89;1243736.93;7.607703;47.344365
7011.599999999999;1019.4;2612776.81;1243736.82;7.607702;47.344364
7011.599999999999;1019.4;2612776.81;1243736.82;7.607702;47.344364
7011.599999999999;1019.4;2612776.81;1243736.82;7.607702;47.344364
7011.599999999999;1019.4;2612776.81;1243736.82;7.607702;47.344364
7011.599999999999;1019.4;2612776.81;1243736.82;7.607702;47.344364
7011.599999999999;1019.4;2612776.81;1243736.82;7.607702;47.344364
7011.599999999999;1019.4;2612776.81;1243736.82;7.607702;47.344364
7011.599999999999;1019.4;2612776.81;1243736.82;7.607702;47.344364
7011.599999999999;1019.4;2612776.81;1243736.82;7.607702;47.344364
7011.599999999999;1019.4;2612776.81;1243736.82;7.607702;47.344364
7011.599999999999;1019.4;2612776.81;1243736.82;7.607702;47.344364
7011.599999999999;1019.4;2612776.81;1243736.82;7.607702;47.344364
7011.599999999999;1019.4;2612776.81;1243736.82;7.607702;47.344364
7011.599999999999;1019.4;2612776.81;1243736.82;7.607702;47.344364
7011.599999999999;1019.4;2612776.81;1243736.82;7.607702;47.344364
7011.799999999999;1019.4;2612776.81;1243736.71;7.607702;47.344363
7011.799999999999;1019.4;2612776.81;1243736.71;7.607702;47.344363
7011.799999999999;1019.4;2612776.81;1243736.71;7.607702;47.344363
7011.799999999999;1019.4;2612776.81;1243736.71;7.607702;47.344363
7011.799999999999;1019.4;2612776.74;1243736.71;7.607701;47.344363
7011.799999999999;1019.4;2612776.74;1243736.71;7.607701;47.344363
7011.9;1019.4;2612776.74;1243736.82;7.607701;47.344364
7011.9;1019.4;2612776.74;1243736.82;7.607701;47.344364
7011.9;1019.4;2612776.74;1243736.82;7.607701;47.344364
7011.9;1019.4;2612776.74;1243736.82;7.607701;47.344364
7011.9;1019.4;2612776.74;1243736.82;7.607701;47.344364
7012.099999999999;1019.4;2612776.74;1243736.93;7.607701;47.344365
7012.2;1019.4;2612776.66;1243736.82;7.6077;47.344364
7012.2;1019.4;2612776.66;1243736.82;7.6077;47.344364
7012.299999999999;1019.4;2612776.66;1243736.93;7.6077;47.344365
7012.299999999999;1019.4;2612776.66;1243736.93;7.6077;47.344365
7012.299999999999;1019.4;2612776.66;1243736.93;7.6077;47.344365
7012.299999999999;1019.4;2612776.66;1243736.93;7.6077;47.344365
7012.299999999999;1019.4;2612776.66;1243736.93;7.6077;47.344365
7012.299999999999;1019.4;2612776.66;1243736.93;7.6077;47.344365
7012.4;1019.4;2612776.66;1243737.04;7.6077;47.344366
7012.4;1019.4;2612776.66;1243737.04;7.6077;47.344366
7012.5;1019.4;2612776.74;1243737.04;7.607701;47.344366
7012.5;1019.4;2612776.74;1243737.04;7.607701;47.344366
7012.5;1019.4;2612776.74;1243737.04;7.607701;47.344366
7012.5;1019.4;2612776.74;1243737.04;7.607701;47.344366
7012.5;1019.4;2612776.74;1243737.04;7.607701;47.344366
7012.5;1019.4;2612776.74;1243737.04;7.607701;47.344366
7012.5;1019.4;2612776.74;1243737.04;7.607701;47.344366
7012.5;1019.4;2612776.74;1243737.04;7.607701;47.344366
7012.5;1019.4;2612776.74;1243737.04;7.607701;47.344366
7012.5;1019.4;2612776.74;1243737.04;7.607701;47.344366
7012.5;1019.4;2612776.74;1243737.04;7.607701;47.344366
7012.5;1019.4;2612776.74;1243737.04;7.607701;47.344366
7012.599999999999;1019.4;2612776.66;1243737.15;7.6077;47.344367
7012.7;1019.4;2612776.58;1243737.15;7.607699;47.344367
7012.7;1019.4;2612776.58;1243737.15;7.607699;47.344367
7012.799999999999;1019.4;2612776.59;1243737.04;7.607699;47.344366
7012.9;1019.4;2612776.51;1243737.15;7.607698;47.344367
7013;1019.4;2612776.51;1243737.04;7.607698;47.344366
7013;1019.4;2612776.51;1243737.04;7.607698;47.344366
7013.099999999999;1019.4;2612776.43;1243737.04;7.607697;47.344366
7013.099999999999;1019.4;2612776.43;1243737.04;7.607697;47.344366
7013.099999999999;1019.4;2612776.43;1243737.04;7.607697;47.344366
7013.2;1019.4;2612776.51;1243737.04;7.607698;47.344366
7013.2;1019.4;2612776.51;1243737.04;7.607698;47.344366
7013.2;1019.4;2612776.51;1243737.04;7.607698;47.344366
7013.2;1019.4;2612776.51;1243737.04;7.607698;47.344366
7013.2;1019.4;2612776.51;1243737.04;7.607698;47.344366
7013.2;1019.4;2612776.51;1243737.04;7.607698;47.344366
7013.299999999999;1019.4;2612776.43;1243737.04;7.607697;47.344366
7013.4;1019.4;2612776.43;1243736.93;7.607697;47.344365
7013.4;1019.4;2612776.43;1243736.93;7.607697;47.344365
7013.4;1019.4;2612776.43;1243736.93;7.607697;47.344365
7013.5;1019.4;2612776.51;1243736.93;7.607698;47.344365
7013.5;1019.4;2612776.51;1243736.93;7.607698;47.344365
7013.5;1019.4;2612776.51;1243736.93;7.607698;47.344365
7013.5;1019.4;2612776.51;1243736.93;7.607698;47.344365
7013.5;1019.4;2612776.51;1243736.93;7.607698;47.344365
7013.599999999999;1019.4;2612776.51;1243736.82;7.607698;47.344364
7013.599999999999;1019.4;2612776.51;1243736.82;7.607698;47.344364
7013.599999999999;1019.4;2612776.51;1243736.82;7.607698;47.344364
7013.599999999999;1019.4;2612776.51;1243736.82;7.607698;47.344364
7013.599999999999;1019.4;2612776.59;1243736.82;7.607699;47.344364
7013.599999999999;1019.4;2612776.59;1243736.82;7.607699;47.344364
7013.599999999999;1019.4;2612776.59;1243736.82;7.607699;47.344364
7013.599999999999;1019.4;2612776.59;1243736.82;7.607699;47.344364
7013.599999999999;1019.4;2612776.59;1243736.82;7.607699;47.344364
7013.599999999999;1019.4;2612776.59;1243736.82;7.607699;47.344364
7013.599999999999;1019.4;2612776.59;1243736.82;7.607699;47.344364
7013.599999999999;1019.4;2612776.59;1243736.82;7.607699;47.344364
7013.599999999999;1019.4;2612776.59;1243736.82;7.607699;47.344364
7013.599999999999;1019.4;2612776.59;1243736.82;7.607699;47.344364
7013.599999999999;1019.4;2612776.59;1243736.82;7.607699;47.344364
7013.7;1019.4;2612776.66;1243736.82;7.6077;47.344364
7013.7;1019.4;2612776.66;1243736.82;7.6077;47.344364
7013.7;1019.4;2612776.66;1243736.82;7.6077;47.344364
7013.7;1019.4;2612776.66;1243736.82;7.6077;47.344364
7013.7;1019.4;2612776.66;1243736.82;7.6077;47.344364
7013.7;1019.4;2612776.66;1243736.82;7.6077;47.344364
7013.799999999999;1019.4;2612776.74;1243736.82;7.607701;47.344364
7013.799999999999;1019.4;2612776.74;1243736.82;7.607701;47.344364
7013.799999999999;1019.4;2612776.74;1243736.82;7.607701;47.344364
7013.799999999999;1019.4;2612776.74;1243736.82;7.607701;47.344364
7013.799999999999;1019.4;2612776.74;1243736.82;7.607701;47.344364
7013.799999999999;1019.4;2612776.74;1243736.82;7.607701;47.344364
7013.799999999999;1019.4;2612776.74;1243736.82;7.607701;47.344364
7013.799999999999;1019.4;2612776.74;1243736.82;7.607701;47.344364
7013.799999999999;1019.4;2612776.74;1243736.82;7.607701;47.344364
7013.799999999999;1019.4;2612776.74;1243736.82;7.607701;47.344364
7013.799999999999;1019.4;2612776.74;1243736.82;7.607701;47.344364
7013.9;1019.4;2612776.74;1243736.93;7.607701;47.344365
7013.9;1019.4;2612776.74;1243736.93;7.607701;47.344365
7013.9;1019.4;2612776.74;1243736.93;7.607701;47.344365
7013.9;1019.4;2612776.74;1243736.93;7.607701;47.344365
7013.9;1019.4;2612776.74;1243736.93;7.607701;47.344365
7013.9;1019.4;2612776.74;1243736.93;7.607701;47.344365
7013.9;1019.4;2612776.74;1243736.93;7.607701;47.344365
7013.9;1019.4;2612776.74;1243736.93;7.607701;47.344365
7014;1019.4;2612776.74;1243737.04;7.607701;47.344366
7014.099999999999;1019.4;2612776.66;1243737.04;7.6077;47.344366
7014.099999999999;1019.4;2612776.66;1243737.04;7.6077;47.344366
7014.099999999999;1019.4;2612776.66;1243737.04;7.6077;47.344366
7014.099999999999;1019.4;2612776.66;1243737.04;7.6077;47.344366
7014.099999999999;1019.4;2612776.66;1243737.04;7.6077;47.344366
7014.2;1019.4;2612776.59;1243737.04;7.607699;47.344366
7014.2;1019.4;2612776.59;1243737.04;7.607699;47.344366
7014.299999999999;1019.4;2612776.58;1243737.15;7.607699;47.344367
7014.4;1019.4;2612776.66;1243737.15;7.6077;47.344367
7014.4;1019.4;2612776.66;1243737.15;7.6077;47.344367
7014.4;1019.4;2612776.66;1243737.15;7.6077;47.344367
7014.5;1019.4;2612776.66;1243737.26;7.6077;47.344368
7014.5;1019.4;2612776.66;1243737.26;7.6077;47.344368
7014.5;1019.4;2612776.66;1243737.26;7.6077;47.344368
7014.5;1019.4;2612776.66;1243737.26;7.6077;47.344368
7014.5;1019.4;2612776.66;1243737.26;7.6077;47.344368
7014.5;1019.4;2612776.66;1243737.26;7.6077;47.344368
7014.5;1019.4;2612776.66;1243737.26;7.6077;47.344368
7014.5;1019.4;2612776.66;1243737.26;7.6077;47.344368
7014.5;1019.4;2612776.66;1243737.26;7.6077;47.344368
7014.5;1019.4;2612776.66;1243737.26;7.6077;47.344368
7014.5;1019.4;2612776.66;1243737.26;7.6077;47.344368
7014.599999999999;1019.4;2612776.66;1243737.37;7.6077;47.344369
7014.599999999999;1019.4;2612776.66;1243737.37;7.6077;47.344369
7014.599999999999;1019.4;2612776.66;1243737.37;7.6077;47.344369
7014.599999999999;1019.4;2612776.66;1243737.37;7.6077;47.344369
7014.599999999999;1019.4;2612776.66;1243737.37;7.6077;47.344369
7014.599999999999;1019.4;2612776.66;1243737.37;7.6077;47.344369
7014.7;1019.4;2612776.74;1243737.37;7.607701;47.344369
7014.7;1019.4;2612776.74;1243737.37;7.607701;47.344369
7014.7;1019.4;2612776.74;1243737.37;7.607701;47.344369
7014.7;1019.4;2612776.74;1243737.37;7.607701;47.344369
7014.7;1019.4;2612776.74;1243737.37;7.607701;47.344369
7014.7;1019.4;2612776.74;1243737.37;7.607701;47.344369
7014.7;1019.4;2612776.74;1243737.37;7.607701;47.344369
7014.7;1019.4;2612776.74;1243737.37;7.607701;47.344369
7014.7;1019.4;2612776.74;1243737.37;7.607701;47.344369
7014.7;1019.4;2612776.74;1243737.37;7.607701;47.344369
7014.7;1019.4;2612776.74;1243737.37;7.607701;47.344369
7014.7;1019.4;2612776.74;1243737.37;7.607701;47.344369
7014.7;1019.4;2612776.74;1243737.37;7.607701;47.344369
7014.7;1019.4;2612776.74;1243737.37;7.607701;47.344369
7014.799999999999;1019.4;2612776.74;1243737.26;7.607701;47.344368
7014.799999999999;1019.4;2612776.74;1243737.26;7.607701;47.344368
7014.799999999999;1019.4;2612776.74;1243737.26;7.607701;47.344368
7014.799999999999;1019.4;2612776.66;1243737.26;7.6077;47.344368
7014.799999999999;1019.4;2612776.66;1243737.26;7.6077;47.344368
7014.799999999999;1019.4;2612776.66;1243737.26;7.6077;47.344368
7014.799999999999;1019.4;2612776.66;1243737.26;7.6077;47.344368
7014.799999999999;1019.4;2612776.66;1243737.26;7.6077;47.344368
7014.799999999999;1019.4;2612776.66;1243737.26;7.6077;47.344368
7014.799999999999;1019.4;2612776.66;1243737.26;7.6077;47.344368
7014.799999999999;1019.4;2612776.66;1243737.26;7.6077;47.344368
7014.799999999999;1019.4;2612776.66;1243737.26;7.6077;47.344368
7014.799999999999;1019.4;2612776.66;1243737.26;7.6077;47.344368
7014.799999999999;1019.4;2612776.66;1243737.26;7.6077;47.344368
7014.799999999999;1019.4;2612776.66;1243737.26;7.6077;47.344368
7014.799999999999;1019.4;2612776.66;1243737.26;7.6077;47.344368
7015;1019.4;2612776.66;1243737.15;7.6077;47.344367
7015;1019.4;2612776.66;1243737.15;7.6077;47.344367
7015;1019.4;2612776.66;1243737.15;7.6077;47.344367
7015;1019.4;2612776.66;1243737.15;7.6077;47.344367
7015;1019.4;2612776.66;1243737.15;7.6077;47.344367
7015;1019.4;2612776.66;1243737.15;7.6077;47.344367
7015;1019.4;2612776.58;1243737.15;7.607699;47.344367
7015;1019.4;2612776.58;1243737.15;7.607699;47.344367
7015;1019.4;2612776.58;1243737.15;7.607699;47.344367
7015;1019.4;2612776.58;1243737.15;7.607699;47.344367
7015;1019.4;2612776.58;1243737.15;7.607699;47.344367
7015;1019.4;2612776.58;1243737.15;7.607699;47.344367
7015;1019.4;2612776.58;1243737.15;7.607699;47.344367
7015;1019.4;2612776.58;1243737.15;7.607699;47.344367
7015.099999999999;1019.4;2612776.51;1243737.15;7.607698;47.344367
7015.099999999999;1019.4;2612776.51;1243737.15;7.607698;47.344367
7015.099999999999;1019.4;2612776.51;1243737.15;7.607698;47.344367
7015.099999999999;1019.4;2612776.51;1243737.15;7.607698;47.344367
7015.099999999999;1019.4;2612776.51;1243737.15;7.607698;47.344367
7015.099999999999;1019.4;2612776.51;1243737.15;7.607698;47.344367
7015.2;1019.4;2612776.58;1243737.15;7.607699;47.344367
7015.2;1019.4;2612776.58;1243737.15;7.607699;47.344367
7015.2;1019.4;2612776.58;1243737.15;7.607699;47.344367
7015.2;1019.4;2612776.58;1243737.15;7.607699;47.344367
7015.2;1019.4;2612776.58;1243737.15;7.607699;47.344367
7015.2;1019.4;2612776.58;1243737.15;7.607699;47.344367
7015.2;1019.4;2612776.58;1243737.15;7.607699;47.344367
7015.2;1019.4;2612776.58;1243737.15;7.607699;47.344367
7015.2;1019.4;2612776.58;1243737.15;7.607699;47.344367
7015.2;1019.4;2612776.58;1243737.15;7.607699;47.344367
7015.299999999999;1019.4;2612776.51;1243737.15;7.607698;47.344367
7015.299999999999;1019.4;2612776.51;1243737.15;7.607698;47.344367
7015.299999999999;1019.4;2612776.51;1243737.15;7.607698;47.344367
7015.299999999999;1019.4;2612776.58;1243737.15;7.607699;47.344367
7015.4;1019.4;2612776.51;1243737.15;7.607698;47.344367
7015.5;1019.4;2612776.58;1243737.15;7.607699;47.344367
7015.599999999999;1019.4;2612776.66;1243737.15;7.6077;47.344367
7015.7;1019.4;2612776.74;1243737.04;7.607701;47.344366
7016.299999999999;1019.4;2612777.34;1243737.26;7.607709;47.344368
7016.599999999999;1019.4;2612777.57;1243737.37;7.607712;47.344369
7019;1019.7;2612779.15;1243739.16;7.607733;47.344385
7020.099999999999;1020.2;2612779.68;1243740.16;7.60774;47.344394
7021.299999999999;1020;2612780.35;1243741.16;7.607749;47.344403
7022.5;1020;2612781.18;1243741.94;7.60776;47.34441
7023.5;1020.6;2612781.94;1243742.72;7.60777;47.344417
7024.7;1020.5;2612782.54;1243743.72;7.607778;47.344426
7025.7;1021;2612783.22;1243744.5;7.607787;47.344433
7027.799999999999;1020.9;2612784.88;1243745.73;7.607809;47.344444
7028.7;1021.2;2612785.41;1243746.4;7.607816;47.34445
7029.599999999999;1021.2;2612785.78;1243747.29;7.607821;47.344458
7030.5;1022;2612786.01;1243748.18;7.607824;47.344466
7031.599999999999;1022;2612786.31;1243749.18;7.607828;47.344475
7032.5;1021.7;2612786.61;1243750.07;7.607832;47.344483
7033.7;1021.7;2612787.36;1243750.96;7.607842;47.344491
7034.4;1022.4;2612788.04;1243751.07;7.607851;47.344492
7035.5;1022.4;2612789.1;1243751.3;7.607865;47.344494
7036.5;1022.6;2612790.16;1243751.52;7.607879;47.344496
7037.5;1022.6;2612791.06;1243751.86;7.607891;47.344499
7039.099999999999;1023.1;2612792.19;1243752.97;7.607906;47.344509
7040.7;1023.1;2612793.48;1243753.97;7.607923;47.344518
7041.599999999999;1023.5;2612794.31;1243754.2;7.607934;47.34452
7042.5;1023.5;2612794.99;1243754.76;7.607943;47.344525
7043.2;1023.5;2612795.29;1243755.42;7.607947;47.344531
7044;1024.3;2612795.59;1243756.2;7.607951;47.344538
7044.9;1024.3;2612795.89;1243756.98;7.607955;47.344545
7045.9;1023.9;2612796.34;1243757.87;7.607961;47.344553
7046.4;1024.8;2612796.34;1243758.43;7.607961;47.344558
7047.099999999999;1024.8;2612796.56;1243759.1;7.607964;47.344564
7048;1024.8;2612797.09;1243759.76;7.607971;47.34457
7048.7;1024;2612797.62;1243760.32;7.607978;47.344575
7050.5;1024.6;2612798.75;1243761.66;7.607993;47.344587
7051.2;1023.7;2612799.13;1243762.21;7.607998;47.344592
7051.9;1023.7;2612799.65;1243762.77;7.608005;47.344597
7052.799999999999;1024.7;2612800.41;1243763.11;7.608015;47.3446
7053.799999999999;1024.7;2612801.39;1243763.33;7.608028;47.344602
7055;1024.7;2612802.52;1243763.67;7.608043;47.344605
7056;1024.6;2612803.5;1243764.11;7.608056;47.344609
7057;1024.7;2612804.49;1243764.34;7.608069;47.344611
7058.099999999999;1024.7;2612805.55;1243764.23;7.608083;47.34461
7059.2;1024.1;2612806.6;1243764.23;7.608097;47.34461
7059.9;1024.1;2612807.36;1243764.34;7.608107;47.344611
7061.099999999999;1023.5;2612808.42;1243764.79;7.608121;47.344615
7063.599999999999;1023.7;2612810.45;1243766.35;7.608148;47.344629
7065;1023.7;2612810.98;1243767.58;7.608155;47.34464
7066.099999999999;1024.6;2612811.2;1243768.69;7.608158;47.34465
7068.2;1025;2612812.79;1243770.03;7.608179;47.344662
7069.299999999999;1025;2612813.39;1243770.92;7.608187;47.34467
7070.5;1025.6;2612813.46;1243772.14;7.608188;47.344681
7071.599999999999;1025.6;2612813.16;1243773.25;7.608184;47.344691
7072.599999999999;1025.2;2612813;1243774.25;7.608182;47.3447
7073.599999999999;1025.2;2612813.38;1243775.14;7.608187;47.344708
7074.599999999999;1026.1;2612814.06;1243775.92;7.608196;47.344715
7075.599999999999;1024.4;2612814.51;1243776.81;7.608202;47.344723
7076.599999999999;1024.4;2612815.19;1243777.48;7.608211;47.344729
7078.7;1023.2;2612816.92;1243778.6;7.608234;47.344739
7079.9;1025.6;2612818.21;1243778.71;7.608251;47.34474
7081.2;1025.6;2612819.42;1243779.05;7.608267;47.344743
7082.299999999999;1025.9;2612820.47;1243779.38;7.608281;47.344746
7083.299999999999;1025.9;2612821.3;1243779.94;7.608292;47.344751
7085.599999999999;1025.9;2612823.34;1243780.94;7.608319;47.34476
7086.5;1025.1;2612824.25;1243781.28;7.608331;47.344763
7087.599999999999;1025.1;2612825.15;1243781.84;7.608343;47.344768
7088.4;1026.1;2612825.61;1243782.51;7.608349;47.344774
7089.4;1025.4;2612826.13;1243783.28;7.608356;47.344781
7090.4;1026.1;2612826.89;1243784.06;7.608366;47.344788
7091.299999999999;1026.1;2612827.57;1243784.62;7.608375;47.344793
7092.4;1025.1;2612828.4;1243785.29;7.608386;47.344799
7094.799999999999;1025.3;2612830.43;1243786.63;7.608413;47.344811
7095.9;1025.3;2612831.19;1243787.41;7.608423;47.344818
7096.9;1024.6;2612832.17;1243787.75;7.608436;47.344821
7098.4;1025.7;2612833.53;1243788.3;7.608454;47.344826
7099.2;1025.5;2612834.21;1243788.75;7.608463;47.34483
7100.5;1025.5;2612835.19;1243789.53;7.608476;47.344837
7101.799999999999;1025.4;2612836.09;1243790.42;7.608488;47.344845
7103;1025.4;2612836.92;1243791.31;7.608499;47.344853
7104.2;1026.6;2612837.83;1243792.2;7.608511;47.344861
7107.299999999999;1025.5;2612840.55;1243793.54;7.608547;47.344873
7108;1026.8;2612841.07;1243794.1;7.608554;47.344878
7109.2;1026.8;2612841.83;1243794.99;7.608564;47.344886
7110.299999999999;1026.3;2612842.35;1243795.99;7.608571;47.344895
7111.5;1027.5;2612843.03;1243797;7.60858;47.344904
7112.5;1027.5;2612843.63;1243797.78;7.608588;47.344911
7114.5;1028;2612845.29;1243798.89;7.60861;47.344921
7115.7;1027.2;2612846.2;1243799.56;7.608622;47.344927
7117.7;1028.1;2612847.86;1243800.68;7.608644;47.344937
7118.9;1027.5;2612848.61;1243801.68;7.608654;47.344946
7120.099999999999;1028.5;2612849.37;1243802.57;7.608664;47.344954
7122.4;1028.6;2612850.8;1243804.35;7.608683;47.34497
7124.5;1029.4;2612850.87;1243806.46;7.608684;47.344989
7125.299999999999;1029.4;2612851.02;1243807.24;7.608686;47.344996
7127.5;1029.7;2612852.98;1243808.25;7.608712;47.345005
7128.599999999999;1029;2612854.12;1243808.14;7.608727;47.345004
7129.9;1029;2612855.4;1243808.14;7.608744;47.345004
7132.2;1028.3;2612857.67;1243808.59;7.608774;47.345008
7133.299999999999;1027.8;2612858.72;1243808.82;7.608788;47.34501
7134.5;1027.8;2612859.93;1243808.93;7.608804;47.345011
7135.5;1027.6;2612860.84;1243808.6;7.608816;47.345008
7136.5;1027.6;2612861.75;1243808.16;7.608828;47.345004
7137.5;1027.3;2612862.73;1243808.16;7.608841;47.345004
7139.799999999999;1026.8;2612864.31;1243809.83;7.608862;47.345019
7140.799999999999;1028;2612865.14;1243810.5;7.608873;47.345025
7143.299999999999;1027.8;2612867.48;1243811.39;7.608904;47.345033
7144.599999999999;1028.3;2612868.54;1243812.06;7.608918;47.345039
7145.9;1028.3;2612869.67;1243812.73;7.608933;47.345045
7147.2;1027.6;2612870.65;1243813.62;7.608946;47.345053
7148.599999999999;1028.5;2612871.63;1243814.51;7.608959;47.345061
7149.799999999999;1027.7;2612872.54;1243815.29;7.608971;47.345068
7152.299999999999;1027.7;2612874.5;1243816.85;7.608997;47.345082
7153.599999999999;1027.7;2612875.78;1243817.19;7.609014;47.345085
7154.799999999999;1026.8;2612876.92;1243817.75;7.609029;47.34509
7156;1027.8;2612877.9;1243818.42;7.609042;47.345096
7157.2;1026.7;2612878.65;1243819.31;7.609052;47.345104
7159.5;1027.7;2612879.93;1243821.2;7.609069;47.345121
7161.4;1027.8;2612881.52;1243822.32;7.60909;47.345131
7162.5;1027.1;2612882.57;1243822.65;7.609104;47.345134
7163.9;1027.1;2612883.86;1243823.21;7.609121;47.345139
7165;1026.5;2612884.91;1243823.33;7.609135;47.34514
7166.299999999999;1026.2;2612886.12;1243823.77;7.609151;47.345144
7167.9;1027.1;2612887.25;1243824.89;7.609166;47.345154
7169.4;1028.1;2612887.93;1243826.22;7.609175;47.345166
7170.799999999999;1027.7;2612888.31;1243827.56;7.60918;47.345178
7172.2;1028.7;2612888.3;1243829;7.60918;47.345191
7173.4;1029.6;2612888.15;1243830.23;7.609178;47.345202
7175.599999999999;1030.2;2612888.45;1243832.34;7.609182;47.345221
7177.5;1030.2;2612889.58;1243833.9;7.609197;47.345235
7178.5;1031.1;2612890.41;1243834.46;7.609208;47.34524
7179.4;1031.1;2612891.16;1243835.01;7.609218;47.345245
7181.4;1031.7;2612892.52;1243836.46;7.609236;47.345258
7182.2;1031.7;2612893.05;1243837.02;7.609243;47.345263
7183;1031.7;2612893.65;1243837.58;7.609251;47.345268
7184;1032.1;2612894.33;1243838.24;7.60926;47.345274
7184.9;1032.1;2612894.93;1243839.02;7.609268;47.345281
7185.799999999999;1032.1;2612895.61;1243839.47;7.609277;47.345285
7186.7;1031.9;2612896.52;1243839.47;7.609289;47.345285
7188.4;1032.6;2612898.03;1243840.25;7.609309;47.345292
7189.299999999999;1032.6;2612898.1;1243841.14;7.60931;47.3453
7190.2;1033.6;2612897.72;1243842.03;7.609305;47.345308
7191;1033.6;2612897.49;1243842.81;7.609302;47.345315
7192.5;1034.3;2612897.41;1243844.25;7.609301;47.345328
7193.2;1034.3;2612897.11;1243844.92;7.609297;47.345334
7194.299999999999;1034.3;2612896.5;1243845.81;7.609289;47.345342
7194.9;1034.8;2612896.12;1243846.25;7.609284;47.345346
7196.4;1035.1;2612895.59;1243847.7;7.609277;47.345359
7198.2;1035.3;2612896.34;1243849.37;7.609287;47.345374
7200.299999999999;1035.2;2612896.57;1243851.37;7.60929;47.345392
7200.7;1035.2;2612896.34;1243851.7;7.609287;47.345395
7202;1034.1;2612895.58;1243852.81;7.609277;47.345405
7202.599999999999;1034.1;2612895.13;1243853.14;7.609271;47.345408
7203;1034.1;2612894.75;1243853.37;7.609266;47.34541
7203.2;1034.1;2612894.6;1243853.48;7.609264;47.345411
7203.5;1034.1;2612894.67;1243853.14;7.609265;47.345408
7203.799999999999;1034.1;2612894.83;1243852.92;7.609267;47.345406
7203.9;1034.1;2612894.83;1243852.81;7.609267;47.345405
7204.2;1034.1;2612894.9;1243852.59;7.609268;47.345403
7204.299999999999;1034.1;2612894.83;1243852.48;7.609267;47.345402
7204.4;1034.1;2612894.75;1243852.48;7.609266;47.345402
7204.4;1034.1;2612894.68;1243852.48;7.609265;47.345402
7204.5;1034.1;2612894.6;1243852.48;7.609264;47.345402
7204.599999999999;1034.1;2612894.6;1243852.36;7.609264;47.345401
7204.799999999999;1034.1;2612894.45;1243852.36;7.609262;47.345401
7205.099999999999;1034.1;2612894.75;1243852.48;7.609266;47.345402
7205.299999999999;1034.1;2612894.83;1243852.7;7.609267;47.345404
7206.799999999999;1033.7;2612896.03;1243853.59;7.609283;47.345412
7209.7;1033.2;2612898.91;1243853.49;7.609321;47.345411
7211.099999999999;1032.5;2612900.27;1243853.04;7.609339;47.345407
7212.7;1032.5;2612901.48;1243852.05;7.609355;47.345398
7215.299999999999;1033.4;2612903.3;1243850.16;7.609379;47.345381
7216.599999999999;1034.3;2612904.43;1243849.61;7.609394;47.345376
7218.9;1033.7;2612906.7;1243850.17;7.609424;47.345381
7220.2;1033.7;2612907.75;1243850.84;7.609438;47.345387
7221.4;1033.8;2612908.81;1243851.51;7.609452;47.345393
7222.799999999999;1034;2612910.09;1243851.95;7.609469;47.345397
7225.299999999999;1033.9;2612911.98;1243853.63;7.609494;47.345412
7226.099999999999;1034.4;2612912.28;1243854.4;7.609498;47.345419
7227.5;1034.4;2612912.8;1243855.63;7.609505;47.34543
7229.799999999999;1034.5;2612914.24;1243857.41;7.609524;47.345446
7230.799999999999;1034.5;2612915.14;1243857.97;7.609536;47.345451
7233;1034;2612917.1;1243858.86;7.609562;47.345459
7234;1034;2612917.86;1243859.53;7.609572;47.345465
7234.9;1032.6;2612918.54;1243860.2;7.609581;47.345471
7235.9;1032.6;2612919.37;1243860.76;7.609592;47.345476
7236.799999999999;1032.6;2612919.97;1243861.43;7.6096;47.345482
7238.9;1031.5;2612920.5;1243863.43;7.609607;47.3455
7241.099999999999;1030.6;2612921.4;1243865.43;7.609619;47.345518
7242.599999999999;1029;2612922.68;1243866.21;7.609636;47.345525
7243.7;1029;2612923.81;1243866.33;7.609651;47.345526
7245.099999999999;1028.6;2612925.1;1243866.66;7.609668;47.345529
7246.5;1027.9;2612926.46;1243867;7.609686;47.345532
7247.7;1027.9;2612927.67;1243867.33;7.609702;47.345535
7248.799999999999;1027.2;2612928.57;1243867.89;7.609714;47.34554
7249.799999999999;1025.8;2612929.48;1243868.34;7.609726;47.345544
7251.299999999999;1025;2612930.99;1243868.01;7.609746;47.345541
7252.7;1026;2612932.05;1243867.12;7.60976;47.345533
7253.9;1026;2612932.96;1243866.35;7.609772;47.345526
7254.9;1027.1;2612933.79;1243865.79;7.609783;47.345521
7255.799999999999;1026.4;2612934.62;1243865.57;7.609794;47.345519
7256.9;1026.4;2612935.76;1243865.35;7.609809;47.345517
7258;1025.9;2612936.81;1243865.35;7.609823;47.345517
7260.299999999999;1025.4;2612939.01;1243864.8;7.609852;47.345512
7261.599999999999;1025.3;2612939.76;1243863.69;7.609862;47.345502
7264.299999999999;1024.9;2612942.03;1243862.25;7.609892;47.345489
7265.7;1024.9;2612943.47;1243862.03;7.609911;47.345487
7267.099999999999;1025.2;2612944.83;1243862.37;7.609929;47.34549
7269.9;1025.7;2612947.32;1243863.6;7.609962;47.345501
7271.2;1025.5;2612948.45;1243864.27;7.609977;47.345507
7272.599999999999;1025.5;2612949.74;1243864.71;7.609994;47.345511
7274.9;1027.3;2612952;1243865.28;7.610024;47.345516
7276;1027.3;2612953.06;1243865.5;7.610038;47.345518
7277.2;1027.7;2612954.12;1243866.06;7.610052;47.345523
7278.4;1027.7;2612954.95;1243866.95;7.610063;47.345531
7279.4;1027.7;2612955.55;1243867.73;7.610071;47.345538
7281.299999999999;1027.7;2612957.13;1243868.84;7.610092;47.345548
7282.299999999999;1028.2;2612958.04;1243868.85;7.610104;47.345548
7283.099999999999;1028.2;2612958.87;1243868.74;7.610115;47.345547
7283.9;1028.2;2612959.63;1243868.85;7.610125;47.345548
7285.5;1028.6;2612961.29;1243868.85;7.610147;47.345548
7286.299999999999;1028.7;2612962.05;1243868.74;7.610157;47.345547
7287.2;1028.7;2612962.73;1243868.19;7.610166;47.345542
7288.099999999999;1029.1;2612963.18;1243867.41;7.610172;47.345535
7288.799999999999;1029.1;2612963.64;1243866.86;7.610178;47.34553
7289.5;1029.2;2612964.17;1243866.41;7.610185;47.345526
7291.2;1029.2;2612965.76;1243865.75;7.610206;47.34552
7292;1029.3;2612966.59;1243865.64;7.610217;47.345519
7292.9;1029.3;2612967.49;1243865.53;7.610229;47.345518
7293.9;1029.6;2612968.4;1243865.87;7.610241;47.345521
7295;1029.7;2612969.08;1243866.76;7.61025;47.345529
7296.4;1029.7;2612969.6;1243867.98;7.610257;47.34554
7297.4;1030.2;2612970.06;1243868.87;7.610263;47.345548
7299.5;1030.2;2612971.94;1243869.88;7.610288;47.345557
7300.599999999999;1030.6;2612972.85;1243870.43;7.6103;47.345562
7301.599999999999;1030.6;2612973.83;1243870.88;7.610313;47.345566
7302.799999999999;1031;2612974.96;1243870.88;7.610328;47.345566
7303.9;1031.5;2612976.02;1243870.55;7.610342;47.345563
7306.599999999999;1031.9;2612978.74;1243870.23;7.610378;47.34556
7307.2;1031.9;2612979.35;1243870.23;7.610386;47.34556
7308.2;1032.4;2612980.33;1243870.12;7.610399;47.345559
7309.2;1030.1;2612981.31;1243869.9;7.610412;47.345557
7310.2;1031.6;2612982.3;1243869.68;7.610425;47.345555
7312.4;1032.3;2612984.49;1243869.79;7.610454;47.345556
7313.9;1032.3;2612986;1243869.69;7.610474;47.345555
7314.9;1031.4;2612986.91;1243869.58;7.610486;47.345554
7315.7;1031.4;2612987.74;1243869.36;7.610497;47.345552
7316.5;1030.5;2612988.34;1243868.8;7.610505;47.345547
7317.4;1030.5;2612988.95;1243868.25;7.610513;47.345542
7318;1026.5;2612989.4;1243867.8;7.610519;47.345538
7318.5;1026.5;2612989.93;1243867.69;7.610526;47.345537
7319.2;1025.3;2612990.61;1243867.81;7.610535;47.345538
7320.099999999999;1029.3;2612991.37;1243868.14;7.610545;47.345541
7320.9;1029;2612992.12;1243868.48;7.610555;47.345544
7321.7;1029;2612992.8;1243868.92;7.610564;47.345548
7322.599999999999;1029;2612993.4;1243869.59;7.610572;47.345554
7323.599999999999;1029.8;2612994.01;1243870.37;7.61058;47.345561
7325.5;1031.2;2612994.83;1243872.15;7.610591;47.345577
7327;1031.2;2612995.44;1243873.49;7.610599;47.345589
7328.2;1032.3;2612995.89;1243874.6;7.610605;47.345599
7329.4;1031.5;2612996.26;1243875.71;7.61061;47.345609
7330.4;1032.1;2612996.71;1243876.6;7.610616;47.345617
7331.4;1032.1;2612997.24;1243877.49;7.610623;47.345625
7333.599999999999;1031.4;2612998.6;1243879.16;7.610641;47.34564
7335;1030.8;2612999.58;1243880.17;7.610654;47.345649
7335.799999999999;1030.5;2613000.03;1243880.83;7.61066;47.345655
7338;1029.1;2613001.16;1243882.73;7.610675;47.345672
7339;1029.1;2613001.99;1243883.28;7.610686;47.345677
7339.9;1029.3;2613002.9;1243883.29;7.610698;47.345677
7340.799999999999;1029.3;2613003.8;1243883.07;7.61071;47.345675
7342;1029.9;2613004.94;1243882.85;7.610725;47.345673
7342.7;1029.9;2613005.62;1243882.96;7.610734;47.345674
7343.5;1029;2613006.45;1243882.96;7.610745;47.345674
7344.299999999999;1029;2613007.28;1243883.07;7.610756;47.345675
7345.2;1028.3;2613008.11;1243883.08;7.610767;47.345675
7346.099999999999;1028.3;2613009.02;1243883.19;7.610779;47.345676
7347.099999999999;1028.3;2613010;1243883.19;7.610792;47.345676
7348;1027.3;2613010.98;1243883.19;7.610805;47.345676
7349.9;1025.9;2613012.87;1243883.2;7.61083;47.345676
7351.099999999999;1025.9;2613013.93;1243882.75;7.610844;47.345672
7352;1024.8;2613014.61;1243882.2;7.610853;47.345667
7354;1022.5;2613016.2;1243880.98;7.610874;47.345656
7354.599999999999;1022.5;2613016.81;1243880.65;7.610882;47.345653
7355.7;1022.5;2613017.79;1243880.21;7.610895;47.345649
7356.7;1021.5;2613018.62;1243880.76;7.610906;47.345654
7358.9;1020.4;2613020.58;1243881.77;7.610932;47.345663
7360.2;1021.5;2613021.34;1243882.77;7.610942;47.345672
7361.299999999999;1021.5;2613021.71;1243883.77;7.610947;47.345681
7363;1021.5;2613023.07;1243884.89;7.610965;47.345691
7364.599999999999;1021.5;2613024.12;1243886.11;7.610979;47.345702
7365.599999999999;1021.5;2613024.27;1243887.11;7.610981;47.345711
7366.5;1021.5;2613024.8;1243887.78;7.610988;47.345717
7367.299999999999;1021.5;2613025.63;1243887.89;7.610999;47.345718
7368.2;1020.5;2613026.46;1243887.79;7.61101;47.345717
7369.2;1021.3;2613027.44;1243888.12;7.611023;47.34572
7370.099999999999;1020.1;2613028.12;1243888.68;7.611032;47.345725
7371.099999999999;1020.1;2613028.8;1243889.46;7.611041;47.345732
7372.4;1021.3;2613029.33;1243890.57;7.611048;47.345742
7373.7;1021.3;2613029.78;1243891.79;7.611054;47.345753
7375;1021;2613030.46;1243892.91;7.611063;47.345763
7376.2;1021;2613031.36;1243893.8;7.611075;47.345771
7377.7;1020.7;2613032.72;1243894.36;7.611093;47.345776
7378.799999999999;1020.7;2613033.78;1243894.47;7.611107;47.345777
7380;1019.7;2613034.83;1243895.14;7.611121;47.345783
7381.299999999999;1019.7;2613035.89;1243895.92;7.611135;47.34579
7382.799999999999;1019.8;2613036.95;1243896.92;7.611149;47.345799
7384.299999999999;1020.8;2613037.93;1243898.04;7.611162;47.345809
7385.7;1020.2;2613038.91;1243899.04;7.611175;47.345818
7387.4;1020.1;2613040.04;1243900.38;7.61119;47.34583
7388.099999999999;1020.1;2613040.57;1243900.82;7.611197;47.345834
7389.2;1020.1;2613041.47;1243901.38;7.611209;47.345839
7390.299999999999;1019.5;2613042.53;1243901.61;7.611223;47.345841
7391.4;1019.5;2613043.66;1243901.72;7.611238;47.345842
7392.5;1018.8;2613044.79;1243901.72;7.611253;47.345842
7393.599999999999;1019.5;2613045.85;1243902.06;7.611267;47.345845
7395.9;1017.8;2613048.04;1243902.73;7.611296;47.345851
7396.799999999999;1017.8;2613048.87;1243903.07;7.611307;47.345854
7397.9;1017.8;2613049.85;1243903.4;7.61132;47.345857
7398.599999999999;1017.1;2613050.61;1243903.63;7.61133;47.345859
7399.7;1017.1;2613051.59;1243903.96;7.611343;47.345862
7400.9;1016.5;2613052.72;1243904.41;7.611358;47.345866
7402.2;1016.5;2613053.86;1243904.97;7.611373;47.345871
7403.7;1015.5;2613055.21;1243905.64;7.611391;47.345877
7404.599999999999;1016;2613055.97;1243906.08;7.611401;47.345881
7405.7;1015;2613056.8;1243906.86;7.611412;47.345888
7408.2;1014.7;2613058.53;1243908.65;7.611435;47.345904
7409.599999999999;1014.7;2613059.44;1243909.76;7.611447;47.345914
7412.299999999999;1014;2613060.94;1243911.99;7.611467;47.345934
7413;1013.6;2613061.17;1243912.65;7.61147;47.34594
7415;1012.1;2613062;1243914.44;7.611481;47.345956
7416;1012;2613062.98;1243914.44;7.611494;47.345956
7417;1012.7;2613063.96;1243914;7.611507;47.345952
7418.2;1011.3;2613064.87;1243913.22;7.611519;47.345945
7420.799999999999;1010.8;2613066.24;1243911;7.611537;47.345925
7422.9;1010.4;2613067.75;1243909.56;7.611557;47.345912
7425;1009.5;2613069.71;1243910.23;7.611583;47.345918
7428.4;1008.3;2613072.35;1243912.35;7.611618;47.345937
7431.099999999999;1008.1;2613074.77;1243913.69;7.61165;47.345949
7433.299999999999;1008.5;2613076.81;1243914.25;7.611677;47.345954
7435;1008;2613078.55;1243914.47;7.6117;47.345956
7436.5;1007.4;2613080.06;1243914.59;7.61172;47.345957
7437.9;1007.4;2613081.26;1243915.14;7.611736;47.345962
7439;1006.5;2613082.17;1243915.81;7.611748;47.345968
7439.9;1007.4;2613082.85;1243916.37;7.611757;47.345973
7440.799999999999;1007.4;2613083.6;1243916.93;7.611767;47.345978
7441.599999999999;1006.6;2613084.21;1243917.49;7.611775;47.345983
7442.5;1007.4;2613084.81;1243918.15;7.611783;47.345989
7443.4;1007.4;2613085.49;1243918.71;7.611792;47.345994
7444.2;1006.7;2613086.32;1243918.82;7.611803;47.345995
7445.299999999999;1006.7;2613087.3;1243919.05;7.611816;47.345997
7446.5;1006;2613088.51;1243919.39;7.611832;47.346
7447.799999999999;1006;2613089.64;1243919.94;7.611847;47.346005
7449;1006.1;2613090.77;1243920.5;7.611862;47.34601
7450;1006.1;2613091.6;1243920.95;7.611873;47.346014
7452;1005.3;2613093.42;1243921.95;7.611897;47.346023
7452.599999999999;1006.1;2613093.94;1243922.18;7.611904;47.346025
7453.4;1005.1;2613094.55;1243922.62;7.611912;47.346029
7455.4;1004;2613096.36;1243923.63;7.611936;47.346038
7456.099999999999;1004;2613096.96;1243923.74;7.611944;47.346039
7457.7;1004;2613098.47;1243924.41;7.611964;47.346045
7458.799999999999;1004;2613099.23;1243925.19;7.611974;47.346052
7460.9;1004;2613101.11;1243926.2;7.611999;47.346061
7461.9;1003.1;2613102.02;1243926.53;7.612011;47.346064
7463.2;1003.1;2613103.3;1243926.65;7.612028;47.346065
7464.099999999999;1002.5;2613104.21;1243926.76;7.61204;47.346066
7465;1002.5;2613105.04;1243926.98;7.612051;47.346068
7465.9;1002.5;2613105.87;1243927.32;7.612062;47.346071
7467;1001.8;2613106.93;1243927.65;7.612076;47.346074
7469.299999999999;1001.4;2613109.04;1243928.66;7.612104;47.346083
7470.799999999999;1000.5;2613110.17;1243929.66;7.612119;47.346092
7471.7;1000.8;2613110.7;1243930.33;7.612126;47.346098
7472.299999999999;1000.8;2613111.08;1243930.78;7.612131;47.346102
7472.5;1000.8;2613111.3;1243930.89;7.612134;47.346103
7472.599999999999;1000.8;2613111.38;1243930.78;7.612135;47.346102
7472.799999999999;1000.8;2613111.31;1243930.67;7.612134;47.346101
7472.9;1000.8;2613111.23;1243930.55;7.612133;47.3461
7473.099999999999;1000.8;2613111.08;1243930.44;7.612131;47.346099
7473.9;1000.8;2613111.83;1243930.67;7.612141;47.346101
7474.5;999.5;2613112.36;1243930.89;7.612148;47.346103
7474.799999999999;999.5;2613112.66;1243931.11;7.612152;47.346105
7475.099999999999;999.5;2613112.89;1243931.11;7.612155;47.346105
7475.099999999999;999.5;2613112.97;1243931.11;7.612156;47.346105
7475.2;999.5;2613113.04;1243931.11;7.612157;47.346105
7475.299999999999;999.5;2613113.12;1243931.11;7.612158;47.346105
7475.4;999.5;2613113.19;1243931.11;7.612159;47.346105
7475.5;999.5;2613113.27;1243931.23;7.61216;47.346106
7475.9;999.5;2613113.65;1243931.45;7.612165;47.346108
7476.599999999999;997.8;2613114.17;1243931.89;7.612172;47.346112
7478.5;998.8;2613115.46;1243933.23;7.612189;47.346124
7480.299999999999;998.2;2613116.36;1243934.79;7.612201;47.346138
7481.799999999999;998.6;2613117.34;1243936.02;7.612214;47.346149
7483.2;997.6;2613118.39;1243936.91;7.612228;47.346157
7484.5;997.6;2613119.45;1243937.58;7.612242;47.346163
7486.4;997;2613121.04;1243938.58;7.612263;47.346172
7487;997;2613121.64;1243938.8;7.612271;47.346174
7487.9;995.7;2613122.32;1243939.36;7.61228;47.346179
7488.9;994;2613123.07;1243940.03;7.61229;47.346185
7490;994;2613123.83;1243940.81;7.6123;47.346192
7490.799999999999;993.9;2613124.51;1243941.37;7.612309;47.346197
7491.5;993.9;2613125.03;1243941.81;7.612316;47.346201
7492.4;989;2613125.71;1243942.26;7.612325;47.346205
7493.099999999999;989.7;2613126.17;1243942.82;7.612331;47.34621
7493.7;989.7;2613126.54;1243943.37;7.612336;47.346215
7494.5;989.7;2613127.3;1243943.6;7.612346;47.346217
7495.5;992;2613128.28;1243943.6;7.612359;47.346217
7496.7;992;2613129.41;1243943.71;7.612374;47.346218
7497.7;987;2613130.24;1243944.27;7.612385;47.346223
7499.299999999999;987;2613130.99;1243945.72;7.612395;47.346236
7500;986;2613131.6;1243946.16;7.612403;47.34624
7500.799999999999;986.3;2613132.28;1243946.61;7.612412;47.346244
7501.7;986.3;2613133.03;1243947.06;7.612422;47.346248
7502.599999999999;986.3;2613133.79;1243947.5;7.612432;47.346252
7503.5;986.5;2613134.62;1243947.95;7.612443;47.346256
7504.7;986.5;2613135.75;1243947.62;7.612458;47.346253
7506.2;986.4;2613136.36;1243946.29;7.612466;47.346241
7507.599999999999;988.7;2613136.97;1243945.06;7.612474;47.34623
7510.099999999999;989.3;2613139.08;1243943.73;7.612502;47.346218
7511.2;987.9;2613140.22;1243943.74;7.612517;47.346218
7512.299999999999;987.9;2613141.35;1243943.63;7.612532;47.346217
7512.5;987.9;2613141.43;1243943.74;7.612533;47.346218
7513;988.1;2613141.73;1243944.19;7.612537;47.346222
7513.599999999999;986.7;2613142.26;1243944.52;7.612544;47.346225
7514.2;986.7;2613142.71;1243944.85;7.61255;47.346228
7514.799999999999;986.7;2613143.31;1243945.08;7.612558;47.34623
7515.299999999999;986.7;2613143.77;1243944.97;7.612564;47.346229
7516.099999999999;985.6;2613144.52;1243944.64;7.612574;47.346226
7516.799999999999;985.6;2613145.05;1243944.19;7.612581;47.346222
7517.299999999999;985.6;2613145.51;1243944.31;7.612587;47.346223
7518.7;984.7;2613146.49;1243945.31;7.6126;47.346232
7519.7;985.1;2613146.71;1243946.31;7.612603;47.346241
7520.2;985.1;2613146.79;1243946.75;7.612604;47.346245
7520.7;985.1;2613146.71;1243947.31;7.612603;47.34625
7521.2;985.1;2613146.48;1243947.75;7.6126;47.346254
7521.599999999999;985;2613146.25;1243948.09;7.612597;47.346257
7522.4;985;2613146.33;1243948.87;7.612598;47.346264
7523.2;985;2613146.48;1243949.64;7.6126;47.346271
7524.099999999999;983.1;2613146.55;1243950.53;7.612601;47.346279
7525.099999999999;983.1;2613146.93;1243951.42;7.612606;47.346287
7525.9;983.1;2613147.68;1243951.87;7.612616;47.346291
7527.9;981.4;2613149.57;1243952.32;7.612641;47.346295
7528.599999999999;981.9;2613150.25;1243952.32;7.61265;47.346295
7529.299999999999;981.9;2613151;1243952.54;7.61266;47.346297
7530.7;982.2;2613152.14;1243953.21;7.612675;47.346303
7531.5;982.2;2613152.74;1243953.77;7.612683;47.346308
7532.5;980.6;2613153.34;1243954.55;7.612691;47.346315
7533.5;980.7;2613154.02;1243955.33;7.6127;47.346322
7534.599999999999;980.7;2613155;1243955.89;7.612713;47.346327
7535.799999999999;979.2;2613156.14;1243956.11;7.612728;47.346329
7537;979.2;2613157.34;1243956.12;7.612744;47.346329
7538;979.5;2613158.4;1243956.12;7.612758;47.346329
7538.9;979.5;2613159.23;1243956.34;7.612769;47.346331
7539.299999999999;979.5;2613159.61;1243956.57;7.612774;47.346333
7540.799999999999;979.2;2613160.51;1243957.68;7.612786;47.346343
7541.5;978.2;2613160.82;1243958.35;7.61279;47.346349
7542.4;978.2;2613160.36;1243959.13;7.612784;47.346356
7543.099999999999;977.4;2613159.68;1243959.35;7.612775;47.346358
7543.799999999999;977.4;2613159.23;1243959.79;7.612769;47.346362
7544.7;975.4;2613159.37;1243960.68;7.612771;47.34637
7545.4;975.4;2613160.13;1243960.79;7.612781;47.346371
7546.7;975.4;2613161.41;1243960.8;7.612798;47.346371
7548.299999999999;975.5;2613162.85;1243961.47;7.612817;47.346377
7549;975.5;2613163.38;1243961.91;7.612824;47.346381
7549.9;973.9;2613164.13;1243962.47;7.612834;47.346386
7551.9;973.9;2613165.94;1243963.14;7.612858;47.346392
7552.5;974.3;2613166.55;1243963.36;7.612866;47.346394
7554.599999999999;974.2;2613168.66;1243963.7;7.612894;47.346397
7555.2;974.2;2613169.19;1243963.93;7.612901;47.346399
7556;972.2;2613169.87;1243964.37;7.61291;47.346403
7556.9;972.4;2613170.7;1243964.37;7.612921;47.346403
7557.599999999999;972.4;2613171.38;1243964.26;7.61293;47.346402
7558.2;972.6;2613172.06;1243964.27;7.612939;47.346402
7559.099999999999;972.6;2613172.89;1243964.27;7.61295;47.346402
7559.799999999999;972.6;2613173.57;1243964.16;7.612959;47.346401
7560.599999999999;972.9;2613174.4;1243964.05;7.61297;47.3464
7561.299999999999;973.8;2613175.09;1243963.83;7.612979;47.346398
7562.599999999999;973.6;2613176.3;1243963.5;7.612995;47.346395
7563;973.6;2613176.67;1243963.61;7.613;47.346396
7563.5;973.6;2613177.13;1243963.83;7.613006;47.346398
7564.099999999999;973;2613177.58;1243964.28;7.613012;47.346402
7564.799999999999;973;2613177.95;1243964.83;7.613017;47.346407
7566.299999999999;972.6;2613179.01;1243965.95;7.613031;47.346417
7567.299999999999;972.6;2613179.99;1243965.62;7.613044;47.346414
7568.2;972.1;2613180.75;1243965.29;7.613054;47.346411
7570.5;971.4;2613182.94;1243965.96;7.613083;47.346417
7570.9;971;2613183.17;1243966.29;7.613086;47.34642
7571.299999999999;971;2613183.47;1243966.63;7.61309;47.346423
7572.2;970.4;2613184.3;1243966.96;7.613101;47.346426
7573.099999999999;970.4;2613185.2;1243967.19;7.613113;47.346428
7574.099999999999;969.9;2613186.03;1243967.74;7.613124;47.346433
7575.2;969.1;2613187.02;1243968.08;7.613137;47.346436
7576.299999999999;968.7;2613188.15;1243968.08;7.613152;47.346436
7577.599999999999;968.7;2613189.43;1243968.31;7.613169;47.346438
7578.7;968.6;2613190.41;1243968.86;7.613182;47.346443
7580.9;967.8;2613192.45;1243969.65;7.613209;47.34645
7581.599999999999;967.8;2613193.13;1243969.76;7.613218;47.346451
7582.4;967.4;2613193.81;1243970.1;7.613227;47.346454
7583.2;967.3;2613194.42;1243970.65;7.613235;47.346459
7584.299999999999;967.3;2613194.79;1243971.65;7.61324;47.346468
7584.799999999999;965.9;2613194.94;1243972.21;7.613242;47.346473
7585.5;965.9;2613195.47;1243972.54;7.613249;47.346476
7586.299999999999;966;2613196.3;1243972.44;7.61326;47.346475
7587.7;966;2613197.66;1243972.44;7.613278;47.346475
7588.599999999999;966;2613198.57;1243972.55;7.61329;47.346476
7589.5;966;2613199.47;1243972.66;7.613302;47.346477
7590.4;965.5;2613200.23;1243973.22;7.613312;47.346482
7591.599999999999;963.6;2613201.06;1243974;7.613323;47.346489
7592.4;963.6;2613201.74;1243974.56;7.613332;47.346494
7593.4;963.7;2613202.64;1243974.45;7.613344;47.346493
7595.4;964.7;2613204.53;1243973.68;7.613369;47.346486
7596.599999999999;963.4;2613205.52;1243974.35;7.613382;47.346492
7597.299999999999;963.6;2613206.12;1243974.68;7.61339;47.346495
7598.299999999999;963.6;2613207.1;1243974.91;7.613403;47.346497
7599.4;963.5;2613208.16;1243975.02;7.613417;47.346498
7601.799999999999;962.8;2613210.5;1243975.8;7.613448;47.346505
7603.099999999999;961.9;2613211.71;1243976.03;7.613464;47.346507
7604.299999999999;962;2613212.99;1243976.03;7.613481;47.346507
7606.599999999999;961.8;2613215.18;1243976.7;7.61351;47.346513
7607.799999999999;961.2;2613216.01;1243977.48;7.613521;47.34652
7608.799999999999;961.2;2613216.99;1243977.93;7.613534;47.346524
7609.9;960.1;2613218.05;1243978.15;7.613548;47.346526
7611;960.1;2613219.03;1243978.49;7.613561;47.346529
7613.4;960;2613221.45;1243978.94;7.613593;47.346533
7614.299999999999;959.7;2613222.36;1243979.05;7.613605;47.346534
7615.5;959.7;2613223.56;1243979.17;7.613621;47.346535
7616.5;959.1;2613224.55;1243979.06;7.613634;47.346534
7617.5;959.1;2613225.53;1243978.84;7.613647;47.346532
7618.4;958.4;2613226.36;1243978.62;7.613658;47.34653
7619.299999999999;958.4;2613227.19;1243978.4;7.613669;47.346528
7620.299999999999;957.8;2613228.25;1243978.18;7.613683;47.346526
7621.2;957.8;2613229.01;1243977.84;7.613693;47.346523
7623.4;957.1;2613231.2;1243977.74;7.613722;47.346522
7624.4;956.6;2613232.18;1243978.07;7.613735;47.346525
7625.7;956.6;2613233.39;1243978.52;7.613751;47.346529
7627;955.9;2613234.67;1243978.75;7.613768;47.346531
7628.5;955.4;2613236.18;1243978.86;7.613788;47.346532
7629.599999999999;955.4;2613237.32;1243978.75;7.613803;47.346531
7630.9;955;2613238.53;1243978.64;7.613819;47.34653
7632;955;2613239.66;1243978.87;7.613834;47.346532
7633.299999999999;954.5;2613240.87;1243979.32;7.61385;47.346536
7634.5;953.9;2613242.08;1243979.43;7.613866;47.346537
7637;953.1;2613244.57;1243979.55;7.613899;47.346538
7638.2;953.1;2613245.7;1243979.77;7.613914;47.34654
7639.2;952.9;2613246.61;1243980.33;7.613926;47.346545
7640.5;952.9;2613247.67;1243981;7.61394;47.346551
7641.799999999999;952.3;2613248.8;1243981.67;7.613955;47.346557
7643.2;952.1;2613250.01;1243982.34;7.613971;47.346563
7645.7;951.4;2613252.35;1243983.12;7.614002;47.34657
7647;951.4;2613253.63;1243983.35;7.614019;47.346572
7648.299999999999;950.8;2613254.61;1243984.24;7.614032;47.34658
7649.4;950.8;2613255.36;1243985.13;7.614042;47.346588
7650.599999999999;949.9;2613256.27;1243985.91;7.614054;47.346595
7651.9;950.1;2613257.33;1243986.58;7.614068;47.346601
7653.099999999999;949.5;2613258.46;1243987.03;7.614083;47.346605
7655.9;949.2;2613261.25;1243987.14;7.61412;47.346606
7657;948.6;2613262.39;1243987.04;7.614135;47.346605
7658.299999999999;948.6;2613263.67;1243987.04;7.614152;47.346605
7659.5;947.7;2613264.73;1243987.6;7.614166;47.34661
7661.5;947;2613266.39;1243988.71;7.614188;47.34662
7662.5;947;2613267.37;1243988.71;7.614201;47.34662
7663.7;946.4;2613268.58;1243988.94;7.614217;47.346622
7664.599999999999;946.4;2613269.41;1243989.28;7.614228;47.346625
7665.799999999999;945.7;2613270.39;1243989.83;7.614241;47.34663
7666.799999999999;945.7;2613271.37;1243990.28;7.614254;47.346634
7669.5;945.1;2613273.79;1243991.4;7.614286;47.346644
7670.7;944.6;2613274.92;1243991.73;7.614301;47.346647
7672.4;944.3;2613276.66;1243991.96;7.614324;47.346649
7674.4;943.7;2613278.62;1243991.85;7.61435;47.346648
7675.4;943.7;2613279.61;1243991.86;7.614363;47.346648
7676.5;942.9;2613280.74;1243991.97;7.614378;47.346649
7677.5;943.7;2613281.65;1243992.3;7.61439;47.346652
7678.5;942.9;2613282.48;1243992.86;7.614401;47.346657
7679.5;942.9;2613283.23;1243993.53;7.614411;47.346663
7680.7;942.2;2613284.36;1243993.98;7.614426;47.346667
7681.7;942.6;2613285.27;1243994.43;7.614438;47.346671
7682.799999999999;942.2;2613286.33;1243994.65;7.614452;47.346673
7683.9;942.2;2613287.46;1243994.76;7.614467;47.346674
7685.099999999999;941.7;2613288.59;1243994.99;7.614482;47.346676
7686.2;941.7;2613289.65;1243995.32;7.614496;47.346679
7688.799999999999;941.2;2613291.99;1243996.44;7.614527;47.346689
7689.599999999999;940.1;2613292.67;1243996.11;7.614536;47.346686
7690.5;940.5;2613293.58;1243995.78;7.614548;47.346683
7692.099999999999;939.6;2613295.09;1243995.45;7.614568;47.34668
7693.599999999999;938.9;2613296.6;1243995.78;7.614588;47.346683
7694.7;938.9;2613297.51;1243995.23;7.6146;47.346678
7695.4;938.2;2613298.04;1243994.79;7.614607;47.346674
7696.4;938.2;2613298.64;1243994.01;7.614615;47.346667
7698.299999999999;937;2613300.46;1243993.24;7.614639;47.34666
7699.099999999999;937;2613301.21;1243993.24;7.614649;47.34666
7700;936.3;2613302.12;1243993.46;7.614661;47.346662
7701.4;937.2;2613303.33;1243994.13;7.614677;47.346668
7702.299999999999;936.6;2613304.16;1243994.47;7.614688;47.346671
7703.4;936.6;2613305.14;1243995.03;7.614701;47.346676
7704.4;936.6;2613305.97;1243995.47;7.614712;47.34668
7706.099999999999;936.1;2613307.71;1243995.81;7.614735;47.346683
7707;936.3;2613308.39;1243996.26;7.614744;47.346687
7709.2;935.5;2613310.58;1243996.48;7.614773;47.346689
7710.099999999999;935.5;2613311.48;1243996.49;7.614785;47.346689
7711.2;934.9;2613312.62;1243996.38;7.6148;47.346688
7712.099999999999;934.9;2613313.53;1243996.27;7.614812;47.346687
7714.2;934.3;2613315.57;1243996.38;7.614839;47.346688
7715.299999999999;933.4;2613316.55;1243997.05;7.614852;47.346694
7716.299999999999;933.4;2613317.3;1243997.61;7.614862;47.346699
7717.4;932.4;2613318.36;1243997.95;7.614876;47.346702
7719.4;932.5;2613320.4;1243998.17;7.614903;47.346704
7719.799999999999;931.5;2613320.4;1243997.84;7.614903;47.346701
7720.2;931.5;2613320.85;1243997.84;7.614909;47.346701
7721;932.5;2613321.46;1243998.29;7.614917;47.346705
7723.099999999999;931.7;2613323.49;1243998.85;7.614944;47.34671
7723.7;931.7;2613323.87;1243998.4;7.614949;47.346706
7724.599999999999;929.9;2613324.1;1243997.51;7.614952;47.346698
7725.299999999999;930.8;2613323.88;1243996.85;7.614949;47.346692
7726.099999999999;929.9;2613324.03;1243996.07;7.614951;47.346685
7727.2;929.1;2613324.86;1243995.29;7.614962;47.346678
7728.7;928.3;2613326.3;1243994.96;7.614981;47.346675
7730.5;927.4;2613328.11;1243995.19;7.615005;47.346677
7733.099999999999;927.7;2613330.3;1243996.53;7.615034;47.346689
7734.599999999999;927.7;2613330.98;1243997.86;7.615043;47.346701
7736;928.4;2613331.35;1243999.2;7.615048;47.346713
7737.099999999999;928.2;2613332.03;1244000.09;7.615057;47.346721
7739.7;928.1;2613334.45;1244001.1;7.615089;47.34673
7740.4;928.1;2613335.05;1244001.43;7.615097;47.346733
7742.599999999999;927.9;2613337.16;1244001.88;7.615125;47.346737
7743.7;926.3;2613338.3;1244002.1;7.61514;47.346739
7744.599999999999;926.3;2613339.2;1244002.11;7.615152;47.346739
7745.7;926.1;2613340.26;1244002.22;7.615166;47.34674
7746.7;927.2;2613341.24;1244002;7.615179;47.346738
7747.599999999999;926.6;2613342.08;1244001.67;7.61519;47.346735
7748.4;926.6;2613342.83;1244001.45;7.6152;47.346733
7749.299999999999;926.6;2613343.74;1244001.45;7.615212;47.346733
7750.099999999999;926.2;2613344.57;1244001.56;7.615223;47.346734
7752.099999999999;925.8;2613346.53;1244001.79;7.615249;47.346736
7753.299999999999;925.7;2613347.67;1244002.13;7.615264;47.346739
7754.599999999999;924.9;2613348.95;1244002.24;7.615281;47.34674
7755.599999999999;924.9;2613349.93;1244002.24;7.615294;47.34674
7756.7;924.4;2613351.07;1244002.24;7.615309;47.34674
7758.799999999999;924.1;2613353.18;1244002.36;7.615337;47.346741
7759.7;923.5;2613354.01;1244002.58;7.615348;47.346743
7762;922.4;2613356.36;1244002.59;7.615379;47.346743
7762.7;922.4;2613356.74;1244002.03;7.615384;47.346738
7763.5;921.9;2613357.34;1244001.48;7.615392;47.346733
7764.299999999999;921.1;2613358.1;1244001.15;7.615402;47.34673
7765.9;921.1;2613359.61;1244000.71;7.615422;47.346726
7766.7;920.1;2613360.37;1244000.49;7.615432;47.346724
7767.599999999999;920.1;2613361.27;1244000.27;7.615444;47.346722
7768.599999999999;919.5;2613362.26;1244000.05;7.615457;47.34672
7769.799999999999;919.5;2613363.39;1244000.16;7.615472;47.346721
7772.5;918.2;2613366.11;1244000.17;7.615508;47.346721
7773.599999999999;918.2;2613366.94;1244000.83;7.615519;47.346727
7774.5;918.2;2613367.69;1244001.39;7.615529;47.346732
7776.599999999999;917.9;2613369.58;1244002.29;7.615554;47.34674
7777;917.9;2613369.73;1244002.62;7.615556;47.346743
7777.799999999999;917.3;2613370.49;1244002.95;7.615566;47.346746
7778.599999999999;917.3;2613371.24;1244002.85;7.615576;47.346745
7779.299999999999;917.3;2613372;1244003.07;7.615586;47.346747
7780.2;916.6;2613372.75;1244003.52;7.615596;47.346751
7781.2;916.6;2613373.66;1244003.96;7.615608;47.346755
7783.4;915.8;2613375.77;1244004.41;7.615636;47.346759
7784.2;915;2613376.45;1244004.75;7.615645;47.346762
7785.2;915;2613377.36;1244005.31;7.615657;47.346767
7786.4;914.4;2613378.34;1244005.97;7.61567;47.346773
7787.5;913.8;2613379.32;1244006.42;7.615683;47.346777
7790.7;912.9;2613382.57;1244006.65;7.615726;47.346779
7793.2;912.8;2613385.06;1244006.88;7.615759;47.346781
7794.799999999999;912.4;2613386.5;1244007.44;7.615778;47.346786
7796.2;911.1;2613387.7;1244008.11;7.615794;47.346792
7797.599999999999;910.7;2613388.99;1244008.78;7.615811;47.346798
7799;910.9;2613390.27;1244009.34;7.615828;47.346803
7800.9;910.9;2613392.16;1244009.79;7.615853;47.346807
7801.9;910.9;2613393.06;1244009.9;7.615865;47.346808
7804.5;909.4;2613395.63;1244010.35;7.615899;47.346812
7805.599999999999;909.4;2613396.77;1244010.35;7.615914;47.346812
7806.9;909.4;2613397.97;1244010.69;7.61593;47.346815
7809.299999999999;909.2;2613400.16;1244011.69;7.615959;47.346824
7811.099999999999;909.2;2613401.98;1244011.7;7.615983;47.346824
7812.4;908.8;2613403.26;1244011.81;7.616;47.346825
7814.799999999999;907.2;2613405.53;1244012.71;7.61603;47.346833
7816.099999999999;906.9;2613406.66;1244013.27;7.616045;47.346838
7818.7;905.8;2613409.15;1244014.05;7.616078;47.346845
7820.5;905.4;2613410.89;1244014.5;7.616101;47.346849
7822.099999999999;905;2613412.55;1244014.5;7.616123;47.346849
7823.5;905;2613413.91;1244014.17;7.616141;47.346846
7824.9;905.4;2613415.12;1244013.62;7.616157;47.346841
7826;904.9;2613416.18;1244013.18;7.616171;47.346837
7827.099999999999;904.9;2613417.09;1244012.51;7.616183;47.346831
7828.299999999999;905.1;2613417.92;1244011.73;7.616194;47.346824
7830.2;904.7;2613419.44;1244010.63;7.616214;47.346814
7830.9;903.8;2613420.19;1244010.52;7.616224;47.346813
7831.9;903.8;2613421.1;1244010.3;7.616236;47.346811
7832.799999999999;903.1;2613422;1244010.52;7.616248;47.346813
7833.9;903.1;2613422.83;1244011.19;7.616259;47.346819
7836.299999999999;901.7;2613424.42;1244013.08;7.61628;47.346836
7837;901.7;2613424.72;1244013.64;7.616284;47.346841
7839.2;901.6;2613425.77;1244015.64;7.616298;47.346859
7840.4;901.5;2613426.37;1244016.65;7.616306;47.346868
7841.5;901.5;2613427.43;1244017.09;7.61632;47.346872
7843.4;901.4;2613429.32;1244017.1;7.616345;47.346872
7845.099999999999;901.3;2613430.98;1244016.88;7.616367;47.34687
7846;901.3;2613431.89;1244016.66;7.616379;47.346868
7846.9;901.2;2613432.57;1244016.1;7.616388;47.346863
7847.7;901.9;2613433.18;1244015.66;7.616396;47.346859
7848.2;901.9;2613433.56;1244015.22;7.616401;47.346855
7848.799999999999;901.9;2613433.71;1244014.66;7.616403;47.34685
7849.599999999999;902.4;2613433.56;1244013.88;7.616401;47.346843
7850.599999999999;902.4;2613433.41;1244012.88;7.616399;47.346834
7851.4;902.4;2613433.41;1244012.1;7.616399;47.346827
7852.4;902;2613433.57;1244011.1;7.616401;47.346818
7853.299999999999;902;2613433.94;1244010.32;7.616406;47.346811
7854.099999999999;901.6;2613434.55;1244009.77;7.616414;47.346806
7854.9;901.6;2613435.31;1244009.44;7.616424;47.346803
7855.799999999999;901.5;2613436.14;1244009.11;7.616435;47.3468
7857.2;901.5;2613437.42;1244009.44;7.616452;47.346803
7857.799999999999;901.3;2613438.1;1244009.56;7.616461;47.346804
7858.599999999999;901.3;2613438.86;1244009.56;7.616471;47.346804
7860.299999999999;900.7;2613440.52;1244009.67;7.616493;47.346805
7861.099999999999;901.6;2613441.2;1244010.23;7.616502;47.34681
7862.4;901.6;2613441.8;1244011.34;7.61651;47.34682
7863;900.9;2613442.1;1244011.9;7.616514;47.346825
7863.5;901.6;2613442.18;1244012.34;7.616515;47.346829
7863.799999999999;902.2;2613441.95;1244012.57;7.616512;47.346831
7863.9;902.2;2613441.87;1244012.68;7.616511;47.346832
7864.099999999999;902.2;2613441.8;1244012.79;7.61651;47.346833
7864.2;902.2;2613441.72;1244012.9;7.616509;47.346834
7864.299999999999;902.2;2613441.65;1244012.9;7.616508;47.346834
7864.4;902.2;2613441.65;1244013.01;7.616508;47.346835
7864.599999999999;902.2;2613441.8;1244013.12;7.61651;47.346836
7864.799999999999;902.2;2613441.95;1244013.23;7.616512;47.346837
7865.4;901.6;2613442.4;1244013.68;7.616518;47.346841
7866.4;902.1;2613443.08;1244014.35;7.616527;47.346847
7869.5;902.1;2613445.34;1244016.47;7.616557;47.346866
7871;901.9;2613446.7;1244017.14;7.616575;47.346872
7872;901.9;2613447.61;1244017.69;7.616587;47.346877
7874.299999999999;902.2;2613449.42;1244019.03;7.616611;47.346889
7875.2;902.1;2613450.17;1244019.48;7.616621;47.346893
7876.2;902.7;2613451.08;1244020.04;7.616633;47.346898
7878.299999999999;902.6;2613452.96;1244020.93;7.616658;47.346906
7879.299999999999;902.6;2613453.95;1244021.04;7.616671;47.346907
7880.2;902.5;2613454.78;1244021.27;7.616682;47.346909
7881.099999999999;902.5;2613455.68;1244021.38;7.616694;47.34691
7883.299999999999;902.4;2613457.8;1244021.94;7.616722;47.346915
7884.299999999999;903;2613458.78;1244022.17;7.616735;47.346917
7887;903;2613461.27;1244023.17;7.616768;47.346926
7887.5;903;2613461.72;1244023.4;7.616774;47.346928
7888.5;902.9;2613462.55;1244023.95;7.616785;47.346933
7889.5;903.4;2613463.38;1244024.51;7.616796;47.346938
7890.299999999999;903.5;2613464.06;1244024.96;7.616805;47.346942
7892.299999999999;903.5;2613465.87;1244025.85;7.616829;47.34695
7893.2;904.3;2613466.7;1244026.19;7.61684;47.346953
7894.2;904.3;2613467.69;1244026.41;7.616853;47.346955
7895.2;904.4;2613468.59;1244026.75;7.616865;47.346958
7897.299999999999;904.6;2613470.55;1244027.53;7.616891;47.346965
7898.299999999999;905.3;2613471.38;1244028.2;7.616902;47.346971
7900.9;905.3;2613473.57;1244029.54;7.616931;47.346983
7901.2;905.3;2613473.8;1244029.76;7.616934;47.346985
7903.299999999999;906;2613475.69;1244030.54;7.616959;47.346992
7904.2;906;2613476.37;1244031.1;7.616968;47.346997
7905;906;2613477.2;1244031.44;7.616979;47.347
7906.5;906;2613478.63;1244031.33;7.616998;47.346999
7907.4;906;2613479.31;1244032;7.617007;47.347005
7910.099999999999;907.3;2613480.51;1244034.33;7.617023;47.347026
7911.099999999999;907.3;2613481.19;1244035.11;7.617032;47.347033
7912.099999999999;907.3;2613481.95;1244035.78;7.617042;47.347039
7913.099999999999;908;2613482.7;1244036.45;7.617052;47.347045
7913.799999999999;908;2613483.15;1244037.01;7.617058;47.34705
7915.2;908.8;2613483.91;1244038.12;7.617068;47.34706
7915.9;908.9;2613484.28;1244038.68;7.617073;47.347065
7916.5;908.9;2613484.66;1244039.24;7.617078;47.34707
7917.9;909.5;2613485.41;1244040.35;7.617088;47.34708
7918.7;909.5;2613485.86;1244041.02;7.617094;47.347086
7919.5;909.8;2613486.32;1244041.68;7.6171;47.347092
7920.299999999999;910.6;2613486.77;1244042.35;7.617106;47.347098
7920.799999999999;910.6;2613487.22;1244042.47;7.617112;47.347099
7921.9;910.6;2613488.28;1244042.91;7.617126;47.347103
7922.5;910.6;2613488.88;1244043.14;7.617134;47.347105
7923.099999999999;910.6;2613489.33;1244043.36;7.61714;47.347107
7923.9;911.3;2613489.79;1244044.03;7.617146;47.347113
7925.299999999999;911.4;2613490.92;1244044.92;7.617161;47.347121
7925.799999999999;911.4;2613491.14;1244045.36;7.617164;47.347125
7926.799999999999;912.2;2613491.9;1244046.03;7.617174;47.347131
7927.599999999999;912.5;2613492.27;1244046.7;7.617179;47.347137
7928.4;912.5;2613492.65;1244047.48;7.617184;47.347144
7930.299999999999;913.2;2613493.1;1244049.26;7.61719;47.34716
7931.5;914;2613492.95;1244050.48;7.617188;47.347171
7932.299999999999;914;2613492.72;1244051.26;7.617185;47.347178
7933.299999999999;915;2613492.34;1244052.15;7.61718;47.347186
7934.099999999999;914.8;2613491.81;1244052.82;7.617173;47.347192
7936.4;915.8;2613489.99;1244054.15;7.617149;47.347204
7937.299999999999;915.8;2613489.16;1244054.48;7.617138;47.347207
7938.4;915.8;2613488.25;1244055.14;7.617126;47.347213
7939.5;915.5;2613487.42;1244055.92;7.617115;47.34722
7940.099999999999;916.3;2613487.34;1244056.47;7.617114;47.347225
7940.9;916.3;2613487.41;1244057.25;7.617115;47.347232
7941.7;915.6;2613487.56;1244058.03;7.617117;47.347239
7942.5;917.2;2613488.09;1244058.59;7.617124;47.347244
7943.599999999999;917.2;2613489.15;1244059.04;7.617138;47.347248
7944.7;917.6;2613490.21;1244059.26;7.617152;47.34725
7945.799999999999;917.6;2613491.34;1244059.49;7.617167;47.347252
7946.9;917.8;2613492.4;1244059.71;7.617181;47.347254
7948.099999999999;917.8;2613493.6;1244059.94;7.617197;47.347256
7949.4;918.6;2613494.81;1244060.05;7.617213;47.347257
7951.7;918.5;2613497.08;1244060.5;7.617243;47.347261
7953;918.9;2613498.21;1244061.17;7.617258;47.347267
7954;918.9;2613498.89;1244061.95;7.617267;47.347274
7955.099999999999;919.6;2613499.34;1244062.95;7.617273;47.347283
7957.4;920.5;2613500.62;1244064.84;7.61729;47.3473
7958.4;920.5;2613501.45;1244065.4;7.617301;47.347305
7959.299999999999;921.5;2613502.21;1244065.85;7.617311;47.347309
7960.299999999999;922.1;2613503.04;1244066.41;7.617322;47.347314
7960.799999999999;922.1;2613503.49;1244066.63;7.617328;47.347316
7961.7;922.6;2613504.09;1244065.96;7.617336;47.34731
7961.9;922.6;2613504.32;1244065.96;7.617339;47.34731
7962.599999999999;923.4;2613504.85;1244066.41;7.617346;47.347314
7963;923.4;2613505.23;1244066.63;7.617351;47.347316
7963;923.4;2613505.23;1244066.63;7.617351;47.347316
7963.2;923.4;2613505.23;1244066.52;7.617351;47.347315
7963.299999999999;923.4;2613505.15;1244066.41;7.61735;47.347314
7963.4;923.4;2613505.15;1244066.3;7.61735;47.347313
7963.5;923.4;2613505.23;1244066.19;7.617351;47.347312
7963.7;923.4;2613505.38;1244066.08;7.617353;47.347311
7964.7;923.3;2613506.06;1244065.41;7.617362;47.347305
7965.7;923.3;2613506.82;1244064.75;7.617372;47.347299
7967.4;922.9;2613508.03;1244063.53;7.617388;47.347288
7970.2;922.4;2613510.22;1244061.75;7.617417;47.347272
7971.799999999999;922.4;2613511.44;1244060.75;7.617433;47.347263
7972.599999999999;922.8;2613512.27;1244060.64;7.617444;47.347262
7973.799999999999;922.8;2613513.33;1244060.2;7.617458;47.347258
7975;922;2613514.46;1244059.76;7.617473;47.347254
7976.4;922;2613515.82;1244059.65;7.617491;47.347253
7977.5;922.1;2613516.88;1244059.99;7.617505;47.347256
7978.799999999999;922.5;2613518.09;1244060.55;7.617521;47.347261
7981.5;921.8;2613520.43;1244061.89;7.617552;47.347273
7983;922.6;2613521.63;1244062.78;7.617568;47.347281
7984.099999999999;922;2613522.54;1244063.34;7.61758;47.347286
7985.299999999999;922.8;2613523.37;1244064.23;7.617591;47.347294
7987.9;923;2613525.02;1244066.23;7.617613;47.347312
7989.299999999999;923;2613525.93;1244067.35;7.617625;47.347322
7990.599999999999;923.2;2613526.68;1244068.35;7.617635;47.347331
7991.4;923.2;2613527.21;1244069.02;7.617642;47.347337
7992.2;923.2;2613527.81;1244069.57;7.61765;47.347342
7993.099999999999;923.3;2613528.11;1244070.35;7.617654;47.347349
7994.7;923.3;2613528.87;1244071.8;7.617664;47.347362
7995.5;923.3;2613529.62;1244071.91;7.617674;47.347363
7996.2;923.4;2613530.3;1244072.14;7.617683;47.347365
7996.799999999999;923.4;2613530.9;1244072.25;7.617691;47.347366
7997.599999999999;923.4;2613531.66;1244072.36;7.617701;47.347367
7998.599999999999;922.8;2613532.64;1244072.7;7.617714;47.34737
7999.7;922.8;2613533.4;1244073.48;7.617724;47.347377
8001.799999999999;922.9;2613534.37;1244075.37;7.617737;47.347394
8003;924;2613534.07;1244076.48;7.617733;47.347404
8004.4;924.6;2613533.24;1244077.7;7.617722;47.347415
8005.299999999999;925.6;2613532.7;1244078.37;7.617715;47.347421
8006.099999999999;925.6;2613532.4;1244079.15;7.617711;47.347428
8007.5;927.3;2613532.7;1244080.48;7.617715;47.34744
8009.2;930.7;2613533.15;1244082.15;7.617721;47.347455
8010.9;930.7;2613533.67;1244083.71;7.617728;47.347469
8013.2;932.5;2613534.58;1244085.82;7.61774;47.347488
8014.099999999999;932.3;2613535.41;1244086.16;7.617751;47.347491
8015;929.5;2613536.16;1244086.72;7.617761;47.347496
8016.099999999999;929.5;2613536.99;1244087.5;7.617772;47.347503
8018.299999999999;926.9;2613539.11;1244087.17;7.6178;47.3475
8019.299999999999;926.2;2613540.09;1244087.06;7.617813;47.347499
8019.9;926.2;2613540.62;1244087.39;7.61782;47.347502
8021.2;927;2613540.24;1244088.61;7.617815;47.347513
8022.099999999999;927;2613540.16;1244089.5;7.617814;47.347521
8023.099999999999;927.9;2613540.31;1244090.5;7.617816;47.34753
8024.7;927.9;2613541.14;1244091.84;7.617827;47.347542
8025.5;928.2;2613541.74;1244092.4;7.617835;47.347547
8027;928.5;2613543.1;1244093.18;7.617853;47.347554
8027.9;928.5;2613543.93;1244092.85;7.617864;47.347551
8028.599999999999;928.5;2613544.61;1244092.74;7.617873;47.34755
8029.2;928.5;2613545.14;1244092.85;7.61788;47.347551
8030.2;928.5;2613545.59;1244093.74;7.617886;47.347559
8030.7;929.3;2613545.67;1244094.3;7.617887;47.347564
8031.299999999999;929.3;2613545.82;1244094.85;7.617889;47.347569
8031.9;929.5;2613546.19;1244095.3;7.617894;47.347573
8032.5;929.5;2613546.57;1244095.74;7.617899;47.347577
8033.099999999999;929.8;2613546.95;1244096.19;7.617904;47.347581
8033.7;929.8;2613547.1;1244096.86;7.617906;47.347587
8034.9;929.8;2613547.7;1244097.86;7.617914;47.347596
8035.7;929.4;2613548.07;1244098.53;7.617919;47.347602
8036.9;929.4;2613548.98;1244099.31;7.617931;47.347609
8037.799999999999;929.4;2613549.89;1244099.53;7.617943;47.347611
8038.599999999999;930.1;2613550.64;1244099.87;7.617953;47.347614
8039.5;929.3;2613551.39;1244100.31;7.617963;47.347618
8041.099999999999;929.3;2613551.54;1244101.87;7.617965;47.347632
8042.099999999999;928.9;2613552.52;1244102.32;7.617978;47.347636
8042.9;928.9;2613553.28;1244102.54;7.617988;47.347638
8043.9;929.8;2613554.18;1244102.88;7.618;47.347641
8046.2;928.5;2613555.84;1244104.44;7.618022;47.347655
8049.2;930.2;2613558.87;1244104.78;7.618062;47.347658
8050.299999999999;930.2;2613559.62;1244105.56;7.618072;47.347665
8051.2;930;2613560.45;1244106;7.618083;47.347669
8052.2;930;2613561.05;1244106.78;7.618091;47.347676
8052.9;930;2613561.43;1244107.34;7.618096;47.347681
8053.599999999999;929;2613561.73;1244108.01;7.6181;47.347687
8054.599999999999;929.9;2613562.56;1244108.46;7.618111;47.347691
8055.599999999999;929.9;2613563.54;1244108.79;7.618124;47.347694
8057.4;930.4;2613565.28;1244109.24;7.618147;47.347698
8059.5;929.8;2613567.17;1244110.02;7.618172;47.347705
8061;930.6;2613568.68;1244110.25;7.618192;47.347707
8063.5;931.6;2613570.94;1244111.25;7.618222;47.347716
8064.599999999999;932.5;2613572.07;1244111.48;7.618237;47.347718
8067.299999999999;932.2;2613574.41;1244112.71;7.618268;47.347729
8068.099999999999;932.2;2613575.24;1244112.71;7.618279;47.347729
8069.099999999999;933.4;2613576.23;1244112.82;7.618292;47.34773
8070.099999999999;933.4;2613577.21;1244113.05;7.618305;47.347732
8071.2;934.2;2613578.27;1244113.49;7.618319;47.347736
8072.299999999999;934.2;2613579.32;1244113.83;7.618333;47.347739
8073.2;934.9;2613580.23;1244113.83;7.618345;47.347739
8075.4;935.2;2613582.42;1244113.73;7.618374;47.347738
8076.299999999999;935.2;2613583.25;1244113.73;7.618385;47.347738
8077.299999999999;935.4;2613584.23;1244113.51;7.618398;47.347736
8078.099999999999;935.4;2613585.07;1244113.4;7.618409;47.347735
8079.099999999999;935.8;2613586.05;1244113.4;7.618422;47.347735
8080.099999999999;935.8;2613587.03;1244113.4;7.618435;47.347735
8081.2;936.5;2613588.16;1244113.41;7.61845;47.347735
8082.4;936.5;2613589.3;1244113.63;7.618465;47.347737
8083.599999999999;937.2;2613590.51;1244113.86;7.618481;47.347739
8084.599999999999;936.7;2613591.49;1244114.19;7.618494;47.347742
8085.799999999999;937.7;2613592.54;1244114.64;7.618508;47.347746
8086.9;937.7;2613593.45;1244115.31;7.61852;47.347752
8088;938.4;2613594.2;1244116.09;7.61853;47.347759
8089.2;938.4;2613595.26;1244116.65;7.618544;47.347764
8089.599999999999;938.4;2613595.64;1244116.76;7.618549;47.347765
8090.7;939;2613596.69;1244117.09;7.618563;47.347768
8091.2;939;2613597;1244117.54;7.618567;47.347772
8091.9;939;2613597.52;1244117.99;7.618574;47.347776
8092.5;938.4;2613597.75;1244118.54;7.618577;47.347781
8093.299999999999;939.2;2613598.43;1244118.99;7.618586;47.347785
8094.2;939.2;2613599.18;1244119.32;7.618596;47.347788
8094.799999999999;939.2;2613599.79;1244119.33;7.618604;47.347788
8095.5;940;2613600.47;1244119.44;7.618613;47.347789
8096.2;940;2613601.22;1244119.66;7.618623;47.347791
8097;940;2613601.9;1244120;7.618632;47.347794
8097.799999999999;940.2;2613602.58;1244120.44;7.618641;47.347798
8098.7;940.2;2613603.34;1244120.89;7.618651;47.347802
8100;940.8;2613604.39;1244121.67;7.618665;47.347809
8101;939.9;2613605.22;1244122.23;7.618676;47.347814
8102.2;939.9;2613605.98;1244123.12;7.618686;47.347822
8104.2;938.7;2613606.8;1244125.01;7.618697;47.347839
8104.9;938.7;2613607.48;1244125.01;7.618706;47.347839
8105.7;939.3;2613608.16;1244124.68;7.618715;47.347836
8106.599999999999;939.3;2613609.07;1244124.57;7.618727;47.347835
8107.9;939.6;2613610.35;1244124.91;7.618744;47.347838
8108.599999999999;939.6;2613610.96;1244125.24;7.618752;47.347841
8109.5;939.6;2613611.71;1244125.69;7.618762;47.347845
8110.599999999999;939;2613612.69;1244126.25;7.618775;47.34785
8111.5;939;2613613.6;1244126.47;7.618787;47.347852
8114;939.1;2613615.94;1244127.26;7.618818;47.347859
8115.4;939.3;2613617.22;1244127.81;7.618835;47.347864
8116.7;938.8;2613618.43;1244128.15;7.618851;47.347867
8117.9;938.8;2613619.49;1244128.71;7.618865;47.347872
8119.099999999999;939.3;2613620.47;1244129.49;7.618878;47.347879
8120.5;938.6;2613621.52;1244130.38;7.618892;47.347887
8123.099999999999;938.9;2613623.94;1244131.39;7.618924;47.347896
8124.2;939;2613625.07;1244131.39;7.618939;47.347896
8126.599999999999;939;2613627.42;1244131.51;7.61897;47.347897
8128;938.4;2613628.85;1244131.62;7.618989;47.347898
8129.4;938.9;2613630.06;1244132.18;7.619005;47.347903
8132;938.9;2613632.63;1244132.85;7.619039;47.347909
8133.099999999999;938.9;2613633.68;1244133.08;7.619053;47.347911
8134.099999999999;938.8;2613634.67;1244133.41;7.619066;47.347914
8135.2;938.8;2613635.72;1244133.64;7.61908;47.347916
8136.2;940.1;2613636.63;1244134.09;7.619092;47.34792
8138.299999999999;940.2;2613638.52;1244134.98;7.619117;47.347928
8139.599999999999;940.2;2613639.72;1244135.32;7.619133;47.347931
8140.5;939.9;2613640.55;1244135.76;7.619144;47.347935
8141.7;940.9;2613641.46;1244136.54;7.619156;47.347942
8144.299999999999;940.6;2613643.65;1244137.88;7.619185;47.347954
8145.4;941.2;2613644.7;1244138.22;7.619199;47.347957
8146.299999999999;941.2;2613645.54;1244138.55;7.61921;47.34796
8147.2;940.4;2613646.37;1244139;7.619221;47.347964
8148.099999999999;940.4;2613646.82;1244139.78;7.619227;47.347971
8149.099999999999;942.6;2613647.27;1244140.67;7.619233;47.347979
8150.299999999999;942.6;2613647.79;1244141.67;7.61924;47.347988
8152.2;942.5;2613648.85;1244143.34;7.619254;47.348003
8153.299999999999;942.5;2613649.75;1244143.9;7.619266;47.348008
8154.2;942.6;2613650.58;1244144.35;7.619277;47.348012
8156.099999999999;942.8;2613652.32;1244145.13;7.6193;47.348019
8157;942.8;2613652.92;1244145.69;7.619308;47.348024
8158;942.1;2613653.83;1244146.13;7.61932;47.348028
8158.9;942.4;2613654.58;1244146.69;7.61933;47.348033
8160.9;942.9;2613656.32;1244147.69;7.619353;47.348042
8162.5;942.1;2613657.91;1244148.03;7.619374;47.348045
8163.5;942.5;2613658.89;1244148.15;7.619387;47.348046
8165.799999999999;942.2;2613660.93;1244149.26;7.619414;47.348056
8168.099999999999;941.1;2613663.19;1244149.49;7.619444;47.348058
8169.4;942;2613664.25;1244150.16;7.619458;47.348064
8170.299999999999;942;2613665;1244150.72;7.619468;47.348069
8171.299999999999;942;2613665.98;1244151.05;7.619481;47.348072
8173.4;941.3;2613667.95;1244151.72;7.619507;47.348078
8175.599999999999;942;2613669.91;1244152.62;7.619533;47.348086
8177.099999999999;941.2;2613671.27;1244153.29;7.619551;47.348092
8178.5;940.6;2613672.55;1244153.85;7.619568;47.348097
8179.7;942.2;2613673.76;1244154.18;7.619584;47.3481
8180.799999999999;941.6;2613674.74;1244154.41;7.619597;47.348102
8181.799999999999;941.6;2613675.72;1244154.63;7.61961;47.348104
8183.9;940.6;2613677.61;1244155.64;7.619635;47.348113
8185.099999999999;941.1;2613678.52;1244156.42;7.619647;47.34812
8186;941.1;2613679.19;1244156.97;7.619656;47.348125
8187.7;940.3;2613680.7;1244157.76;7.619676;47.348132
8188.9;941.1;2613681.76;1244158.32;7.61969;47.348137
8191.099999999999;941;2613683.95;1244158.54;7.619719;47.348139
8192.099999999999;940.2;2613685.01;1244158.54;7.619733;47.348139
8193.2;940.2;2613685.99;1244158.99;7.619746;47.348143
8194.3;939.6;2613686.97;1244159.55;7.619759;47.348148
8196.5;940.5;2613688.86;1244160.55;7.619784;47.348157
8197.4;940.5;2613689.69;1244161;7.619795;47.348161
8198.5;940.3;2613690.59;1244161.67;7.619807;47.348167
8199.599999999999;941.4;2613691.57;1244162.01;7.61982;47.34817
8201.7;941.5;2613693.69;1244162.46;7.619848;47.348174
8202.9;941.2;2613694.75;1244163.01;7.619862;47.348179
8203.9;941.2;2613695.65;1244163.46;7.619874;47.348183
8205.8;942;2613697.39;1244164.13;7.619897;47.348189
8207.099999999999;941.8;2613698.6;1244164.47;7.619913;47.348192
8208.3;941.8;2613699.8;1244164.81;7.619929;47.348195
8209.599999999999;940.9;2613701.01;1244165.25;7.619945;47.348199
8211;939.7;2613702.3;1244165.7;7.619962;47.348203
8212.7;941.5;2613703.96;1244166.04;7.619984;47.348206
8215.099999999999;939.9;2613706.3;1244166.71;7.620015;47.348212
8216.4;939.9;2613707.58;1244167.05;7.620032;47.348215
8217.7;939.4;2613708.79;1244167.38;7.620048;47.348218
8218.9;939.4;2613710;1244167.61;7.620064;47.34822
8222;940;2613712.79;1244168.95;7.620101;47.348232
8222.9;940;2613713.55;1244169.4;7.620111;47.348236
8224.099999999999;940.9;2613714.45;1244170.18;7.620123;47.348243
8225.3;940.9;2613715.43;1244170.96;7.620136;47.34825
8226.599999999999;940.3;2613716.49;1244171.63;7.62015;47.348256
8227.8;941;2613717.62;1244172.18;7.620165;47.348261
8229.099999999999;941.5;2613718.75;1244172.63;7.62018;47.348265
8230.2;941.5;2613719.89;1244172.86;7.620195;47.348267
8231.4;942.1;2613721.09;1244173.08;7.620211;47.348269
8232.7;942.3;2613722.38;1244173.31;7.620228;47.348271
8234.099999999999;942.3;2613723.59;1244173.87;7.620244;47.348276
8235.5;942.2;2613724.64;1244174.76;7.620258;47.348284
8236.9;942.2;2613725.7;1244175.76;7.620272;47.348293
8239.7;941.4;2613728.04;1244177.21;7.620303;47.348306
8242;942;2613730.15;1244178.11;7.620331;47.348314
8243.3;942;2613731.21;1244179;7.620345;47.348322
8244.8;942.2;2613732.19;1244180.11;7.620358;47.348332
8246.099999999999;942.2;2613733.17;1244180.89;7.620371;47.348339
8248.9;942.3;2613735.51;1244182.45;7.620402;47.348353
8250.2;942.6;2613736.64;1244183.01;7.620417;47.348358
8251.2;942.6;2613737.54;1244183.57;7.620429;47.348363
8252.5;942;2613738.75;1244183.8;7.620445;47.348365
8253.7;942.4;2613739.96;1244184.02;7.620461;47.348367
8254.9;942.3;2613741.17;1244184.36;7.620477;47.34837
8257.2;941.7;2613743.21;1244185.36;7.620504;47.348379
8258.599999999999;942.4;2613744.34;1244186.14;7.620519;47.348386
8259.599999999999;942.4;2613745.24;1244186.7;7.620531;47.348391
8260.9;942.4;2613746.38;1244187.15;7.620546;47.348395
8262.099999999999;942.4;2613747.58;1244187.48;7.620562;47.348398
8263.4;942.1;2613748.87;1244187.82;7.620579;47.348401
8266;942.5;2613751.28;1244188.61;7.620611;47.348408
8267.8;941.9;2613752.94;1244189.39;7.620633;47.348415
8269.8;942.3;2613754.68;1244190.28;7.620656;47.348423
8272.3;941.7;2613757.02;1244191.18;7.620687;47.348431
8273.8;940.9;2613758.3;1244191.96;7.620704;47.348438
8275.099999999999;942.1;2613759.36;1244192.74;7.620718;47.348445
8276.4;941.8;2613760.42;1244193.52;7.620732;47.348452
8278;942;2613761.7;1244194.41;7.620749;47.34846
8278.9;942.1;2613762.6;1244194.75;7.620761;47.348463
8281.3;941.9;2613764.34;1244196.42;7.620784;47.348478
8282.7;941.9;2613765.24;1244197.42;7.620796;47.348487
8284.4;942.2;2613766.76;1244196.53;7.620816;47.348479
8285.4;942.2;2613767.66;1244196.76;7.620828;47.348481
8286.599999999999;942.3;2613768.57;1244197.54;7.62084;47.348488
8287.3;942.3;2613769.17;1244197.99;7.620848;47.348492
8289.2;942.4;2613770.53;1244199.32;7.620866;47.348504
8291.3;942;2613772.19;1244200.55;7.620888;47.348515
8293.099999999999;942;2613773.77;1244201.33;7.620909;47.348522
8294.4;942.3;2613775.06;1244201.78;7.620926;47.348526
8295.599999999999;942.1;2613776.19;1244202.12;7.620941;47.348529
8298.099999999999;942.5;2613778.53;1244202.9;7.620972;47.348536
8300.8;942.2;2613780.87;1244204.35;7.621003;47.348549
8303.3;942.6;2613783.06;1244205.47;7.621032;47.348559
8304.599999999999;942.6;2613784.04;1244206.36;7.621045;47.348567
8305.7;942.6;2613784.87;1244207.14;7.621056;47.348574
8308.2;942.5;2613786.98;1244208.37;7.621084;47.348585
8309.3;943;2613788.04;1244208.7;7.621098;47.348588
8310.5;943;2613789.17;1244209.15;7.621113;47.348592
8312.7;942;2613788.79;1244211.26;7.621108;47.348611
8314.2;940.9;2613789.99;1244212.15;7.621124;47.348619
8317.3;942.1;2613793.09;1244212.05;7.621165;47.348618
8319.2;943.7;2613795.06;1244211.83;7.621191;47.348616
8320.5;944;2613796.27;1244211.95;7.621207;47.348617
8321.8;943.2;2613797.62;1244212.17;7.621225;47.348619
8323.2;943.6;2613798.98;1244212.29;7.621243;47.34862
8324.599999999999;944.2;2613800.34;1244212.29;7.621261;47.34862
8325.9;944.2;2613801.71;1244212.07;7.621279;47.348618
8328.4;944.7;2613804.2;1244212.08;7.621312;47.348618
8329.3;944.7;2613805.03;1244212.08;7.621323;47.348618
8330.3;944.1;2613806.09;1244211.97;7.621337;47.348617
8332.5;944.4;2613808.2;1244212.53;7.621365;47.348622
8333.599999999999;944.4;2613809.26;1244212.87;7.621379;47.348625
8334.7;944.2;2613810.32;1244213.2;7.621393;47.348628
8337.2;943.7;2613812.66;1244213.99;7.621424;47.348635
8338.099999999999;945;2613813.49;1244214.43;7.621435;47.348639
8340.5;944.8;2613815.45;1244215.77;7.621461;47.348651
8341.8;945.6;2613816.28;1244216.77;7.621472;47.34866
8343.9;945.7;2613818.01;1244218;7.621495;47.348671
8346.7;946.2;2613820.73;1244218.01;7.621531;47.348671
8348;946.2;2613821.87;1244218.68;7.621546;47.348677
8349.2;945.8;2613822.92;1244219.35;7.62156;47.348683
8350.5;946.1;2613823.98;1244220.02;7.621574;47.348689
8351.599999999999;945.7;2613824.96;1244220.46;7.621587;47.348693
8352.599999999999;945.2;2613826.02;1244220.69;7.621601;47.348695
8355;945.7;2613827.9;1244222.03;7.621626;47.348707
8356;945.3;2613828.73;1244222.69;7.621637;47.348713
8357.2;945.3;2613829.71;1244223.36;7.62165;47.348719
8358.599999999999;945.8;2613830.84;1244224.15;7.621665;47.348726
8359.9;945.8;2613831.98;1244224.81;7.62168;47.348732
8362.599999999999;946.2;2613834.32;1244226.15;7.621711;47.348744
8363.599999999999;946.2;2613835.15;1244226.71;7.621722;47.348749
8366;947.1;2613837.11;1244228.16;7.621748;47.348762
8367.099999999999;947.1;2613838.01;1244228.72;7.62176;47.348767
8368.2;947.1;2613838.99;1244229.17;7.621773;47.348771
8370.5;948;2613840.8;1244230.62;7.621797;47.348784
8372.5;947.5;2613842.31;1244231.95;7.621817;47.348796
8373.7;948.4;2613843.07;1244232.85;7.621827;47.348804
8374.8;948.4;2613843.82;1244233.63;7.621837;47.348811
8377.099999999999;948.2;2613845.4;1244235.3;7.621858;47.348826
8377.8;948.4;2613846.01;1244235.74;7.621866;47.34883
8379.5;948.1;2613847.52;1244236.41;7.621886;47.348836
8380.8;948.2;2613848.65;1244237.08;7.621901;47.348842
8383.3;948.1;2613850.68;1244238.53;7.621928;47.348855
8384.599999999999;948.1;2613851.82;1244239.2;7.621943;47.348861
8386;948;2613853.02;1244239.87;7.621959;47.348867
8387.5;947.9;2613854.38;1244240.54;7.621977;47.348873
8390.2;948.1;2613856.72;1244241.88;7.622008;47.348885
8391.5;947.9;2613857.93;1244242.33;7.622024;47.348889
8393.9;948.6;2613860.12;1244243.45;7.622053;47.348899
8395.099999999999;948.4;2613861.02;1244244.12;7.622065;47.348905
8396.099999999999;948.9;2613862;1244244.45;7.622078;47.348908
8397.8;948.9;2613863.67;1244244.35;7.6221;47.348907
8399;949.1;2613864.88;1244244.57;7.622116;47.348909
8401.4;949;2613867.06;1244245.46;7.622145;47.348917
8402.599999999999;948.8;2613868.27;1244245.8;7.622161;47.34892
8403.9;949.2;2613869.4;1244246.36;7.622176;47.348925
8405.3;949.1;2613870.61;1244247.14;7.622192;47.348932
8406;949.1;2613871.29;1244247.36;7.622201;47.348934
8408.2;949.3;2613872.65;1244249.04;7.622219;47.348949
8409.3;949.3;2613873.33;1244249.93;7.622228;47.348957
8411.599999999999;949.5;2613875.06;1244251.38;7.622251;47.34897
8413.099999999999;949.5;2613876.49;1244252.05;7.62227;47.348976
8414;949.5;2613877.32;1244252.38;7.622281;47.348979
8415.3;949.7;2613878.46;1244252.94;7.622296;47.348984
8416.599999999999;949.7;2613879.59;1244253.5;7.622311;47.348989
8417.599999999999;949.9;2613880.57;1244253.95;7.622324;47.348993
8418.9;949.9;2613881.7;1244254.5;7.622339;47.348998
8421.4;950;2613883.89;1244255.62;7.622368;47.349008
8422.8;949.8;2613885.17;1244256.29;7.622385;47.349014
8425;950.2;2613887.14;1244257.3;7.622411;47.349023
8426.3;950.4;2613888.42;1244257.63;7.622428;47.349026
8428.8;950.5;2613890.53;1244258.86;7.622456;47.349037
8430;950.5;2613891.44;1244259.64;7.622468;47.349044
8431.2;950.6;2613892.42;1244260.42;7.622481;47.349051
8433.9;950.9;2613894.76;1244261.65;7.622512;47.349062
8435.2;950.9;2613895.89;1244262.43;7.622527;47.349069
8436.3;951.1;2613896.95;1244262.55;7.622541;47.34907
8437.5;951.3;2613898.16;1244262.66;7.622557;47.349071
8438.7;951.3;2613899.29;1244263;7.622572;47.349074
8440.3;951.5;2613900.57;1244263.89;7.622589;47.349082
8441.2;951.8;2613901.33;1244264.45;7.622599;47.349087
8443.7;951.9;2613903.44;1244265.78;7.622627;47.349099
8445;952;2613904.65;1244266.34;7.622643;47.349104
8447.5;952.4;2613906.76;1244267.68;7.622671;47.349116
8448.3;952.4;2613907.36;1244268.13;7.622679;47.34912
8450;952.3;2613908.8;1244269.13;7.622698;47.349129
8451.3;952.3;2613909.78;1244269.91;7.622711;47.349136
8453.8;952.7;2613911.59;1244271.59;7.622735;47.349151
8455;953.1;2613912.49;1244272.48;7.622747;47.349159
8457.599999999999;953.5;2613914.3;1244274.37;7.622771;47.349176
8458.8;953.5;2613915.2;1244275.15;7.622783;47.349183
8459.9;953.5;2613916.03;1244275.82;7.622794;47.349189
8460.9;954;2613916.71;1244276.6;7.622803;47.349196
8463.099999999999;954.5;2613918.14;1244278.16;7.622822;47.34921
8464.099999999999;954.5;2613918.97;1244278.72;7.622833;47.349215
8466.2;954.4;2613920.78;1244279.95;7.622857;47.349226
8467.4;954.7;2613921.77;1244280.5;7.62287;47.349231
8468.599999999999;955;2613922.67;1244281.28;7.622882;47.349238
8469.5;955.3;2613923.2;1244282.06;7.622889;47.349245
8470.4;955.3;2613923.57;1244282.84;7.622894;47.349252
8471.3;955.3;2613923.95;1244283.73;7.622899;47.34926
8473.599999999999;955.5;2613925.53;1244285.4;7.62292;47.349275
8474.5;955.9;2613926.29;1244285.85;7.62293;47.349279
8475.599999999999;955.3;2613927.19;1244286.41;7.622942;47.349284
8477.8;955.8;2613929.08;1244287.64;7.622967;47.349295
8479;955.5;2613930.21;1244288.08;7.622982;47.349299
8480.4;955.5;2613931.49;1244288.31;7.622999;47.349301
8482.8;956.1;2613933.61;1244289.54;7.623027;47.349312
8485.3;955.5;2613935.95;1244290.54;7.623058;47.349321
8488.099999999999;956.3;2613938.51;1244291.55;7.623092;47.34933
8489.4;955.7;2613939.49;1244292.33;7.623105;47.349337
8491.8;955.6;2613940.85;1244294.33;7.623123;47.349355
8493.9;956.1;2613942.66;1244295.45;7.623147;47.349365
8495.099999999999;955.7;2613943.72;1244296.01;7.623161;47.34937
8496.4;956.1;2613944.85;1244296.57;7.623176;47.349375
8497.599999999999;956.1;2613945.98;1244297.13;7.623191;47.34938
8499;956.3;2613947.19;1244297.8;7.623207;47.349386
8500.3;956.3;2613948.25;1244298.47;7.623221;47.349392
8501.4;956.3;2613949.23;1244299.02;7.623234;47.349397
8503.9;956.5;2613951.49;1244300.03;7.623264;47.349406
8505.2;957;2613952.85;1244300.26;7.623282;47.349408
8506.5;957.5;2613954.06;1244300.48;7.623298;47.34941
8507.8;957.5;2613955.34;1244300.71;7.623315;47.349412
8509.3;957.9;2613956.78;1244301.15;7.623334;47.349416
8510.2;957.9;2613957.61;1244301.49;7.623345;47.349419
8511.099999999999;958.3;2613958.51;1244301.83;7.623357;47.349422
8512.3;958.7;2613959.57;1244302.27;7.623371;47.349426
8514.4;959.3;2613961.38;1244303.28;7.623395;47.349435
8516.599999999999;960.1;2613963.5;1244304.17;7.623423;47.349443
8517.2;960.1;2613963.8;1244304.62;7.623427;47.349447
8518.099999999999;960.5;2613964.63;1244305.06;7.623438;47.349451
8520.2;961.1;2613966.59;1244305.85;7.623464;47.349458
8522.3;961.7;2613968.63;1244305.74;7.623491;47.349457
8523.3;961.4;2613969.54;1244306.19;7.623503;47.349461
8524.3;962.3;2613970.14;1244306.97;7.623511;47.349468
8525;962.3;2613970.51;1244307.63;7.623516;47.349474
8525.9;961.3;2613970.97;1244308.41;7.623522;47.349481
8526.8;961.3;2613971.42;1244309.19;7.623528;47.349488
8527.8;962;2613972.02;1244309.97;7.623536;47.349495
8529.099999999999;961.4;2613972.92;1244310.86;7.623548;47.349503
8530.2;961.4;2613973.83;1244311.42;7.62356;47.349508
8532.099999999999;960.9;2613975.34;1244312.65;7.62358;47.349519
8533.099999999999;961.2;2613976.17;1244313.1;7.623591;47.349523
8535;961;2613978.06;1244313.54;7.623616;47.349527
8535.9;961;2613978.89;1244313.77;7.623627;47.349529
8538.7;960.9;2613981.45;1244314.89;7.623661;47.349539
8539.3;960.2;2613982.06;1244315.11;7.623669;47.349541
8540.3;960.2;2613982.96;1244315.56;7.623681;47.349545
8542.599999999999;960.1;2613984.77;1244317.01;7.623705;47.349558
8543.7;960.1;2613985.53;1244317.79;7.623715;47.349565
8546.599999999999;960.4;2613987.49;1244319.9;7.623741;47.349584
8547.2;960.9;2613987.86;1244320.35;7.623746;47.349588
8548.3;960.8;2613988.77;1244321.02;7.623758;47.349594
8549.5;960.8;2613989.83;1244321.58;7.623772;47.349599
8550.599999999999;961;2613990.81;1244322.02;7.623785;47.349603
8552.9;960.9;2613992.84;1244323.03;7.623812;47.349612
8553.8;960.9;2613993.75;1244323.37;7.623824;47.349615
8556.2;960.3;2613996.09;1244323.59;7.623855;47.349617
8557.2;960.3;2613997.15;1244323.71;7.623869;47.349618
8558.3;961.3;2613998.21;1244324.04;7.623883;47.349621
8560.4;961.4;2614000.25;1244324.27;7.62391;47.349623
8561.2;961.4;2614001.08;1244324.27;7.623921;47.349623
8562.099999999999;961.4;2614001.98;1244324.27;7.623933;47.349623
8563.099999999999;961.3;2614002.97;1244324.5;7.623946;47.349625
8563.599999999999;961.3;2614003.27;1244324.83;7.62395;47.349628
8563.9;961.3;2614003.42;1244325.06;7.623952;47.34963
8564.2;961.3;2614003.72;1244325.28;7.623956;47.349632
8564.9;961.1;2614004.17;1244325.73;7.623962;47.349636
8566.5;962.3;2614005.45;1244326.73;7.623979;47.349645
8568.599999999999;963.3;2614006.81;1244328.29;7.623997;47.349659
8570.599999999999;963.3;2614008.17;1244329.74;7.624015;47.349672
8571.4;964;2614008.85;1244330.29;7.624024;47.349677
8572.4;964;2614009.6;1244330.85;7.624034;47.349682
8574.4;963.9;2614011.34;1244331.86;7.624057;47.349691
8575.2;964.5;2614012.17;1244332.08;7.624068;47.349693
8577.2;964.5;2614013.83;1244333.09;7.62409;47.349702
8578.3;963.7;2614014.58;1244333.87;7.6241;47.349709
8580.5;964.1;2614016.16;1244335.43;7.624121;47.349723
8582.599999999999;964.4;2614017.67;1244336.87;7.624141;47.349736
8583.3;964.4;2614017.97;1244337.54;7.624145;47.349742
8585.4;964.3;2614019.78;1244338.55;7.624169;47.349751
8587.599999999999;964.6;2614021.52;1244339.89;7.624192;47.349763
8588.7;964.8;2614022.2;1244340.78;7.624201;47.349771
8589.599999999999;964.8;2614022.87;1244341.45;7.62421;47.349777
8590.9;964.1;2614023.78;1244342.34;7.624222;47.349785
8592;964.8;2614024.76;1244342.9;7.624235;47.34979
8593.2;964.8;2614025.82;1244343.34;7.624249;47.349794
8595.5;965.4;2614028.01;1244344.13;7.624278;47.349801
8596.9;965.4;2614029.14;1244344.91;7.624293;47.349808
8597.7;965.4;2614029.82;1244345.35;7.624302;47.349812
8598.7;966;2614030.72;1244345.69;7.624314;47.349815
8599.599999999999;966;2614031.63;1244345.91;7.624326;47.349817
8600.599999999999;965.7;2614032.53;1244346.25;7.624338;47.34982
8601.5;965.7;2614033.44;1244346.58;7.62435;47.349823
8602.7;966.2;2614034.42;1244347.14;7.624363;47.349828
8603.599999999999;966.2;2614035.25;1244347.48;7.624374;47.349831
8604.5;966.9;2614036.16;1244347.81;7.624386;47.349834
8605.5;966.2;2614037.06;1244348.26;7.624398;47.349838
8608.099999999999;966.7;2614039.1;1244349.82;7.624425;47.349852
8610.5;966.8;2614040.99;1244351.38;7.62445;47.349866
8611.2;966.8;2614041.59;1244351.72;7.624458;47.349869
8613;966.5;2614043.25;1244352.17;7.62448;47.349873
8614.2;967.2;2614044.46;1244352.39;7.624496;47.349875
8615.3;967.2;2614045.52;1244352.62;7.62451;47.349877
8616.4;967.3;2614046.57;1244352.95;7.624524;47.34988
8617.5;967.3;2614047.71;1244353.07;7.624539;47.349881
8618.5;967;2614048.69;1244353.18;7.624552;47.349882
8619.5;967;2614049.59;1244353.52;7.624564;47.349885
8621.5;967;2614051.41;1244354.52;7.624588;47.349894
8623.599999999999;965.8;2614052.91;1244355.86;7.624608;47.349906
8624.7;966.6;2614053.67;1244356.75;7.624618;47.349914
8625.599999999999;966.6;2614053.89;1244357.64;7.624621;47.349922
8627.599999999999;965.7;2614053.74;1244359.64;7.624619;47.34994
8628;965.7;2614053.81;1244359.97;7.62462;47.349943
8628.7;965.2;2614054.41;1244360.42;7.624628;47.349947
8629.7;965.2;2614055.17;1244360.98;7.624638;47.349952
8630.599999999999;965.2;2614055.92;1244361.54;7.624648;47.349957
8631.9;964.4;2614056.9;1244362.43;7.624661;47.349965
8633.3;964.4;2614057.96;1244363.32;7.624675;47.349973
8635;963.5;2614059.24;1244364.32;7.624692;47.349982
8636.099999999999;963.7;2614060.15;1244364.99;7.624704;47.349988
8637.3;963.7;2614061.2;1244365.55;7.624718;47.349993
8638.599999999999;963.4;2614062.49;1244365.78;7.624735;47.349995
8639.9;963.4;2614063.77;1244365.89;7.624752;47.349996
8641.099999999999;963.6;2614064.98;1244366.23;7.624768;47.349999
8642.2;963.6;2614065.96;1244366.79;7.624781;47.350004
8643.599999999999;963.5;2614067.09;1244367.46;7.624796;47.35001
8644.599999999999;962.9;2614068.07;1244367.79;7.624809;47.350013
8647.099999999999;963.7;2614070.41;1244368.8;7.62484;47.350022
8648.099999999999;963.7;2614071.24;1244369.36;7.624851;47.350027
8649.3;963.6;2614072.22;1244370.02;7.624864;47.350033
8650.599999999999;963.6;2614073.28;1244370.69;7.624878;47.350039
8651.7;963.8;2614074.26;1244371.14;7.624891;47.350043
8652.9;963.8;2614075.39;1244371.7;7.624906;47.350048
8654.8;963.6;2614077.13;1244372.48;7.624929;47.350055
8655.7;963.6;2614077.96;1244372.71;7.62494;47.350057
8657.9;964;2614080;1244373.49;7.624967;47.350064
8659;963.8;2614081.05;1244373.83;7.624981;47.350067
8661.5;964.9;2614083.4;1244374.61;7.625012;47.350074
8663.7;965.4;2614085.21;1244375.95;7.625036;47.350086
8664.7;965.5;2614086.11;1244376.39;7.625048;47.35009
8666.8;966.1;2614088.23;1244376.4;7.625076;47.35009
8667.9;966.1;2614089.21;1244376.74;7.625089;47.350093
8668.9;966.2;2614090.19;1244377.18;7.625102;47.350097
8670.099999999999;966.2;2614091.09;1244377.96;7.625114;47.350104
8672.3;966.6;2614093.06;1244378.86;7.62514;47.350112
8673.3;966.6;2614093.96;1244379.3;7.625152;47.350116
8674.5;966.6;2614095.02;1244379.75;7.625166;47.35012
8677;967;2614097.28;1244380.98;7.625196;47.350131
8679.5;967;2614099.09;1244382.65;7.62522;47.350146
8680.7;967;2614099.92;1244383.54;7.625231;47.350154
8681.7;966.7;2614100.68;1244384.21;7.625241;47.35016
8682.9;966.7;2614101.51;1244384.99;7.625252;47.350167
8683.9;967.3;2614102.33;1244385.66;7.625263;47.350173
8686;966.4;2614103.99;1244386.89;7.625285;47.350184
8687.099999999999;967;2614104.98;1244387.34;7.625298;47.350188
8688.3;967.5;2614106.11;1244387.78;7.625313;47.350192
8689.4;966.4;2614107.16;1244388.12;7.625327;47.350195
8690.4;967.1;2614108.15;1244388.45;7.62534;47.350198
8691.5;967.1;2614109.13;1244388.79;7.625353;47.350201
8692.7;968;2614110.18;1244389.46;7.625367;47.350207
8694.7;966.5;2614111.77;1244390.69;7.625388;47.350218
8695.8;967;2614112.52;1244391.47;7.625398;47.350225
8698.2;966.2;2614114.48;1244392.92;7.625424;47.350238
8699.3;966.2;2614115.54;1244393.14;7.625438;47.35024
8700.8;966.7;2614116.98;1244393.37;7.625457;47.350242
8701.8;966.7;2614117.96;1244393.37;7.62547;47.350242
8703.9;967.4;2614120.07;1244393.71;7.625498;47.350245
8705.9;967.8;2614122.04;1244393.94;7.625524;47.350247
8708.3;967.6;2614124.45;1244394.05;7.625556;47.350248
8708.9;967.6;2614125.06;1244394.05;7.625564;47.350248
8709.9;968.1;2614126.04;1244394.39;7.625577;47.350251
8710.9;968.1;2614127.02;1244394.5;7.62559;47.350252
8711.9;968.8;2614128;1244394.62;7.625603;47.350253
8713;968.8;2614129.06;1244394.84;7.625617;47.350255
8714;969.1;2614130.04;1244395.18;7.62563;47.350258
8716;968.2;2614131.48;1244396.51;7.625649;47.35027
8717.099999999999;968.5;2614132.3;1244397.29;7.62566;47.350277
8718.099999999999;968.5;2614133.13;1244397.85;7.625671;47.350282
8719.3;967.6;2614134.04;1244398.63;7.625683;47.350289
8720.5;967.6;2614134.94;1244399.3;7.625695;47.350295
8721.7;968.5;2614136.08;1244399.86;7.62571;47.3503
8722.9;967;2614137.06;1244400.53;7.625723;47.350306
8724.3;967;2614137.96;1244401.53;7.625735;47.350315
8725.2;966.4;2614138.64;1244402.2;7.625744;47.350321
8726.3;966.4;2614139.62;1244402.76;7.625757;47.350326
8727.5;967.1;2614140.68;1244403.32;7.625771;47.350331
8728.8;967.1;2614141.89;1244403.66;7.625787;47.350334
8729.9;967.5;2614143.02;1244403.77;7.625802;47.350335
8730.9;966.6;2614143.92;1244404.1;7.625814;47.350338
8732.2;966.9;2614145.21;1244404.33;7.625831;47.35034
8733.099999999999;967.4;2614146.12;1244404.44;7.625843;47.350341
8734.2;967.4;2614147.25;1244404.33;7.625858;47.35034
8735.5;967.4;2614148.46;1244404.45;7.625874;47.350341
8736.8;967.4;2614149.59;1244405.12;7.625889;47.350347
8738.099999999999;967.1;2614150.57;1244406.01;7.625902;47.350355
8739.4;967.1;2614151.47;1244406.9;7.625914;47.350363
8741;967.3;2614152.91;1244407.68;7.625933;47.35037
8742;967.4;2614153.89;1244408.02;7.625946;47.350373
8743.4;967.9;2614155.17;1244408.58;7.625963;47.350378
8745.7;968;2614157.21;1244409.47;7.62599;47.350386
8746.8;968.2;2614158.19;1244410.03;7.626003;47.350391
8749;968.3;2614160.23;1244410.93;7.62603;47.350399
8751.099999999999;968.1;2614162.27;1244411.49;7.626057;47.350404
8752.4;968.1;2614163.4;1244411.93;7.626072;47.350408
8753.599999999999;968.9;2614164.46;1244412.6;7.626086;47.350414
8754.9;968.9;2614165.51;1244413.27;7.6261;47.35042
8755.9;969.4;2614166.42;1244413.83;7.626112;47.350425
8758.5;969.6;2614168.68;1244415.17;7.626142;47.350437
8759.3;969.6;2614169.36;1244415.51;7.626151;47.35044
8760.2;970.7;2614170.19;1244415.84;7.626162;47.350443
8761.099999999999;969.4;2614171.02;1244416.29;7.626173;47.350447
8762.9;970.2;2614172.68;1244416.85;7.626195;47.350452
8763.599999999999;970.2;2614173.36;1244416.85;7.626204;47.350452
8764.5;971.1;2614174.27;1244416.52;7.626216;47.350449
8765.2;971.1;2614174.95;1244416.63;7.626225;47.35045
8765.9;971.1;2614175.63;1244416.85;7.626234;47.350452
8767.8;972;2614177.52;1244416.75;7.626259;47.350451
8769.8;972.6;2614179.41;1244417.31;7.626284;47.350456
8771;973.4;2614180.54;1244417.53;7.626299;47.350458
8771.7;973.4;2614181.29;1244417.65;7.626309;47.350459
8772.599999999999;974;2614182.13;1244417.98;7.62632;47.350462
8773.4;973.6;2614182.88;1244418.32;7.62633;47.350465
8774.3;973.6;2614183.71;1244418.43;7.626341;47.350466
8775.9;974.6;2614185.3;1244418.66;7.626362;47.350468
8776.7;975.1;2614186.05;1244418.88;7.626372;47.35047
8777.599999999999;975.1;2614186.96;1244419.22;7.626384;47.350473
8778.4;975.1;2614187.56;1244419.66;7.626392;47.350477
8779.2;975;2614188.01;1244420.33;7.626398;47.350483
8779.8;975;2614188.39;1244420.78;7.626403;47.350487
8781.2;975;2614189.67;1244421.34;7.62642;47.350492
8781.9;975.3;2614190.43;1244421.45;7.62643;47.350493
8783;975.3;2614191.33;1244421.9;7.626442;47.350497
8783.7;974.2;2614191.94;1244422.34;7.62645;47.350501
8784.599999999999;974.7;2614192.69;1244422.79;7.62646;47.350505
8786.599999999999;975.2;2614194.66;1244423.35;7.626486;47.35051
8787.599999999999;975.2;2614195.64;1244423.13;7.626499;47.350508
8790.3;975.9;2614198.21;1244423.8;7.626533;47.350514
8790.9;975.1;2614198.73;1244424.14;7.62654;47.350517
8793;975.2;2614200.01;1244425.81;7.626557;47.350532
8794.2;974.6;2614200.77;1244426.7;7.626567;47.35054
8795.4;974.6;2614201.67;1244427.48;7.626579;47.350547
8796.5;974.1;2614202.43;1244428.37;7.626589;47.350555
8797.8;974.1;2614203.1;1244429.48;7.626598;47.350565
8798.8;972.3;2614203.86;1244430.04;7.626608;47.35057
8799.9;973.1;2614204.76;1244430.6;7.62662;47.350575
8800.9;973.1;2614205.74;1244431.05;7.626633;47.350579
8802;973.6;2614206.8;1244431.38;7.626647;47.350582
8804.7;974.1;2614209.44;1244431.83;7.626682;47.350586
8805.599999999999;974.5;2614210.28;1244431.84;7.626693;47.350586
8808.2;974.7;2614212.92;1244431.95;7.626728;47.350587
8810.4;974.1;2614215.11;1244432.18;7.626757;47.350589
8811.8;974.4;2614216.47;1244432.41;7.626775;47.350591
8812.9;974.4;2614217.6;1244432.41;7.62679;47.350591
8814;974.7;2614218.66;1244432.41;7.626804;47.350591
8815.2;974.7;2614219.87;1244432.53;7.62682;47.350592
8817;974.8;2614221.68;1244432.31;7.626844;47.35059
8817.9;974.8;2614222.59;1244432.09;7.626856;47.350588
8818.8;975.3;2614223.42;1244431.87;7.626867;47.350586
8820.4;975.3;2614225.01;1244431.76;7.626888;47.350585
8822.4;974.7;2614226.82;1244432.65;7.626912;47.350593
8822.7;974.7;2614226.59;1244432.88;7.626909;47.350595
8822.9;974.7;2614226.44;1244432.99;7.626907;47.350596
8823.599999999999;974.7;2614226.06;1244433.54;7.626902;47.350601
8823.9;974.7;2614225.91;1244433.76;7.6269;47.350603
8824;974.7;2614225.76;1244433.76;7.626898;47.350603
8824.099999999999;974.7;2614225.76;1244433.87;7.626898;47.350604
8824.099999999999;974.7;2614225.76;1244433.87;7.626898;47.350604
8824.2;974.7;2614225.76;1244433.76;7.626898;47.350603
8824.2;974.7;2614225.76;1244433.76;7.626898;47.350603
8824.2;974.7;2614225.76;1244433.76;7.626898;47.350603
8824.3;974.7;2614225.84;1244433.76;7.626899;47.350603
8824.599999999999;974.7;2614226.06;1244433.87;7.626902;47.350604
8824.599999999999;974.7;2614226.14;1244433.87;7.626903;47.350604
8824.7;974.7;2614226.21;1244433.87;7.626904;47.350604
8824.8;974.7;2614226.29;1244433.88;7.626905;47.350604
8824.9;974.7;2614226.29;1244433.99;7.626905;47.350605
8825;974.7;2614226.36;1244433.99;7.626906;47.350605
8825.099999999999;974.7;2614226.44;1244433.99;7.626907;47.350605
8825.099999999999;974.7;2614226.44;1244433.99;7.626907;47.350605
8825.2;974.2;2614226.44;1244434.1;7.626907;47.350606
8825.2;974.2;2614226.52;1244434.1;7.626908;47.350606
8825.2;974.2;2614226.52;1244434.1;7.626908;47.350606
8825.2;974.2;2614226.52;1244434.1;7.626908;47.350606
8825.3;974.2;2614226.59;1244434.1;7.626909;47.350606
8825.3;974.2;2614226.59;1244434.1;7.626909;47.350606
8825.4;974.7;2614226.67;1244433.99;7.62691;47.350605
8825.4;974.7;2614226.67;1244433.99;7.62691;47.350605
8825.5;974.7;2614226.74;1244433.99;7.626911;47.350605
8825.5;974.7;2614226.74;1244433.99;7.626911;47.350605
8825.599999999999;974.7;2614226.82;1244433.99;7.626912;47.350605
8825.599999999999;974.7;2614226.82;1244433.99;7.626912;47.350605
8825.599999999999;974.7;2614226.82;1244433.99;7.626912;47.350605
8825.599999999999;974.7;2614226.82;1244433.99;7.626912;47.350605
8825.7;974.7;2614226.89;1244433.88;7.626913;47.350604
8825.7;974.7;2614226.89;1244433.88;7.626913;47.350604
8825.7;974.7;2614226.89;1244433.88;7.626913;47.350604
8825.8;974.7;2614226.97;1244433.88;7.626914;47.350604
8825.9;974.7;2614226.97;1244433.77;7.626914;47.350603
8825.9;974.7;2614226.97;1244433.77;7.626914;47.350603
8825.9;974.7;2614226.97;1244433.77;7.626914;47.350603
8825.9;974.7;2614226.97;1244433.77;7.626914;47.350603
8825.9;974.7;2614226.97;1244433.77;7.626914;47.350603
8826.099999999999;974.7;2614227.05;1244433.65;7.626915;47.350602
8826.099999999999;974.7;2614226.97;1244433.65;7.626914;47.350602
8826.2;974.7;2614227.05;1244433.65;7.626915;47.350602
8826.2;974.7;2614227.05;1244433.65;7.626915;47.350602
8826.2;974.7;2614227.05;1244433.65;7.626915;47.350602
8826.3;974.7;2614226.97;1244433.54;7.626914;47.350601
8826.4;974.7;2614227.05;1244433.54;7.626915;47.350601
8826.4;974.7;2614227.05;1244433.54;7.626915;47.350601
8826.4;974.7;2614227.05;1244433.54;7.626915;47.350601
8826.4;974.7;2614227.05;1244433.54;7.626915;47.350601
8826.4;974.7;2614227.05;1244433.54;7.626915;47.350601
8826.4;974.7;2614227.05;1244433.54;7.626915;47.350601
8826.4;974.7;2614227.05;1244433.54;7.626915;47.350601
8826.4;974.7;2614227.05;1244433.54;7.626915;47.350601
8826.4;974.7;2614227.05;1244433.54;7.626915;47.350601
8826.7;974.7;2614227.35;1244433.54;7.626919;47.350601
8827.599999999999;974.7;2614228.1;1244433.99;7.626929;47.350605
8829.099999999999;974.2;2614229.46;1244434.55;7.626947;47.35061
8830.3;974.2;2614230.44;1244435.22;7.62696;47.350616
8831.099999999999;974.2;2614231.12;1244435.67;7.626969;47.35062
8832.599999999999;974.2;2614232.63;1244435.56;7.626989;47.350619
8835.2;974;2614235.28;1244435.79;7.627024;47.350621
8836.5;974;2614236.49;1244436.01;7.62704;47.350623
8837.5;974;2614237.09;1244436.9;7.627048;47.350631
8838.7;974;2614237.77;1244437.79;7.627057;47.350639
8841;973.3;2614239.58;1244439.35;7.627081;47.350653
8842.599999999999;972.6;2614240.63;1244440.47;7.627095;47.350663
8843.5;972.6;2614241.38;1244440.92;7.627105;47.350667
8844.7;972.4;2614242.59;1244441.14;7.627121;47.350669
8847.099999999999;971.9;2614244.93;1244441.59;7.627152;47.350673
8848.2;971;2614246.07;1244441.82;7.627167;47.350675
8849.4;971.5;2614246.97;1244442.6;7.627179;47.350682
8852.2;971.4;2614248.55;1244444.94;7.6272;47.350703
8853.7;971;2614249.46;1244446.05;7.627212;47.350713
8855;971;2614250.36;1244446.94;7.627224;47.350721
8856.2;971;2614251.34;1244447.72;7.627237;47.350728
8857.5;970;2614252.47;1244448.39;7.627252;47.350734
8858.8;970;2614253.68;1244448.73;7.627268;47.350737
8861.2;970.3;2614256.1;1244448.96;7.6273;47.350739
8862.2;970.3;2614257.01;1244449.29;7.627312;47.350742
8864.599999999999;970.1;2614258.59;1244451.19;7.627333;47.350759
8865.9;969.2;2614259.34;1244452.19;7.627343;47.350768
8868.3;969.6;2614261.45;1244453.42;7.627371;47.350779
8869.599999999999;969.8;2614262.59;1244453.86;7.627386;47.350783
8871.7;969.3;2614264.55;1244454.65;7.627412;47.35079
8873.3;969.7;2614266.14;1244454.54;7.627433;47.350789
8874.8;969.7;2614267.65;1244454.43;7.627453;47.350788
8875.8;969.8;2614268.63;1244454.32;7.627466;47.350787
8876;969.8;2614268.86;1244454.43;7.627469;47.350788
8876.9;969.8;2614269.53;1244454.99;7.627478;47.350793
8877.9;970;2614270.29;1244455.66;7.627488;47.350799
8880;969.6;2614272.18;1244456.55;7.627513;47.350807
8881.099999999999;969.6;2614273.16;1244457.11;7.627526;47.350812
8882.4;970;2614274.29;1244457.78;7.627541;47.350818
8884.4;968.7;2614276.1;1244458.57;7.627565;47.350825
8885.5;968.7;2614277.16;1244458.9;7.627579;47.350828
8886.4;969;2614278.06;1244459.13;7.627591;47.35083
8888.099999999999;969;2614279.57;1244459.91;7.627611;47.350837
8889.3;968.7;2614280.1;1244460.91;7.627618;47.350846
8889.9;968.7;2614280.55;1244461.36;7.627624;47.35085
8890.8;968.7;2614281.31;1244461.8;7.627634;47.350854
8892;968.7;2614282.51;1244461.92;7.62765;47.350855
8893.2;968.7;2614283.65;1244461.7;7.627665;47.350853
8894.3;968.7;2614284.78;1244461.81;7.62768;47.350854
8894.5;968.7;2614284.93;1244461.92;7.627682;47.350855
8895.3;967.7;2614285.61;1244462.37;7.627691;47.350859
8895.4;967.7;2614285.69;1244462.37;7.627692;47.350859
8895.5;967.7;2614285.54;1244462.37;7.62769;47.350859
8895.7;967.7;2614285.46;1244462.26;7.627689;47.350858
8895.7;967.7;2614285.46;1244462.26;7.627689;47.350858
8895.7;967.7;2614285.38;1244462.26;7.627688;47.350858
8895.8;967.7;2614285.38;1244462.37;7.627688;47.350859
8896;967.7;2614285.38;1244462.48;7.627688;47.35086
8896;967.7;2614285.46;1244462.48;7.627689;47.35086
8896.3;967.7;2614285.69;1244462.59;7.627692;47.350861
8897;968.5;2614286.37;1244462.81;7.627701;47.350863
8898.4;968.5;2614287.72;1244463.26;7.627719;47.350867
8899.7;969.5;2614289.01;1244463.38;7.627736;47.350868
8901.7;969;2614290.9;1244463.83;7.627761;47.350872
8904.599999999999;969.4;2614293.77;1244464.61;7.627799;47.350879
8906.3;970.2;2614295.2;1244465.39;7.627818;47.350886
8907.7;969;2614296.48;1244465.95;7.627835;47.350891
8909.2;969.2;2614297.84;1244466.62;7.627853;47.350897
8911;969.6;2614299.58;1244467.29;7.627876;47.350903
8912.099999999999;967.5;2614300.64;1244467.41;7.62789;47.350904
8914.2;963.4;2614302.67;1244467.97;7.627917;47.350909
8915.7;968.9;2614303.58;1244469.08;7.627929;47.350919
8916.8;969.5;2614304.64;1244469.42;7.627943;47.350922
8919.7;968.2;2614307.2;1244470.76;7.627977;47.350934
8920.5;968.2;2614307.88;1244471.21;7.627986;47.350938
8922.8;968.8;2614310.07;1244471.88;7.628015;47.350944
8924;967.7;2614310.97;1244472.66;7.628027;47.350951
8924.9;967.7;2614311.8;1244473.1;7.628038;47.350955
8925.7;968.1;2614312.64;1244473.22;7.628049;47.350956
8926.5;968.1;2614313.31;1244473.44;7.628058;47.350958
8927.3;968.7;2614314.07;1244473.89;7.628068;47.350962
8927.9;967.5;2614314.52;1244474.22;7.628074;47.350965
8928.4;967.5;2614314.82;1244474.67;7.628078;47.350969
8929.099999999999;967.5;2614315.35;1244475;7.628085;47.350972
8929.5;967.5;2614315.73;1244475.12;7.62809;47.350973
8929.7;967.5;2614315.96;1244475.23;7.628093;47.350974
8930.099999999999;967.7;2614316.33;1244475.12;7.628098;47.350973
8931.5;967.7;2614317.62;1244474.68;7.628115;47.350969
8932;967.7;2614318;1244474.34;7.62812;47.350966
8932.4;968.5;2614318.22;1244474.01;7.628123;47.350963
8932.599999999999;963.4;2614318.45;1244473.9;7.628126;47.350962
8932.8;963.4;2614318.6;1244473.9;7.628128;47.350962
8932.9;968.5;2614318.68;1244474.01;7.628129;47.350963
8933.8;968.5;2614319.21;1244474.79;7.628136;47.35097
8934.599999999999;968.5;2614319.66;1244475.46;7.628142;47.350976
8935.9;967;2614320.33;1244476.46;7.628151;47.350985
8938;967.8;2614322.3;1244477.24;7.628177;47.350992
8939.3;967.8;2614323.58;1244477.47;7.628194;47.350994
8941.4;966.7;2614325.54;1244478.36;7.62822;47.351002
8942.3;968.1;2614326.3;1244478.81;7.62823;47.351006
8943.2;968.1;2614326.83;1244479.48;7.628237;47.351012
8944.099999999999;966.3;2614327.43;1244480.26;7.628245;47.351019
8945.2;966.3;2614327.95;1244481.15;7.628252;47.351027
8946.3;967;2614328.71;1244481.93;7.628262;47.351034
8947.599999999999;966.1;2614329.69;1244482.82;7.628275;47.351042
8949.8;965.7;2614331.5;1244484.16;7.628299;47.351054
8951;965.9;2614332.48;1244484.83;7.628312;47.35106
8952.4;965.9;2614333.69;1244485.5;7.628328;47.351066
8954.5;965.3;2614335.65;1244486.28;7.628354;47.351073
8955.599999999999;965.6;2614336.63;1244486.62;7.628367;47.351076
8956.599999999999;965.6;2614337.61;1244486.95;7.62838;47.351079
8958;965.7;2614338.97;1244487.29;7.628398;47.351082
8958.9;965.7;2614339.88;1244487.4;7.62841;47.351083
8960.7;965.8;2614341.69;1244487.41;7.628434;47.351083
8961.8;965.8;2614342.67;1244487.85;7.628447;47.351087
8962.8;965;2614343.65;1244488.19;7.62846;47.35109
8965.5;965.1;2614345.69;1244489.86;7.628487;47.351105
8966.5;964.6;2614346.44;1244490.53;7.628497;47.351111
8967.9;964.6;2614347.5;1244491.54;7.628511;47.35112
8970.2;964;2614349.08;1244493.21;7.628532;47.351135
8971.4;962.6;2614349.76;1244494.1;7.628541;47.351143
8974.3;961.8;2614351.64;1244496.33;7.628566;47.351163
8976.5;962.5;2614353.15;1244498;7.628586;47.351178
8979;961.7;2614355.49;1244498.78;7.628617;47.351185
8980.2;962.5;2614356.63;1244498.34;7.628632;47.351181
8981.2;962.5;2614357.61;1244498.34;7.628645;47.351181
8983.2;963;2614359.57;1244498.68;7.628671;47.351184
8983.9;963.6;2614360.25;1244498.79;7.62868;47.351185
8986;964.2;2614362.06;1244499.91;7.628704;47.351195
8987.3;962.9;2614363.12;1244500.58;7.628718;47.351201
8988.5;963.7;2614364.17;1244501.25;7.628732;47.351207
8989.5;963.7;2614365.08;1244501.58;7.628744;47.35121
8991.3;962.9;2614366.74;1244502.37;7.628766;47.351217
8992.099999999999;962.9;2614367.5;1244502.7;7.628776;47.35122
8993.099999999999;963.6;2614368.4;1244502.93;7.628788;47.351222
8994.099999999999;963.6;2614369.46;1244503.15;7.628802;47.351224
8995.3;964;2614370.52;1244503.49;7.628816;47.351227
8996.4;964;2614371.57;1244503.82;7.62883;47.35123
8997.599999999999;963.2;2614372.71;1244504.27;7.628845;47.351234
9000.099999999999;963.7;2614374.82;1244505.61;7.628873;47.351246
9001.2;962.4;2614375.72;1244506.28;7.628885;47.351252
9002.5;963.1;2614376.85;1244506.95;7.6289;47.351258
9004.8;964;2614379.04;1244507.4;7.628929;47.351262
9006;964.6;2614380.25;1244507.29;7.628945;47.351261
9007.599999999999;964.6;2614381.84;1244507.07;7.628966;47.351259
9009.599999999999;965.5;2614383.81;1244507.3;7.628992;47.351261
9010.599999999999;966.4;2614384.79;1244507.64;7.629005;47.351264
9011.7;964.9;2614385.77;1244508.08;7.629018;47.351268
9013.5;965.9;2614387.58;1244508.53;7.629042;47.351272
9014.8;966.8;2614388.87;1244508.31;7.629059;47.35127
9015.599999999999;966.8;2614389.62;1244508.31;7.629069;47.35127
9018;967.7;2614391.66;1244509.54;7.629096;47.351281
9018.9;968.1;2614392.49;1244509.99;7.629107;47.351285
9020.9;967.4;2614394.3;1244510.66;7.629131;47.351291
9021.5;967.4;2614394.9;1244511;7.629139;47.351294
9022.4;967.4;2614395.58;1244511.55;7.629148;47.351299
9024.099999999999;966.3;2614397.17;1244512.22;7.629169;47.351305
9024.8;966.3;2614397.77;1244512.56;7.629177;47.351308
9025.099999999999;966.3;2614398;1244512.78;7.62918;47.35131
9025.4;966.8;2614398.07;1244513;7.629181;47.351312
9025.5;966.3;2614398;1244513;7.62918;47.351312
9025.599999999999;966.8;2614398.15;1244512.89;7.629182;47.351311
9026.2;966.8;2614398.68;1244513.12;7.629189;47.351313
9027;966.8;2614399.43;1244513.23;7.629199;47.351314
9028.2;967.2;2614400.56;1244513.57;7.629214;47.351317
9030.2;965.9;2614402.53;1244514.24;7.62924;47.351323
9031.099999999999;965.9;2614403.28;1244514.57;7.62925;47.351326
9032;966.2;2614404.19;1244514.69;7.629262;47.351327
9033.4;966.2;2614405.62;1244514.58;7.629281;47.351326
9033.9;966.9;2614406;1244514.8;7.629286;47.351328
9034;966.9;2614406.08;1244514.91;7.629287;47.351329
9034.2;966.2;2614405.85;1244515.02;7.629284;47.35133
9034.5;966.2;2614405.55;1244515.02;7.62928;47.35133
9034.7;966.2;2614405.4;1244514.91;7.629278;47.351329
9035;966.2;2614405.09;1244514.91;7.629274;47.351329
9035.5;966.2;2614404.72;1244514.69;7.629269;47.351327
9035.9;966.2;2614404.34;1244514.69;7.629264;47.351327
9036.3;965.9;2614403.89;1244514.69;7.629258;47.351327
9036.8;965.9;2614403.43;1244514.46;7.629252;47.351325
9037.5;965.9;2614402.83;1244514.24;7.629244;47.351323
9038.599999999999;965.7;2614401.7;1244514.24;7.629229;47.351323
9038.8;965.7;2614401.62;1244514.46;7.629228;47.351325
9039.3;965.7;2614401.92;1244514.79;7.629232;47.351328
9041;964.6;2614402.98;1244516.13;7.629246;47.35134
9041.8;964.6;2614403.65;1244516.58;7.629255;47.351344
9042.7;964.7;2614404.41;1244517.13;7.629265;47.351349
9043.2;964.7;2614404.86;1244517.36;7.629271;47.351351
9044.599999999999;963.6;2614405.77;1244518.36;7.629283;47.35136
9045.3;963.8;2614406.22;1244518.92;7.629289;47.351365
9046.599999999999;962.7;2614406.29;1244520.25;7.62929;47.351377
9047.099999999999;962.7;2614406.52;1244520.7;7.629293;47.351381
9048.2;962.7;2614407.04;1244521.59;7.6293;47.351389
9049.3;961.8;2614407.8;1244522.37;7.62931;47.351396
9050.8;962.1;2614408.85;1244523.48;7.629324;47.351406
9052.4;961.7;2614410.13;1244524.49;7.629341;47.351415
9053.7;961.7;2614411.04;1244525.38;7.629353;47.351423
9055.3;961.5;2614412.24;1244526.49;7.629369;47.351433
9056.599999999999;961.5;2614413.3;1244527.27;7.629383;47.35144
9058.4;962.1;2614414.89;1244527.94;7.629404;47.351446
9061.599999999999;962.7;2614418.06;1244528.62;7.629446;47.351452
9063.099999999999;962.7;2614419.57;1244528.84;7.629466;47.351454
9065.5;963.2;2614421.68;1244529.85;7.629494;47.351463
9066.9;963.2;2614422.89;1244530.63;7.62951;47.35147
9068.2;963.3;2614424.02;1244531.3;7.629525;47.351476
9069.4;963.3;2614425.08;1244531.75;7.629539;47.35148
9070.599999999999;963.3;2614426.06;1244532.42;7.629552;47.351486
9072.9;963.3;2614427.94;1244533.87;7.629577;47.351499
9074.099999999999;963.4;2614428.92;1244534.43;7.62959;47.351504
9075.5;963.9;2614430.13;1244535.1;7.629606;47.35151
9076.5;963.9;2614431.11;1244535.43;7.629619;47.351513
9077.599999999999;964.2;2614432.17;1244535.77;7.629633;47.351516
9078.7;964;2614433.23;1244536.22;7.629647;47.35152
9080.9;964.5;2614435.26;1244536.89;7.629674;47.351526
9083.4;964.8;2614437.68;1244537.34;7.629706;47.35153
9084.2;965.1;2614438.51;1244537.45;7.629717;47.351531
9086.3;965.4;2614440.63;1244537.79;7.629745;47.351534
9087.3;964.8;2614441.53;1244538.01;7.629757;47.351536
9088.3;965.3;2614442.51;1244538.35;7.62977;47.351539
9089.4;965.3;2614443.5;1244538.8;7.629783;47.351543
9091.5;965.8;2614445.46;1244539.58;7.629809;47.35155
9093.3;965.6;2614447.12;1244540.36;7.629831;47.351557
9094.3;965.6;2614447.95;1244540.81;7.629842;47.351561
9095.2;966.1;2614448.78;1244541.15;7.629853;47.351564
9096.9;965.5;2614450.21;1244542.04;7.629872;47.351572
9097.9;965.5;2614451.19;1244542.37;7.629885;47.351575
9098.5;965.5;2614451.8;1244542.6;7.629893;47.351577
9099;966;2614452.25;1244542.82;7.629899;47.351579
9099.5;966;2614452.55;1244543.16;7.629903;47.351582
9100;966;2614452.93;1244543.49;7.629908;47.351585
9100.7;966;2614453.53;1244543.82;7.629916;47.351588
9101.099999999999;966;2614453.91;1244543.94;7.629921;47.351589
9101.599999999999;966.7;2614454.06;1244543.49;7.629923;47.351585
9102.2;966;2614453.69;1244542.94;7.629918;47.35158
9102.599999999999;966;2614453.54;1244542.6;7.629916;47.351577
9102.7;966;2614453.61;1244542.49;7.629917;47.351576
9102.9;966;2614453.69;1244542.38;7.629918;47.351575
9103;966;2614453.69;1244542.27;7.629918;47.351574
9103.099999999999;966;2614453.76;1244542.16;7.629919;47.351573
9103.4;967;2614453.76;1244541.82;7.629919;47.35157
9103.7;967;2614453.69;1244541.6;7.629918;47.351568
9103.8;967;2614453.61;1244541.49;7.629917;47.351567
9104.099999999999;967;2614453.46;1244541.27;7.629915;47.351565
9104.4;967;2614453.31;1244540.93;7.629913;47.351562
9104.599999999999;967;2614453.16;1244540.82;7.629911;47.351561
9104.7;967;2614453.09;1244540.82;7.62991;47.351561
9104.9;967;2614452.94;1244540.82;7.629908;47.351561
9105;967;2614452.86;1244540.71;7.629907;47.35156
9105.2;967;2614452.79;1244540.49;7.629906;47.351558
9105.4;967;2614452.71;1244540.38;7.629905;47.351557
9105.599999999999;967;2614452.56;1244540.15;7.629903;47.351555
9105.8;967;2614452.41;1244540.04;7.629901;47.351554
9106;967.8;2614452.26;1244539.93;7.629899;47.351553
9106.2;967.8;2614452.11;1244539.82;7.629897;47.351552
9106.4;967.3;2614451.96;1244539.71;7.629895;47.351551
9106.5;967.3;2614451.88;1244539.71;7.629894;47.351551
9106.5;967.3;2614451.96;1244539.71;7.629895;47.351551
9106.5;967.3;2614451.96;1244539.71;7.629895;47.351551
9106.7;967.3;2614451.88;1244539.82;7.629894;47.351552
9106.8;967.3;2614451.8;1244539.93;7.629893;47.351553
9107.3;966.5;2614451.35;1244540.04;7.629887;47.351554
9107.5;966.5;2614451.2;1244540.26;7.629885;47.351556
9107.7;966.5;2614451.28;1244540.15;7.629886;47.351555
9107.9;966.5;2614451.05;1244540.04;7.629883;47.351554
9108.099999999999;967.3;2614450.97;1244539.93;7.629882;47.351553
9108.3;967.3;2614450.75;1244539.82;7.629879;47.351552
9108.4;967.3;2614450.67;1244539.7;7.629878;47.351551
9108.7;967.3;2614450.52;1244539.48;7.629876;47.351549
9109.2;967.3;2614450.07;1244539.26;7.62987;47.351547
9109.4;966.8;2614449.92;1244539.15;7.629868;47.351546
9109.599999999999;966.8;2614449.77;1244539.15;7.629866;47.351546
9109.7;966.8;2614449.62;1244539.15;7.629864;47.351546
9109.9;966.8;2614449.46;1244539.26;7.629862;47.351547
9110.099999999999;966.8;2614449.24;1244539.26;7.629859;47.351547
9110.099999999999;966.8;2614449.24;1244539.26;7.629859;47.351547
9110.3;966.8;2614449.16;1244539.14;7.629858;47.351546
9110.4;966.8;2614449.24;1244539.03;7.629859;47.351545
9111.4;967.3;2614450.22;1244538.81;7.629872;47.351543
9112.9;967.3;2614451.66;1244538.48;7.629891;47.35154
9113.599999999999;967.8;2614452.34;1244538.37;7.6299;47.351539
9115.5;968.5;2614454.23;1244538.49;7.629925;47.35154
9116.8;968.5;2614455.59;1244538.27;7.629943;47.351538
9119.4;971;2614458.01;1244537.39;7.629975;47.35153
9120.4;971;2614458.91;1244536.94;7.629987;47.351526
9121.7;971;2614459.97;1244536.28;7.630001;47.35152
9122.7;972.6;2614460.81;1244535.62;7.630012;47.351514
9123.599999999999;972.6;2614461.56;1244535.17;7.630022;47.35151
9124.4;973.9;2614462.32;1244534.95;7.630032;47.351508
9125.2;973.9;2614463.15;1244534.84;7.630043;47.351507
9126.8;976.8;2614464.66;1244535.18;7.630063;47.35151
9127.599999999999;976.8;2614465.34;1244535.63;7.630072;47.351514
9129.2;974.4;2614466.7;1244536.52;7.63009;47.351522
9130;974.4;2614467.38;1244536.85;7.630099;47.351525
9130.7;974.4;2614467.83;1244537.41;7.630105;47.35153
9131.7;974;2614468.36;1244538.3;7.630112;47.351538
9133.7;974;2614469.86;1244539.53;7.630132;47.351549
9134.7;973.7;2614470.69;1244540.2;7.630143;47.351555
9135.4;973.7;2614471.3;1244540.53;7.630151;47.351558
9136.2;974.3;2614472.05;1244540.65;7.630161;47.351559
9137.9;974.3;2614473.72;1244540.32;7.630183;47.351556
9138.5;974.9;2614474.32;1244540.32;7.630191;47.351556
9139.3;978.1;2614474.77;1244539.65;7.630197;47.35155
9140.8;978.1;2614475.91;1244538.65;7.630212;47.351541
9141.599999999999;980.6;2614476.67;1244538.54;7.630222;47.35154
9142.9;970.2;2614475.61;1244537.76;7.630208;47.351533
9143.3;970.2;2614475.23;1244537.65;7.630203;47.351532
9143.5;970.2;2614475.01;1244537.65;7.6302;47.351532
9143.599999999999;970.2;2614475.08;1244537.54;7.630201;47.351531
9143.7;970.2;2614475.01;1244537.54;7.6302;47.351531
9144.099999999999;970.2;2614475.31;1244537.32;7.630204;47.351529
9144.5;970.2;2614475.61;1244536.99;7.630208;47.351526
9145;970.2;2614475.99;1244536.65;7.630213;47.351523
9145.4;941.7;2614476.22;1244536.43;7.630216;47.351521
9145.7;941.7;2614476.45;1244536.21;7.630219;47.351519
9146.099999999999;939.8;2614476.67;1244535.88;7.630222;47.351516
9146.599999999999;939.8;2614477.13;1244535.65;7.630228;47.351514
9148;939.3;2614478.41;1244535.21;7.630245;47.35151
9149;939.3;2614479.4;1244534.77;7.630258;47.351506
9151.8;936.8;2614481.97;1244533.78;7.630292;47.351497
9154.3;935.8;2614484.46;1244533.78;7.630325;47.351497
9157.5;937.1;2614487.25;1244535.46;7.630362;47.351512
9160.5;947.2;2614489.74;1244537.13;7.630395;47.351527
9163.2;953.8;2614490.94;1244539.47;7.630411;47.351548
9164.3;960.4;2614491.7;1244540.36;7.630421;47.351556
9167.5;983.2;2614493.28;1244543.14;7.630442;47.351581
9170.3;983.4;2614495.24;1244545.15;7.630468;47.351599
9173.099999999999;983.1;2614497.5;1244546.82;7.630498;47.351614
9174;983.5;2614498.26;1244547.16;7.630508;47.351617
9175.099999999999;983.5;2614499.24;1244547.61;7.630521;47.351621
9177.5;982.5;2614500.97;1244549.28;7.630544;47.351636
9178.599999999999;982.5;2614501.88;1244549.95;7.630556;47.351642
9179.7;979;2614502.7;1244550.73;7.630567;47.351649
9180.9;979;2614503.53;1244551.51;7.630578;47.351656
9183.3;977.5;2614505.04;1244553.4;7.630598;47.351673
9185.599999999999;977;2614506.32;1244555.29;7.630615;47.35169
9186.599999999999;975.5;2614506.92;1244556.18;7.630623;47.351698
9188.8;976.3;2614508.73;1244557.41;7.630647;47.351709
9190.2;976.3;2614509.94;1244557.97;7.630663;47.351714
9192.099999999999;975.2;2614511.75;1244558.53;7.630687;47.351719
9193;975.5;2614512.58;1244558.09;7.630698;47.351715
9193.9;976.8;2614513.12;1244557.42;7.630705;47.351709
9194.099999999999;976.8;2614513.04;1244557.2;7.630704;47.351707
9194.8;976.8;2614512.36;1244556.98;7.630695;47.351705
9195.099999999999;976.8;2614512.13;1244556.86;7.630692;47.351704
9195.3;976.6;2614511.91;1244556.86;7.630689;47.351704
9195.4;976.6;2614511.76;1244556.86;7.630687;47.351704
9195.5;976.6;2614511.68;1244556.86;7.630686;47.351704
9195.599999999999;976.6;2614511.61;1244556.86;7.630685;47.351704
9195.8;976.6;2614511.45;1244556.97;7.630683;47.351705
9195.8;976.6;2614511.45;1244556.97;7.630683;47.351705
9195.8;976.6;2614511.53;1244556.97;7.630684;47.351705
9195.9;976.6;2614511.61;1244556.97;7.630685;47.351705
9196.099999999999;976.6;2614511.68;1244556.86;7.630686;47.351704
9196.5;976.8;2614512.13;1244556.86;7.630692;47.351704
9196.8;976.8;2614512.28;1244557.09;7.630694;47.351706
9197.099999999999;976.8;2614512.21;1244557.42;7.630693;47.351709
9197.7;976.8;2614512.43;1244557.98;7.630696;47.351714
9199.099999999999;975.5;2614513.34;1244558.98;7.630708;47.351723
9199.9;975.5;2614513.87;1244559.65;7.630715;47.351729
9200.9;974.7;2614514.54;1244560.32;7.630724;47.351735
9201.8;974.7;2614515.37;1244560.65;7.630735;47.351738
9202.4;974.7;2614515.98;1244560.88;7.630743;47.35174
9203.4;975;2614516.88;1244561.32;7.630755;47.351744
9204.8;975.7;2614518.17;1244561.77;7.630772;47.351748
9207.099999999999;976.6;2614520.51;1244561.89;7.630803;47.351749
9209.2;977.3;2614522.62;1244561.89;7.630831;47.351749
9210.3;975.9;2614523.61;1244562.12;7.630844;47.351751
9211.3;977.1;2614524.59;1244562.45;7.630857;47.351754
9212.599999999999;977.1;2614525.87;1244562.46;7.630874;47.351754
9213.4;977.5;2614526.63;1244562.24;7.630884;47.351752
9214.099999999999;977.5;2614527.31;1244562.35;7.630893;47.351753
9214.9;977.9;2614528.06;1244562.8;7.630903;47.351757
9215.8;977.9;2614528.82;1244563.24;7.630913;47.351761
9217.099999999999;978.5;2614530.02;1244563.8;7.630929;47.351766
9218.9;977;2614531.69;1244564.36;7.630951;47.351771
9220.9;977.6;2614533.65;1244564.7;7.630977;47.351774
9222;977.9;2614534.71;1244564.92;7.630991;47.351776
9222.8;977.9;2614535.54;1244564.93;7.631002;47.351776
9223.599999999999;979.2;2614536.29;1244564.71;7.631012;47.351774
9224.3;979.2;2614537.05;1244564.71;7.631022;47.351774
9225.099999999999;979.2;2614537.8;1244564.71;7.631032;47.351774
9225.9;980.2;2614538.56;1244564.93;7.631042;47.351776
9226.599999999999;980.2;2614539.24;1244565.16;7.631051;47.351778
9228.099999999999;980.9;2614540.67;1244565.5;7.63107;47.351781
9228.8;980.9;2614541.28;1244565.83;7.631078;47.351784
9229.599999999999;980.3;2614542.03;1244566.17;7.631088;47.351787
9230.3;980.3;2614542.71;1244566.5;7.631097;47.35179
9231.9;980.5;2614544.22;1244566.73;7.631117;47.351792
9232.099999999999;980.5;2614544.37;1244566.84;7.631119;47.351793
9232.9;980.5;2614545.05;1244567.28;7.631128;47.351797
9233.099999999999;980.5;2614544.9;1244567.4;7.631126;47.351798
9233.2;980.5;2614544.75;1244567.28;7.631124;47.351797
9233.3;980.5;2614544.67;1244567.28;7.631123;47.351797
9233.3;980.5;2614544.67;1244567.28;7.631123;47.351797
9233.5;980.5;2614544.75;1244567.4;7.631124;47.351798
9234;980.5;2614545.13;1244567.73;7.631129;47.351801
9234.599999999999;980.5;2614545.73;1244567.95;7.631137;47.351803
9234.8;980.5;2614545.96;1244567.95;7.63114;47.351803
9234.9;984.4;2614546.03;1244567.95;7.631141;47.351803
9235.099999999999;978;2614545.88;1244568.07;7.631139;47.351804
9235.099999999999;978;2614545.88;1244568.07;7.631139;47.351804
9235.099999999999;978;2614545.88;1244568.07;7.631139;47.351804
9235.2;978;2614545.88;1244568.18;7.631139;47.351805
9235.3;978;2614545.96;1244568.18;7.63114;47.351805
9235.3;978;2614545.96;1244568.18;7.63114;47.351805
9235.4;978;2614545.88;1244568.07;7.631139;47.351804
9235.4;978;2614545.88;1244568.07;7.631139;47.351804
9235.7;977.6;2614546.18;1244568.07;7.631143;47.351804
9235.8;977.6;2614546.26;1244568.07;7.631144;47.351804
9235.9;977.6;2614546.41;1244568.07;7.631146;47.351804
9236;977.6;2614546.49;1244568.07;7.631147;47.351804
9236;977.6;2614546.49;1244568.07;7.631147;47.351804
9236.099999999999;977.6;2614546.49;1244568.18;7.631147;47.351805
9236.099999999999;977.6;2614546.49;1244568.18;7.631147;47.351805
9236.099999999999;977.6;2614546.49;1244568.18;7.631147;47.351805
9236.2;977.6;2614546.49;1244568.07;7.631147;47.351804
9236.3;977.6;2614546.56;1244568.07;7.631148;47.351804
9236.4;984.4;2614546.56;1244567.96;7.631148;47.351803
9236.5;984.4;2614546.56;1244567.84;7.631148;47.351802
9237.4;980.5;2614545.66;1244567.84;7.631136;47.351802
9237.7;980.5;2614545.43;1244567.84;7.631133;47.351802
9237.8;980.5;2614545.35;1244567.95;7.631132;47.351803
9237.9;978;2614545.35;1244568.06;7.631132;47.351804
9238;978;2614545.28;1244568.06;7.631131;47.351804
9238.099999999999;978;2614545.28;1244568.17;7.631131;47.351805
9238.2;978;2614545.2;1244568.17;7.63113;47.351805
9238.3;978;2614545.2;1244568.29;7.63113;47.351806
9238.3;978;2614545.2;1244568.29;7.63113;47.351806
9238.4;978;2614545.13;1244568.4;7.631129;47.351807
9238.4;978;2614545.13;1244568.4;7.631129;47.351807
9238.4;978;2614545.13;1244568.4;7.631129;47.351807
9238.5;978;2614545.05;1244568.4;7.631128;47.351807
9238.5;978;2614545.05;1244568.4;7.631128;47.351807
9238.599999999999;978;2614545.05;1244568.51;7.631128;47.351808
9238.599999999999;978;2614545.05;1244568.51;7.631128;47.351808
9238.7;978;2614544.97;1244568.51;7.631127;47.351808
9238.8;978;2614544.97;1244568.62;7.631127;47.351809
9238.8;978;2614544.97;1244568.62;7.631127;47.351809
9238.9;978;2614544.9;1244568.62;7.631126;47.351809
9238.9;978;2614544.9;1244568.62;7.631126;47.351809
9239;978;2614544.9;1244568.73;7.631126;47.35181
9239;978;2614544.9;1244568.73;7.631126;47.35181
9239;978;2614544.9;1244568.73;7.631126;47.35181
9239;978;2614544.9;1244568.73;7.631126;47.35181
9239.099999999999;978;2614544.9;1244568.84;7.631126;47.351811
9239.2;978;2614544.82;1244568.84;7.631125;47.351811
9239.2;978;2614544.82;1244568.84;7.631125;47.351811
9239.2;978;2614544.82;1244568.84;7.631125;47.351811
9239.2;978;2614544.82;1244568.84;7.631125;47.351811
9239.2;978;2614544.82;1244568.84;7.631125;47.351811
9239.2;978;2614544.82;1244568.84;7.631125;47.351811
9239.2;978;2614544.82;1244568.84;7.631125;47.351811
9239.3;978;2614544.82;1244568.95;7.631125;47.351812
9239.3;978;2614544.82;1244568.95;7.631125;47.351812
9239.3;978;2614544.82;1244568.95;7.631125;47.351812
9239.3;978;2614544.82;1244568.95;7.631125;47.351812
9239.3;978;2614544.82;1244568.95;7.631125;47.351812
9239.4;978;2614544.9;1244568.95;7.631126;47.351812
9239.4;978;2614544.9;1244568.95;7.631126;47.351812
9239.4;978;2614544.9;1244568.95;7.631126;47.351812
9239.4;978;2614544.9;1244568.95;7.631126;47.351812
9239.5;978;2614544.82;1244568.95;7.631125;47.351812
9239.5;978;2614544.82;1244568.95;7.631125;47.351812
9239.599999999999;978;2614544.82;1244569.06;7.631125;47.351813
9239.599999999999;978;2614544.82;1244569.06;7.631125;47.351813
9239.599999999999;978;2614544.82;1244569.06;7.631125;47.351813
9239.599999999999;978;2614544.82;1244569.06;7.631125;47.351813
9239.599999999999;978;2614544.82;1244569.06;7.631125;47.351813
9239.599999999999;978;2614544.82;1244569.06;7.631125;47.351813
9239.699999999999;978;2614544.82;1244569.17;7.631125;47.351814
9239.699999999999;978;2614544.82;1244569.17;7.631125;47.351814
9239.699999999999;978;2614544.82;1244569.17;7.631125;47.351814
9239.699999999999;978;2614544.75;1244569.17;7.631124;47.351814
9239.9;978;2614544.75;1244569.29;7.631124;47.351815
9240;978;2614544.59;1244569.17;7.631122;47.351814
9240;978;2614544.59;1244569.17;7.631122;47.351814
9240.099999999999;978;2614544.67;1244569.17;7.631123;47.351814
9240.199999999999;978;2614544.67;1244569.06;7.631123;47.351813
9240.3;978;2614544.75;1244569.06;7.631124;47.351813
9240.3;978;2614544.75;1244569.06;7.631124;47.351813
9240.4;978;2614544.82;1244569.06;7.631125;47.351813
9240.5;978;2614544.75;1244568.95;7.631124;47.351812
9240.599999999999;978;2614544.75;1244568.84;7.631124;47.351811
9240.8;978;2614544.67;1244568.73;7.631123;47.35181
9241;978;2614544.52;1244568.51;7.631121;47.351808
9241.3;978;2614544.45;1244568.28;7.63112;47.351806
9241.4;978;2614544.37;1244568.17;7.631119;47.351805
9241.5;978;2614544.45;1244568.17;7.63112;47.351805
9241.599999999999;978;2614544.52;1244568.06;7.631121;47.351804
9241.699999999999;978;2614544.6;1244568.06;7.631122;47.351804
9241.8;978;2614544.67;1244568.06;7.631123;47.351804
9241.8;978;2614544.67;1244568.06;7.631123;47.351804
9241.8;978;2614544.67;1244568.06;7.631123;47.351804
9241.8;978;2614544.67;1244568.06;7.631123;47.351804
9242;978;2614544.9;1244568.06;7.631126;47.351804
9242.199999999999;978;2614545.13;1244568.17;7.631129;47.351805
9242.4;978;2614545.28;1244568.29;7.631131;47.351806
9242.599999999999;978;2614545.43;1244568.29;7.631133;47.351806
9242.699999999999;978;2614545.5;1244568.18;7.631134;47.351805
9242.699999999999;978;2614545.5;1244568.18;7.631134;47.351805
9242.8;978;2614545.58;1244568.18;7.631135;47.351805
9242.9;978;2614545.65;1244568.18;7.631136;47.351805
9243;978;2614545.73;1244568.29;7.631137;47.351806
9243.099999999999;978;2614545.81;1244568.18;7.631138;47.351805
9243.199999999999;978;2614545.88;1244568.18;7.631139;47.351805
9243.199999999999;978;2614545.88;1244568.18;7.631139;47.351805
9243.3;978;2614545.96;1244568.29;7.63114;47.351806
9243.5;978;2614545.96;1244568.4;7.63114;47.351807
9243.5;978;2614545.96;1244568.4;7.63114;47.351807
9243.5;977.6;2614546.03;1244568.4;7.631141;47.351807
9243.5;977.6;2614546.03;1244568.4;7.631141;47.351807
9243.5;977.6;2614546.03;1244568.4;7.631141;47.351807
9243.599999999999;977.6;2614546.11;1244568.4;7.631142;47.351807
9243.599999999999;977.6;2614546.11;1244568.4;7.631142;47.351807
9243.599999999999;977.6;2614546.11;1244568.4;7.631142;47.351807
9243.599999999999;977.6;2614546.11;1244568.4;7.631142;47.351807
9243.699999999999;977.6;2614546.11;1244568.51;7.631142;47.351808
9243.699999999999;977.6;2614546.11;1244568.51;7.631142;47.351808
9243.699999999999;977.6;2614546.11;1244568.51;7.631142;47.351808
9243.699999999999;977.6;2614546.11;1244568.51;7.631142;47.351808
9243.699999999999;977.6;2614546.11;1244568.51;7.631142;47.351808
9243.699999999999;977.6;2614546.11;1244568.51;7.631142;47.351808
9243.8;977.6;2614546.18;1244568.51;7.631143;47.351808
9243.8;977.6;2614546.18;1244568.51;7.631143;47.351808
9243.8;977.6;2614546.18;1244568.51;7.631143;47.351808
9243.9;977.6;2614546.18;1244568.62;7.631143;47.351809
9243.9;977.6;2614546.18;1244568.62;7.631143;47.351809
9243.9;977.6;2614546.18;1244568.62;7.631143;47.351809
9244;977.6;2614546.11;1244568.62;7.631142;47.351809
9244;977.6;2614546.11;1244568.62;7.631142;47.351809
9244.099999999999;977.6;2614546.03;1244568.51;7.631141;47.351808
9244.3;978;2614545.96;1244568.4;7.63114;47.351807
9244.4;977.6;2614546.03;1244568.29;7.631141;47.351806
9244.599999999999;978;2614545.96;1244568.07;7.63114;47.351804
9244.8;980.5;2614545.81;1244567.95;7.631138;47.351803
9244.9;980.5;2614545.73;1244567.84;7.631137;47.351802
9245.199999999999;980.5;2614545.58;1244567.62;7.631135;47.3518
9246.4;980.5;2614544.52;1244567.06;7.631121;47.351795
9247.3;980.3;2614543.69;1244566.73;7.63111;47.351792
9249.8;980.9;2614541.51;1244565.61;7.631081;47.351782
9250.599999999999;980.9;2614540.9;1244565.05;7.631073;47.351777
9251.3;980.9;2614540.3;1244564.61;7.631065;47.351773
9251.8;980.2;2614539.85;1244564.38;7.631059;47.351771
9252.3;980.2;2614539.39;1244564.27;7.631053;47.35177
9252.9;980.2;2614538.86;1244564.05;7.631046;47.351768
9253.699999999999;979.2;2614538.03;1244563.82;7.631035;47.351766
9254.9;979.8;2614536.9;1244563.48;7.63102;47.351763
9256.3;979.4;2614535.62;1244563.04;7.631003;47.351759
9257.3;979.4;2614534.64;1244562.92;7.63099;47.351758
9258;978.9;2614533.88;1244563.03;7.63098;47.351759
9259.599999999999;978.9;2614532.44;1244563.59;7.630961;47.351764
9260.9;978.5;2614531.16;1244563.36;7.630944;47.351762
9261.599999999999;978.5;2614530.48;1244563.25;7.630935;47.351761
9262.599999999999;977.9;2614529.5;1244563.02;7.630922;47.351759
9263.099999999999;977.9;2614528.97;1244563.13;7.630915;47.35176
9263.599999999999;977.9;2614528.67;1244563.58;7.630911;47.351764
9264;977.9;2614528.74;1244563.91;7.630912;47.351767
9264.099999999999;977.9;2614528.89;1244563.91;7.630914;47.351767
9264.4;977.9;2614528.66;1244563.91;7.630911;47.351767
9264.599999999999;977.9;2614528.51;1244563.8;7.630909;47.351766
9264.599999999999;977.9;2614528.51;1244563.8;7.630909;47.351766
9264.699999999999;977.9;2614528.51;1244563.69;7.630909;47.351765
9264.8;977.9;2614528.51;1244563.8;7.630909;47.351766
9264.8;977.9;2614528.51;1244563.8;7.630909;47.351766
9264.8;977.9;2614528.51;1244563.8;7.630909;47.351766
9265.199999999999;977.9;2614528.21;1244563.57;7.630905;47.351764
9265.5;977.5;2614527.99;1244563.35;7.630902;47.351762
9265.9;977.5;2614527.61;1244563.13;7.630897;47.35176
9266.3;977.5;2614527.31;1244562.91;7.630893;47.351758
9266.8;977.5;2614526.85;1244562.57;7.630887;47.351755
9267.5;977.5;2614526.33;1244562.24;7.63088;47.351752
9268.5;977.7;2614525.42;1244561.68;7.630868;47.351747
9269.4;977.7;2614524.82;1244561.01;7.63086;47.351741
9271;977.3;2614523.54;1244560.12;7.630843;47.351733
9272.3;977.9;2614522.4;1244559.45;7.630828;47.351727
9274;977.3;2614520.82;1244558.89;7.630807;47.351722
9275.099999999999;976.7;2614519.76;1244558.88;7.630793;47.351722
9277.699999999999;976.2;2614517.19;1244558.43;7.630759;47.351718
9279.8;975.6;2614515.08;1244558.21;7.630731;47.351716
9281.8;975.5;2614513.19;1244558.98;7.630706;47.351723
9282.8;975.5;2614513.11;1244559.98;7.630705;47.351732
9285.3;973.1;2614513.63;1244562.43;7.630712;47.351754
9286.699999999999;973.6;2614514.16;1244563.65;7.630719;47.351765
9289.699999999999;972;2614515.81;1244566.21;7.630741;47.351788
9291.4;972.3;2614516.94;1244567.44;7.630756;47.351799
9294.199999999999;972;2614518.53;1244569.78;7.630777;47.35182
9295.599999999999;971.6;2614519.88;1244570.11;7.630795;47.351823
9298.4;972.1;2614522.6;1244570.57;7.630831;47.351827
9300.599999999999;972.3;2614524.64;1244571.46;7.630858;47.351835
9302.699999999999;971.7;2614526.6;1244572.35;7.630884;47.351843
9303.9;971.7;2614527.58;1244573.02;7.630897;47.351849
9305.199999999999;971.9;2614528.56;1244573.8;7.63091;47.351856
9306.3;971;2614529.55;1244574.25;7.630923;47.35186
9307.099999999999;970.6;2614530.38;1244574.48;7.630934;47.351862
9307.9;970.6;2614531.13;1244574.37;7.630944;47.351861
9309.199999999999;970;2614532.42;1244574.26;7.630961;47.35186
9310.5;970;2614533.7;1244574.26;7.630978;47.35186
9310.8;969.5;2614534;1244574.15;7.630982;47.351859
9310.8;969.5;2614534;1244574.15;7.630982;47.351859
9310.9;970;2614533.85;1244574.15;7.63098;47.351859
9311.099999999999;970;2614533.78;1244574.26;7.630979;47.35186
9311.199999999999;970;2614533.7;1244574.37;7.630978;47.351861
9311.199999999999;970;2614533.7;1244574.37;7.630978;47.351861
9311.3;970;2614533.7;1244574.48;7.630978;47.351862
9311.3;970;2614533.7;1244574.48;7.630978;47.351862
9311.4;970;2614533.63;1244574.48;7.630977;47.351862
9311.5;970;2614533.7;1244574.48;7.630978;47.351862
9311.599999999999;970;2614533.7;1244574.6;7.630978;47.351863
9311.599999999999;970;2614533.7;1244574.6;7.630978;47.351863
9311.699999999999;970;2614533.78;1244574.6;7.630979;47.351863
9311.699999999999;970;2614533.78;1244574.6;7.630979;47.351863
9311.8;970;2614533.85;1244574.71;7.63098;47.351864
9311.9;970;2614533.7;1244574.71;7.630978;47.351864
9311.9;970;2614533.7;1244574.71;7.630978;47.351864
9312;970;2614533.78;1244574.71;7.630979;47.351864
9312.4;969.5;2614534.15;1244574.71;7.630984;47.351864
9314.099999999999;969.5;2614535.82;1244574.6;7.631006;47.351863
9317.5;969;2614539.22;1244574.72;7.631051;47.351864
9319.599999999999;968.9;2614541.33;1244574.95;7.631079;47.351866
9320.4;968.6;2614542.16;1244574.95;7.63109;47.351866
9321.599999999999;968.6;2614543.37;1244575.17;7.631106;47.351868
9323.3;968.7;2614544.96;1244575.51;7.631127;47.351871
9324.5;968.7;2614546.17;1244575.74;7.631143;47.351873
9326.699999999999;966.9;2614548.05;1244576.85;7.631168;47.351883
9327.599999999999;966.9;2614548.58;1244577.63;7.631175;47.35189
9328.3;965.5;2614548.88;1244578.19;7.631179;47.351895
9328.5;965.5;2614548.73;1244578.41;7.631177;47.351897
9329;965.5;2614548.27;1244578.41;7.631171;47.351897
9329.4;965.4;2614547.9;1244578.41;7.631166;47.351897
9329.599999999999;965.4;2614547.67;1244578.3;7.631163;47.351896
9329.699999999999;965.4;2614547.59;1244578.3;7.631162;47.351896
9329.699999999999;965.4;2614547.59;1244578.3;7.631162;47.351896
9329.699999999999;965.4;2614547.59;1244578.3;7.631162;47.351896
9329.8;965.4;2614547.52;1244578.3;7.631161;47.351896
9329.9;965.4;2614547.59;1244578.41;7.631162;47.351897
9329.9;965.4;2614547.59;1244578.41;7.631162;47.351897
9330;965.4;2614547.67;1244578.3;7.631163;47.351896
9330;965.4;2614547.67;1244578.3;7.631163;47.351896
9330.099999999999;965.4;2614547.75;1244578.3;7.631164;47.351896
9330.699999999999;965.5;2614548.05;1244578.86;7.631168;47.351901
9332.4;965.5;2614549.56;1244579.41;7.631188;47.351906
9335;963.8;2614551.82;1244580.87;7.631218;47.351919
9337.5;962.1;2614552.8;1244583.09;7.631231;47.351939
9337.9;962.1;2614553.17;1244582.98;7.631236;47.351938
9338;962.1;2614553.25;1244583.09;7.631237;47.351939
9338.199999999999;962.1;2614553.32;1244583.32;7.631238;47.351941
9338.4;962.1;2614553.48;1244583.43;7.63124;47.351942
9338.599999999999;962.1;2614553.63;1244583.43;7.631242;47.351942
9339;962.3;2614554;1244583.54;7.631247;47.351943
9339.699999999999;962.3;2614554.76;1244583.65;7.631257;47.351944
9341.599999999999;962.1;2614556.65;1244583.77;7.631282;47.351945
9343.4;962.1;2614558.39;1244583.66;7.631305;47.351944
9345.9;962;2614560.95;1244583.89;7.631339;47.351946
9347.5;960.9;2614562.47;1244584.12;7.631359;47.351948
9348;960.9;2614562.99;1244584.12;7.631366;47.351948
9348.699999999999;960.9;2614563.6;1244584.45;7.631374;47.351951
9349.5;961.2;2614564.05;1244585.12;7.63138;47.351957
9350.4;961.2;2614564.43;1244585.9;7.631385;47.351964
9351.8;959.7;2614565.1;1244587.12;7.631394;47.351975
9352.199999999999;959.7;2614564.95;1244586.68;7.631392;47.351971
9352.699999999999;959.7;2614564.5;1244586.46;7.631386;47.351969
9352.9;959.7;2614564.35;1244586.34;7.631384;47.351968
9353.099999999999;959.7;2614564.2;1244586.34;7.631382;47.351968
9353.199999999999;959.7;2614564.12;1244586.34;7.631381;47.351968
9353.3;959.7;2614564.12;1244586.23;7.631381;47.351967
9353.3;959.7;2614564.05;1244586.23;7.63138;47.351967
9353.3;959.7;2614564.05;1244586.23;7.63138;47.351967
9353.5;959.7;2614564.05;1244586.12;7.63138;47.351966
9353.5;959.7;2614564.05;1244586.12;7.63138;47.351966
9353.5;959.5;2614563.97;1244586.12;7.631379;47.351966
9353.599999999999;959.5;2614563.9;1244586.12;7.631378;47.351966
9353.699999999999;959.5;2614563.97;1244586.23;7.631379;47.351967
9354.099999999999;959.7;2614564.2;1244586.46;7.631382;47.351969
9354.599999999999;959.7;2614564.57;1244586.9;7.631387;47.351973
9356.599999999999;958.3;2614566.16;1244588.02;7.631408;47.351983
9358.5;958.3;2614567.97;1244588.69;7.631432;47.351989
9361.3;959;2614570.76;1244588.81;7.631469;47.35199
9364.099999999999;959.3;2614573.56;1244588.7;7.631506;47.351989
9366.4;959.6;2614575.67;1244589.49;7.631534;47.351996
9367.4;958.3;2614576.58;1244590.04;7.631546;47.352001
9368.4;958.3;2614577.56;1244590.16;7.631559;47.352002
9369.099999999999;959.2;2614578.24;1244590.05;7.631568;47.352001
9371.199999999999;959.6;2614580.28;1244590.5;7.631595;47.352005
9372.3;959.6;2614581.34;1244590.94;7.631609;47.352009
9373.5;959.5;2614582.32;1244591.5;7.631622;47.352014
9374.599999999999;958.3;2614583.3;1244592.17;7.631635;47.35202
9376.8;958.2;2614585.03;1244593.51;7.631658;47.352032
9378.5;957;2614586.01;1244594.85;7.631671;47.352044
9379.3;957;2614586.84;1244594.74;7.631682;47.352043
9380.199999999999;957;2614587.75;1244594.85;7.631694;47.352044
9381.3;956.9;2614588.73;1244595.08;7.631707;47.352046
9382.3;956.9;2614589.71;1244595.3;7.63172;47.352048
9383.4;956.7;2614590.85;1244595.53;7.631735;47.35205
9384.5;956.7;2614591.9;1244595.53;7.631749;47.35205
9385.4;956.7;2614592.81;1244595.75;7.631761;47.352052
9386.4;955.5;2614593.64;1244596.31;7.631772;47.352057
9387.5;955.8;2614594.55;1244596.98;7.631784;47.352063
9388.5;955.8;2614595.22;1244597.65;7.631793;47.352069
9390.4;954.9;2614596.88;1244598.65;7.631815;47.352078
9391.9;954.9;2614598.09;1244599.44;7.631831;47.352085
9392.4;954.9;2614598.62;1244599.66;7.631838;47.352087
9392.8;954.9;2614599;1244599.77;7.631843;47.352088
9393.599999999999;954;2614599.45;1244600.33;7.631849;47.352093
9394.3;954;2614599.98;1244600.89;7.631856;47.352098
9396;953.9;2614601.56;1244601.56;7.631877;47.352104
9396.599999999999;953.9;2614602.17;1244601.56;7.631885;47.352104
9398.199999999999;952.7;2614603.37;1244602.56;7.631901;47.352113
9399;952.9;2614604.13;1244602.9;7.631911;47.352116
9400;952.9;2614604.96;1244603.34;7.631922;47.35212
9401.599999999999;953;2614606.47;1244603.9;7.631942;47.352125
9403.5;951.8;2614608.35;1244604.24;7.631967;47.352128
9405.4;952;2614610.24;1244604.13;7.631992;47.352127
9406.199999999999;952;2614611;1244604.25;7.632002;47.352128
9407.4;951.8;2614612.13;1244604.7;7.632017;47.352132
9409;951.8;2614613.72;1244605.03;7.632038;47.352135
9409.9;952;2614614.55;1244605.37;7.632049;47.352138
9410.9;952;2614615.53;1244605.48;7.632062;47.352139
9412.9;952.5;2614617.57;1244605.6;7.632089;47.35214
9413.9;950.4;2614618.48;1244606.05;7.632101;47.352144
9415.099999999999;950.4;2614619.38;1244606.71;7.632113;47.35215
9416.3;952.2;2614620.51;1244607.16;7.632128;47.352154
9417.3;952.2;2614621.42;1244607.5;7.63214;47.352157
9418.199999999999;953.5;2614622.32;1244607.61;7.632152;47.352158
9419.8;953.5;2614623.91;1244607.84;7.632173;47.35216
9422;958.6;2614626.18;1244607.95;7.632203;47.352161
9423;952.1;2614627.08;1244608.4;7.632215;47.352165
9424.099999999999;953.6;2614628.06;1244608.63;7.632228;47.352167
9425.199999999999;953.6;2614629.2;1244608.63;7.632243;47.352167
9426.3;956.7;2614630.26;1244608.74;7.632257;47.352168
9428.3;960.2;2614632.14;1244609.53;7.632282;47.352175
9430.699999999999;951.4;2614633.65;1244611.42;7.632302;47.352192
9432;948.4;2614634.63;1244612.2;7.632315;47.352199
9433.199999999999;948.4;2614635.69;1244612.87;7.632329;47.352205
9434.699999999999;950.6;2614636.59;1244613.98;7.632341;47.352215
9437.199999999999;945.6;2614637.72;1244616.32;7.632356;47.352236
9438.599999999999;945.6;2614638.7;1244617.21;7.632369;47.352244
9439.4;945.6;2614639.45;1244617.55;7.632379;47.352247
9440.599999999999;945;2614640.43;1244618.22;7.632392;47.352253
9443.099999999999;944.7;2614642.54;1244619.56;7.63242;47.352265
9444.199999999999;944.7;2614643.68;1244619.78;7.632435;47.352267
9445.3;944.8;2614644.74;1244619.67;7.632449;47.352266
9446.4;944.8;2614645.79;1244619.79;7.632463;47.352267
9447.4;943.6;2614646.62;1244620.46;7.632474;47.352273
9449.199999999999;943.6;2614647.83;1244621.79;7.63249;47.352285
9450.699999999999;944;2614649.19;1244621.24;7.632508;47.35228
9451.4;944;2614649.87;1244621.02;7.632517;47.352278
9451.8;944.2;2614650.25;1244621.13;7.632522;47.352279
9452.5;944.2;2614650.17;1244621.8;7.632521;47.352285
9453.4;943;2614649.34;1244622.13;7.63251;47.352288
9453.699999999999;943;2614649.04;1244622.24;7.632506;47.352289
9453.8;943;2614648.96;1244622.24;7.632505;47.352289
9453.9;943;2614649.04;1244622.24;7.632506;47.352289
9454.099999999999;943;2614648.81;1244622.35;7.632503;47.35229
9454.4;943;2614648.58;1244622.46;7.6325;47.352291
9454.5;943;2614648.43;1244622.46;7.632498;47.352291
9454.8;943;2614648.13;1244622.57;7.632494;47.352292
9454.9;943;2614648.05;1244622.57;7.632493;47.352292
9455;942.4;2614647.98;1244622.68;7.632492;47.352293
9455.199999999999;942.4;2614647.98;1244622.57;7.632492;47.352292
9455.3;943;2614648.05;1244622.46;7.632493;47.352291
9455.4;943;2614648.13;1244622.46;7.632494;47.352291
9455.699999999999;943;2614648.43;1244622.35;7.632498;47.35229
9456.199999999999;943;2614648.96;1244622.46;7.632505;47.352291
9456.9;943;2614649.49;1244622.8;7.632512;47.352294
9457;943;2614649.49;1244622.91;7.632512;47.352295
9457.099999999999;943;2614649.64;1244623.02;7.632514;47.352296
9457.5;943.1;2614650.02;1244623.13;7.632519;47.352297
9458.4;943.1;2614650.77;1244623.58;7.632529;47.352301
9459;943.1;2614651.3;1244623.8;7.632536;47.352303
9460.9;941.8;2614653.03;1244624.59;7.632559;47.35231
9462.8;942.2;2614654.92;1244625.04;7.632584;47.352314
9464;942.4;2614656.06;1244625.15;7.632599;47.352315
9465.8;942.4;2614657.87;1244625.6;7.632623;47.352319
9469.199999999999;942;2614661.04;1244626.72;7.632665;47.352329
9470.699999999999;942.3;2614662.32;1244627.39;7.632682;47.352335
9473.5;941.6;2614664.58;1244629.06;7.632712;47.35235
9475;940.6;2614665.56;1244630.18;7.632725;47.35236
9478.099999999999;941.3;2614668.28;1244631.74;7.632761;47.352374
9478.9;941.3;2614669.03;1244631.96;7.632771;47.352376
9480.8;940.5;2614670.69;1244632.97;7.632793;47.352385
9481.8;940.5;2614671.22;1244633.75;7.6328;47.352392
9482.8;939.3;2614671.98;1244634.53;7.63281;47.352399
9484.199999999999;939.6;2614672.96;1244635.42;7.632823;47.352407
9485.699999999999;939.1;2614674.31;1244636.2;7.632841;47.352414
9487.199999999999;939.1;2614675.67;1244636.76;7.632859;47.352419
9488.4;939.4;2614676.8;1244636.99;7.632874;47.352421
9489.5;939.4;2614677.71;1244637.66;7.632886;47.352427
9490.599999999999;937.7;2614677.78;1244638.77;7.632887;47.352437
9492.8;936.7;2614678.23;1244640.88;7.632893;47.352456
9494.3;936.7;2614679.59;1244641.66;7.632911;47.352463
9495.4;937.3;2614680.65;1244641.89;7.632925;47.352465
9498.199999999999;936.1;2614683.29;1244642.78;7.63296;47.352473
9499.5;936.5;2614684.42;1244643.34;7.632975;47.352478
9500.8;935;2614685.63;1244644.01;7.632991;47.352484
9502.199999999999;935.5;2614686.91;1244644.46;7.633008;47.352488
9503.4;936.1;2614688.04;1244644.69;7.633023;47.35249
9504.599999999999;936.1;2614689.18;1244645.13;7.633038;47.352494
9505.599999999999;936.4;2614690.16;1244645.36;7.633051;47.352496
9506.599999999999;936.4;2614691.22;1244645.47;7.633065;47.352497
9509.199999999999;936.9;2614693.78;1244645.37;7.633099;47.352496
9510.3;937.5;2614694.84;1244645.7;7.633113;47.352499
9511.4;936.4;2614695.82;1244646.15;7.633126;47.352503
9512.699999999999;936.7;2614697.03;1244646.6;7.633142;47.352507
9514.9;937.6;2614699.07;1244647.38;7.633169;47.352514
9516.199999999999;938.2;2614700.35;1244647.83;7.633186;47.352518
9518.8;937.3;2614702.77;1244648.72;7.633218;47.352526
9519.9;937.3;2614703.82;1244649.06;7.633232;47.352529
9521.3;937.8;2614705.18;1244649.51;7.63325;47.352533
9522.5;938.6;2614706.32;1244649.62;7.633265;47.352534
9523.599999999999;938.6;2614707.45;1244649.85;7.63328;47.352536
9524.8;938;2614708.51;1244650.41;7.633294;47.352541
9527.199999999999;939.1;2614710.77;1244651.08;7.633324;47.352547
9528.5;939.7;2614712.05;1244651.3;7.633341;47.352549
9531;939.3;2614714.39;1244652.31;7.633372;47.352558
9533.5;939.6;2614716.73;1244652.98;7.633403;47.352564
9534.8;939.6;2614717.94;1244653.43;7.633419;47.352568
9536;940.1;2614719.15;1244653.77;7.633435;47.352571
9537.199999999999;939.8;2614720.28;1244654.1;7.63345;47.352574
9539.599999999999;940.4;2614722.62;1244654.67;7.633481;47.352579
9540.5;940.4;2614723.53;1244654.89;7.633493;47.352581
9542.699999999999;941;2614725.72;1244654.9;7.633522;47.352581
9543.699999999999;941.7;2614726.7;1244655.01;7.633535;47.352582
9545.8;942.3;2614728.67;1244655.68;7.633561;47.352588
9547.8;942.3;2614730.63;1244656.24;7.633587;47.352593
9549.699999999999;942.5;2614732.37;1244657.02;7.63361;47.3526
9550.8;942.5;2614733.35;1244657.25;7.633623;47.352602
9551.699999999999;942.7;2614734.25;1244657.59;7.633635;47.352605
9552.9;941.2;2614735.31;1244658.03;7.633649;47.352609
9554.3;941.9;2614736.67;1244658.59;7.633667;47.352614
9555.199999999999;941.9;2614737.5;1244658.71;7.633678;47.352615
9556.9;942.4;2614739.16;1244658.93;7.6337;47.352617
9558.9;942.9;2614740.97;1244659.94;7.633724;47.352626
9560.099999999999;942;2614742.1;1244660.38;7.633739;47.35263
9562.599999999999;942.4;2614744.37;1244661.39;7.633769;47.352639
9563.8;942.4;2614745.42;1244661.95;7.633783;47.352644
9565.199999999999;941.8;2614746.63;1244662.62;7.633799;47.35265
9566.5;941.8;2614747.76;1244663.18;7.633814;47.352655
9567.599999999999;942.5;2614748.74;1244663.85;7.633827;47.352661
9568.8;941.4;2614749.65;1244664.52;7.633839;47.352667
9569.9;942;2614750.55;1244665.19;7.633851;47.352673
9571.199999999999;942;2614751.69;1244665.86;7.633866;47.352679
9572.099999999999;941.4;2614752.44;1244666.3;7.633876;47.352683
9574.4;942.2;2614754.55;1244667.31;7.633904;47.352692
9576.5;943;2614756.59;1244667.76;7.633931;47.352696
9577.699999999999;943;2614757.73;1244667.98;7.633946;47.352698
9578.9;942.3;2614758.93;1244668.21;7.633962;47.3527
9579.8;942.3;2614759.84;1244668.1;7.633974;47.352699
9580.9;943.2;2614760.9;1244668.1;7.633988;47.352699
9581.9;943.2;2614761.8;1244668.55;7.634;47.352703
9582.9;944;2614762.56;1244669.22;7.63401;47.352709
9584.199999999999;942.6;2614763.46;1244670.22;7.634022;47.352718
9585.699999999999;943.4;2614764.21;1244671.45;7.634032;47.352729
9588.3;942.8;2614766.1;1244673.23;7.634057;47.352745
9589.699999999999;941.1;2614767.23;1244674.12;7.634072;47.352753
9592.099999999999;941.7;2614769.27;1244675.35;7.634099;47.352764
9594.199999999999;941.3;2614771.08;1244676.47;7.634123;47.352774
9595.8;941.8;2614772.59;1244677.03;7.634143;47.352779
9596.8;941.8;2614773.49;1244677.25;7.634155;47.352781
9599.199999999999;940.7;2614775.76;1244678.03;7.634185;47.352788
9600.199999999999;941.4;2614776.82;1244678.26;7.634199;47.35279
9601.699999999999;942.1;2614778.1;1244679.04;7.634216;47.352797
9603.5;940.8;2614779.53;1244680.04;7.634235;47.352806
9604.5;941.4;2614780.51;1244680.16;7.634248;47.352807
9605.599999999999;941.4;2614781.57;1244680.49;7.634262;47.35281
9606.8;941.9;2614782.63;1244681.16;7.634276;47.352816
9608.099999999999;941.9;2614783.91;1244681.17;7.634293;47.352816
9610.3;941.2;2614785.95;1244682.06;7.63432;47.352824
9611.3;942;2614786.7;1244682.62;7.63433;47.352829
9612.8;942;2614787.76;1244683.73;7.634344;47.352839
9613.599999999999;941.2;2614788.29;1244684.29;7.634351;47.352844
9614.699999999999;941.2;2614789.11;1244684.96;7.634362;47.35285
9615.9;941.6;2614790.02;1244685.85;7.634374;47.352858
9618.699999999999;941;2614792.13;1244687.64;7.634402;47.352874
9619.699999999999;940.2;2614793.04;1244688.08;7.634414;47.352878
9620.9;940.6;2614794.09;1244688.75;7.634428;47.352884
9622.199999999999;940.6;2614795.3;1244689.09;7.634444;47.352887
9623.4;941.2;2614796.51;1244689.32;7.63446;47.352889
9626.099999999999;941;2614799.08;1244690.1;7.634494;47.352896
9628.699999999999;941.3;2614801.26;1244691.44;7.634523;47.352908
9631.4;941.1;2614803.68;1244692.78;7.634555;47.35292
9632.8;941.7;2614804.66;1244693.67;7.634568;47.352928
9635.699999999999;941.3;2614806.84;1244695.57;7.634597;47.352945
9637;941.9;2614808.13;1244695.79;7.634614;47.352947
9638.3;941.2;2614809.34;1244696.24;7.63463;47.352951
9639.599999999999;941.6;2614810.54;1244696.91;7.634646;47.352957
9642.199999999999;941.3;2614812.65;1244698.36;7.634674;47.35297
9644.5;941.5;2614814.39;1244699.81;7.634697;47.352983
9645.4;940.8;2614815.22;1244700.15;7.634708;47.352986
9646.4;941.1;2614816.12;1244700.59;7.63472;47.35299
9647.3;941.1;2614817.03;1244700.93;7.634732;47.352993
9648.5;941.6;2614818.16;1244701.27;7.634747;47.352996
9649.5;941.6;2614819.14;1244701.49;7.63476;47.352998
9652;941.4;2614821.49;1244702.27;7.634791;47.353005
9653.3;941.9;2614822.77;1244702.72;7.634808;47.353009
9655.8;942.3;2614824.96;1244703.73;7.634837;47.353018
9658.099999999999;942.4;2614826.92;1244705.07;7.634863;47.35303
9660.5;942.3;2614828.96;1244706.3;7.63489;47.353041
9661.5;942.3;2614829.94;1244706.41;7.634903;47.353042
9663.5;942.9;2614831.9;1244706.64;7.634929;47.353044
9664.199999999999;943.4;2614832.43;1244707.19;7.634936;47.353049
9665.199999999999;943.4;2614833.03;1244707.97;7.634944;47.353056
9666.3;943;2614833.63;1244708.86;7.634952;47.353064
9667.099999999999;943.5;2614834.08;1244709.53;7.634958;47.35307
9668;942.8;2614834.16;1244710.42;7.634959;47.353078
9669.5;942.8;2614834;1244711.87;7.634957;47.353091
9670.099999999999;941.3;2614833.7;1244712.42;7.634953;47.353096
9670.3;941.3;2614833.47;1244712.53;7.63495;47.353097
9670.5;941.3;2614833.4;1244712.64;7.634949;47.353098
9670.8;941.3;2614833.32;1244712.98;7.634948;47.353101
9671.199999999999;941.3;2614833.09;1244713.31;7.634945;47.353104
9671.4;941.3;2614833.02;1244713.42;7.634944;47.353105
9671.5;941.3;2614832.94;1244713.53;7.634943;47.353106
9671.599999999999;941.3;2614832.94;1244713.64;7.634943;47.353107
9671.699999999999;941.3;2614832.87;1244713.75;7.634942;47.353108
9672.099999999999;940.4;2614832.71;1244714.09;7.63494;47.353111
9672.4;940.4;2614832.56;1244714.31;7.634938;47.353113
9673.599999999999;940.4;2614832.11;1244715.42;7.634932;47.353123
9674.699999999999;938.8;2614831.65;1244716.42;7.634926;47.353132
9676.599999999999;938.1;2614830.89;1244718.2;7.634916;47.353148
9678.099999999999;938.1;2614830.36;1244719.64;7.634909;47.353161
9680;936.2;2614829.75;1244721.42;7.634901;47.353177
9681.699999999999;935.2;2614828.99;1244722.97;7.634891;47.353191
9683.5;934.5;2614828.53;1244724.64;7.634885;47.353206
9684.5;934.5;2614828.38;1244725.64;7.634883;47.353215
9685.599999999999;933.8;2614828.15;1244726.75;7.63488;47.353225
9686.3;933;2614828;1244727.42;7.634878;47.353231
9687.099999999999;931.8;2614827.92;1244728.2;7.634877;47.353238
9688.3;932.5;2614828.6;1244729.2;7.634886;47.353247
9688.699999999999;932.5;2614828.97;1244729.09;7.634891;47.353246
9689.199999999999;932.5;2614829.35;1244728.75;7.634896;47.353243
9689.5;932.5;2614829.65;1244728.64;7.6349;47.353242
9690;933.7;2614830.03;1244728.42;7.634905;47.35324
9690.099999999999;933.7;2614830.11;1244728.53;7.634906;47.353241
9690.3;933.7;2614830.26;1244728.65;7.634908;47.353242
9690.4;933.7;2614830.33;1244728.65;7.634909;47.353242
9690.5;933.7;2614830.49;1244728.65;7.634911;47.353242
9690.599999999999;933.7;2614830.56;1244728.54;7.634912;47.353241
9690.8;933.7;2614830.64;1244728.65;7.634913;47.353242
9690.8;933.7;2614830.64;1244728.65;7.634913;47.353242
9690.8;933.7;2614830.64;1244728.65;7.634913;47.353242
9690.9;933.7;2614830.64;1244728.54;7.634913;47.353241
9691;933.7;2614830.71;1244728.54;7.634914;47.353241
9691.099999999999;933.7;2614830.86;1244728.65;7.634916;47.353242
9691.5;933.7;2614831.17;1244728.87;7.63492;47.353244
9691.9;933.7;2614831.24;1244729.2;7.634921;47.353247
9693.3;932.7;2614831.61;1244730.54;7.634926;47.353259
9693.8;932.7;2614831.61;1244731.1;7.634926;47.353264
9694.699999999999;932.7;2614831.84;1244731.99;7.634929;47.353272
9695.9;933.1;2614832.06;1244733.1;7.634932;47.353282
9697.5;932.9;2614832.06;1244734.77;7.634932;47.353297
9698.599999999999;932.9;2614832.21;1244735.88;7.634934;47.353307
9700;932.1;2614832.43;1244737.21;7.634937;47.353319
9703.699999999999;931.6;2614834.16;1244740.44;7.63496;47.353348
9705.199999999999;931.6;2614835.14;1244741.67;7.634973;47.353359
9708.099999999999;931.9;2614837.55;1244743.12;7.635005;47.353372
9710.3;933.3;2614839.14;1244741.57;7.635026;47.353358
9711.8;934;2614840.2;1244740.46;7.63504;47.353348
9713;934;2614841.41;1244740.46;7.635056;47.353348
9715.3;934.7;2614843.37;1244741.69;7.635082;47.353359
9716.5;935;2614844.35;1244742.36;7.635095;47.353365
9717.599999999999;935;2614845.26;1244743.03;7.635107;47.353371
9718.9;935.2;2614846.24;1244743.81;7.63512;47.353378
9721.3;935.4;2614848.2;1244745.15;7.635146;47.35339
9722.8;935.4;2614849.48;1244745.93;7.635163;47.353397
9723.699999999999;935.7;2614850.24;1244746.37;7.635173;47.353401
9724.9;935.7;2614851.29;1244747.04;7.635187;47.353407
9727.5;935.6;2614853.56;1244748.38;7.635217;47.353419
9728.699999999999;936.2;2614854.61;1244748.83;7.635231;47.353423
9729.9;936.2;2614855.75;1244749.39;7.635246;47.353428
9731.099999999999;936.4;2614856.8;1244749.95;7.63526;47.353433
9732.3;936.5;2614857.86;1244750.4;7.635274;47.353437
9733.5;936.7;2614858.91;1244751.06;7.635288;47.353443
9734.8;936.7;2614859.97;1244751.73;7.635302;47.353449
9735.9;937;2614860.95;1244752.18;7.635315;47.353453
9737;937.2;2614862.01;1244752.63;7.635329;47.353457
9738.199999999999;937.2;2614863.07;1244753.08;7.635343;47.353461
9739.4;937.4;2614864.2;1244753.52;7.635358;47.353465
9740.8;937.4;2614865.48;1244754.08;7.635375;47.35347
9741.8;937.6;2614866.39;1244754.53;7.635387;47.353474
9742.8;937.6;2614867.29;1244755.09;7.635399;47.353479
9744;937.8;2614868.27;1244755.65;7.635412;47.353484
9745.199999999999;937.8;2614869.33;1244756.21;7.635426;47.353489
9747.5;938;2614871.52;1244756.88;7.635455;47.353495
9749;938.2;2614872.95;1244757.33;7.635474;47.353499
9749.8;938.2;2614873.78;1244757.55;7.635485;47.353501
9750.9;938.4;2614874.76;1244758;7.635498;47.353505
9752;938.4;2614875.74;1244758.56;7.635511;47.35351
9753.099999999999;938.6;2614876.8;1244758.89;7.635525;47.353513
9755.699999999999;938.8;2614878.99;1244760.12;7.635554;47.353524
9757.3;939;2614880.42;1244761.01;7.635573;47.353532
9758.199999999999;939;2614881.1;1244761.46;7.635582;47.353536
9759.4;939.4;2614882.23;1244761.91;7.635597;47.35354
9760.5;939.3;2614883.29;1244762.35;7.635611;47.353544
9761.699999999999;939.5;2614884.35;1244762.91;7.635625;47.353549
9764.199999999999;939.7;2614886.54;1244764.14;7.635654;47.35356
9766.8;939.9;2614888.8;1244765.37;7.635684;47.353571
9768.099999999999;939.9;2614889.78;1244766.26;7.635697;47.353579
9770.9;940;2614891.97;1244768.05;7.635726;47.353595
9772.4;940.2;2614893.1;1244768.94;7.635741;47.353603
9775.199999999999;940.3;2614895.36;1244770.61;7.635771;47.353618
9776.8;940.5;2614896.64;1244771.51;7.635788;47.353626
9778;940.5;2614897.77;1244771.95;7.635803;47.35363
9780.5;940.8;2614899.89;1244773.4;7.635831;47.353643
9781.9;940.9;2614900.94;1244774.18;7.635845;47.35365
9784.199999999999;941;2614902.9;1244775.41;7.635871;47.353661
9785.8;941.2;2614904.34;1244776.08;7.63589;47.353667
9786.599999999999;941.2;2614905.09;1244776.53;7.6359;47.353671
9787.8;941.4;2614906.15;1244777.09;7.635914;47.353676
9788.9;941.4;2614907.05;1244777.65;7.635926;47.353681
9791.3;941.5;2614909.09;1244778.99;7.635953;47.353693
9792.5;941.9;2614910.07;1244779.54;7.635966;47.353698
9794;941.6;2614911.43;1244780.33;7.635984;47.353705
9795.099999999999;941.7;2614912.33;1244780.99;7.635996;47.353711
9797.5;941.8;2614914.29;1244782.33;7.636022;47.353723
9798.8;941.8;2614915.27;1244783.11;7.636035;47.35373
9800.199999999999;941.9;2614916.25;1244784.12;7.636048;47.353739
9801.5;941.9;2614917.23;1244785.01;7.636061;47.353747
9804.099999999999;942;2614919.35;1244786.57;7.636089;47.353761
9805.199999999999;942.2;2614920.18;1244787.24;7.6361;47.353767
9807.5;942.1;2614921.91;1244788.69;7.636123;47.35378
9809.5;942.2;2614923.57;1244789.81;7.636145;47.35379
9812;942.4;2614925.53;1244791.37;7.636171;47.353804
9812.599999999999;943;2614926.21;1244791.37;7.63618;47.353804
9813.5;943;2614926.89;1244790.93;7.636189;47.3538
9814.3;943;2614927.57;1244791.48;7.636198;47.353805
9815.8;942.7;2614928.47;1244792.6;7.63621;47.353815
9817.4;942.7;2614929.6;1244793.71;7.636225;47.353825
9818.8;942.9;2614930.28;1244794.94;7.636234;47.353836
9820.199999999999;942.7;2614931.18;1244796.05;7.636246;47.353846
9821.599999999999;942.9;2614932.24;1244796.94;7.63626;47.353854
9823.9;943;2614934.13;1244798.28;7.636285;47.353866
9825.199999999999;943;2614935.03;1244799.17;7.636297;47.353874
9826.9;943.3;2614936.08;1244800.51;7.636311;47.353886
9827.699999999999;943.3;2614936.69;1244801.07;7.636319;47.353891
9830.099999999999;943.4;2614938.34;1244802.85;7.636341;47.353907
9831.3;943.4;2614939.02;1244803.85;7.63635;47.353916
9832.4;943.4;2614939.7;1244804.75;7.636359;47.353924
9833.4;943.5;2614940.3;1244805.53;7.636367;47.353931
9834.5;943.5;2614940.98;1244806.42;7.636376;47.353939
9835.699999999999;943.5;2614941.73;1244807.31;7.636386;47.353947
9836.9;944;2614942.71;1244807.98;7.636399;47.353953
9838.199999999999;943.7;2614943.69;1244808.76;7.636412;47.35396
9839.5;944.2;2614944.83;1244809.43;7.636427;47.353966
9840.699999999999;943.9;2614945.81;1244810.21;7.63644;47.353973
9841.9;944.3;2614946.64;1244810.99;7.636451;47.35398
9844.099999999999;944;2614946.33;1244813.21;7.636447;47.354
9845.3;943.7;2614945.8;1244814.32;7.63644;47.35401
9846.4;944;2614946.4;1244815.21;7.636448;47.354018
9847.599999999999;943.8;2614947.08;1244816.22;7.636457;47.354027
9848.9;943.8;2614947.3;1244817.44;7.63646;47.354038
9851.099999999999;944.1;2614949.19;1244818.56;7.636485;47.354048
9852;944.1;2614949.94;1244819.11;7.636495;47.354053
9853.199999999999;944.5;2614950.69;1244820.12;7.636505;47.354062
9854.599999999999;944.5;2614951.52;1244821.23;7.636516;47.354072
9856.099999999999;944.7;2614952.88;1244821.9;7.636534;47.354078
9857.5;944.9;2614954.09;1244822.46;7.63655;47.354083
9858.699999999999;944.9;2614955.07;1244823.13;7.636563;47.354089
9860.199999999999;945.1;2614956.35;1244823.91;7.63658;47.354096
9861.5;945.1;2614957.41;1244824.69;7.636594;47.354103
9862.4;945.2;2614958.24;1244825.03;7.636605;47.354106
9863.599999999999;945.2;2614959.37;1244825.47;7.63662;47.35411
9863.699999999999;945.2;2614959.29;1244825.47;7.636619;47.35411
9863.8;945.2;2614959.22;1244825.36;7.636618;47.354109
9864;945.2;2614959.07;1244825.25;7.636616;47.354108
9864.099999999999;945.2;2614958.99;1244825.25;7.636615;47.354108
9864.099999999999;945.2;2614958.91;1244825.25;7.636614;47.354108
9864.199999999999;945.2;2614958.84;1244825.25;7.636613;47.354108
9864.199999999999;945.2;2614958.84;1244825.25;7.636613;47.354108
9864.3;945.2;2614958.76;1244825.25;7.636612;47.354108
9864.4;945.2;2614958.84;1244825.25;7.636613;47.354108
9864.4;945.2;2614958.76;1244825.25;7.636612;47.354108
9864.599999999999;945.2;2614958.91;1244825.25;7.636614;47.354108
9864.8;945.2;2614959.07;1244825.36;7.636616;47.354109
9865.9;945.3;2614959.52;1244826.36;7.636622;47.354118
9869.099999999999;945.5;2614961.17;1244829.15;7.636644;47.354143
9870.5;945.4;2614961.92;1244830.26;7.636654;47.354153
9871.9;945.7;2614962.68;1244831.49;7.636664;47.354164
9874.5;945.9;2614964.56;1244833.27;7.636689;47.35418
9877.099999999999;946.2;2614966.75;1244834.72;7.636718;47.354193
9878.699999999999;946.2;2614967.8;1244835.84;7.636732;47.354203
9879.699999999999;946.5;2614968.56;1244836.5;7.636742;47.354209
9882;946.8;2614970.29;1244838.07;7.636765;47.354223
9883.3;946.8;2614971.27;1244838.85;7.636778;47.35423
9884.5;947.1;2614972.1;1244839.74;7.636789;47.354238
9887.199999999999;947.4;2614974.29;1244841.41;7.636818;47.354253
9889.3;947.6;2614976.33;1244841.97;7.636845;47.354258
9890.4;947.8;2614977.31;1244842.42;7.636858;47.354262
9891.4;948;2614978.14;1244842.98;7.636869;47.354267
9892.5;948;2614979.04;1244843.54;7.636881;47.354272
9893.4;948.1;2614979.72;1244844.2;7.63689;47.354278
9895.099999999999;948.4;2614980.93;1244845.32;7.636906;47.354288
9895.8;948.4;2614981.45;1244845.88;7.636913;47.354293
9897;948.8;2614982.36;1244846.66;7.636925;47.3543
9898.199999999999;948.8;2614983.26;1244847.33;7.636937;47.354306
9899.4;949.1;2614984.24;1244848.11;7.63695;47.354313
9901.8;949.4;2614986.13;1244849.56;7.636975;47.354326
9903.4;949.5;2614987.41;1244850.56;7.636992;47.354335
9905.199999999999;949.8;2614989.07;1244851.23;7.637014;47.354341
9906.3;949.8;2614989.9;1244851.9;7.637025;47.354347
9907.5;950.2;2614990.88;1244852.57;7.637038;47.354353
9908.699999999999;950.2;2614991.79;1244853.35;7.63705;47.35436
9909.9;950.5;2614992.69;1244854.24;7.637062;47.354368
9911.099999999999;950.5;2614993.6;1244855.02;7.637074;47.354375
9912.3;950.7;2614994.42;1244855.92;7.637085;47.354383
9913.599999999999;950.8;2614995.25;1244856.81;7.637096;47.354391
9914.8;951.1;2614996.16;1244857.59;7.637108;47.354398
9917.099999999999;951.1;2614997.82;1244859.26;7.63713;47.354413
9918.3;951.5;2614998.57;1244860.15;7.63714;47.354421
9919.5;951.5;2614999.47;1244860.93;7.637152;47.354428
9920.9;951.7;2615000.53;1244861.82;7.637166;47.354436
9921.9;951.8;2615001.28;1244862.49;7.637176;47.354442
9924;952;2615002.87;1244863.94;7.637197;47.354455
9925.099999999999;952;2615003.69;1244864.72;7.637208;47.354462
9926.3;952.4;2615004.6;1244865.5;7.63722;47.354469
9927.599999999999;952.4;2615005.5;1244866.39;7.637232;47.354477
9929.099999999999;952.7;2615006.56;1244867.4;7.637246;47.354486
9930.099999999999;952.7;2615007.24;1244868.18;7.637255;47.354493
9931.199999999999;953;2615008.07;1244868.96;7.637266;47.3545
9933.199999999999;953;2615009.73;1244870.07;7.637288;47.35451
9934.4;953.3;2615010.78;1244870.63;7.637302;47.354515
9935.3;953.3;2615011.69;1244870.75;7.637314;47.354516
9936.699999999999;953.6;2615012.82;1244869.97;7.637329;47.354509
9937.3;953.5;2615013.43;1244870.08;7.637337;47.35451
9938.3;953.9;2615014.26;1244870.53;7.637348;47.354514
9939.5;953.9;2615015.09;1244871.42;7.637359;47.354522
9940.699999999999;953.9;2615015.92;1244872.31;7.63737;47.35453
9941.8;954.2;2615016.67;1244873.09;7.63738;47.354537
9943;954.2;2615017.42;1244873.98;7.63739;47.354545
9944.099999999999;954.5;2615018.25;1244874.76;7.637401;47.354552
9944.599999999999;954.5;2615018.7;1244874.99;7.637407;47.354554
9945.4;954.5;2615019.23;1244875.55;7.637414;47.354559
9946.8;954.7;2615020.21;1244876.55;7.637427;47.354568
9947.4;954.7;2615020.66;1244876.99;7.637433;47.354572
9948.3;954.7;2615021.27;1244877.66;7.637441;47.354578
9949.3;954.7;2615021.94;1244878.33;7.63745;47.354584
9950.3;954.8;2615022.7;1244879;7.63746;47.35459
9951.199999999999;954.8;2615023.45;1244879.56;7.63747;47.354595
9952.3;955;2615024.28;1244880.23;7.637481;47.354601
9954.3;955;2615025.64;1244881.79;7.637499;47.354615
9956.8;955.2;2615027.14;1244883.68;7.637519;47.354632
9958;955.2;2615027.9;1244884.68;7.637529;47.354641
9958.9;955.3;2615028.5;1244885.35;7.637537;47.354647
9960;955.3;2615029.18;1244886.13;7.637546;47.354654
9961;955.5;2615030.08;1244886.69;7.637558;47.354659
9962;955.5;2615030.84;1244887.36;7.637568;47.354665
9963;955.5;2615031.59;1244888.03;7.637578;47.354671
9964.099999999999;955.6;2615032.27;1244888.92;7.637587;47.354679
9965.5;955.6;2615033.17;1244889.92;7.637599;47.354688
9967.4;955.9;2615034.68;1244891.15;7.637619;47.354699
9969.9;956.1;2615036.49;1244892.82;7.637643;47.354714
9971.199999999999;956.1;2615037.62;1244893.38;7.637658;47.354719
9972.4;956.2;2615038.53;1244894.27;7.63767;47.354727
9973.3;956.2;2615038.98;1244895.05;7.637676;47.354734
9974.199999999999;956.2;2615039.66;1244895.5;7.637685;47.354738
9974.599999999999;956.2;2615039.88;1244895.83;7.637688;47.354741
9974.699999999999;956.2;2615039.73;1244895.83;7.637686;47.354741
9974.9;956.2;2615039.81;1244895.61;7.637687;47.354739
9975.3;956.2;2615039.81;1244895.28;7.637687;47.354736
9975.4;956.2;2615039.88;1244895.17;7.637688;47.354735
9975.4;956.2;2615039.88;1244895.17;7.637688;47.354735
9975.4;956.2;2615039.88;1244895.17;7.637688;47.354735
9975.599999999999;956.2;2615039.96;1244894.94;7.637689;47.354733
9975.8;956.2;2615039.96;1244894.83;7.637689;47.354732
9975.8;956.3;2615040.04;1244894.83;7.63769;47.354732
9975.9;956.3;2615040.11;1244894.83;7.637691;47.354732
9976;956.3;2615040.11;1244894.72;7.637691;47.354731
9976.199999999999;956.3;2615040.04;1244894.61;7.63769;47.35473
9976.3;956.3;2615040.11;1244894.5;7.637691;47.354729
9976.4;956.3;2615040.04;1244894.5;7.63769;47.354729
9976.5;956.2;2615039.96;1244894.61;7.637689;47.35473
9976.5;956.2;2615039.96;1244894.61;7.637689;47.35473
9976.5;956.2;2615039.96;1244894.61;7.637689;47.35473
9976.8;956.3;2615040.04;1244894.94;7.63769;47.354733
9977.5;956.3;2615040.26;1244895.61;7.637693;47.354739
9978.599999999999;956.3;2615040.71;1244896.61;7.637699;47.354748
9979.699999999999;956.3;2615041.24;1244897.5;7.637706;47.354756
9981.199999999999;956.3;2615042.22;1244898.62;7.637719;47.354766
9982.599999999999;956.3;2615043.12;1244899.73;7.637731;47.354776
9985.3;956.4;2615043.57;1244902.4;7.637737;47.3548
9986.5;956.4;2615043.79;1244903.63;7.63774;47.354811
9988.3;956.3;2615044.54;1244905.18;7.63775;47.354825
9989.599999999999;956.3;2615045.3;1244906.3;7.63776;47.354835
9991;956.3;2615045.97;1244907.52;7.637769;47.354846
9992.699999999999;956.3;2615046.95;1244908.86;7.637782;47.354858
9994.099999999999;956.2;2615048.08;1244909.75;7.637797;47.354866
9996.8;956.2;2615050.04;1244911.65;7.637823;47.354883
9998.5;956.1;2615051.17;1244912.87;7.637838;47.354894
9999.4;956.1;2615051.93;1244913.43;7.637848;47.354899
10002;956.1;2615053.36;1244915.55;7.637867;47.354918
10003.3;956.1;2615053.88;1244916.77;7.637874;47.354929
10004.599999999999;956.1;2615054.26;1244917.99;7.637879;47.35494
10005.8;956;2615054.63;1244919.11;7.637884;47.35495
10007.599999999999;956.2;2615054.78;1244920.89;7.637886;47.354966
10009.699999999999;956.3;2615054.85;1244923;7.637887;47.354985
10010.9;956.4;2615054.92;1244924.22;7.637888;47.354996
10012.099999999999;956.4;2615054.92;1244925.44;7.637888;47.355007
10013.4;956.5;2615054.99;1244926.67;7.637889;47.355018
10014.699999999999;956.7;2615054.91;1244928;7.637888;47.35503
10015.9;956.7;2615054.76;1244929.22;7.637886;47.355041
10017.3;956.9;2615054.83;1244930.56;7.637887;47.355053
10019.699999999999;957.1;2615054.97;1244933.01;7.637889;47.355075
10020.699999999999;957.4;2615054.82;1244934.01;7.637887;47.355084
10021.9;957.4;2615054.97;1244935.12;7.637889;47.355094
10024.199999999999;957.7;2615055.57;1244937.34;7.637897;47.355114
10025.599999999999;957.9;2615055.87;1244938.79;7.637901;47.355127
10026.599999999999;957.9;2615055.94;1244939.79;7.637902;47.355136
10027.8;957.8;2615056.09;1244940.9;7.637904;47.355146
10029;958;2615056.24;1244942.13;7.637906;47.355157
10031.5;958.2;2615056.53;1244944.57;7.63791;47.355179
10032.699999999999;958.2;2615056.98;1244945.69;7.637916;47.355189
10034.099999999999;958.4;2615057.51;1244947.02;7.637923;47.355201
10035.3;958.6;2615057.88;1244948.13;7.637928;47.355211
10036.199999999999;958.3;2615058.18;1244949.02;7.637932;47.355219
10037.099999999999;958.3;2615058.71;1244949.8;7.637939;47.355226
10038.099999999999;958.5;2615059.09;1244950.69;7.637944;47.355234
10039.699999999999;958.7;2615058.25;1244952.03;7.637933;47.355246
10040.9;958.8;2615057.04;1244951.8;7.637917;47.355244
10043.199999999999;958.7;2615058.17;1244953.8;7.637932;47.355262
10045.199999999999;959.1;2615059.3;1244955.48;7.637947;47.355277
10047;959.1;2615060.51;1244956.81;7.637963;47.355289
10048.5;959.1;2615061.48;1244957.93;7.637976;47.355299
10050;959.2;2615062.31;1244959.15;7.637987;47.35531
10051.5;959.5;2615062.99;1244960.49;7.637996;47.355322
10052.9;959.5;2615063.67;1244961.71;7.638005;47.355333
10054.099999999999;959.4;2615064.27;1244962.71;7.638013;47.355342
10055.4;959.4;2615064.79;1244963.94;7.63802;47.355353
10058.099999999999;960.5;2615066;1244966.39;7.638036;47.355375
10059.5;960;2615066.52;1244967.61;7.638043;47.355386
10060.8;960.5;2615067.05;1244968.84;7.63805;47.355397
10063.4;960.5;2615068.02;1244971.28;7.638063;47.355419
10064.599999999999;961.2;2615068.55;1244972.29;7.63807;47.355428
10065.8;961.2;2615069;1244973.4;7.638076;47.355438
10066.8;962;2615069.3;1244974.4;7.63808;47.355447
10067.9;962;2615069.68;1244975.4;7.638085;47.355456
10068.9;961.8;2615070.05;1244976.4;7.63809;47.355465
10070.3;961.8;2615070.12;1244977.74;7.638091;47.355477
10070.9;962.2;2615070.05;1244978.41;7.63809;47.355483
10072.699999999999;963.2;2615069.81;1244980.18;7.638087;47.355499
10073.599999999999;963.2;2615069.89;1244981.07;7.638088;47.355507
10076;963.2;2615070.56;1244983.3;7.638097;47.355527
10077.599999999999;963.5;2615071.01;1244984.86;7.638103;47.355541
10079.4;963.8;2615071.84;1244986.53;7.638114;47.355556
10080.599999999999;963.3;2615072.36;1244987.53;7.638121;47.355565
10081.8;963.6;2615072.82;1244988.64;7.638127;47.355575
10083.8;964;2615073.41;1244990.53;7.638135;47.355592
10084.8;964;2615073.34;1244991.53;7.638134;47.355601
10085.699999999999;964;2615072.96;1244992.42;7.638129;47.355609
10086.8;964;2615072.43;1244993.31;7.638122;47.355617
10087.9;964;2615072.05;1244994.42;7.638117;47.355627
10089.099999999999;964.3;2615071.74;1244995.53;7.638113;47.355637
10090.3;964.2;2615071.36;1244996.64;7.638108;47.355647
10091.5;964.2;2615071.05;1244997.87;7.638104;47.355658
10094.3;963.9;2615070.22;1245000.53;7.638093;47.355682
10095.5;964.1;2615069.99;1245001.64;7.63809;47.355692
10096.8;964;2615069.91;1245002.98;7.638089;47.355704
10098.099999999999;963.8;2615069.83;1245004.31;7.638088;47.355716
10099.5;963.8;2615069.6;1245005.64;7.638085;47.355728
10100.699999999999;963.7;2615069.29;1245006.87;7.638081;47.355739
10102.099999999999;963.6;2615068.99;1245008.2;7.638077;47.355751
10105;963.5;2615068.3;1245010.98;7.638068;47.355776
10106.4;963.5;2615068;1245012.42;7.638064;47.355789
10107.699999999999;963.4;2615068.07;1245013.65;7.638065;47.3558
10108.9;963.3;2615068.06;1245014.87;7.638065;47.355811
10110.099999999999;963.5;2615067.91;1245016.09;7.638063;47.355822
10113.3;963.6;2615067.45;1245019.2;7.638057;47.35585
10113.9;963.6;2615067.45;1245019.87;7.638057;47.355856
10115.199999999999;963.7;2615067.52;1245021.09;7.638058;47.355867
10116.5;963.8;2615067.59;1245022.43;7.638059;47.355879
10118.9;963.9;2615067.66;1245024.87;7.63806;47.355901
10120.4;963.9;2615067.51;1245026.32;7.638058;47.355914
10123.199999999999;963.9;2615066.97;1245029.1;7.638051;47.355939
10124.599999999999;963.9;2615066.82;1245030.43;7.638049;47.355951
10126;963.9;2615066.66;1245031.88;7.638047;47.355964
10128.699999999999;964;2615066.28;1245034.54;7.638042;47.355988
10130;964;2615066.05;1245035.77;7.638039;47.355999
10131.3;964.5;2615065.89;1245037.1;7.638037;47.356011
10132.8;964.7;2615065.96;1245038.54;7.638038;47.356024
10134;964.4;2615066.19;1245039.77;7.638041;47.356035
10135.199999999999;964.6;2615066.34;1245040.99;7.638043;47.356046
10136.5;965;2615066.48;1245042.21;7.638045;47.356057
10137.599999999999;965;2615066.56;1245043.33;7.638046;47.356067
10138.9;965.3;2615066.63;1245044.66;7.638047;47.356079
10140.099999999999;965.3;2615066.63;1245045.88;7.638047;47.35609
10142.699999999999;965.7;2615066.17;1245048.44;7.638041;47.356113
10143.9;966.1;2615065.94;1245049.55;7.638038;47.356123
10145;966.2;2615065.78;1245050.66;7.638036;47.356133
10146.199999999999;966.2;2615065.25;1245051.77;7.638029;47.356143
10148.5;966.4;2615064.79;1245054;7.638023;47.356163
10150.099999999999;966.5;2615064.41;1245055.55;7.638018;47.356177
10150.9;966.6;2615064.18;1245056.33;7.638015;47.356184
10152.099999999999;967;2615063.73;1245057.44;7.638009;47.356194
10154.099999999999;967.1;2615062.74;1245059.22;7.637996;47.35621
10156.199999999999;967.6;2615061.75;1245060.99;7.637983;47.356226
10156.9;967.6;2615061.37;1245061.66;7.637978;47.356232
10158.199999999999;967.6;2615060.54;1245062.66;7.637967;47.356241
10159;968;2615059.93;1245063.1;7.637959;47.356245
10160.9;968;2615058.12;1245063.65;7.637935;47.35625
10162;968.3;2615057.06;1245063.87;7.637921;47.356252
10162.9;968.3;2615056.08;1245063.76;7.637908;47.356251
10163.8;968.8;2615055.32;1245063.31;7.637898;47.356247
10164.699999999999;968.8;2615054.8;1245062.64;7.637891;47.356241
10165.3;968.8;2615054.5;1245062.09;7.637887;47.356236
10165.9;968.5;2615054.72;1245061.53;7.63789;47.356231
10166.5;968.5;2615055.1;1245061.09;7.637895;47.356227
10166.699999999999;968.5;2615055.1;1245060.86;7.637895;47.356225
10167.199999999999;968.5;2615054.65;1245060.75;7.637889;47.356224
10167.599999999999;968.5;2615054.35;1245060.97;7.637885;47.356226
10168.5;968.9;2615053.74;1245061.75;7.637877;47.356233
10170;968.9;2615053.13;1245063.08;7.637869;47.356245
10171.5;969;2615052.68;1245064.53;7.637863;47.356258
10174.099999999999;969.2;2615051.99;1245066.97;7.637854;47.35628
10176;969.3;2615051.99;1245068.86;7.637854;47.356297
10176.9;969.3;2615051.83;1245069.75;7.637852;47.356305
10179.5;969.4;2615051.6;1245072.42;7.637849;47.356329
10182.099999999999;969.6;2615051.82;1245074.98;7.637852;47.356352
10183.4;969.8;2615051.82;1245076.31;7.637852;47.356364
10185.3;969.9;2615051.89;1245078.2;7.637853;47.356381
10187.4;969.8;2615052.11;1245080.31;7.637856;47.3564
10189.599999999999;969.8;2615052.41;1245082.43;7.63786;47.356419
10191.9;969.9;2615052.78;1245084.76;7.637865;47.35644
10193.3;970;2615052.7;1245086.1;7.637864;47.356452
10194.599999999999;970;2615052.69;1245087.43;7.637864;47.356464
10195.699999999999;970;2615052.62;1245088.54;7.637863;47.356474
10197;970;2615052.54;1245089.76;7.637862;47.356485
10198.099999999999;970.2;2615052.54;1245090.88;7.637862;47.356495
10199.3;970.4;2615052.76;1245092.1;7.637865;47.356506
10201.8;970.7;2615053.66;1245094.44;7.637877;47.356527
10204.3;970.5;2615054.18;1245096.88;7.637884;47.356549
10205.5;970.5;2615054.41;1245098;7.637887;47.356559
10207.8;970.7;2615054.4;1245100.33;7.637887;47.35658
10209.8;971.3;2615053.94;1245102.33;7.637881;47.356598
10211.599999999999;971.3;2615053.48;1245104;7.637875;47.356613
10212.099999999999;971.5;2615053.26;1245104.44;7.637872;47.356617
10214.3;971.9;2615052.8;1245106.67;7.637866;47.356637
10215.4;971.9;2615052.27;1245107.55;7.637859;47.356645
10217.3;972.8;2615050.98;1245109;7.637842;47.356658
10218.599999999999;972.8;2615050.22;1245109.99;7.637832;47.356667
10219.3;973.8;2615049.77;1245110.55;7.637826;47.356672
10220.199999999999;973.8;2615049.31;1245111.33;7.63782;47.356679
10221.199999999999;974.5;2615048.85;1245112.21;7.637814;47.356687
10222.699999999999;974.5;2615048.02;1245113.55;7.637803;47.356699
10223.599999999999;975.7;2615047.41;1245114.21;7.637795;47.356705
10224.5;975.7;2615046.88;1245114.88;7.637788;47.356711
10225.3;975.7;2615046.28;1245115.43;7.63778;47.356716
10227.099999999999;976.9;2615044.91;1245116.54;7.637762;47.356726
10228.099999999999;976.9;2615044.01;1245116.98;7.63775;47.35673
10228.8;977.3;2615043.33;1245117.2;7.637741;47.356732
10229.599999999999;977.3;2615042.5;1245117.2;7.63773;47.356732
10231.699999999999;977.8;2615040.46;1245117.2;7.637703;47.356732
10232.4;978.1;2615039.78;1245117.19;7.637694;47.356732
10234;978.1;2615038.11;1245117.3;7.637672;47.356733
10234.9;978.5;2615037.28;1245117.19;7.637661;47.356732
10236.3;978.9;2615036;1245117.74;7.637644;47.356737
10237.9;979.7;2615034.63;1245118.74;7.637626;47.356746
10238.699999999999;979.8;2615033.95;1245118.96;7.637617;47.356748
10239.5;979.8;2615033.12;1245119.07;7.637606;47.356749
10241.199999999999;980.1;2615031.39;1245118.95;7.637583;47.356748
10242.099999999999;980.1;2615030.55;1245119.06;7.637572;47.356749
10243.3;980.3;2615029.42;1245119.39;7.637557;47.356752
10243.599999999999;980.3;2615029.12;1245119.39;7.637553;47.356752
10244.4;980.3;2615028.29;1245119.61;7.637542;47.356754
10245.699999999999;981.4;2615027.15;1245120.28;7.637527;47.35676
10247.4;981.4;2615026.32;1245121.72;7.637516;47.356773
10248.199999999999;982.3;2615025.79;1245122.27;7.637509;47.356778
10248.9;982.3;2615025.26;1245122.83;7.637502;47.356783
10250.5;982.3;2615024.12;1245123.83;7.637487;47.356792
10251.099999999999;983.3;2615023.59;1245124.27;7.63748;47.356796
10251.699999999999;983.3;2615023.06;1245124.49;7.637473;47.356798
10252.3;983.3;2615022.46;1245124.6;7.637465;47.356799
10252.9;983.3;2615022;1245124.93;7.637459;47.356802
10253.699999999999;983.4;2615021.32;1245125.38;7.63745;47.356806
10254.3;983.4;2615020.87;1245125.71;7.637444;47.356809
10254.9;984.2;2615020.34;1245126.04;7.637437;47.356812
10255.699999999999;984.4;2615019.81;1245126.59;7.63743;47.356817
10256.3;984.4;2615019.43;1245127.15;7.637425;47.356822
10257;984.4;2615018.97;1245127.59;7.637419;47.356826
10258.4;985.3;2615018.06;1245128.7;7.637407;47.356836
10259.599999999999;985.4;2615017.38;1245129.7;7.637398;47.356845
10260.8;986.3;2615016.47;1245130.48;7.637386;47.356852
10261.599999999999;986.4;2615015.87;1245130.92;7.637378;47.356856
10262.3;986.4;2615015.56;1245131.59;7.637374;47.356862
10263.3;987.2;2615015.03;1245132.47;7.637367;47.35687
10263.8;987.2;2615014.8;1245132.92;7.637364;47.356874
10265;987.5;2615013.9;1245133.58;7.637352;47.35688
10265.599999999999;988.4;2615013.52;1245134.14;7.637347;47.356885
10266.099999999999;988.4;2615013.44;1245134.58;7.637346;47.356889
10267.099999999999;988.4;2615013.36;1245135.58;7.637345;47.356898
10267.9;989.3;2615013.51;1245136.36;7.637347;47.356905
10268.3;989.3;2615013.43;1245136.81;7.637346;47.356909
10269;989.3;2615013.21;1245137.47;7.637343;47.356915
10270.099999999999;990.2;2615013.2;1245138.59;7.637343;47.356925
10270.9;990.2;2615013.5;1245139.25;7.637347;47.356931
10271.5;990.2;2615013.58;1245139.92;7.637348;47.356937
10272.3;991;2615013.73;1245140.7;7.63735;47.356944
10273;991;2615013.88;1245141.37;7.637352;47.35695
10273.699999999999;991.9;2615013.87;1245142.03;7.637352;47.356956
10274.5;991.9;2615013.95;1245142.81;7.637353;47.356963
10275.199999999999;991.8;2615014.02;1245143.59;7.637354;47.35697
10275.5;991.8;2615014.1;1245143.81;7.637355;47.356972
10275.699999999999;991.8;2615014.25;1245143.7;7.637357;47.356971
10275.9;991.8;2615014.25;1245143.48;7.637357;47.356969
10276.099999999999;991.8;2615014.25;1245143.7;7.637357;47.356971
10276.699999999999;992.6;2615014.17;1245144.26;7.637356;47.356976
10277.3;992.6;2615014.09;1245144.92;7.637355;47.356982
10278.3;992.7;2615013.94;1245145.81;7.637353;47.35699
10280.5;994.5;2615013.78;1245148.04;7.637351;47.35701
10281.4;994.5;2615013.71;1245148.93;7.63735;47.357018
10282;994.5;2615013.7;1245149.59;7.63735;47.357024
10282.5;995.4;2615013.78;1245150.04;7.637351;47.357028
10282.599999999999;995.4;2615013.7;1245150.15;7.63735;47.357029
10283.4;995.4;2615013.47;1245150.93;7.637347;47.357036
10283.5;995.4;2615013.4;1245150.93;7.637346;47.357036
10283.599999999999;995.4;2615013.4;1245150.82;7.637346;47.357035
10283.8;995.4;2615013.25;1245150.7;7.637344;47.357034
10284.099999999999;995.4;2615013.02;1245150.59;7.637341;47.357033
10284.3;995.4;2615012.8;1245150.59;7.637338;47.357033
10284.5;995.4;2615012.64;1245150.48;7.637336;47.357032
10284.9;995.4;2615012.19;1245150.37;7.63733;47.357031
10285.199999999999;995.4;2615011.96;1245150.37;7.637327;47.357031
10285.199999999999;995.4;2615011.89;1245150.37;7.637326;47.357031
10285.5;995.4;2615011.66;1245150.26;7.637323;47.35703
10285.599999999999;995.4;2615011.59;1245150.26;7.637322;47.35703
10285.599999999999;995.4;2615011.59;1245150.26;7.637322;47.35703
10285.699999999999;995.4;2615011.66;1245150.14;7.637323;47.357029
10285.8;995.4;2615011.59;1245150.03;7.637322;47.357028
10286;995.4;2615011.51;1245150.14;7.637321;47.357029
10286;995.4;2615011.51;1245150.14;7.637321;47.357029
10286.099999999999;995.4;2615011.59;1245150.03;7.637322;47.357028
10286.099999999999;995.4;2615011.59;1245150.03;7.637322;47.357028
10286.099999999999;995.4;2615011.59;1245150.03;7.637322;47.357028
10286.4;995.4;2615011.44;1245150.25;7.63732;47.35703
10286.5;995.4;2615011.44;1245150.37;7.63732;47.357031
10286.5;995.4;2615011.44;1245150.37;7.63732;47.357031
10286.5;995.4;2615011.44;1245150.37;7.63732;47.357031
10286.599999999999;995.4;2615011.51;1245150.37;7.637321;47.357031
10286.599999999999;995.4;2615011.51;1245150.37;7.637321;47.357031
10286.599999999999;995.4;2615011.51;1245150.37;7.637321;47.357031
10286.599999999999;995.4;2615011.51;1245150.37;7.637321;47.357031
10286.599999999999;995.4;2615011.51;1245150.37;7.637321;47.357031
10286.699999999999;995.4;2615011.51;1245150.48;7.637321;47.357032
10286.699999999999;995.4;2615011.51;1245150.48;7.637321;47.357032
10286.699999999999;995.4;2615011.51;1245150.48;7.637321;47.357032
10286.699999999999;995.4;2615011.51;1245150.48;7.637321;47.357032
10286.699999999999;995.4;2615011.51;1245150.48;7.637321;47.357032
10286.699999999999;995.4;2615011.51;1245150.48;7.637321;47.357032
10286.699999999999;995.4;2615011.51;1245150.48;7.637321;47.357032
10286.699999999999;995.4;2615011.51;1245150.48;7.637321;47.357032
10286.699999999999;995.4;2615011.51;1245150.48;7.637321;47.357032
10286.8;995.4;2615011.59;1245150.48;7.637322;47.357032
10286.8;995.4;2615011.59;1245150.48;7.637322;47.357032
10286.8;995.4;2615011.59;1245150.48;7.637322;47.357032
10286.8;995.4;2615011.66;1245150.48;7.637323;47.357032
10286.8;995.4;2615011.66;1245150.48;7.637323;47.357032
10286.8;995.4;2615011.66;1245150.48;7.637323;47.357032
10287;995.4;2615011.74;1245150.37;7.637324;47.357031
10287;995.4;2615011.74;1245150.37;7.637324;47.357031
10287;995.4;2615011.74;1245150.37;7.637324;47.357031
10287;995.4;2615011.74;1245150.37;7.637324;47.357031
10287;995.4;2615011.81;1245150.37;7.637325;47.357031
10287;995.4;2615011.81;1245150.37;7.637325;47.357031
10287.199999999999;995.4;2615011.81;1245150.26;7.637325;47.35703
10287.199999999999;995.4;2615011.89;1245150.26;7.637326;47.35703
10287.199999999999;995.4;2615011.89;1245150.26;7.637326;47.35703
10287.199999999999;995.4;2615011.89;1245150.26;7.637326;47.35703
10287.3;995.4;2615011.97;1245150.26;7.637327;47.35703
10287.3;995.4;2615011.97;1245150.26;7.637327;47.35703
10287.3;995.4;2615011.97;1245150.26;7.637327;47.35703
10287.3;995.4;2615011.97;1245150.26;7.637327;47.35703
10287.4;995.4;2615011.97;1245150.15;7.637327;47.357029
10287.5;995.4;2615012.04;1245150.15;7.637328;47.357029
10287.5;995.4;2615012.04;1245150.15;7.637328;47.357029
10287.5;995.4;2615012.04;1245150.15;7.637328;47.357029
10287.5;995.4;2615012.04;1245150.15;7.637328;47.357029
10287.599999999999;995.4;2615012.04;1245150.03;7.637328;47.357028
10287.699999999999;995.4;2615012.12;1245150.03;7.637329;47.357028
10287.699999999999;995.4;2615012.12;1245150.03;7.637329;47.357028
10287.699999999999;995.4;2615012.12;1245150.03;7.637329;47.357028
10287.699999999999;995.4;2615012.12;1245150.03;7.637329;47.357028
10287.699999999999;995.4;2615012.12;1245150.03;7.637329;47.357028
10287.699999999999;995.4;2615012.12;1245150.03;7.637329;47.357028
10287.699999999999;995.4;2615012.12;1245150.03;7.637329;47.357028
10287.699999999999;995.4;2615012.12;1245150.03;7.637329;47.357028
10287.699999999999;995.4;2615012.12;1245150.03;7.637329;47.357028
10287.8;995.4;2615012.04;1245150.03;7.637328;47.357028
10287.8;995.4;2615012.04;1245150.03;7.637328;47.357028
10287.8;995.4;2615012.12;1245150.03;7.637329;47.357028
10287.8;995.4;2615012.12;1245150.03;7.637329;47.357028
10287.8;995.4;2615012.12;1245150.03;7.637329;47.357028
10287.9;995.4;2615012.19;1245150.03;7.63733;47.357028
10288;995.4;2615012.27;1245150.03;7.637331;47.357028
10288;995.4;2615012.27;1245150.03;7.637331;47.357028
10288.099999999999;994.5;2615012.34;1245149.92;7.637332;47.357027
10288.099999999999;994.5;2615012.34;1245149.92;7.637332;47.357027
10288.199999999999;994.5;2615012.27;1245149.92;7.637331;47.357027
10288.4;994.5;2615012.12;1245149.81;7.637329;47.357026
10288.5;994.5;2615012.19;1245149.81;7.63733;47.357026
10288.599999999999;994.5;2615012.19;1245149.7;7.63733;47.357025
10288.599999999999;994.5;2615012.27;1245149.7;7.637331;47.357025
10288.699999999999;994.5;2615012.34;1245149.7;7.637332;47.357025
10288.699999999999;994.5;2615012.34;1245149.7;7.637332;47.357025
10288.699999999999;994.5;2615012.34;1245149.7;7.637332;47.357025
10288.8;994.5;2615012.42;1245149.7;7.637333;47.357025
10288.8;994.5;2615012.42;1245149.7;7.637333;47.357025
10288.9;994.5;2615012.5;1245149.7;7.637334;47.357025
10288.9;994.5;2615012.42;1245149.7;7.637333;47.357025
10289;994.5;2615012.34;1245149.7;7.637332;47.357025
10289;994.5;2615012.34;1245149.7;7.637332;47.357025
10289.099999999999;994.5;2615012.34;1245149.59;7.637332;47.357024
10289.199999999999;994.5;2615012.27;1245149.59;7.637331;47.357024
10289.199999999999;994.5;2615012.27;1245149.59;7.637331;47.357024
10289.3;994.5;2615012.19;1245149.59;7.63733;47.357024
10289.4;994.5;2615012.04;1245149.59;7.637328;47.357024
10289.5;994.5;2615012.12;1245149.59;7.637329;47.357024
10289.5;994.5;2615012.12;1245149.59;7.637329;47.357024
10289.5;994.5;2615012.12;1245149.59;7.637329;47.357024
10289.599999999999;994.5;2615012.04;1245149.48;7.637328;47.357023
10289.699999999999;994.5;2615012.12;1245149.48;7.637329;47.357023
10289.8;994.5;2615012.19;1245149.48;7.63733;47.357023
10289.9;994.5;2615012.27;1245149.37;7.637331;47.357022
10290;994.5;2615012.35;1245149.37;7.637332;47.357022
10290.099999999999;994.5;2615012.42;1245149.37;7.637333;47.357022
10290.199999999999;994.5;2615012.5;1245149.37;7.637334;47.357022
10290.199999999999;994.5;2615012.57;1245149.37;7.637335;47.357022
10290.4;994.5;2615012.72;1245149.26;7.637337;47.357021
10290.4;994.5;2615012.72;1245149.26;7.637337;47.357021
10290.5;994.5;2615012.8;1245149.26;7.637338;47.357021
10290.599999999999;994.5;2615012.87;1245149.26;7.637339;47.357021
10290.599999999999;994.5;2615012.87;1245149.26;7.637339;47.357021
10290.599999999999;994.5;2615012.95;1245149.26;7.63734;47.357021
10290.599999999999;994.5;2615012.95;1245149.26;7.63734;47.357021
10290.699999999999;994.5;2615013.03;1245149.26;7.637341;47.357021
10290.8;994.5;2615013.1;1245149.26;7.637342;47.357021
10290.8;994.5;2615013.1;1245149.26;7.637342;47.357021
10290.8;994.5;2615013.1;1245149.26;7.637342;47.357021
10290.9;994.5;2615013.18;1245149.26;7.637343;47.357021
10290.9;994.5;2615013.25;1245149.26;7.637344;47.357021
10291;994.5;2615013.33;1245149.26;7.637345;47.357021
10291;994.5;2615013.33;1245149.26;7.637345;47.357021
10291;994.5;2615013.33;1245149.26;7.637345;47.357021
10291.099999999999;994.5;2615013.4;1245149.26;7.637346;47.357021
10291.099999999999;994.5;2615013.4;1245149.26;7.637346;47.357021
10291.099999999999;994.5;2615013.4;1245149.26;7.637346;47.357021
10291.099999999999;994.5;2615013.4;1245149.26;7.637346;47.357021
10291.199999999999;994.5;2615013.48;1245149.26;7.637347;47.357021
10291.199999999999;994.5;2615013.48;1245149.26;7.637347;47.357021
10291.199999999999;994.5;2615013.55;1245149.26;7.637348;47.357021
10291.199999999999;994.5;2615013.55;1245149.26;7.637348;47.357021
10291.199999999999;994.5;2615013.55;1245149.26;7.637348;47.357021
10291.3;994.5;2615013.63;1245149.26;7.637349;47.357021
10291.3;994.5;2615013.63;1245149.26;7.637349;47.357021
10291.3;994.5;2615013.63;1245149.26;7.637349;47.357021
10291.3;994.5;2615013.63;1245149.26;7.637349;47.357021
10291.3;994.5;2615013.63;1245149.26;7.637349;47.357021
10291.3;994.5;2615013.63;1245149.26;7.637349;47.357021
10291.3;994.5;2615013.63;1245149.26;7.637349;47.357021
10291.3;994.5;2615013.63;1245149.26;7.637349;47.357021
10291.3;994.5;2615013.63;1245149.26;7.637349;47.357021
10291.3;994.5;2615013.63;1245149.26;7.637349;47.357021
10291.4;994.5;2615013.71;1245149.26;7.63735;47.357021
10291.4;994.5;2615013.71;1245149.26;7.63735;47.357021
10291.4;994.5;2615013.71;1245149.26;7.63735;47.357021
10291.5;994.5;2615013.78;1245149.26;7.637351;47.357021
10291.5;994.5;2615013.78;1245149.26;7.637351;47.357021
10291.599999999999;994.5;2615013.78;1245149.37;7.637351;47.357022
10291.599999999999;994.5;2615013.78;1245149.37;7.637351;47.357022
10291.699999999999;994.5;2615013.86;1245149.37;7.637352;47.357022
10291.699999999999;994.5;2615013.86;1245149.37;7.637352;47.357022
10291.699999999999;994.5;2615013.86;1245149.37;7.637352;47.357022
10291.699999999999;994.5;2615013.86;1245149.37;7.637352;47.357022
10291.699999999999;994.5;2615013.86;1245149.37;7.637352;47.357022
10291.699999999999;994.5;2615013.86;1245149.37;7.637352;47.357022
10291.699999999999;994.5;2615013.86;1245149.37;7.637352;47.357022
10291.699999999999;994.5;2615013.86;1245149.37;7.637352;47.357022
10291.699999999999;994.5;2615013.86;1245149.37;7.637352;47.357022
10291.699999999999;994.5;2615013.86;1245149.37;7.637352;47.357022
10291.699999999999;994.5;2615013.86;1245149.37;7.637352;47.357022
10291.699999999999;994.5;2615013.86;1245149.37;7.637352;47.357022
10291.699999999999;994.5;2615013.86;1245149.37;7.637352;47.357022
10291.699999999999;994.5;2615013.86;1245149.37;7.637352;47.357022
10291.699999999999;994.5;2615013.86;1245149.37;7.637352;47.357022
10291.699999999999;994.5;2615013.86;1245149.37;7.637352;47.357022
10291.699999999999;994.5;2615013.86;1245149.37;7.637352;47.357022
10291.699999999999;994.5;2615013.86;1245149.37;7.637352;47.357022
10291.699999999999;994.5;2615013.86;1245149.37;7.637352;47.357022
10291.699999999999;994.5;2615013.86;1245149.37;7.637352;47.357022
10291.699999999999;994.5;2615013.86;1245149.37;7.637352;47.357022
10291.699999999999;994.5;2615013.86;1245149.37;7.637352;47.357022
10291.8;994.5;2615013.86;1245149.26;7.637352;47.357021
10291.8;994.5;2615013.86;1245149.26;7.637352;47.357021
10291.8;994.5;2615013.86;1245149.26;7.637352;47.357021
10291.9;994.5;2615013.78;1245149.15;7.637351;47.35702
10291.9;994.5;2615013.78;1245149.15;7.637351;47.35702
10291.9;994.5;2615013.78;1245149.15;7.637351;47.35702
10292;994.5;2615013.78;1245149.04;7.637351;47.357019
10292.099999999999;994.5;2615013.78;1245148.93;7.637351;47.357018
10292.099999999999;994.5;2615013.78;1245148.93;7.637351;47.357018
10292.099999999999;994.5;2615013.78;1245148.93;7.637351;47.357018
10292.199999999999;994.5;2615013.78;1245148.82;7.637351;47.357017
10292.3;994.5;2615013.78;1245148.7;7.637351;47.357016
10292.3;994.5;2615013.78;1245148.7;7.637351;47.357016
10292.5;994.5;2615013.86;1245148.59;7.637352;47.357015
10292.5;994.5;2615013.86;1245148.59;7.637352;47.357015
10292.599999999999;994.5;2615013.86;1245148.48;7.637352;47.357014
10292.8;994.4;2615014.09;1245148.37;7.637355;47.357013
10293;994.4;2615014.24;1245148.48;7.637357;47.357014
10293.4;994.4;2615014.54;1245148.71;7.637361;47.357016
10293.8;994.4;2615014.76;1245149.04;7.637364;47.357019
10294.9;995.3;2615014.99;1245150.15;7.637367;47.357029
10295.5;995.3;2615015.06;1245150.71;7.637368;47.357034
10297.8;996.1;2615015.13;1245153.04;7.637369;47.357055
10299.5;996.8;2615015.05;1245154.71;7.637368;47.35707
10300.3;996.8;2615014.82;1245155.49;7.637365;47.357077
10301.599999999999;997.5;2615014.06;1245156.49;7.637355;47.357086
10302.099999999999;997.7;2615013.61;1245156.82;7.637349;47.357089
10302.8;997.7;2615013.08;1245157.26;7.637342;47.357093
10303.599999999999;997.7;2615012.4;1245157.71;7.637333;47.357097
10304.4;998.6;2615011.79;1245158.15;7.637325;47.357101
10305.099999999999;998.6;2615011.19;1245158.59;7.637317;47.357105
10305.9;998.6;2615010.66;1245159.15;7.63731;47.35711
10306.599999999999;998.6;2615010.28;1245159.7;7.637305;47.357115
10307.199999999999;999.5;2615009.9;1245160.15;7.6373;47.357119
10307.699999999999;999.5;2615009.45;1245160.37;7.637294;47.357121
10308.699999999999;999.5;2615008.46;1245160.48;7.637281;47.357122
10308.9;999.5;2615008.31;1245160.25;7.637279;47.35712
10309.3;998.8;2615008.39;1245159.92;7.63728;47.357117
10309.5;998.8;2615008.54;1245159.81;7.637282;47.357116
10309.5;998.8;2615008.62;1245159.81;7.637283;47.357116
10309.599999999999;998.8;2615008.54;1245159.81;7.637282;47.357116
10309.599999999999;998.8;2615008.54;1245159.81;7.637282;47.357116
10309.699999999999;998.8;2615008.62;1245159.81;7.637283;47.357116
10309.9;998.8;2615008.54;1245159.59;7.637282;47.357114
10310.099999999999;998.8;2615008.69;1245159.59;7.637284;47.357114
10310.099999999999;998.8;2615008.69;1245159.59;7.637284;47.357114
10310.099999999999;998.8;2615008.69;1245159.59;7.637284;47.357114
10310.199999999999;998.8;2615008.77;1245159.48;7.637285;47.357113
10310.199999999999;998.8;2615008.77;1245159.48;7.637285;47.357113
10310.4;998.8;2615008.62;1245159.48;7.637283;47.357113
10310.4;998.8;2615008.54;1245159.48;7.637282;47.357113
10310.599999999999;998.8;2615008.47;1245159.59;7.637281;47.357114
10310.599999999999;998.8;2615008.47;1245159.59;7.637281;47.357114
10310.599999999999;998.8;2615008.47;1245159.59;7.637281;47.357114
10310.599999999999;998.8;2615008.39;1245159.59;7.63728;47.357114
10310.599999999999;998.8;2615008.39;1245159.59;7.63728;47.357114
10310.699999999999;998.8;2615008.32;1245159.59;7.637279;47.357114
10310.8;998.8;2615008.24;1245159.59;7.637278;47.357114
10310.9;998.8;2615008.16;1245159.59;7.637277;47.357114
10310.9;998.8;2615008.16;1245159.59;7.637277;47.357114
10311.099999999999;998.8;2615007.94;1245159.7;7.637274;47.357115
10311.3;998.8;2615007.86;1245159.81;7.637273;47.357116
10311.3;998.8;2615007.86;1245159.81;7.637273;47.357116
10311.3;998.8;2615007.86;1245159.81;7.637273;47.357116
10311.3;998.8;2615007.79;1245159.81;7.637272;47.357116
10311.3;998.8;2615007.79;1245159.81;7.637272;47.357116
10311.3;998.8;2615007.79;1245159.81;7.637272;47.357116
10311.4;998.8;2615007.71;1245159.81;7.637271;47.357116
10311.5;998.8;2615007.63;1245159.92;7.63727;47.357117
10311.699999999999;999.6;2615007.56;1245160.03;7.637269;47.357118
10311.8;998.8;2615007.56;1245159.92;7.637269;47.357117
10311.8;998.8;2615007.56;1245159.92;7.637269;47.357117
10312;999.6;2615007.33;1245160.03;7.637266;47.357118
10312.4;999.6;2615007.03;1245160.14;7.637262;47.357119
10313;999.6;2615006.5;1245160.47;7.637255;47.357122
10314.599999999999;999.7;2615005.29;1245161.58;7.637239;47.357132
10315.3;1000.6;2615004.91;1245162.14;7.637234;47.357137
10315.9;1000.6;2615004.38;1245162.47;7.637227;47.35714
10316.599999999999;1000.6;2615003.85;1245162.8;7.63722;47.357143
10317.4;1000.6;2615003.02;1245163.13;7.637209;47.357146
10318.099999999999;1000.6;2615002.49;1245163.46;7.637202;47.357149
10318.699999999999;1000.6;2615002.11;1245163.91;7.637197;47.357153
10319.199999999999;1001.5;2615001.73;1245164.24;7.637192;47.357156
10320.4;1001.5;2615000.75;1245165.02;7.637179;47.357163
10321.199999999999;1001.5;2615000.22;1245165.57;7.637172;47.357168
10321.699999999999;1001.6;2614999.76;1245165.9;7.637166;47.357171
10323.199999999999;1002.4;2614998.93;1245167.12;7.637155;47.357182
10324;1002.4;2614998.4;1245167.68;7.637148;47.357187
10324.699999999999;1003;2614997.79;1245168.01;7.63714;47.35719
10325.4;1003;2614997.26;1245168.56;7.637133;47.357195
10326.199999999999;1003;2614996.73;1245169.12;7.637126;47.3572
10326.8;1003;2614996.28;1245169.56;7.63712;47.357204
10327.699999999999;1003.7;2614995.67;1245170.12;7.637112;47.357209
10328.4;1003.7;2614995.29;1245170.78;7.637107;47.357215
10329.3;1003.7;2614994.84;1245171.56;7.637101;47.357222
10330.699999999999;1004;2614994.83;1245172.89;7.637101;47.357234
10331.599999999999;1004;2614995.06;1245173.78;7.637104;47.357242
10332.8;1004.4;2614995.21;1245175.01;7.637106;47.357253
10333.8;1004.4;2614995.58;1245175.9;7.637111;47.357261
10334.599999999999;1004.3;2614995.88;1245176.68;7.637115;47.357268
10335.8;1004.7;2614996.86;1245177.24;7.637128;47.357273
10336.9;1004.7;2614997.69;1245178.02;7.637139;47.35728
10337.9;1004.9;2614998.6;1245178.35;7.637151;47.357283
10339.199999999999;1004.9;2614999.81;1245178.91;7.637167;47.357288
10339.9;1005.3;2615000.48;1245179.25;7.637176;47.357291
10342.099999999999;1005.4;2615002.45;1245180.25;7.637202;47.3573
10343.199999999999;1005.4;2615003.43;1245180.7;7.637215;47.357304
10344.3;1006;2615004.41;1245181.03;7.637228;47.357307
10347.099999999999;1006.1;2615007.2;1245181.49;7.637265;47.357311
10348.5;1006.2;2615008.56;1245181.82;7.637283;47.357314
10349.4;1006.3;2615009.39;1245182.05;7.637294;47.357316
10350.199999999999;1006.5;2615010.22;1245182.27;7.637305;47.357318
10351.099999999999;1006.5;2615011.13;1245182.5;7.637317;47.35732
10352.099999999999;1006.8;2615012.11;1245182.61;7.63733;47.357321
10353.199999999999;1006.8;2615013.09;1245182.95;7.637343;47.357324
10354.3;1006.7;2615014.15;1245183.28;7.637357;47.357327
10356;1006.7;2615015.81;1245183.84;7.637379;47.357332
10357.5;1007.2;2615017.24;1245184.18;7.637398;47.357335
10359;1007.3;2615018.68;1245184.41;7.637417;47.357337
10359.9;1007.3;2615019.51;1245184.85;7.637428;47.357341
10360.699999999999;1007.4;2615020.19;1245185.19;7.637437;47.357344
10362.3;1007.9;2615021.39;1245186.3;7.637453;47.357354
10363.099999999999;1008.1;2615022.07;1245186.64;7.637462;47.357357
10363.599999999999;1008.1;2615022.6;1245186.75;7.637469;47.357358
10364.099999999999;1008.1;2615022.98;1245187.09;7.637474;47.357361
10364.9;1008.1;2615023.58;1245187.53;7.637482;47.357365
10365.199999999999;1008.1;2615023.88;1245187.64;7.637486;47.357366
10365.9;1008.1;2615024.49;1245187.98;7.637494;47.357369
10366.599999999999;1008.6;2615025.09;1245188.31;7.637502;47.357372
10367.3;1008.6;2615025.69;1245188.76;7.63751;47.357376
10367.599999999999;1008.6;2615026;1245188.87;7.637514;47.357377
10367.699999999999;1008.7;2615026.07;1245188.87;7.637515;47.357377
10367.9;1008.6;2615025.92;1245188.87;7.637513;47.357377
10367.9;1008.6;2615025.92;1245188.87;7.637513;47.357377
10368;1008.6;2615026;1245188.98;7.637514;47.357378
10368.199999999999;1008.7;2615026.15;1245189.09;7.637516;47.357379
10368.599999999999;1008.7;2615026.45;1245189.43;7.63752;47.357382
10369.3;1008.7;2615026.98;1245189.88;7.637527;47.357386
10371.3;1009.1;2615028.41;1245191.21;7.637546;47.357398
10372.199999999999;1009.1;2615028.93;1245191.99;7.637553;47.357405
10373.099999999999;1009.1;2615029.39;1245192.77;7.637559;47.357412
10374;1009.1;2615029.84;1245193.55;7.637565;47.357419
10375;1009.3;2615030.44;1245194.33;7.637573;47.357426
10376;1009.3;2615031.19;1245195;7.637583;47.357432
10378.199999999999;1009.6;2615033.23;1245195.78;7.63761;47.357439
10379.599999999999;1009.5;2615034.51;1245196.23;7.637627;47.357443
10380.3;1009.5;2615035.27;1245196.34;7.637637;47.357444
10381.3;1009.9;2615036.18;1245196.57;7.637649;47.357446
10382.199999999999;1009.9;2615037.01;1245196.9;7.63766;47.357449
10383.099999999999;1009.9;2615037.91;1245197.13;7.637672;47.357451
10384.099999999999;1010.2;2615038.89;1245197.35;7.637685;47.357453
10384.9;1010.2;2615039.72;1245197.47;7.637696;47.357454
10386.099999999999;1009.9;2615040.7;1245198.03;7.637709;47.357459
10387.8;1010.3;2615042.29;1245198.81;7.63773;47.357466
10388.8;1010.3;2615043.2;1245199.03;7.637742;47.357468
10389.699999999999;1010.8;2615044.18;1245199.15;7.637755;47.357469
10390.8;1010.8;2615045.16;1245199.37;7.637768;47.357471
10391.699999999999;1010.8;2615045.99;1245199.71;7.637779;47.357474
10392.8;1011.1;2615047.12;1245199.93;7.637794;47.357476
10393.5;1010.4;2615047.73;1245200.16;7.637802;47.357478
10394.199999999999;1010.9;2615048.4;1245200.49;7.637811;47.357481
10395.099999999999;1010.9;2615049.16;1245200.94;7.637821;47.357485
10396.199999999999;1011.3;2615050.22;1245201.27;7.637835;47.357488
10397.199999999999;1011.3;2615051.12;1245201.61;7.637847;47.357491
10397.9;1011.3;2615051.88;1245201.83;7.637857;47.357493
10398.8;1011;2615052.71;1245202.06;7.637868;47.357495
10399.699999999999;1011;2615053.54;1245202.28;7.637879;47.357497
10400.699999999999;1011.4;2615054.44;1245202.73;7.637891;47.357501
10401.699999999999;1011.4;2615055.35;1245203.29;7.637903;47.357506
10402.9;1011.7;2615056.4;1245203.74;7.637917;47.35751
10404.099999999999;1011;2615057.46;1245204.29;7.637931;47.357515
10405.099999999999;1011.4;2615058.37;1245204.85;7.637943;47.35752
10406.3;1011.4;2615059.42;1245205.3;7.637957;47.357524
10407.699999999999;1011.8;2615060.71;1245205.75;7.637974;47.357528
10409.199999999999;1011.4;2615062.14;1245206.2;7.637993;47.357532
10410;1011.4;2615062.97;1245206.2;7.638004;47.357532
10410.9;1012;2615063.88;1245205.98;7.638016;47.35753
10411.8;1012.2;2615064.71;1245205.98;7.638027;47.35753
10412.4;1012.2;2615065.39;1245205.98;7.638036;47.35753
10413.4;1012.3;2615066.37;1245205.87;7.638049;47.357529
10414.099999999999;1012.3;2615067.05;1245205.88;7.638058;47.357529
10414.9;1012.3;2615067.81;1245205.88;7.638068;47.357529
10415.599999999999;1012.1;2615068.49;1245206.1;7.638077;47.357531
10416.4;1012.1;2615069.24;1245206.33;7.638087;47.357533
10417.599999999999;1012.2;2615070.45;1245206.77;7.638103;47.357537
10418.099999999999;1012.2;2615070.83;1245207.11;7.638108;47.35754
10418.3;1012.2;2615070.75;1245207;7.638107;47.357539
10418.4;1012.2;2615070.9;1245207;7.638109;47.357539
10418.5;1012.2;2615070.98;1245207;7.63811;47.357539
10418.599999999999;1012.2;2615070.98;1245206.89;7.63811;47.357538
10418.699999999999;1012.2;2615070.98;1245207;7.63811;47.357539
10418.8;1012.2;2615071.05;1245207;7.638111;47.357539
10418.9;1012.2;2615071.13;1245207.11;7.638112;47.35754
10418.9;1012.2;2615071.13;1245207.11;7.638112;47.35754
10419.199999999999;1012.2;2615071.28;1245207.33;7.638114;47.357542
10419.5;1012.2;2615071.51;1245207.44;7.638117;47.357543
10419.5;1012.2;2615071.51;1245207.44;7.638117;47.357543
10419.5;1012.2;2615071.43;1245207.44;7.638116;47.357543
10419.599999999999;1012.2;2615071.51;1245207.44;7.638117;47.357543
10419.599999999999;1012.2;2615071.51;1245207.44;7.638117;47.357543
10419.699999999999;1012.2;2615071.43;1245207.44;7.638116;47.357543
10420.099999999999;1012.2;2615071.81;1245207.56;7.638121;47.357544
10420.4;1012.4;2615072.03;1245207.78;7.638124;47.357546
10420.8;1011.9;2615072.26;1245208.11;7.638127;47.357549
10420.9;1012.4;2615072.18;1245208;7.638126;47.357548
10421;1012.4;2615072.11;1245208;7.638125;47.357548
10421.099999999999;1011.9;2615072.11;1245208.11;7.638125;47.357549
10421.9;1011.9;2615072.56;1245208.78;7.638131;47.357555
10422.8;1011.9;2615073.16;1245209.34;7.638139;47.35756
10424.099999999999;1012.1;2615074.45;1245209.56;7.638156;47.357562
10424.4;1012.1;2615074.67;1245209.79;7.638159;47.357564
10425.199999999999;1012.1;2615075.5;1245209.79;7.63817;47.357564
10426.4;1012;2615076.64;1245210.12;7.638185;47.357567
10427.599999999999;1012;2615077.84;1245210.13;7.638201;47.357567
10428.8;1012.2;2615079.05;1245210.13;7.638217;47.357567
10429.9;1012.4;2615080.11;1245210.36;7.638231;47.357569
10430.699999999999;1012.4;2615080.94;1245210.47;7.638242;47.35757
10433.199999999999;1012.4;2615083.21;1245211.59;7.638272;47.35758
10435.3;1011.9;2615085.02;1245212.48;7.638296;47.357588
10436.199999999999;1011.9;2615085.85;1245212.82;7.638307;47.357591
10437.199999999999;1012.1;2615086.83;1245213.15;7.63832;47.357594
10439.4;1012.3;2615088.87;1245213.94;7.638347;47.357601
10440.199999999999;1011.6;2615089.7;1245214.16;7.638358;47.357603
10441;1011.8;2615090.45;1245214.38;7.638368;47.357605
10442;1011.8;2615091.43;1245214.16;7.638381;47.357603
10444.3;1012.3;2615093.7;1245213.95;7.638411;47.357601
10445.5;1012;2615094.91;1245214.06;7.638427;47.357602
10446.8;1011.8;2615096.19;1245214.18;7.638444;47.357603
10447.8;1011.8;2615097.18;1245214.29;7.638457;47.357604
10449;1011.7;2615098.38;1245214.52;7.638473;47.357606
10450.3;1011.7;2615099.67;1245214.63;7.63849;47.357607
10451.699999999999;1011.8;2615101.03;1245214.97;7.638508;47.35761
10452.9;1011.7;2615102.16;1245215.19;7.638523;47.357612
10454.099999999999;1011.7;2615103.37;1245215.53;7.638539;47.357615
10455.699999999999;1011.6;2615104.95;1245215.53;7.63856;47.357615
10456.699999999999;1011.6;2615105.86;1245215.76;7.638572;47.357617
10457.9;1011.5;2615106.99;1245216.21;7.638587;47.357621
10459;1011.5;2615108.12;1245216.43;7.638602;47.357623
10460.3;1011.5;2615109.33;1245216.77;7.638618;47.357626
10461.5;1011.4;2615110.54;1245217.1;7.638634;47.357629
10462.8;1011.4;2615111.75;1245217.55;7.63865;47.357633
10463.8;1011.3;2615112.65;1245217.78;7.638662;47.357635
10465.5;1011.4;2615114.32;1245218.11;7.638684;47.357638
10466.699999999999;1011.4;2615115.52;1245218.23;7.6387;47.357639
10467.9;1011.3;2615116.73;1245218.34;7.638716;47.35764
10469.199999999999;1011.4;2615118.02;1245218.57;7.638733;47.357642
10470.5;1011.4;2615119.3;1245219.02;7.63875;47.357646
10471.9;1011.3;2615120.58;1245219.46;7.638767;47.35765
10473.199999999999;1011.3;2615121.71;1245220.02;7.638782;47.357655
10474.5;1011.4;2615122.92;1245220.58;7.638798;47.35766
10475.699999999999;1011.4;2615124.05;1245221.03;7.638813;47.357664
10476.9;1011.4;2615125.19;1245221.37;7.638828;47.357667
10478.099999999999;1011.4;2615126.39;1245221.7;7.638844;47.35767
10479.4;1011.1;2615127.6;1245222.15;7.63886;47.357674
10480.8;1011.2;2615128.73;1245222.82;7.638875;47.35768
10481.9;1011.2;2615129.64;1245223.49;7.638887;47.357686
10483.099999999999;1011.2;2615130.69;1245224.05;7.638901;47.357691
10484.199999999999;1011.2;2615131.75;1245224.38;7.638915;47.357694
10486.199999999999;1011.2;2615133.49;1245225.5;7.638938;47.357704
10488.099999999999;1011.2;2615135.07;1245226.51;7.638959;47.357713
10488.699999999999;1011.2;2615135.6;1245226.84;7.638966;47.357716
10489.3;1011.4;2615136.05;1245227.18;7.638972;47.357719
10490.3;1011.4;2615136.88;1245227.73;7.638983;47.357724
10490.4;1011.4;2615136.96;1245227.84;7.638984;47.357725
10490.599999999999;1011.4;2615136.8;1245227.73;7.638982;47.357724
10490.9;1011.4;2615136.58;1245227.62;7.638979;47.357723
10491;1011.4;2615136.58;1245227.51;7.638979;47.357722
10491.099999999999;1011.4;2615136.65;1245227.4;7.63898;47.357721
10491.4;1011.4;2615136.88;1245227.4;7.638983;47.357721
10491.599999999999;1011.4;2615137.11;1245227.4;7.638986;47.357721
10491.9;1011.4;2615137.41;1245227.4;7.63899;47.357721
10492;1011.4;2615137.56;1245227.4;7.638992;47.357721
10494;1011.4;2615139.52;1245227.74;7.639018;47.357724
10495.3;1011.6;2615140.73;1245227.97;7.639034;47.357726
10496.8;1011.2;2615142.24;1245228.3;7.639054;47.357729
10498.3;1011.2;2615143.68;1245228.86;7.639073;47.357734
10501.3;1011.6;2615146.39;1245229.98;7.639109;47.357744
10502.9;1011;2615147.98;1245230.43;7.63913;47.357748
10504.4;1011.3;2615149.34;1245230.99;7.639148;47.357753
10505.8;1011.4;2615150.62;1245231.66;7.639165;47.357759
10507.199999999999;1010.7;2615151.75;1245232.33;7.63918;47.357765
10508.5;1011;2615152.96;1245232.89;7.639196;47.35777
10509.9;1011.3;2615154.24;1245233.45;7.639213;47.357775
10511.099999999999;1011.3;2615155.37;1245233.9;7.639228;47.357779
10512.4;1011;2615156.58;1245234.23;7.639244;47.357782
10515.199999999999;1011.2;2615159.38;1245234.68;7.639281;47.357786
10516.599999999999;1011.5;2615160.74;1245234.91;7.639299;47.357788
10517.8;1011.5;2615161.94;1245235.14;7.639315;47.35779
10520.199999999999;1011.3;2615164.13;1245236.14;7.639344;47.357799
10522.599999999999;1011.6;2615166.4;1245236.81;7.639374;47.357805
10524.099999999999;1011.6;2615167.91;1245237.04;7.639394;47.357807
10525.199999999999;1011.8;2615168.96;1245237.15;7.639408;47.357808
10527.4;1011.9;2615171.23;1245237.27;7.639438;47.357809
10528.699999999999;1012;2615172.44;1245237.61;7.639454;47.357812
10529.9;1012;2615173.57;1245237.94;7.639469;47.357815
10531;1012;2615174.7;1245238.28;7.639484;47.357818
10532.599999999999;1011.9;2615176.21;1245238.51;7.639504;47.35782
10533.599999999999;1011.9;2615177.2;1245238.62;7.639517;47.357821
10534.599999999999;1011.9;2615178.25;1245238.85;7.639531;47.357823
10535.8;1011.9;2615179.31;1245239.18;7.639545;47.357826
10536.9;1012;2615180.37;1245239.52;7.639559;47.357829
10538.099999999999;1012;2615181.57;1245239.85;7.639575;47.357832
10539.5;1012;2615182.93;1245240.19;7.639593;47.357835
10540.8;1012.1;2615184.22;1245240.53;7.63961;47.357838
10542;1012.1;2615185.43;1245240.53;7.639626;47.357838
10543.3;1012.1;2615186.63;1245240.76;7.639642;47.35784
10544.4;1012.1;2615187.77;1245240.98;7.639657;47.357842
10546.9;1012.2;2615190.18;1245241.32;7.639689;47.357845
10548.199999999999;1012.2;2615191.39;1245241.88;7.639705;47.35785
10551;1012;2615193.65;1245243.55;7.639735;47.357865
10552.099999999999;1012;2615194.63;1245244;7.639748;47.357869
10553.4;1012;2615195.84;1245244.34;7.639764;47.357872
10554.599999999999;1012.2;2615197.05;1245244.56;7.63978;47.357874
10556;1012.4;2615198.41;1245244.9;7.639798;47.357877
10557.199999999999;1012.4;2615199.62;1245245.24;7.639814;47.35788
10560.3;1012.6;2615202.41;1245246.58;7.639851;47.357892
10561.4;1012.6;2615203.31;1245247.14;7.639863;47.357897
10562.5;1012.9;2615204.37;1245247.58;7.639877;47.357901
10563.699999999999;1012.9;2615205.5;1245247.81;7.639892;47.357903
10564.9;1012.5;2615206.64;1245248.15;7.639907;47.357906
10566.099999999999;1012.5;2615207.77;1245248.48;7.639922;47.357909
10567.3;1012.7;2615208.98;1245248.82;7.639938;47.357912
10569.099999999999;1012.9;2615210.71;1245249.27;7.639961;47.357916
10569.699999999999;1012.9;2615211.32;1245249.38;7.639969;47.357917
10570.8;1013.1;2615212.37;1245249.61;7.639983;47.357919
10572.099999999999;1013.1;2615213.58;1245249.94;7.639999;47.357922
10573.199999999999;1012.9;2615214.71;1245250.17;7.640014;47.357924
10574.4;1012.9;2615215.85;1245250.39;7.640029;47.357926
10575.5;1013.2;2615216.9;1245250.73;7.640043;47.357929
10576.599999999999;1013.2;2615217.96;1245250.95;7.640057;47.357931
10577.8;1013.4;2615219.17;1245251.18;7.640073;47.357933
10579;1013.8;2615220.38;1245251.52;7.640089;47.357936
10580.3;1013.8;2615221.51;1245251.96;7.640104;47.35794
10581.5;1013.8;2615222.72;1245252.41;7.64012;47.357944
10582.699999999999;1013.8;2615223.77;1245252.97;7.640134;47.357949
10583.9;1014;2615224.75;1245253.64;7.640147;47.357955
10586.3;1014;2615226.79;1245254.87;7.640174;47.357966
10587.599999999999;1014;2615227.92;1245255.43;7.640189;47.357971
10588.8;1014.3;2615229.13;1245255.76;7.640205;47.357974
10590;1014.1;2615230.26;1245256.21;7.64022;47.357978
10591.3;1014.1;2615231.47;1245256.44;7.640236;47.35798
10593.8;1014.3;2615233.96;1245256.89;7.640269;47.357984
10596.5;1014.9;2615236.53;1245257.78;7.640303;47.357992
10599;1014.7;2615238.94;1245258.46;7.640335;47.357998
10600.199999999999;1014.9;2615240.08;1245258.68;7.64035;47.358
10601.3;1014.9;2615241.13;1245258.91;7.640364;47.358002
10603.8;1015.2;2615243.63;1245259.25;7.640397;47.358005
10605.9;1015.5;2615245.74;1245259.59;7.640425;47.358008
10607.099999999999;1015.8;2615246.87;1245259.81;7.64044;47.35801
10608.199999999999;1015.6;2615247.93;1245260.15;7.640454;47.358013
10610.4;1016.4;2615250.12;1245260.49;7.640483;47.358016
10611.5;1016.4;2615251.25;1245260.49;7.640498;47.358016
10612.5;1016.9;2615252.24;1245260.72;7.640511;47.358018
10613.5;1016.9;2615253.22;1245260.94;7.640524;47.35802
10614.5;1016.9;2615254.2;1245260.83;7.640537;47.358019
10616.699999999999;1016.6;2615256.39;1245261.06;7.640566;47.358021
10617.8;1016.6;2615257.45;1245261.06;7.64058;47.358021
10618.9;1016.6;2615258.58;1245261.29;7.640595;47.358023
10620.3;1016.6;2615259.86;1245261.62;7.640612;47.358026
10622.4;1017.2;2615261.6;1245262.85;7.640635;47.358037
10623.5;1017;2615262.58;1245263.3;7.640648;47.358041
10624.599999999999;1017;2615263.71;1245263.41;7.640663;47.358042
10625.8;1017;2615264.84;1245263.75;7.640678;47.358045
10628.699999999999;1016.7;2615267.49;1245264.87;7.640713;47.358055
10629.699999999999;1016.8;2615268.47;1245265.2;7.640726;47.358058
10632.3;1016.5;2615270.5;1245266.77;7.640753;47.358072
10633.4;1016.5;2615271.56;1245267.21;7.640767;47.358076
10634.599999999999;1016.6;2615272.77;1245267.44;7.640783;47.358078
10636;1016.9;2615274.05;1245267.78;7.6408;47.358081
10637.699999999999;1016.4;2615275.71;1245268.22;7.640822;47.358085
10638.599999999999;1016.8;2615276.62;1245268.23;7.640834;47.358085
10639.8;1016.8;2615277.83;1245268.23;7.64085;47.358085
10640.9;1017;2615278.96;1245268.23;7.640865;47.358085
10642.199999999999;1017.5;2615280.17;1245268.35;7.640881;47.358086
10643.4;1017.5;2615281.38;1245268.57;7.640897;47.358088
10644.599999999999;1017.9;2615282.51;1245269.02;7.640912;47.358092
10645.5;1017.9;2615283.34;1245269.36;7.640923;47.358095
10646.9;1018.3;2615284.62;1245269.92;7.64094;47.3581
10649;1018.7;2615286.66;1245270.48;7.640967;47.358105
10649.9;1018.7;2615287.57;1245270.7;7.640979;47.358107
10651;1018.9;2615288.47;1245271.26;7.640991;47.358112
10652;1017.9;2615289.07;1245272.04;7.640999;47.358119
10652.8;1017.9;2615288.77;1245272.82;7.640995;47.358126
10653.4;1017.9;2615288.92;1245273.37;7.640997;47.358131
10654;1017.9;2615288.99;1245273.93;7.640998;47.358136
10654.3;1017;2615289.22;1245274.15;7.641001;47.358138
10654.5;1017;2615289.45;1245274.15;7.641004;47.358138
10654.699999999999;1017;2615289.6;1245274.15;7.641006;47.358138
10655;1017;2615289.9;1245274.26;7.64101;47.358139
10655.3;1017.3;2615290.13;1245274.49;7.641013;47.358141
10655.599999999999;1017.3;2615290.28;1245274.71;7.641015;47.358143
10656.4;1017.3;2615291.03;1245275.05;7.641025;47.358146
10657;1017.3;2615291.64;1245275.05;7.641033;47.358146
10657.5;1017.6;2615292.09;1245275.05;7.641039;47.358146
10658.9;1017.6;2615293.52;1245274.83;7.641058;47.358144
10660.099999999999;1017.9;2615294.73;1245274.83;7.641074;47.358144
10661.199999999999;1017.9;2615295.79;1245275.06;7.641088;47.358146
10662.9;1018;2615297.45;1245275.51;7.64111;47.35815
10664.4;1018.4;2615298.89;1245275.84;7.641129;47.358153
10665.8;1018.4;2615300.25;1245275.96;7.641147;47.358154
10667.099999999999;1017.5;2615301.53;1245276.18;7.641164;47.358156
10668.4;1017.7;2615302.81;1245276.41;7.641181;47.358158
10669.9;1018.1;2615304.32;1245276.53;7.641201;47.358159
10670.9;1018.1;2615305.31;1245276.75;7.641214;47.358161
10672.199999999999;1018.4;2615306.67;1245276.64;7.641232;47.35816
10673.5;1018.4;2615307.95;1245276.76;7.641249;47.358161
10674.8;1018.6;2615309.23;1245276.87;7.641266;47.358162
10676.099999999999;1018.9;2615310.52;1245276.76;7.641283;47.358161
10677.099999999999;1018.9;2615311.5;1245276.77;7.641296;47.358161
10678.599999999999;1019.3;2615313.01;1245276.99;7.641316;47.358163
10679.3;1019.3;2615313.61;1245277.22;7.641324;47.358165
10680.3;1019.5;2615314.67;1245277.44;7.641338;47.358167
10682.4;1019.2;2615316.56;1245278.11;7.641363;47.358173
10683.4;1019.2;2615317.62;1245278.34;7.641377;47.358175
10684.699999999999;1019.4;2615318.82;1245278.56;7.641393;47.358177
10686;1019.4;2615320.03;1245279.01;7.641409;47.358181
10687.4;1019.4;2615321.47;1245279.35;7.641428;47.358184
10688.5;1019.7;2615322.52;1245279.57;7.641442;47.358186
10689.8;1019.7;2615323.73;1245279.91;7.641458;47.358189
10691.099999999999;1019.5;2615325.01;1245280.25;7.641475;47.358192
10692.3;1019.7;2615326.22;1245280.36;7.641491;47.358193
10693.5;1019.7;2615327.36;1245280.7;7.641506;47.358196
10694.599999999999;1019.8;2615328.41;1245281.15;7.64152;47.3582
10695.9;1019.8;2615329.62;1245281.59;7.641536;47.358204
10697.9;1020;2615331.58;1245281.71;7.641562;47.358205
10700.3;1020.4;2615334;1245281.38;7.641594;47.358202
10701.599999999999;1020.4;2615335.29;1245281.27;7.641611;47.358201
10702.8;1020.6;2615336.42;1245281.39;7.641626;47.358202
10703.8;1020.6;2615337.48;1245281.5;7.64164;47.358203
10706;1020.8;2615339.67;1245281.51;7.641669;47.358203
10707.199999999999;1020.8;2615340.88;1245281.51;7.641685;47.358203
10708.3;1020.8;2615342.01;1245281.51;7.6417;47.358203
10709.5;1020.8;2615343.14;1245281.63;7.641715;47.358204
10712.5;1021.2;2615346.01;1245282.41;7.641753;47.358211
10713.099999999999;1021.2;2615346.69;1245282.42;7.641762;47.358211
10714.199999999999;1021.2;2615347.75;1245282.42;7.641776;47.358211
10715.4;1021.3;2615348.96;1245282.42;7.641792;47.358211
10716.599999999999;1021.3;2615350.17;1245282.54;7.641808;47.358212
10717.8;1021.3;2615351.37;1245282.65;7.641824;47.358213
10719.099999999999;1021.1;2615352.58;1245282.99;7.64184;47.358216
10721.8;1021.7;2615354.85;1245284.44;7.64187;47.358229
10722.9;1021.7;2615355.83;1245284.89;7.641883;47.358233
10724;1021.5;2615356.88;1245285.33;7.641897;47.358237
10725.3;1022;2615357.94;1245286;7.641911;47.358243
10726.5;1022;2615359.07;1245286.56;7.641926;47.358248
10727.599999999999;1021.8;2615360.13;1245286.9;7.64194;47.358251
10728.9;1021.8;2615361.34;1245287.23;7.641956;47.358254
10731.3;1022;2615363.68;1245288.02;7.641987;47.358261
10732.5;1022;2615364.73;1245288.47;7.642001;47.358265
10733.8;1022;2615365.94;1245288.91;7.642017;47.358269
10736.4;1021.6;2615368.43;1245289.7;7.64205;47.358276
10739.199999999999;1021.7;2615371.07;1245290.71;7.642085;47.358285
10740.3;1021.5;2615372.05;1245291.15;7.642098;47.358289
10741.4;1021.5;2615372.96;1245291.71;7.64211;47.358294
10743.9;1021.1;2615375.37;1245292.61;7.642142;47.358302
10745.099999999999;1021.1;2615376.51;1245292.83;7.642157;47.358304
10746.4;1021.1;2615377.79;1245292.95;7.642174;47.358305
10749;1021.3;2615380.36;1245293.51;7.642208;47.35831
10750.4;1020.8;2615381.64;1245294.07;7.642225;47.358315
10751.699999999999;1021.2;2615382.77;1245294.63;7.64224;47.35832
10753.199999999999;1021.3;2615384.05;1245295.41;7.642257;47.358327
10754.4;1021.3;2615385.26;1245295.63;7.642273;47.358329
10756.9;1021.3;2615387.68;1245295.09;7.642305;47.358324
10758.199999999999;1021.2;2615388.97;1245294.98;7.642322;47.358323
10759.199999999999;1021.3;2615390.02;1245294.98;7.642336;47.358323
10760.3;1021.3;2615391.08;1245295.09;7.64235;47.358324
10761.4;1021.1;2615392.06;1245295.54;7.642363;47.358328
10762.599999999999;1021.4;2615392.89;1245296.43;7.642374;47.358336
10763.699999999999;1021.4;2615393.8;1245297.1;7.642386;47.358342
10764.9;1021.5;2615394.62;1245297.88;7.642397;47.358349
10766.3;1021.1;2615395.91;1245298.55;7.642414;47.358355
10767.099999999999;1021.3;2615396.59;1245298.89;7.642423;47.358358
10768.199999999999;1021.3;2615397.72;1245299.22;7.642438;47.358361
10769.4;1021.4;2615398.78;1245299.67;7.642452;47.358365
10770.599999999999;1020.6;2615399.76;1245300.45;7.642465;47.358372
10771.8;1020.8;2615400.74;1245301.01;7.642478;47.358377
10773;1020.8;2615401.94;1245301.24;7.642494;47.358379
10774.4;1021;2615403.3;1245301.35;7.642512;47.35838
10775.599999999999;1021.4;2615404.51;1245301.58;7.642528;47.358382
10776.9;1021.4;2615405.8;1245301.91;7.642545;47.358385
10778.4;1020.7;2615407.31;1245302.03;7.642565;47.358386
10779.8;1021.2;2615408.67;1245302.14;7.642583;47.358387
10780.9;1021.2;2615409.8;1245302.04;7.642598;47.358386
10782;1021.6;2615410.86;1245302.26;7.642612;47.358388
10783.5;1021.7;2615412.37;1245302.49;7.642632;47.35839
10784.3;1021.7;2615413.12;1245302.6;7.642642;47.358391
10785.4;1021.9;2615414.18;1245302.94;7.642656;47.358394
10786.5;1021.9;2615415.24;1245303.27;7.64267;47.358397
10787.599999999999;1021.8;2615416.29;1245303.61;7.642684;47.3584
10788.9;1020.8;2615417.5;1245304.06;7.6427;47.358404
10790.3;1020.7;2615418.78;1245304.39;7.642717;47.358407
10791.5;1020.7;2615419.99;1245304.51;7.642733;47.358408
10792.8;1020.9;2615421.28;1245304.84;7.64275;47.358411
10795.699999999999;1021.2;2615424.15;1245304.85;7.642788;47.358411
10796.9;1021.2;2615425.35;1245304.97;7.642804;47.358412
10798.199999999999;1021.3;2615426.64;1245304.86;7.642821;47.358411
10800.5;1021.6;2615428.98;1245304.64;7.642852;47.358409
10801.699999999999;1021.4;2615430.19;1245304.76;7.642868;47.35841
10802.4;1021.4;2615430.87;1245304.98;7.642877;47.358412
10803.4;1021.4;2615431.85;1245305.09;7.64289;47.358413
10804.599999999999;1021.1;2615432.99;1245304.99;7.642905;47.358412
10805.599999999999;1021;2615434.04;1245305.1;7.642919;47.358413
10806.8;1021;2615435.18;1245305.33;7.642934;47.358415
10808;1020.7;2615436.31;1245305.66;7.642949;47.358418
10809.599999999999;1020.7;2615437.89;1245305.89;7.64297;47.35842
10810.4;1021.2;2615438.65;1245306.11;7.64298;47.358422
10811.4;1021.2;2615439.63;1245306.45;7.642993;47.358425
10812.699999999999;1020.9;2615440.76;1245307.01;7.643008;47.35843
10814.699999999999;1020.9;2615442.42;1245308.24;7.64303;47.358441
10815.599999999999;1020.9;2615443.33;1245308.35;7.643042;47.358442
10816.9;1020.4;2615444.54;1245308.46;7.643058;47.358443
10817.699999999999;1020.4;2615445.37;1245308.35;7.643069;47.358442
10818.599999999999;1020.2;2615446.2;1245308.58;7.64308;47.358444
10819.5;1020.2;2615447.1;1245308.8;7.643092;47.358446
10820.5;1020.2;2615448.08;1245308.81;7.643105;47.358446
10821.599999999999;1020.2;2615449.22;1245308.7;7.64312;47.358445
10822.8;1019.4;2615450.28;1245308.14;7.643134;47.35844
10823.9;1019.4;2615451.11;1245307.37;7.643145;47.358433
10825.199999999999;1019.4;2615451.64;1245306.26;7.643152;47.358423
10826.3;1018.9;2615451.72;1245305.15;7.643153;47.358413
10827.5;1018.1;2615451.8;1245303.92;7.643154;47.358402
10828.8;1017.8;2615452.18;1245302.7;7.643159;47.358391
10830.4;1017.2;2615453.32;1245301.59;7.643174;47.358381
10831.5;1016.8;2615454.38;1245301.26;7.643188;47.358378
10832.9;1016.8;2615455.74;1245301.04;7.643206;47.358376
10833.599999999999;1016.5;2615456.42;1245300.82;7.643215;47.358374
10834.599999999999;1016.5;2615457.32;1245300.38;7.643227;47.35837
10835.599999999999;1016.3;2615458.23;1245300.05;7.643239;47.358367
10836.599999999999;1015.8;2615459.21;1245299.61;7.643252;47.358363
10837.8;1015.6;2615460.27;1245299.16;7.643266;47.358359
10838.9;1015.6;2615461.33;1245298.83;7.64328;47.358356
10840;1015.5;2615462.32;1245298.39;7.643293;47.358352
10841.9;1014.9;2615464.13;1245297.73;7.643317;47.358346
10843;1014.9;2615465.11;1245297.29;7.64333;47.358342
10844.099999999999;1015;2615466.17;1245296.85;7.643344;47.358338
10845.3;1015;2615467.23;1245296.4;7.643358;47.358334
10847.199999999999;1015.2;2615468.75;1245295.18;7.643378;47.358323
10848.5;1015.2;2615469.58;1245294.19;7.643389;47.358314
10849.199999999999;1015.6;2615470.03;1245293.74;7.643395;47.35831
10850;1015.6;2615470.49;1245293.08;7.643401;47.358304
10850.5;1015.6;2615470.41;1245292.52;7.6434;47.358299
10851.099999999999;1015.5;2615470.64;1245291.96;7.643403;47.358294
10851.9;1015.5;2615471.4;1245291.86;7.643413;47.358293
10852.9;1015.9;2615472.38;1245292.08;7.643426;47.358295
10854;1015.9;2615473.44;1245292.19;7.64344;47.358296
10854.699999999999;1016;2615474.12;1245291.97;7.643449;47.358294
10855.599999999999;1016;2615474.95;1245291.64;7.64346;47.358291
10857.199999999999;1016.2;2615476.54;1245291.31;7.643481;47.358288
10859.099999999999;1016.3;2615478.43;1245291.32;7.643506;47.358288
10860.4;1016.3;2615479.79;1245291.43;7.643524;47.358289
10861;1016.6;2615480.39;1245291.43;7.643532;47.358289
10862;1016.6;2615481.37;1245291.44;7.643545;47.358289
10863.099999999999;1016.9;2615482.43;1245291.55;7.643559;47.35829
10864.099999999999;1016.9;2615483.49;1245291.55;7.643573;47.35829
10865;1017.2;2615484.32;1245291.44;7.643584;47.358289
10865.8;1017.2;2615485.15;1245291.22;7.643595;47.358287
10866.8;1017.3;2615486.06;1245291.12;7.643607;47.358286
10867.8;1017.3;2615487.11;1245291.12;7.643621;47.358286
10868.599999999999;1017.3;2615487.87;1245291.45;7.643631;47.358289
10869.699999999999;1017.5;2615488.85;1245291.9;7.643644;47.358293
10870.699999999999;1017.4;2615489.68;1245292.35;7.643655;47.358297
10871.8;1017.7;2615490.66;1245292.91;7.643668;47.358302
10872.699999999999;1017.7;2615491.49;1245293.24;7.643679;47.358305
10873.8;1018;2615492.55;1245293.47;7.643693;47.358307
10875;1018;2615493.76;1245293.69;7.643709;47.358309
10876;1017.6;2615494.66;1245294.03;7.643721;47.358312
10877;1017.6;2615495.72;1245294.14;7.643735;47.358313
10879.4;1017.5;2615498.06;1245294.04;7.643766;47.358312
10880.5;1018.1;2615499.12;1245293.71;7.64378;47.358309
10881.699999999999;1018.1;2615500.33;1245293.49;7.643796;47.358307
10883.3;1018.1;2615501.92;1245293.6;7.643817;47.358308
10884;1018.2;2615502.6;1245293.6;7.643826;47.358308
10885;1018.2;2615503.65;1245293.5;7.64384;47.358307
10886.099999999999;1017.7;2615504.64;1245293.05;7.643853;47.358303
10887.199999999999;1017.7;2615505.62;1245292.72;7.643866;47.3583
10888.199999999999;1017.2;2615506.6;1245292.5;7.643879;47.358298
10889.099999999999;1017.2;2615507.58;1245292.51;7.643892;47.358298
10890.699999999999;1017.1;2615509.09;1245292.62;7.643912;47.358299
10892.5;1017.3;2615510.91;1245292.96;7.643936;47.358302
10893.699999999999;1017.5;2615512.12;1245292.96;7.643952;47.358302
10895.099999999999;1017.5;2615513.48;1245292.97;7.64397;47.358302
10896.4;1017.4;2615514.76;1245293.19;7.643987;47.358304
10897.599999999999;1017.4;2615515.97;1245293.31;7.644003;47.358305
10898.8;1017.1;2615517.18;1245293.31;7.644019;47.358305
10900.199999999999;1016.8;2615518.54;1245293.42;7.644037;47.358306
10901.4;1016.8;2615519.74;1245293.76;7.644053;47.358309
10902.699999999999;1016.5;2615521.03;1245293.87;7.64407;47.35831
10903.9;1016.4;2615522.24;1245293.77;7.644086;47.358309
10905.099999999999;1016.4;2615523.37;1245293.44;7.644101;47.358306
10906.3;1016.2;2615524.43;1245292.99;7.644115;47.358302
10907.4;1016.2;2615525.49;1245293.33;7.644129;47.358305
10908.699999999999;1016.2;2615526.77;1245293.78;7.644146;47.358309
10909.8;1015.9;2615527.83;1245294.11;7.64416;47.358312
10911.099999999999;1016;2615529.03;1245294.45;7.644176;47.358315
10912.4;1016;2615530.32;1245294.68;7.644193;47.358317
10913.599999999999;1016;2615531.53;1245294.79;7.644209;47.358318
10914.8;1015.7;2615532.66;1245295.13;7.644224;47.358321
10916.3;1015.7;2615534.09;1245295.69;7.644243;47.358326
10917.699999999999;1015.1;2615535.3;1245296.36;7.644259;47.358332
10919;1015.1;2615536.43;1245296.92;7.644274;47.358337
10920.199999999999;1015.1;2615537.64;1245297.14;7.64429;47.358339
10921.599999999999;1015.1;2615539;1245297.15;7.644308;47.358339
10922.8;1015.2;2615540.21;1245297.04;7.644324;47.358338
10923.9;1015.2;2615541.27;1245296.71;7.644338;47.358335
10925.3;1015.3;2615542.63;1245296.49;7.644356;47.358333
10926.599999999999;1015.3;2615543.99;1245296.71;7.644374;47.358335
10927.599999999999;1015.3;2615544.89;1245297.05;7.644386;47.358338
10928.9;1015;2615546.18;1245297.39;7.644403;47.358341
10930.199999999999;1015;2615547.38;1245297.72;7.644419;47.358344
10931.5;1015.5;2615548.59;1245298.28;7.644435;47.358349
10932.699999999999;1015.5;2615549.65;1245298.84;7.644449;47.358354
10933.8;1015.3;2615550.55;1245299.51;7.644461;47.35836
10935;1015.8;2615551.46;1245300.29;7.644473;47.358367
10936;1015.6;2615552.36;1245300.74;7.644485;47.358371
10937.199999999999;1015.6;2615553.42;1245301.3;7.644499;47.358376
10939.4;1015.5;2615555.53;1245301.86;7.644527;47.358381
10940.599999999999;1015;2615556.67;1245302.2;7.644542;47.358384
10941.8;1015;2615557.8;1245302.64;7.644557;47.358388
10943.099999999999;1015.4;2615559.01;1245303.09;7.644573;47.358392
10944.099999999999;1015.4;2615559.91;1245303.43;7.644585;47.358395
10945.9;1015.6;2615561.65;1245303.99;7.644608;47.3584
10947;1015.1;2615562.7;1245304.21;7.644622;47.358402
10948;1015.1;2615563.69;1245304.55;7.644635;47.358405
10949.199999999999;1015.9;2615564.74;1245305;7.644649;47.358409
10950.199999999999;1015.9;2615565.72;1245305.22;7.644662;47.358411
10951.5;1016.5;2615566.93;1245305.78;7.644678;47.358416
10952.5;1015;2615567.76;1245306.34;7.644689;47.358421
10953.5;1015.7;2615568.74;1245306.23;7.644702;47.35842
10954.5;1015.7;2615569.8;1245306.23;7.644716;47.35842
10956.5;1016.7;2615571.61;1245306.9;7.64474;47.358426
10957.699999999999;1017.3;2615572.67;1245307.46;7.644754;47.358431
10959.099999999999;1015;2615574.03;1245308.02;7.644772;47.358436
10960.099999999999;1015;2615574.93;1245308.14;7.644784;47.358437
10961.199999999999;1015;2615575.99;1245308.47;7.644798;47.35844
10962.3;1016.1;2615577.12;1245308.59;7.644813;47.358441
10963.4;1016.2;2615578.26;1245308.48;7.644828;47.35844
10965.8;1016.2;2615580.6;1245308.37;7.644859;47.358439
10966.5;1016.2;2615581.35;1245308.38;7.644869;47.358439
10967.9;1016.1;2615582.71;1245308.27;7.644887;47.358438
10969;1016.1;2615583.77;1245308.05;7.644901;47.358436
10970.099999999999;1016.1;2615584.91;1245308.05;7.644916;47.358436
10972.3;1018;2615587.1;1245307.83;7.644945;47.358434
10974.599999999999;1018.3;2615589.36;1245307.51;7.644975;47.358431
10975.8;1018;2615590.57;1245307.51;7.644991;47.358431
10976.699999999999;1018;2615591.48;1245307.4;7.645003;47.35843
10978.9;1017.9;2615593.6;1245307.07;7.645031;47.358427
10980;1018.2;2615594.65;1245306.85;7.645045;47.358425
10981;1018.2;2615595.71;1245306.86;7.645059;47.358425
10982.199999999999;1017.8;2615596.92;1245306.75;7.645075;47.358424
10983.9;1017.5;2615598.58;1245306.42;7.645097;47.358421
10984.9;1017.5;2615599.57;1245306.31;7.64511;47.35842
10986.199999999999;1019.5;2615600.78;1245305.98;7.645126;47.358417
10988.699999999999;1019.5;2615603.27;1245305.65;7.645159;47.358414
10989.8;1019.6;2615604.4;1245305.54;7.645174;47.358413
10991;1019.6;2615605.54;1245305.44;7.645189;47.358412
10993.5;1019.8;2615608.03;1245305;7.645222;47.358408
10996;1019.4;2615610.52;1245305;7.645255;47.358408
10997.199999999999;1019.4;2615611.66;1245304.56;7.64527;47.358404
10999.8;1019.7;2615613.85;1245303.23;7.645299;47.358392
11001.099999999999;1019.2;2615615.06;1245302.79;7.645315;47.358388
11002.3;1018.8;2615616.27;1245302.35;7.645331;47.358384
11003.5;1018.8;2615617.41;1245302.02;7.645346;47.358381
11004.699999999999;1018.7;2615618.54;1245301.58;7.645361;47.358377
11006.099999999999;1018.7;2615619.9;1245301.36;7.645379;47.358375
11007.4;1018.7;2615621.19;1245301.25;7.645396;47.358374
11008.5;1018.8;2615622.32;1245301.26;7.645411;47.358374
11009.8;1018.8;2615623.6;1245301.37;7.645428;47.358375
11011.099999999999;1019.1;2615624.89;1245301.37;7.645445;47.358375
11012.4;1018.7;2615626.17;1245301.04;7.645462;47.358372
11013.699999999999;1018.7;2615627.31;1245300.49;7.645477;47.358367
11014.8;1018.4;2615628.29;1245299.94;7.64549;47.358362
11016;1018.4;2615629.28;1245299.38;7.645503;47.358357
11017.199999999999;1018.3;2615630.41;1245298.94;7.645518;47.358353
11018.4;1018.3;2615631.62;1245298.61;7.645534;47.35835
11021.099999999999;1017.8;2615634.19;1245297.73;7.645568;47.358342
11023.5;1017.7;2615636.46;1245297.29;7.645598;47.358338
11024.8;1017.7;2615637.74;1245297.07;7.645615;47.358336
11026;1017.7;2615638.95;1245297.3;7.645631;47.358338
11027.199999999999;1017.6;2615640.16;1245297.41;7.645647;47.358339
11028.5;1017.6;2615641.44;1245297.53;7.645664;47.35834
11029.599999999999;1017.6;2615642.58;1245297.64;7.645679;47.358341
11030.8;1017.6;2615643.71;1245297.53;7.645694;47.35834
11031.9;1017.5;2615644.84;1245297.42;7.645709;47.358339
11033;1017.5;2615645.98;1245297.43;7.645724;47.358339
11034.199999999999;1017.4;2615647.11;1245297.54;7.645739;47.35834
11035.4;1017.3;2615648.32;1245297.32;7.645755;47.358338
11038.4;1017;2615651.27;1245296.88;7.645794;47.358334
11040.199999999999;1016.7;2615653;1245297.22;7.645817;47.358337
11041.4;1016.5;2615654.29;1245297.11;7.645834;47.358336
11042.699999999999;1016.5;2615655.5;1245297.12;7.64585;47.358336
11044;1016.3;2615656.78;1245297.34;7.645867;47.358338
11045.3;1016;2615658.06;1245297.68;7.645884;47.358341
11047.199999999999;1015.6;2615659.72;1245298.57;7.645906;47.358349
11048.199999999999;1015.5;2615660.71;1245298.8;7.645919;47.358351
11049.4;1015.5;2615661.91;1245298.8;7.645935;47.358351
11050.599999999999;1015.2;2615663.12;1245298.69;7.645951;47.35835
11051.9;1015.1;2615664.41;1245298.36;7.645968;47.358347
11054.5;1014.8;2615666.98;1245298.04;7.646002;47.358344
11057.5;1014.7;2615669.92;1245298.49;7.646041;47.358348
11058.199999999999;1014.5;2615670.6;1245298.27;7.64605;47.358346
11059.4;1014.9;2615671.66;1245297.83;7.646064;47.358342
11060.599999999999;1014.8;2615672.87;1245297.61;7.64608;47.35834
11063.199999999999;1014.7;2615675.44;1245297.39;7.646114;47.358338
11064.5;1014.9;2615676.73;1245297.17;7.646131;47.358336
11066;1015.1;2615678.24;1245296.84;7.646151;47.358333
11066.9;1015.1;2615679.14;1245296.74;7.646163;47.358332
11068.199999999999;1015.2;2615680.43;1245296.63;7.64618;47.358331
11069.5;1015.2;2615681.64;1245296.41;7.646196;47.358329
11070.699999999999;1015.3;2615682.85;1245296.41;7.646212;47.358329
11073.3;1015.5;2615685.41;1245296.97;7.646246;47.358334
11075.199999999999;1015.4;2615687.23;1245297.42;7.64627;47.358338
11075.8;1015.4;2615687.75;1245297.76;7.646277;47.358341
11076.9;1015.4;2615688.89;1245297.98;7.646292;47.358343
11078.099999999999;1014.9;2615690.1;1245298.1;7.646308;47.358344
11079.199999999999;1014.9;2615691.15;1245298.21;7.646322;47.358345
11080.3;1015;2615692.21;1245298.33;7.646336;47.358346
11081.5;1015;2615693.42;1245298.22;7.646352;47.358345
11083;1015.1;2615694.93;1245298.11;7.646372;47.358344
11083.8;1015.1;2615695.69;1245298;7.646382;47.358343
11084.8;1016;2615696.67;1245297.78;7.646395;47.358341
11087;1016.1;2615698.71;1245297.01;7.646422;47.358334
11087.9;1016.1;2615699.62;1245296.9;7.646434;47.358333
11089;1016.2;2615700.75;1245296.79;7.646449;47.358332
11091.4;1016.4;2615703.17;1245296.91;7.646481;47.358333
11092.4;1016.4;2615704.15;1245296.8;7.646494;47.358332
11093.4;1016.4;2615705.13;1245296.69;7.646507;47.358331
11094.5;1016.2;2615706.19;1245296.36;7.646521;47.358328
11095.5;1016.2;2615707.17;1245296.14;7.646534;47.358326
11097.599999999999;1016.7;2615709.22;1245295.59;7.646561;47.358321
11098.8;1017;2615710.35;1245295.48;7.646576;47.35832
11099.599999999999;1017;2615711.1;1245295.71;7.646586;47.358322
11100.599999999999;1017.3;2615712.16;1245295.82;7.6466;47.358323
11101.699999999999;1017.3;2615713.22;1245295.94;7.646614;47.358324
11104;1017.6;2615715.56;1245295.94;7.646645;47.358324
11105.199999999999;1017;2615716.77;1245296.06;7.646661;47.358325
11106.8;1017.5;2615718.28;1245295.95;7.646681;47.358324
11107.199999999999;1017.5;2615718.73;1245295.95;7.646687;47.358324
11108;1017.5;2615719.49;1245295.84;7.646697;47.358323
11108.9;1017.5;2615720.32;1245295.51;7.646708;47.35832
11110.699999999999;1017.5;2615722.14;1245295.18;7.646732;47.358317
11111.599999999999;1017.5;2615723.04;1245295.29;7.646744;47.358318
11112.5;1017.5;2615723.95;1245295.3;7.646756;47.358318
11113.5;1017.6;2615724.86;1245295.08;7.646768;47.358316
11114.8;1017.7;2615726.14;1245294.75;7.646785;47.358313
11116.4;1017.7;2615727.57;1245295.42;7.646804;47.358319
11117.099999999999;1017.3;2615728.33;1245295.53;7.646814;47.35832
11118.199999999999;1017.3;2615729.39;1245295.65;7.646828;47.358321
11119.599999999999;1017.5;2615730.67;1245296.09;7.646845;47.358325
11120.599999999999;1017.5;2615731.65;1245296.54;7.646858;47.358329
11122;1017.5;2615732.93;1245296.88;7.646875;47.358332
11123.099999999999;1017.5;2615733.92;1245297.32;7.646888;47.358336
11124.099999999999;1017.5;2615734.9;1245297.66;7.646901;47.358339
11125.199999999999;1016.6;2615735.95;1245298.11;7.646915;47.358343
11126.3;1016.3;2615737.01;1245298.33;7.646929;47.358345
11127.8;1015.7;2615738.45;1245298.23;7.646948;47.358344
11128.699999999999;1015.7;2615739.35;1245298.12;7.64696;47.358343
11130.8;1016;2615741.47;1245298.12;7.646988;47.358343
11131.9;1016.3;2615742.6;1245298.13;7.647003;47.358343
11133;1016.3;2615743.66;1245298.13;7.647017;47.358343
11134.099999999999;1016.7;2615744.72;1245298.35;7.647031;47.358345
11135.699999999999;1016.6;2615746.38;1245298.58;7.647053;47.358347
11136.4;1016.6;2615747.06;1245298.47;7.647062;47.358346
11137.3;1016.6;2615747.96;1245298.58;7.647074;47.358347
11138.199999999999;1016.5;2615748.87;1245298.48;7.647086;47.358346
11139.3;1016.5;2615749.93;1245298.59;7.6471;47.358347
11140.4;1016.7;2615750.99;1245298.59;7.647114;47.358347
11141.5;1016.9;2615752.12;1245298.6;7.647129;47.358347
11143.099999999999;1016.9;2615753.71;1245298.6;7.64715;47.358347
11144.099999999999;1016.9;2615754.69;1245298.6;7.647163;47.358347
11145.099999999999;1016.9;2615755.67;1245298.61;7.647176;47.358347
11146.199999999999;1016.8;2615756.8;1245298.61;7.647191;47.358347
11147.3;1016.8;2615757.94;1245298.83;7.647206;47.358349
11148.4;1016.7;2615758.99;1245299.06;7.64722;47.358351
11149.699999999999;1016.6;2615760.2;1245299.4;7.647236;47.358354
11150.8;1016.6;2615761.33;1245299.62;7.647251;47.358356
11152.099999999999;1016.6;2615762.54;1245299.96;7.647267;47.358359
11153.099999999999;1016.1;2615763.45;1245300.4;7.647279;47.358363
11155.199999999999;1015.7;2615765.49;1245301.08;7.647306;47.358369
11156.4;1015.9;2615766.62;1245301.3;7.647321;47.358371
11157.5;1015.9;2615767.67;1245301.53;7.647335;47.358373
11158.599999999999;1015.9;2615768.73;1245301.86;7.647349;47.358376
11160.599999999999;1015.4;2615770.7;1245301.98;7.647375;47.358377
11161.699999999999;1015.4;2615771.75;1245301.54;7.647389;47.358373
11163.8;1015.3;2615773.79;1245301.32;7.647416;47.358371
11164.699999999999;1015.1;2615774.7;1245301.55;7.647428;47.358373
11165.699999999999;1015.1;2615775.68;1245301.33;7.647441;47.358371
11167.599999999999;1015.1;2615777.57;1245301.22;7.647466;47.35837
11168.599999999999;1015;2615778.55;1245301.22;7.647479;47.35837
11169.599999999999;1015;2615779.54;1245301;7.647492;47.358368
11170.599999999999;1015.2;2615780.52;1245301.01;7.647505;47.358368
11171.5;1015.2;2615781.5;1245301.01;7.647518;47.358368
11174.199999999999;1015;2615783.85;1245299.79;7.647549;47.358357
11175.099999999999;1015.1;2615784.75;1245299.57;7.647561;47.358355
11176.099999999999;1015.1;2615785.74;1245299.57;7.647574;47.358355
11177.199999999999;1014.9;2615786.79;1245299.8;7.647588;47.358357
11178;1015.1;2615787.62;1245300.02;7.647599;47.358359
11179;1014.9;2615788.53;1245299.92;7.647611;47.358358
11179.8;1014.9;2615789.14;1245299.36;7.647619;47.358353
11180.5;1014.9;2615789.74;1245298.92;7.647627;47.358349
11181.5;1014.8;2615790.65;1245298.59;7.647639;47.358346
11182.3;1014.8;2615791.18;1245298.03;7.647646;47.358341
11183.3;1013.7;2615792.09;1245297.48;7.647658;47.358336
11184.699999999999;1013.7;2615793.45;1245297.15;7.647676;47.358333
11186.3;1013.7;2615795.03;1245297.26;7.647697;47.358334
11187.699999999999;1013.5;2615796.47;1245297.38;7.647716;47.358335
11189.199999999999;1013.5;2615797.9;1245297.61;7.647735;47.358337
11190.4;1013.3;2615799.11;1245297.61;7.647751;47.358337
11191.699999999999;1013.2;2615800.4;1245297.5;7.647768;47.358336
11193.099999999999;1013.2;2615801.76;1245297.28;7.647786;47.358334
11194.199999999999;1013.4;2615802.82;1245296.95;7.6478;47.358331
11195.4;1013.4;2615803.95;1245296.51;7.647815;47.358327
11197.599999999999;1013.4;2615806.14;1245296.07;7.647844;47.358323
11198.8;1013.4;2615807.28;1245296.3;7.647859;47.358325
11200;1013.5;2615808.41;1245296.63;7.647874;47.358328
11201.3;1013.5;2615809.69;1245296.75;7.647891;47.358329
11202.5;1013.6;2615810.9;1245296.97;7.647907;47.358331
11203.8;1013.6;2615812.18;1245297.09;7.647924;47.358332
11204.9;1013.6;2615813.32;1245297.31;7.647939;47.358334
11206;1013.5;2615814.37;1245297.65;7.647953;47.358337
11207.199999999999;1013.5;2615815.51;1245297.87;7.647968;47.358339
11208.599999999999;1013.3;2615816.94;1245297.99;7.647987;47.35834
11209.599999999999;1013.3;2615817.92;1245297.88;7.648;47.358339
11212.199999999999;1013.4;2615820.42;1245297.44;7.648033;47.358335
11213.5;1013.4;2615821.7;1245297.56;7.64805;47.358336
11214.699999999999;1013.5;2615822.91;1245297.67;7.648066;47.358337
11217.599999999999;1014.1;2615825.78;1245298.12;7.648104;47.358341
11218.599999999999;1014.4;2615826.76;1245298.24;7.648117;47.358342
11219.699999999999;1014.4;2615827.82;1245298.69;7.648131;47.358346
11220.8;1014.4;2615828.88;1245298.91;7.648145;47.358348
11221.599999999999;1014.4;2615829.63;1245299.25;7.648155;47.358351
11222.3;1014.4;2615830.31;1245299.47;7.648164;47.358353
11222.9;1014.4;2615830.84;1245299.69;7.648171;47.358355
11223.599999999999;1014.4;2615831.52;1245299.81;7.64818;47.358356
11224.9;1014.7;2615832.8;1245300.14;7.648197;47.358359
11226;1014.7;2615833.78;1245300.48;7.64821;47.358362
11227.199999999999;1014.5;2615834.99;1245300.82;7.648226;47.358365
11229.9;1014.5;2615837.56;1245301.6;7.64826;47.358372
11232.199999999999;1015.2;2615839.59;1245302.72;7.648287;47.358382
11233.5;1015.1;2615840.8;1245303.17;7.648303;47.358386
11234.599999999999;1015.1;2615841.93;1245303.28;7.648318;47.358387
11237.099999999999;1014.8;2615844.35;1245303.18;7.64835;47.358386
11238.3;1014.8;2615845.56;1245303.07;7.648366;47.358385
11239.5;1014.8;2615846.77;1245303.18;7.648382;47.358386
11240.699999999999;1014.8;2615847.98;1245303.3;7.648398;47.358387
11242.5;1014.6;2615849.72;1245303.52;7.648421;47.358389
11243.3;1014.5;2615850.55;1245303.42;7.648432;47.358388
11244.5;1014.5;2615851.76;1245303.53;7.648448;47.358389
11245.699999999999;1014.3;2615852.89;1245303.76;7.648463;47.358391
11246.9;1014.1;2615854.17;1245303.76;7.64848;47.358391
11248.199999999999;1014.1;2615855.38;1245303.76;7.648496;47.358391
11249.099999999999;1013.8;2615856.36;1245303.88;7.648509;47.358392
11250.599999999999;1013.8;2615857.8;1245303.88;7.648528;47.358392
11251.5;1013.7;2615858.7;1245303.99;7.64854;47.358393
11252.699999999999;1013.7;2615859.91;1245304;7.648556;47.358393
11253.9;1013.5;2615861.05;1245303.78;7.648571;47.358391
11255.199999999999;1013.3;2615862.26;1245303.22;7.648587;47.358386
11256.5;1013.3;2615863.54;1245302.78;7.648604;47.358382
11257.8;1013.1;2615864.75;1245302.56;7.64862;47.35838
11259.5;1012.9;2615866.42;1245302.23;7.648642;47.358377
11260.199999999999;1012.9;2615867.17;1245302.24;7.648652;47.358377
11261.3;1012.9;2615868.15;1245302.68;7.648665;47.358381
11262.599999999999;1012.9;2615869.21;1245303.47;7.648679;47.358388
11263.8;1012.9;2615870.34;1245303.91;7.648694;47.358392
11265.099999999999;1013.9;2615871.55;1245304.14;7.64871;47.358394
11266.4;1013.6;2615872.83;1245304.36;7.648727;47.358396
11267.5;1013.6;2615873.96;1245304.48;7.648742;47.358397
11268.9;1013.5;2615875.32;1245304.7;7.64876;47.358399
11269.9;1013.5;2615876.23;1245305.15;7.648772;47.358403
11270.9;1013.5;2615877.21;1245305.15;7.648785;47.358403
11271.9;1013.6;2615878.19;1245305.05;7.648798;47.358402
11272.8;1013.6;2615879.1;1245304.94;7.64881;47.358401
11273.8;1013.6;2615880.08;1245305.05;7.648823;47.358402
11275.4;1013.6;2615881.67;1245304.61;7.648844;47.358398
11276;1013.7;2615882.27;1245304.72;7.648852;47.358399
11276.8;1013.7;2615882.95;1245305.17;7.648861;47.358403
11277.699999999999;1013.7;2615883.78;1245305.17;7.648872;47.358403
11278.699999999999;1013.8;2615884.84;1245305.29;7.648886;47.358404
11279.9;1013.8;2615885.97;1245305.4;7.648901;47.358405
11281.3;1013.8;2615887.33;1245305.74;7.648919;47.358408
11282.9;1014.3;2615888.92;1245306.08;7.64894;47.358411
11283.8;1014.3;2615889.82;1245306.19;7.648952;47.358412
11284.699999999999;1014.2;2615890.73;1245305.97;7.648964;47.35841
11285.699999999999;1014.2;2615891.71;1245305.97;7.648977;47.35841
11286.9;1014.6;2615892.85;1245306.09;7.648992;47.358411
11287.9;1014.6;2615893.83;1245306.2;7.649005;47.358412
11288.8;1014.3;2615894.81;1245306.09;7.649018;47.358411
11290;1014.3;2615895.95;1245305.76;7.649033;47.358408
11291.199999999999;1014.3;2615897;1245305.21;7.649047;47.358403
11292.3;1014.2;2615898.06;1245305.1;7.649061;47.358402
11293.4;1014.2;2615899.2;1245305.1;7.649076;47.358402
11294.5;1014.1;2615900.25;1245305.22;7.64909;47.358403
11296.3;1014.3;2615902.07;1245305.44;7.649114;47.358405
11297.099999999999;1014.3;2615902.9;1245305.56;7.649125;47.358406
11298.099999999999;1014.3;2615903.88;1245305.34;7.649138;47.358404
11299;1014.3;2615904.71;1245305.45;7.649149;47.358405
11300;1014.3;2615905.69;1245305.68;7.649162;47.358407
11302;1014.5;2615907.66;1245305.79;7.649188;47.358408
11302.8;1014.8;2615908.49;1245305.91;7.649199;47.358409
11303.9;1014.8;2615909.54;1245305.91;7.649213;47.358409
11305;1014.8;2615909.92;1245304.8;7.649218;47.358399
11306.099999999999;1014.8;2615909.02;1245304.24;7.649206;47.358394
11306.4;1014.8;2615909.32;1245304.13;7.64921;47.358393
11306.9;1014.8;2615909.77;1245304.13;7.649216;47.358393
11307.199999999999;1014.9;2615910.15;1245304.13;7.649221;47.358393
11307.599999999999;1014.9;2615910.45;1245304.24;7.649225;47.358394
11307.8;1014.9;2615910.68;1245304.35;7.649228;47.358395
11307.9;1014.9;2615910.76;1245304.35;7.649229;47.358395
11308;1014.9;2615910.76;1245304.24;7.649229;47.358394
11308.099999999999;1014.9;2615910.76;1245304.13;7.649229;47.358393
11308.199999999999;1014.9;2615910.83;1245304.13;7.64923;47.358393
11308.3;1014.9;2615910.91;1245304.02;7.649231;47.358392
11308.5;1014.9;2615910.98;1245304.13;7.649232;47.358393
11309.3;1014.9;2615911.74;1245304.36;7.649242;47.358395
11310.3;1015.2;2615912.8;1245304.36;7.649256;47.358395
11311.4;1015.2;2615913.85;1245304.36;7.64927;47.358395
11312.599999999999;1015.3;2615915.06;1245304.37;7.649286;47.358395
11313.4;1015.3;2615915.74;1245304.81;7.649295;47.358399
11314.199999999999;1015.4;2615916.57;1245305.04;7.649306;47.358401
11314.8;1015.4;2615917.1;1245305.26;7.649313;47.358403
11316;1015.7;2615918.08;1245305.93;7.649326;47.358409
11317.5;1014.4;2615919.52;1245306.16;7.649345;47.358411
11318.8;1014.5;2615920.8;1245306.38;7.649362;47.358413
11320;1014.6;2615922.01;1245306.72;7.649378;47.358416
11321.099999999999;1014.6;2615923.06;1245306.72;7.649392;47.358416
11322;1014.6;2615923.97;1245307.06;7.649404;47.358419
11323.8;1014.9;2615925.71;1245307.29;7.649427;47.358421
11324.599999999999;1015.2;2615926.23;1245307.84;7.649434;47.358426
11326;1013.6;2615927.59;1245308.18;7.649452;47.358429
11327.3;1013.7;2615928.88;1245308.29;7.649469;47.35843
11328.699999999999;1015.8;2615930.16;1245307.74;7.649486;47.358425
11329.8;1015.8;2615931.15;1245307.19;7.649499;47.35842
11331;1016.1;2615932.28;1245306.86;7.649514;47.358417
11332.099999999999;1016.1;2615933.41;1245306.97;7.649529;47.358418
11334.099999999999;1016.6;2615935.38;1245306.98;7.649555;47.358418
11335.3;1016.8;2615936.51;1245306.54;7.64957;47.358414
11336.5;1016.8;2615937.65;1245306.21;7.649585;47.358411
11337.699999999999;1016.9;2615938.86;1245306.1;7.649601;47.35841
11338.699999999999;1016.9;2615939.84;1245306.21;7.649614;47.358411
11339.5;1017.2;2615940.67;1245306.32;7.649625;47.358412
11340.599999999999;1017.2;2615941.8;1245306.33;7.64964;47.358412
11341.5;1017;2615942.63;1245306.66;7.649651;47.358415
11342.8;1017;2615943.69;1245307.44;7.649665;47.358422
11343.9;1016.6;2615944.52;1245308.11;7.649676;47.358428
11344.9;1016.6;2615945.27;1245308.78;7.649686;47.358434
11345.9;1016.7;2615946.18;1245309.12;7.649698;47.358437
11347.099999999999;1016.7;2615947.38;1245309.12;7.649714;47.358437
11348.8;1016.9;2615949.05;1245309.13;7.649736;47.358437
11349.3;1016.9;2615949.58;1245309.13;7.649743;47.358437
11350.4;1017.2;2615950.63;1245309.35;7.649757;47.358439
11351.4;1017.2;2615951.69;1245309.58;7.649771;47.358441
11352.599999999999;1017.3;2615952.82;1245309.8;7.649786;47.358443
11353.8;1016.9;2615953.96;1245310.03;7.649801;47.358445
11355;1017.2;2615955.16;1245310.03;7.649817;47.358445
11356.699999999999;1017.4;2615956.82;1245310.59;7.649839;47.35845
11357.5;1017.4;2615957.58;1245310.82;7.649849;47.358452
11358.699999999999;1017.7;2615958.71;1245311.04;7.649864;47.358454
11359.8;1017.7;2615959.77;1245311.38;7.649878;47.358457
11361.099999999999;1017.8;2615961.05;1245311.72;7.649895;47.35846
11362.3;1017.3;2615962.26;1245311.83;7.649911;47.358461
11363.5;1017.3;2615963.47;1245311.83;7.649927;47.358461
11364.699999999999;1017.5;2615964.6;1245312.06;7.649942;47.358463
11365.9;1017.5;2615965.81;1245312.4;7.649958;47.358466
11366.9;1017.4;2615966.72;1245312.73;7.64997;47.358469
11368;1017.4;2615967.85;1245312.96;7.649985;47.358471
11369.3;1017.1;2615969.06;1245313.07;7.650001;47.358472
11370.3;1016.4;2615970.04;1245313.3;7.650014;47.358474
11371.3;1016.4;2615971.02;1245313.63;7.650027;47.358477
11372.4;1015.7;2615972.08;1245313.97;7.650041;47.35848
11373.599999999999;1017.1;2615973.28;1245314.2;7.650057;47.358482
11374.5;1017.1;2615974.11;1245314.53;7.650068;47.358485
11375.5;1017.1;2615975.02;1245314.87;7.65008;47.358488
11376.699999999999;1016.9;2615976.08;1245315.31;7.650094;47.358492
11377.8;1016.9;2615977.13;1245315.65;7.650108;47.358495
11379;1017.1;2615978.27;1245316.1;7.650123;47.358499
11380.199999999999;1017.1;2615979.47;1245316.32;7.650139;47.358501
11382;1016.9;2615981.21;1245316.66;7.650162;47.358504
11382.8;1016.9;2615981.96;1245317;7.650172;47.358507
11384.099999999999;1016.3;2615983.17;1245317.56;7.650188;47.358512
11385.4;1016.9;2615984.3;1245318.12;7.650203;47.358517
11386.699999999999;1016.9;2615985.44;1245318.79;7.650218;47.358523
11388;1016.4;2615986.64;1245319.23;7.650234;47.358527
11389.3;1016.4;2615987.85;1245319.79;7.65025;47.358532
11390.9;1016.8;2615989.36;1245320.02;7.65027;47.358534
11391.599999999999;1016.9;2615990.12;1245320.13;7.65028;47.358535
11392.599999999999;1016.9;2615991.1;1245320.36;7.650293;47.358537
11394.9;1016.5;2615992.98;1245321.7;7.650318;47.358549
11396;1016.4;2615993.96;1245322.14;7.650331;47.358553
11397;1016.4;2615994.94;1245322.37;7.650344;47.358555
11398.199999999999;1016.4;2615996.15;1245322.48;7.65036;47.358556
11399.4;1016.4;2615997.29;1245322.82;7.650375;47.358559
11400.599999999999;1016.2;2615998.42;1245323.16;7.65039;47.358562
11401.699999999999;1016.2;2615999.47;1245323.6;7.650404;47.358566
11402.9;1016.5;2616000.53;1245324.16;7.650418;47.358571
11404.099999999999;1016.5;2616001.51;1245324.72;7.650431;47.358576
11405.199999999999;1016.6;2616002.57;1245325.17;7.650445;47.35858
11406.4;1016.6;2616003.55;1245325.84;7.650458;47.358586
11407.599999999999;1017.1;2616004.53;1245326.51;7.650471;47.358592
11408.5;1017.1;2616005.43;1245326.73;7.650483;47.358594
11410.8;1017.4;2616007.7;1245327.07;7.650513;47.358597
11412;1017.8;2616008.91;1245327.19;7.650529;47.358598
11413.199999999999;1017.8;2616010.04;1245327.41;7.650544;47.3586
11414.199999999999;1017.8;2616011.02;1245327.75;7.650557;47.358603
11416.199999999999;1018;2616012.76;1245328.75;7.65058;47.358612
11417.199999999999;1018;2616013.66;1245329.09;7.650592;47.358615
11418.099999999999;1018;2616014.57;1245329.2;7.650604;47.358616
11419.199999999999;1018;2616015.63;1245329.21;7.650618;47.358616
11419.9;1017.9;2616016.38;1245329.32;7.650628;47.358617
11420.9;1017.9;2616017.29;1245329.55;7.65064;47.358619
11421.8;1017.7;2616018.12;1245329.88;7.650651;47.358622
11422.3;1016.1;2616018.57;1245330.1;7.650657;47.358624
11423;1016.1;2616019.25;1245330.33;7.650666;47.358626
11423.699999999999;1016.1;2616019.93;1245330.44;7.650675;47.358627
11425.3;1016.6;2616021.59;1245330.45;7.650697;47.358627
11426;1017.6;2616022.27;1245330.23;7.650706;47.358625
11426.8;1017.6;2616022.95;1245330.01;7.650715;47.358623
11427.599999999999;1017.6;2616023.56;1245330.56;7.650723;47.358628
11428.4;1017.1;2616024.01;1245331.23;7.650729;47.358634
11429.199999999999;1017.1;2616024.76;1245331.46;7.650739;47.358636
11429.9;1017.1;2616025.44;1245331.57;7.650748;47.358637
11430.599999999999;1017.6;2616026.2;1245331.68;7.650758;47.358638
11431.199999999999;1017.6;2616026.8;1245331.79;7.650766;47.358639
11431.8;1017.6;2616027.33;1245331.91;7.650773;47.35864
11432.199999999999;1014.1;2616027.71;1245332.13;7.650778;47.358642
11432.4;1014.1;2616027.86;1245332.13;7.65078;47.358642
11432.8;1014.7;2616028.23;1245332.35;7.650785;47.358644
11433.5;1014.7;2616028.91;1245332.58;7.650794;47.358646
11434.199999999999;1014.7;2616029.59;1245332.58;7.650803;47.358646
11435.199999999999;1013.5;2616030.5;1245333.03;7.650815;47.35865
11436.3;1013.5;2616031.56;1245332.92;7.650829;47.358649
11437.9;1010.2;2616033.14;1245333.03;7.65085;47.35865
11438.699999999999;1010.2;2616033.97;1245333.15;7.650861;47.358651
11440.3;1007.8;2616035.49;1245332.71;7.650881;47.358647
11441.099999999999;1005.8;2616036.24;1245332.38;7.650891;47.358644
11442.3;1005.8;2616037.38;1245332.16;7.650906;47.358642
11443.099999999999;1010.3;2616038.13;1245331.94;7.650916;47.35864
11444.8;1010.3;2616039.87;1245331.83;7.650939;47.358639
11445.699999999999;1004.5;2616040.7;1245332.17;7.65095;47.358642
11446.599999999999;1004.5;2616041.61;1245332.28;7.650962;47.358643
11447.699999999999;1003.5;2616042.66;1245332.28;7.650976;47.358643
11448.699999999999;1003.5;2616043.72;1245332.51;7.65099;47.358645
11450.599999999999;1002.1;2616045.61;1245332.51;7.651015;47.358645
11452;1000.8;2616046.9;1245332.18;7.651032;47.358642
11452.699999999999;1002.5;2616047.58;1245331.96;7.651041;47.35864
11453.3;1001.5;2616048.18;1245331.85;7.651049;47.358639
11453.8;1001.5;2616048.71;1245331.85;7.651056;47.358639
11454.4;1001.5;2616049.31;1245331.97;7.651064;47.35864
11455.3;1000.6;2616050.15;1245331.86;7.651075;47.358639
11456.099999999999;1000.6;2616050.9;1245331.53;7.651085;47.358636
11456.9;1000.6;2616051.66;1245331.42;7.651095;47.358635
11457.5;999.9;2616052.26;1245331.2;7.651103;47.358633
11458.3;999.9;2616053.02;1245331.31;7.651113;47.358634
11458.9;999.9;2616053.62;1245331.31;7.651121;47.358634
11459.9;998.9;2616054.6;1245331.42;7.651134;47.358635
11460;998.9;2616054.68;1245331.31;7.651135;47.358634
11460.4;998.9;2616055.06;1245331.43;7.65114;47.358635
11460.8;998.9;2616055.43;1245331.43;7.651145;47.358635
11461.599999999999;998.9;2616055.74;1245330.65;7.651149;47.358628
11462.699999999999;999.6;2616055.82;1245329.54;7.65115;47.358618
11464.3;999.6;2616054.91;1245328.2;7.651138;47.358606
11466.699999999999;1001.1;2616052.95;1245326.86;7.651112;47.358594
11467.9;1002.3;2616051.97;1245326.19;7.651099;47.358588
11469.5;1002.2;2616050.62;1245325.41;7.651081;47.358581
11471;1003.4;2616049.26;1245324.63;7.651063;47.358574
11472.5;1004.4;2616047.98;1245323.85;7.651046;47.358567
11473.8;1004.4;2616046.92;1245323.07;7.651032;47.35856
11474.9;1004.4;2616046.17;1245322.29;7.651022;47.358553
11475.699999999999;1003.7;2616046.09;1245321.51;7.651021;47.358546
11476.3;1003.7;2616046.4;1245320.95;7.651025;47.358541
11477.3;1003.7;2616047.23;1245320.4;7.651036;47.358536
11478.3;1002.9;2616048.21;1245320.29;7.651049;47.358535
11480.4;1001.7;2616050.25;1245319.96;7.651076;47.358532
11481.199999999999;1001.7;2616051.08;1245319.85;7.651087;47.358531
11482.8;1001;2616052.67;1245319.97;7.651108;47.358532
11483.4;1001;2616053.05;1245319.52;7.651113;47.358528
11483.9;1001;2616052.97;1245319.08;7.651112;47.358524
11484.4;1001;2616053.35;1245318.64;7.651117;47.35852
11485.3;1000.1;2616054.11;1245318.3;7.651127;47.358517
11486.4;999.7;2616055.17;1245317.97;7.651141;47.358514
11487.699999999999;998.8;2616056.45;1245317.75;7.651158;47.358512
11489;999.1;2616057.66;1245318.2;7.651174;47.358516
11490.3;998.3;2616058.94;1245318.65;7.651191;47.35852
11490.9;998.3;2616059.55;1245318.65;7.651199;47.35852
11491.8;997.4;2616060.38;1245318.54;7.65121;47.358519
11492.4;997.4;2616060.98;1245318.43;7.651218;47.358518
11493.099999999999;997.4;2616061.59;1245318.1;7.651226;47.358515
11494;996.7;2616062.2;1245317.44;7.651234;47.358509
11495.199999999999;996.7;2616063.11;1245316.55;7.651246;47.358501
11495.5;996.7;2616063.33;1245316.66;7.651249;47.358502
11496;996.7;2616063.64;1245316.22;7.651253;47.358498
11496.699999999999;995.9;2616064.09;1245315.77;7.651259;47.358494
11497.199999999999;995.9;2616064.62;1245315.55;7.651266;47.358492
11498.099999999999;996.1;2616065.22;1245316.22;7.651274;47.358498
11498.8;996.1;2616065.9;1245316.11;7.651283;47.358497
11499.199999999999;995.5;2616066.2;1245316;7.651287;47.358496
11499.699999999999;995.2;2616066.58;1245315.56;7.651292;47.358492
11499.699999999999;995.2;2616066.58;1245315.56;7.651292;47.358492
11500.5;995.2;2616067.34;1245315.45;7.651302;47.358491
11501.5;994.5;2616068.32;1245315.23;7.651315;47.358489
11502.199999999999;994.5;2616068.55;1245314.56;7.651318;47.358483
11503.3;994.8;2616067.65;1245313.89;7.651306;47.358477
11504.4;994.8;2616067.12;1245313;7.651299;47.358469
11505.3;994.8;2616066.82;1245312.11;7.651295;47.358461
11506.099999999999;994.3;2616066.75;1245311.33;7.651294;47.358454
11507;994.3;2616066.29;1245310.55;7.651288;47.358447
11507.9;994;2616066.07;1245309.66;7.651285;47.358439
11508.699999999999;994;2616066.37;1245308.89;7.651289;47.358432
11509.599999999999;994;2616066.98;1245308.22;7.651297;47.358426
11510.599999999999;994.3;2616067.74;1245307.67;7.651307;47.358421
11511.4;994.3;2616067.97;1245306.89;7.65131;47.358414
11512.3;994.3;2616067.59;1245306.11;7.651305;47.358407
11513.099999999999;993.9;2616067.37;1245305.33;7.651302;47.3584
11513.599999999999;993.9;2616067.52;1245304.78;7.651304;47.358395
11515.3;993.2;2616068.81;1245303.67;7.651321;47.358385
11516.3;993.2;2616069.41;1245302.89;7.651329;47.358378
11517;993.2;2616069.79;1245302.34;7.651334;47.358373
11517.8;992.7;2616070.4;1245301.89;7.651342;47.358369
11518.5;992.7;2616071.15;1245301.78;7.651352;47.358368
11519.5;992.5;2616072.14;1245301.9;7.651365;47.358369
11520.3;992.5;2616072.89;1245301.9;7.651375;47.358369
11521.099999999999;992.5;2616073.42;1245301.23;7.651382;47.358363
11522.599999999999;992.3;2616073.88;1245299.79;7.651388;47.35835
11523.4;991.8;2616074.18;1245299.12;7.651392;47.358344
11524.599999999999;991.8;2616075.02;1245298.24;7.651403;47.358336
11525.8;991.8;2616075.92;1245297.46;7.651415;47.358329
11527;991.4;2616076.83;1245296.68;7.651427;47.358322
11528.3;991;2616078.04;1245296.24;7.651443;47.358318
11529.599999999999;990.9;2616079.33;1245295.91;7.65146;47.358315
11530.9;990.6;2616080.61;1245295.69;7.651477;47.358313
11532.199999999999;990.6;2616081.9;1245295.59;7.651494;47.358312
11534.599999999999;989.8;2616084.32;1245295.26;7.651526;47.358309
11535.8;989.8;2616085.53;1245295.15;7.651542;47.358308
11537.099999999999;989.4;2616086.81;1245295.04;7.651559;47.358307
11538.5;989.1;2616088.17;1245294.71;7.651577;47.358304
11539.9;989.1;2616089.53;1245294.27;7.651595;47.3583
11541.599999999999;988.6;2616091.04;1245293.72;7.651615;47.358295
11542.8;988.4;2616092.1;1245293.06;7.651629;47.358289
11544.199999999999;988.4;2616093.24;1245292.28;7.651644;47.358282
11545.599999999999;988.3;2616094.45;1245291.62;7.65166;47.358276
11546.9;988.3;2616095.58;1245290.95;7.651675;47.35827
11548.4;988.2;2616096.87;1245290.18;7.651692;47.358263
11549.8;988.4;2616098.01;1245289.4;7.651707;47.358256
11552.099999999999;988.6;2616099.6;1245287.74;7.651728;47.358241
11553.099999999999;988.7;2616100.43;1245287.19;7.651739;47.358236
11554.099999999999;988.7;2616101.34;1245286.63;7.651751;47.358231
11555.199999999999;988.7;2616102.32;1245286.08;7.651764;47.358226
11556.4;988.9;2616103.38;1245285.53;7.651778;47.358221
11557.599999999999;989;2616104.44;1245285.09;7.651792;47.358217
11559.199999999999;989;2616105.8;1245284.31;7.65181;47.35821
11559.8;989.3;2616106.18;1245283.76;7.651815;47.358205
11560.9;989.3;2616106.86;1245282.98;7.651824;47.358198
11562.099999999999;989.6;2616107.55;1245281.98;7.651833;47.358189
11563.199999999999;989.8;2616108.23;1245281.09;7.651842;47.358181
11564.4;989.8;2616109.06;1245280.21;7.651853;47.358173
11565.5;989.9;2616109.89;1245279.54;7.651864;47.358167
11566.5;990;2616110.8;1245279.1;7.651876;47.358163
11567.8;990.1;2616112.09;1245278.88;7.651893;47.358161
11568.9;990.1;2616113.14;1245279.11;7.651907;47.358163
11570.3;990.1;2616114.5;1245279.44;7.651925;47.358166
11571.599999999999;990.1;2616115.79;1245279.78;7.651942;47.358169
11572.9;990.2;2616116.99;1245280.12;7.651958;47.358172
11574.3;990.2;2616118.35;1245280.45;7.651976;47.358175
11575.599999999999;990.2;2616119.71;1245280.68;7.651994;47.358177
11577.3;990.3;2616121.37;1245280.91;7.652016;47.358179
11578.4;990.3;2616122.51;1245281.02;7.652031;47.35818
11579.699999999999;990.3;2616123.79;1245281.25;7.652048;47.358182
11581.099999999999;990.3;2616125.15;1245281.47;7.652066;47.358184
11582.5;990.4;2616126.51;1245281.59;7.652084;47.358185
11583.9;990.4;2616127.87;1245281.81;7.652102;47.358187
11585.199999999999;990.4;2616129.23;1245282.04;7.65212;47.358189
11587.199999999999;990.4;2616131.19;1245282.27;7.652146;47.358191
11588;990.4;2616131.95;1245282.16;7.652156;47.35819
11589.099999999999;990.4;2616133.08;1245282.05;7.652171;47.358189
11590.199999999999;990.4;2616134.14;1245282.05;7.652185;47.358189
11591.3;990.4;2616135.27;1245282.06;7.6522;47.358189
11592.5;990.4;2616136.48;1245282.17;7.652216;47.35819
11593.699999999999;990.4;2616137.69;1245282.17;7.652232;47.35819
11595.4;990.4;2616139.35;1245281.84;7.652254;47.358187
11596.199999999999;990.3;2616140.11;1245281.62;7.652264;47.358185
11597.4;990.3;2616141.24;1245281.63;7.652279;47.358185
11598.5;990.3;2616142.37;1245281.63;7.652294;47.358185
11599.599999999999;990.3;2616143.43;1245281.86;7.652308;47.358187
11600.5;990.3;2616144.34;1245282.19;7.65232;47.35819
11601.4;990.3;2616145.17;1245282.42;7.652331;47.358192
11603.3;990.3;2616146.98;1245282.98;7.652355;47.358197
11604.4;990.2;2616148.04;1245283.42;7.652369;47.358201
11605.599999999999;990.2;2616149.17;1245283.76;7.652384;47.358204
11606.699999999999;990.2;2616150.23;1245283.88;7.652398;47.358205
11608;990.2;2616151.51;1245283.88;7.652415;47.358205
11610.5;990.2;2616154.08;1245283.89;7.652449;47.358205
11612;990.1;2616155.51;1245284.11;7.652468;47.358207
11613;990.2;2616156.5;1245284.34;7.652481;47.358209
11614.199999999999;990.2;2616157.7;1245284.56;7.652497;47.358211
11615.599999999999;990.2;2616159.06;1245284.79;7.652515;47.358213
11616.9;990.2;2616160.35;1245284.9;7.652532;47.358214
11618.3;990.2;2616161.71;1245284.8;7.65255;47.358213
11619.699999999999;990.2;2616163.14;1245284.91;7.652569;47.358214
11621.3;990.2;2616164.73;1245284.92;7.65259;47.358214
11622.5;990.2;2616165.94;1245284.92;7.652606;47.358214
11623.8;990.2;2616167.22;1245285.14;7.652623;47.358216
11625.199999999999;990.1;2616168.58;1245285.26;7.652641;47.358217
11626.5;990.1;2616169.94;1245285.26;7.652659;47.358217
11628.099999999999;990.2;2616171.53;1245285.27;7.65268;47.358217
11629.5;990.2;2616172.89;1245285.27;7.652698;47.358217
11631.5;990.2;2616174.93;1245285.39;7.652725;47.358218
11632.3;990.2;2616175.76;1245285.39;7.652736;47.358218
11633.699999999999;990.2;2616177.12;1245285.39;7.652754;47.358218
11635.199999999999;990.3;2616178.63;1245285.4;7.652774;47.358218
11636.599999999999;990.3;2616179.99;1245285.51;7.652792;47.358219
11638.099999999999;990.3;2616181.5;1245285.74;7.652812;47.358221
11640.8;990.4;2616184.22;1245285.97;7.652848;47.358223
11642.099999999999;990.1;2616185.5;1245286.08;7.652865;47.358224
11643.5;990.4;2616186.86;1245285.98;7.652883;47.358223
11644.9;990.4;2616188.3;1245285.98;7.652902;47.358223
11646.4;990.3;2616189.73;1245286.1;7.652921;47.358224
11647.699999999999;990.4;2616191.09;1245286.1;7.652939;47.358224
11649.099999999999;990.5;2616192.45;1245286.21;7.652957;47.358225
11650.4;990.5;2616193.81;1245286.22;7.652975;47.358225
11652;990.6;2616195.4;1245286.33;7.652996;47.358226
11653.199999999999;990.7;2616196.53;1245286.22;7.653011;47.358225
11654.5;990.7;2616197.89;1245286.23;7.653029;47.358225
11656;990.8;2616199.4;1245286.12;7.653049;47.358224
11657.4;990.9;2616200.76;1245286.13;7.653067;47.358224
11658.8;990.9;2616202.2;1245286.13;7.653086;47.358224
11660.3;990.9;2616203.63;1245286.13;7.653105;47.358224
11662.5;991;2616205.82;1245286.14;7.653134;47.358224
11663.4;991.1;2616206.73;1245286.14;7.653146;47.358224
11666.3;991.2;2616209.68;1245286.15;7.653185;47.358224
11667.8;991.3;2616211.11;1245286.04;7.653204;47.358223
11669;991.4;2616212.4;1245286.05;7.653221;47.358223
11670.5;991.4;2616213.83;1245286.16;7.65324;47.358224
11671.8;991.5;2616215.19;1245286.16;7.653258;47.358224
11674.599999999999;991.6;2616217.99;1245286.39;7.653295;47.358226
11677.599999999999;991.8;2616220.93;1245286.85;7.653334;47.35823
11679.099999999999;991.9;2616222.37;1245287.07;7.653353;47.358232
11680.5;991.9;2616223.8;1245287.19;7.653372;47.358233
11681.9;992.1;2616225.16;1245287.19;7.65339;47.358233
11683.3;992.2;2616226.6;1245287.31;7.653409;47.358234
11684.8;992.4;2616228.03;1245287.53;7.653428;47.358236
11686.3;992.4;2616229.54;1245287.76;7.653448;47.358238
11687.8;992.5;2616230.98;1245287.99;7.653467;47.35824
11689.199999999999;992.6;2616232.41;1245287.99;7.653486;47.35824
11690.599999999999;992.6;2616233.85;1245287.99;7.653505;47.35824
11692;992.7;2616235.21;1245287.89;7.653523;47.358239
11694.3;992.8;2616237.47;1245287.89;7.653553;47.358239
11695;992.9;2616238.15;1245288.12;7.653562;47.358241
11696.3;992.9;2616239.44;1245288.23;7.653579;47.358242
11697.9;993;2616241.02;1245288.13;7.6536;47.358241
11699.4;993.1;2616242.54;1245288.13;7.65362;47.358241
11700.9;993.2;2616244.05;1245288.13;7.65364;47.358241
11702.3;993.2;2616245.48;1245288.03;7.653659;47.35824
11704.3;993.3;2616247.45;1245288.03;7.653685;47.35824
11705.199999999999;993.4;2616248.35;1245287.92;7.653697;47.358239
11706.599999999999;993.4;2616249.79;1245288.04;7.653716;47.35824
11708.199999999999;993.5;2616251.37;1245288.04;7.653737;47.35824
11709.699999999999;993.6;2616252.88;1245288.27;7.653757;47.358242
11711.3;993.8;2616254.4;1245288.38;7.653777;47.358243
11712.8;993.8;2616255.98;1245288.5;7.653798;47.358244
11714.3;993.9;2616257.42;1245288.61;7.653817;47.358245
11716.099999999999;994;2616259.23;1245288.51;7.653841;47.358244
11717.4;994.1;2616260.51;1245288.4;7.653858;47.358243
11718.9;994.3;2616262.03;1245288.52;7.653878;47.358244
11720.3;994.3;2616263.39;1245288.52;7.653896;47.358244
11721.699999999999;994.4;2616264.82;1245288.75;7.653915;47.358246
11724.5;994.5;2616267.62;1245288.86;7.653952;47.358247
11726.3;994.7;2616269.35;1245288.87;7.653975;47.358247
11727.5;994.8;2616270.64;1245288.98;7.653992;47.358248
11728.9;994.8;2616272;1245288.99;7.65401;47.358248
11730.3;995;2616273.36;1245289.21;7.654028;47.35825
11731.699999999999;995.2;2616274.79;1245289.33;7.654047;47.358251
11733.099999999999;995.3;2616276.15;1245289.33;7.654065;47.358251
11734.5;995.3;2616277.59;1245289.45;7.654084;47.358252
11736.3;995.5;2616279.32;1245289.56;7.654107;47.358253
11738.699999999999;995.6;2616281.74;1245289.68;7.654139;47.358254
11740;995.8;2616283.1;1245289.69;7.654157;47.358254
11741.5;995.9;2616284.54;1245289.8;7.654176;47.358255
11742.9;995.9;2616285.97;1245289.92;7.654195;47.358256
11744.4;996.1;2616287.41;1245290.03;7.654214;47.358257
11746.3;996.3;2616289.37;1245290.26;7.65424;47.358259
11747.3;996.4;2616290.35;1245290.37;7.654253;47.35826
11748.599999999999;996.4;2616291.64;1245290.6;7.65427;47.358262
11749.9;996.6;2616292.92;1245290.6;7.654287;47.358262
11751.3;996.7;2616294.28;1245290.72;7.654305;47.358263
11752.599999999999;996.7;2616295.64;1245290.72;7.654323;47.358263
11754.099999999999;996.8;2616297.07;1245290.72;7.654342;47.358263
11755.5;996.9;2616298.51;1245290.84;7.654361;47.358264
11757;996.9;2616299.95;1245290.73;7.65438;47.358263
11758.199999999999;997.1;2616301.23;1245290.85;7.654397;47.358264
11759.5;997.2;2616302.51;1245290.85;7.654414;47.358264
11761;997.2;2616303.95;1245290.85;7.654433;47.358264
11762.3;997.3;2616305.31;1245291.08;7.654451;47.358266
11763.699999999999;997.5;2616306.67;1245291.31;7.654469;47.358268
11766.599999999999;997.6;2616309.54;1245291.65;7.654507;47.358271
11768;997.7;2616310.9;1245291.76;7.654525;47.358272
11769.3;997.8;2616312.26;1245291.66;7.654543;47.358271
11770.699999999999;997.8;2616313.62;1245291.66;7.654561;47.358271
11772.099999999999;997.9;2616315.05;1245291.77;7.65458;47.358272
11775;998;2616317.92;1245291.78;7.654618;47.358272
11776.4;998.2;2616319.28;1245291.67;7.654636;47.358271
11777.9;998.3;2616320.79;1245291.79;7.654656;47.358272
11780.8;998.4;2616323.66;1245292.24;7.654694;47.358276
11782.199999999999;998.6;2616325.1;1245292.47;7.654713;47.358278
11783.8;998.7;2616326.61;1245292.81;7.654733;47.358281
11785.3;998.8;2616328.12;1245292.92;7.654753;47.358282
11787.199999999999;998.9;2616330.01;1245293.15;7.654778;47.358284
11788.099999999999;998.9;2616330.91;1245293.15;7.65479;47.358284
11789.5;999;2616332.27;1245293.27;7.654808;47.358285
11790.9;999;2616333.71;1245293.38;7.654827;47.358286
11792.4;999.1;2616335.14;1245293.5;7.654846;47.358287
11793.8;999.2;2616336.58;1245293.61;7.654865;47.358288
11795.3;999.2;2616338.09;1245293.62;7.654885;47.358288
11798.3;999.3;2616341.04;1245293.74;7.654924;47.358289
11799.8;999.4;2616342.55;1245293.74;7.654944;47.358289
11801.3;999.4;2616344.06;1245293.63;7.654964;47.358288
11802.8;999.4;2616345.57;1245293.75;7.654984;47.358289
11804.4;999.5;2616347.15;1245293.86;7.655005;47.35829
11805.9;999.5;2616348.66;1245294.09;7.655025;47.358292
11807.4;999.6;2616350.1;1245294.32;7.655044;47.358294
11809.099999999999;999.6;2616351.84;1245294.32;7.655067;47.358294
11810.4;999.6;2616353.12;1245294.21;7.655084;47.358293
11811.8;999.7;2616354.56;1245294.33;7.655103;47.358294
11813.4;999.7;2616356.07;1245294.44;7.655123;47.358295
11814.9;999.7;2616357.58;1245294.67;7.655143;47.358297
11816.3;999.7;2616359.01;1245294.9;7.655162;47.358299
11817.699999999999;999.7;2616360.37;1245295.01;7.65518;47.3583
11819.099999999999;999.7;2616361.81;1245295.02;7.655199;47.3583
11820.599999999999;999.8;2616363.32;1245295.02;7.655219;47.3583
11822.199999999999;999.8;2616364.83;1245295.14;7.655239;47.358301
11823.599999999999;999.8;2616366.26;1245295.47;7.655258;47.358304
11825.199999999999;999.8;2616367.77;1245295.7;7.655278;47.358306
11826.699999999999;999.9;2616369.28;1245295.93;7.655298;47.358308
11828.199999999999;999.9;2616370.79;1245296.15;7.655318;47.35831
11829.699999999999;999.9;2616372.31;1245296.27;7.655338;47.358311
11831.3;999.9;2616373.89;1245296.38;7.655359;47.358312
11832.8;1000;2616375.4;1245296.39;7.655379;47.358312
11834.3;1000;2616376.84;1245296.39;7.655398;47.358312
11835.9;1000;2616378.42;1245296.51;7.655419;47.358313
11837.4;1000;2616379.94;1245296.51;7.655439;47.358313
11838.9;1000;2616381.45;1245296.51;7.655459;47.358313
11840;1000;2616382.58;1245296.41;7.655474;47.358312
11841.9;1000;2616384.47;1245296.41;7.655499;47.358312
11843.3;1000;2616385.9;1245296.42;7.655518;47.358312
11844.699999999999;1000;2616387.26;1245296.53;7.655536;47.358313
11847.5;999.9;2616390.06;1245296.87;7.655573;47.358316
11849.099999999999;999.9;2616391.64;1245297.21;7.655594;47.358319
11850.599999999999;999.9;2616393;1245297.66;7.655612;47.358323
11852.099999999999;999.9;2616394.44;1245298.11;7.655631;47.358327
11853.5;999.9;2616395.8;1245298.44;7.655649;47.35833
11854.9;999.8;2616397.23;1245298.78;7.655668;47.358333
11857.9;999.6;2616400.1;1245299.35;7.655706;47.358338
11859.4;999.6;2616401.61;1245299.57;7.655726;47.35834
11860.9;999.5;2616403.12;1245299.69;7.655746;47.358341
11862.599999999999;999.4;2616404.78;1245299.91;7.655768;47.358343
11864.099999999999;999.4;2616406.29;1245300.03;7.655788;47.358344
11865.599999999999;999.4;2616407.8;1245300.26;7.655808;47.358346
11867.199999999999;999.3;2616409.31;1245300.48;7.655828;47.358348
11868.599999999999;999.2;2616410.75;1245300.6;7.655847;47.358349
11870.099999999999;999.1;2616412.26;1245300.71;7.655867;47.35835
11871.599999999999;999.1;2616413.77;1245300.83;7.655887;47.358351
11873.099999999999;999;2616415.2;1245301.06;7.655906;47.358353
11874.9;999;2616417.02;1245301.28;7.65593;47.358355
11876.199999999999;998.9;2616418.3;1245301.51;7.655947;47.358357
11877.699999999999;998.9;2616419.74;1245301.62;7.655966;47.358358
11879.199999999999;998.9;2616421.32;1245301.74;7.655987;47.358359
11880.9;998.8;2616422.98;1245301.97;7.656009;47.358361
11882.4;998.9;2616424.34;1245302.41;7.656027;47.358365
11883.9;998.9;2616425.85;1245302.64;7.656047;47.358367
11885.4;998.8;2616427.29;1245302.98;7.656066;47.35837
11886.9;998.8;2616428.8;1245303.21;7.656086;47.358372
11888.4;998.7;2616430.23;1245303.54;7.656105;47.358375
11889.9;998.7;2616431.82;1245303.66;7.656126;47.358376
11891.5;998.7;2616433.33;1245303.66;7.656146;47.358376
11893.099999999999;998.6;2616434.91;1245303.89;7.656167;47.358378
11894.599999999999;998.6;2616436.5;1245304;7.656188;47.358379
11896.199999999999;998.5;2616438.09;1245304.12;7.656209;47.35838
11897.8;998.5;2616439.67;1245304.24;7.65623;47.358381
11899.4;998.4;2616441.18;1245304.46;7.65625;47.358383
11900.8;998.4;2616442.62;1245304.58;7.656269;47.358384
11902.4;998.2;2616444.2;1245304.8;7.65629;47.358386
11902.4;998.2;2616444.2;1245304.8;7.65629;47.358386
11905.5;998.1;2616447.23;1245305.26;7.65633;47.35839
11907.099999999999;997.9;2616448.81;1245305.48;7.656351;47.358392
11908.599999999999;997.7;2616450.4;1245305.49;7.656372;47.358392
11910.199999999999;997.7;2616451.98;1245305.6;7.656393;47.358393
11911.8;997.5;2616453.57;1245305.72;7.656414;47.358394
11913.4;997.3;2616455.16;1245305.84;7.656435;47.358395
11914.9;997.1;2616456.67;1245305.95;7.656455;47.358396
11916.599999999999;997;2616458.33;1245306.18;7.656477;47.358398
11918.3;997;2616459.99;1245306.4;7.656499;47.3584
11919.9;996.8;2616461.65;1245306.52;7.656521;47.358401
11921.5;996.6;2616463.16;1245306.64;7.656541;47.358402
11923;996.4;2616464.67;1245306.75;7.656561;47.358403
11924.5;996.2;2616466.18;1245306.98;7.656581;47.358405
11926.099999999999;996.2;2616467.77;1245307.32;7.656602;47.358408
11927.8;996;2616469.43;1245307.54;7.656624;47.35841
11929.199999999999;995.8;2616470.87;1245307.55;7.656643;47.35841
11930.699999999999;995.6;2616472.38;1245307.55;7.656663;47.35841
11932.3;995.6;2616473.96;1245307.44;7.656684;47.358409
11933.9;995.5;2616475.47;1245307.45;7.656704;47.358409
11935.5;995.4;2616477.14;1245307.56;7.656726;47.35841
11937;995.2;2616478.65;1245307.57;7.656746;47.35841
11938.5;995.1;2616480.16;1245307.68;7.656766;47.358411
11940.099999999999;995.1;2616481.74;1245307.69;7.656787;47.358411
11941.599999999999;995;2616483.26;1245307.58;7.656807;47.35841
11943.199999999999;994.9;2616484.77;1245307.47;7.656827;47.358409
11944.699999999999;994.8;2616486.35;1245307.37;7.656848;47.358408
11946.099999999999;994.8;2616487.71;1245307.26;7.656866;47.358407
11947.8;994.7;2616489.38;1245307.15;7.656888;47.358406
11949.4;994.6;2616490.96;1245307.16;7.656909;47.358406
11952.8;994.5;2616494.36;1245306.94;7.656954;47.358404
11954.099999999999;994.5;2616495.65;1245306.95;7.656971;47.358404
11955.599999999999;994.4;2616497.16;1245306.84;7.656991;47.358403
11957.099999999999;994.3;2616498.67;1245306.62;7.657011;47.358401
11960.199999999999;994.3;2616501.77;1245306.19;7.657052;47.358397
11961.699999999999;994.2;2616503.28;1245306.08;7.657072;47.358396
11963.3;994.1;2616504.87;1245306.2;7.657093;47.358397
11964.9;994.1;2616506.38;1245306.42;7.657113;47.358399
11966.3;994.1;2616507.81;1245306.54;7.657132;47.3584
11967.8;994;2616509.25;1245306.76;7.657151;47.358402
11969.3;994;2616510.76;1245306.88;7.657171;47.358403
11971;994;2616512.49;1245306.88;7.657194;47.358403
11972.3;994;2616513.78;1245307;7.657211;47.358404
11973.9;993.9;2616515.37;1245307.11;7.657232;47.358405
11977;993.8;2616518.46;1245307.12;7.657273;47.358405
11978.599999999999;993.7;2616520.05;1245307.24;7.657294;47.358406
11980.199999999999;993.7;2616521.63;1245307.35;7.657315;47.358407
11981.8;993.6;2616523.22;1245307.69;7.657336;47.35841
11983.3;993.7;2616524.73;1245308.03;7.657356;47.358413
11984.9;993.6;2616526.24;1245308.26;7.657376;47.358415
11986.3;993.6;2616527.68;1245308.48;7.657395;47.358417
11987.9;993.4;2616529.26;1245308.6;7.657416;47.358418
11989.4;993.2;2616530.77;1245308.71;7.657436;47.358419
11990.9;993.2;2616532.28;1245308.94;7.657456;47.358421
11992.5;993.2;2616533.87;1245309.17;7.657477;47.358423
11994;993.1;2616535.3;1245309.5;7.657496;47.358426
11995.5;992.9;2616536.81;1245309.73;7.657516;47.358428
11997;992.8;2616538.25;1245310.07;7.657535;47.358431
11998.5;992.8;2616539.68;1245310.18;7.657554;47.358432
11999.9;992.7;2616541.12;1245310.52;7.657573;47.358435
12001.5;992.6;2616542.55;1245311.08;7.657592;47.35844
12003.3;992.4;2616544.29;1245311.64;7.657615;47.358445
12004.599999999999;992.4;2616545.57;1245311.98;7.657632;47.358448
12006;992.3;2616546.93;1245312.32;7.65765;47.358451
12007.4;992.2;2616548.29;1245312.65;7.657668;47.358454
12008.8;992.2;2616549.65;1245312.99;7.657686;47.358457
12010.4;992.1;2616551.08;1245313.55;7.657705;47.358462
12011.8;992.1;2616552.44;1245314.11;7.657723;47.358467
12013.599999999999;991.9;2616554.1;1245314.78;7.657745;47.358473
12015;991.9;2616555.38;1245315.23;7.657762;47.358477
12016.5;991.8;2616556.82;1245315.79;7.657781;47.358482
12018;991.8;2616558.18;1245316.24;7.657799;47.358486
12019.5;991.8;2616559.61;1245316.69;7.657818;47.35849
12021;991.6;2616561.04;1245317.36;7.657837;47.358496
12022.4;991.6;2616562.33;1245317.81;7.657854;47.3585
12023.8;991.8;2616563.69;1245318.14;7.657872;47.358503
12025.4;991.6;2616565.27;1245318.59;7.657893;47.358507
12026.8;991.4;2616566.55;1245318.93;7.65791;47.35851
12028.3;991.3;2616568.06;1245319.27;7.65793;47.358513
12029.9;991.3;2616569.57;1245319.61;7.65795;47.358516
12031.4;991.4;2616571.08;1245320.06;7.65797;47.35852
12032.9;991.3;2616572.52;1245320.5;7.657989;47.358524
12034.5;991.3;2616573.95;1245321.06;7.658008;47.358529
12036.099999999999;991.2;2616575.46;1245321.51;7.658028;47.358533
12037.599999999999;991.1;2616576.9;1245321.96;7.658047;47.358537
12039;991.1;2616578.33;1245322.3;7.658066;47.35854
12040.599999999999;991.1;2616579.76;1245322.86;7.658085;47.358545
12042.099999999999;991;2616581.2;1245323.31;7.658104;47.358549
12045.199999999999;990.9;2616584.07;1245324.43;7.658142;47.358559
12048.099999999999;990.8;2616586.78;1245325.55;7.658178;47.358569
12049.5;990.7;2616588.14;1245325.88;7.658196;47.358572
12051;991.1;2616589.58;1245326.33;7.658215;47.358576
12052.5;990.7;2616590.93;1245326.89;7.658233;47.358581
12054.099999999999;990.6;2616592.37;1245327.56;7.658252;47.358587
12055.4;991.1;2616593.65;1245328.01;7.658269;47.358591
12056.9;990.8;2616595.08;1245328.57;7.658288;47.358596
12058;990.8;2616595.99;1245329.02;7.6583;47.3586
12060;990.6;2616597.88;1245329.8;7.658325;47.358607
12061.4;990.9;2616599.16;1245330.36;7.658342;47.358612
12062.9;990.6;2616600.59;1245330.7;7.658361;47.358615
12064.3;990.6;2616601.95;1245331.04;7.658379;47.358618
12065.8;990.4;2616603.39;1245331.49;7.658398;47.358622
12067.3;990.3;2616604.82;1245331.93;7.658417;47.358626
12068.8;990.4;2616606.26;1245332.38;7.658436;47.35863
12070.5;990.4;2616607.84;1245333.05;7.658457;47.358636
12071.9;990.2;2616609.12;1245333.5;7.658474;47.35864
12073.3;990.2;2616610.56;1245333.73;7.658493;47.358642
12074.9;990.2;2616612.07;1245334.07;7.658513;47.358645
12076.4;990.2;2616613.58;1245334.52;7.658533;47.358649
12078;990.1;2616615.09;1245334.74;7.658553;47.358651
12079.599999999999;990;2616616.67;1245335.08;7.658574;47.358654
12081.3;990;2616618.41;1245335.31;7.658597;47.358656
12082.599999999999;990;2616619.69;1245335.53;7.658614;47.358658
12084.199999999999;989.9;2616621.2;1245335.98;7.658634;47.358662
12085.9;990;2616622.79;1245336.43;7.658655;47.358666
12087.199999999999;989.9;2616624.15;1245336.66;7.658673;47.358668
12088.9;989.9;2616625.66;1245337.22;7.658693;47.358673
12090.4;989.8;2616627.09;1245337.89;7.658712;47.358679
12092;989.9;2616628.45;1245338.56;7.65873;47.358685
12093.5;989.9;2616629.88;1245339.23;7.658749;47.358691
12095.099999999999;989.8;2616631.32;1245339.79;7.658768;47.358696
12096.599999999999;989.9;2616632.83;1245340.24;7.658788;47.3587
12098.199999999999;989.8;2616634.34;1245340.58;7.658808;47.358703
12099.8;989.8;2616635.92;1245341.03;7.658829;47.358707
12101.599999999999;989.7;2616637.58;1245341.59;7.658851;47.358712
12103.099999999999;989.9;2616639.02;1245342.04;7.65887;47.358716
12104.599999999999;989.8;2616640.45;1245342.49;7.658889;47.35872
12106.3;989.7;2616642.04;1245343.05;7.65891;47.358725
12107.8;989.7;2616643.55;1245343.38;7.65893;47.358728
12109.4;989.6;2616644.98;1245343.94;7.658949;47.358733
12110.9;989.9;2616646.41;1245344.39;7.658968;47.358737
12112.4;989.9;2616647.85;1245344.95;7.658987;47.358742
12114.099999999999;989.5;2616649.43;1245345.51;7.659008;47.358747
12115.699999999999;989.5;2616650.94;1245345.96;7.659028;47.358751
12117.3;989.7;2616652.53;1245346.41;7.659049;47.358755
12118.9;989.4;2616654.04;1245346.86;7.659069;47.358759
12120.5;989.4;2616655.62;1245347.31;7.65909;47.358763
12122.199999999999;989.3;2616657.21;1245347.65;7.659111;47.358766
12123.599999999999;989.3;2616658.64;1245347.98;7.65913;47.358769
12125.3;989.3;2616660.23;1245348.32;7.659151;47.358772
12126.8;989.3;2616661.66;1245348.77;7.65917;47.358776
12128.3;989.3;2616663.17;1245349;7.65919;47.358778
12129.8;989.3;2616664.68;1245349.22;7.65921;47.35878
12131.4;989.3;2616666.27;1245349.45;7.659231;47.358782
12132.9;989.3;2616667.78;1245349.57;7.659251;47.358783
12134.4;989.3;2616669.29;1245349.68;7.659271;47.358784
12135.9;989.6;2616670.72;1245350.02;7.65929;47.358787
12137.4;989.7;2616672.16;1245350.25;7.659309;47.358789
12140.4;989.7;2616675.18;1245350.81;7.659349;47.358794
12141.9;989.8;2616676.61;1245351.04;7.659368;47.358796
12143.699999999999;989.9;2616678.35;1245351.37;7.659391;47.358799
12146.9;990;2616681.6;1245351.49;7.659434;47.3588
12148.4;990.1;2616683.11;1245351.5;7.659454;47.3588
12149.9;990.3;2616684.62;1245351.5;7.659474;47.3588
12151.4;990.4;2616686.06;1245351.51;7.659493;47.3588
12153;990.4;2616687.64;1245351.73;7.659514;47.358802
12154.5;990.6;2616689.15;1245351.96;7.659534;47.358804
12156;990.7;2616690.66;1245351.85;7.659554;47.358803
12157.5;990.9;2616692.1;1245351.97;7.659573;47.358804
12158.9;990.9;2616693.53;1245351.97;7.659592;47.358804
12160.3;991.3;2616694.97;1245352.2;7.659611;47.358806
12161.8;991.5;2616696.4;1245352.31;7.65963;47.358807
12163.199999999999;991.5;2616697.84;1245352.43;7.659649;47.358808
12164.699999999999;991.8;2616699.27;1245352.55;7.659668;47.358809
12166;991.9;2616700.63;1245352.77;7.659686;47.358811
12167.5;992.1;2616702.07;1245353;7.659705;47.358813
12169.199999999999;992.1;2616703.73;1245352.89;7.659727;47.358812
12170.4;992.3;2616704.94;1245352.67;7.659743;47.35881
12171.8;992.4;2616706.38;1245352.45;7.659762;47.358808
12173.3;992.4;2616707.81;1245352.46;7.659781;47.358808
12174.699999999999;992.6;2616709.25;1245352.57;7.6598;47.358809
12176.099999999999;992.7;2616710.61;1245352.47;7.659818;47.358808
12179;992.9;2616713.55;1245352.59;7.659857;47.358809
12180.199999999999;993.1;2616714.76;1245352.59;7.659873;47.358809
12181.5;993.3;2616716.05;1245352.7;7.65989;47.35881
12182.9;993.3;2616717.41;1245352.71;7.659908;47.35881
12184.099999999999;993.5;2616718.61;1245352.82;7.659924;47.358811
12185.5;993.5;2616719.97;1245352.94;7.659942;47.358812
12186.699999999999;993.6;2616721.18;1245353.05;7.659958;47.358813
12188;993.8;2616722.54;1245353.17;7.659976;47.358814
12189.5;993.8;2616723.98;1245353.5;7.659995;47.358817
12190.9;994;2616725.34;1245353.62;7.660013;47.358818
12192.199999999999;994.1;2616726.62;1245353.62;7.66003;47.358818
12193.599999999999;994.3;2616728.05;1245353.74;7.660049;47.358819
12195;994.3;2616729.41;1245353.96;7.660067;47.358821
12196.3;994.5;2616730.7;1245354.19;7.660084;47.358823
12197.099999999999;994.5;2616731.53;1245354.3;7.660095;47.358824
12199;994.6;2616733.34;1245354.64;7.660119;47.358827
12200.4;994.8;2616734.7;1245354.98;7.660137;47.35883
12201.8;994.9;2616736.06;1245355.32;7.660155;47.358833
12203.199999999999;994.9;2616737.42;1245355.65;7.660173;47.358836
12204.5;994.9;2616738.62;1245356.1;7.660189;47.35884
12205.9;994.9;2616739.91;1245356.66;7.660206;47.358845
12207.199999999999;995;2616741.19;1245357;7.660223;47.358848
12208.699999999999;995;2616742.55;1245357.56;7.660241;47.358853
12209.9;995;2616743.68;1245358.12;7.660256;47.358858
12211.3;995;2616744.96;1245358.57;7.660273;47.358862
12212.5;995;2616746.17;1245358.9;7.660289;47.358865
12213.699999999999;995;2616747.3;1245359.35;7.660304;47.358869
12215.099999999999;995;2616748.59;1245359.8;7.660321;47.358873
12216.4;995;2616749.72;1245360.36;7.660336;47.358878
12218.199999999999;995;2616751.38;1245361.03;7.660358;47.358884
12219.4;995;2616752.59;1245361.48;7.660374;47.358888
12220.8;995;2616753.94;1245361.82;7.660392;47.358891
12222.3;994.9;2616755.3;1245362.26;7.66041;47.358895
12223.599999999999;994.9;2616756.59;1245362.71;7.660427;47.358899
12225;994.9;2616757.79;1245363.27;7.660443;47.358904
12226.3;994.9;2616758.92;1245363.94;7.660458;47.35891
12228.199999999999;994.8;2616760.58;1245364.84;7.66048;47.358918
12229.099999999999;994.8;2616761.41;1245365.17;7.660491;47.358921
12230.4;994.8;2616762.62;1245365.73;7.660507;47.358926
12231.9;994.7;2616763.98;1245366.29;7.660525;47.358931
12233.3;994.7;2616765.34;1245366.74;7.660543;47.358935
12234.699999999999;994.7;2616766.7;1245367.08;7.660561;47.358938
12236.099999999999;994.7;2616768.06;1245367.41;7.660579;47.358941
12238.099999999999;994.6;2616770.02;1245367.98;7.660605;47.358946
12239;994.6;2616770.85;1245368.2;7.660616;47.358948
12240.4;994.5;2616772.13;1245368.65;7.660633;47.358952
12241.8;994.5;2616773.49;1245369.1;7.660651;47.358956
12243.3;994.4;2616774.85;1245369.66;7.660669;47.358961
12244.699999999999;994.4;2616776.13;1245370.22;7.660686;47.358966
12246.199999999999;994.4;2616777.57;1245370.67;7.660705;47.35897
12247.599999999999;994.3;2616778.85;1245371.23;7.660722;47.358975
12249.3;994.2;2616780.36;1245372.01;7.660742;47.358982
12250.4;994.2;2616781.41;1245372.57;7.660756;47.358987
12251.8;994.1;2616782.7;1245373.13;7.660773;47.358992
12253.199999999999;994.1;2616783.98;1245373.69;7.66079;47.358997
12254.699999999999;994;2616785.34;1245374.13;7.660808;47.359001
12256.099999999999;993.9;2616786.62;1245374.69;7.660825;47.359006
12257.5;993.9;2616787.98;1245375.25;7.660843;47.359011
12259.099999999999;993.8;2616789.49;1245375.7;7.660863;47.359015
12260.4;993.7;2616790.77;1245376.04;7.66088;47.359018
12261.9;993.5;2616792.21;1245376.27;7.660899;47.35902
12263.4;993.5;2616793.72;1245376.6;7.660919;47.359023
12264.9;993.5;2616795.15;1245376.94;7.660938;47.359026
12266.5;993.4;2616796.66;1245377.28;7.660958;47.359029
12268;993.3;2616798.17;1245377.62;7.660978;47.359032
12269.9;993.3;2616799.98;1245378.18;7.661002;47.359037
12271;993.2;2616801.04;1245378.4;7.661016;47.359039
12272.5;993;2616802.47;1245378.85;7.661035;47.359043
12274;993;2616803.98;1245379.19;7.661055;47.359046
12275.5;992.9;2616805.42;1245379.53;7.661074;47.359049
12277;992.8;2616806.85;1245379.64;7.661093;47.35905
12278.4;992.6;2616808.29;1245379.76;7.661112;47.359051
12280.4;992.4;2616810.25;1245379.99;7.661138;47.359053
12281.3;992.6;2616811.16;1245380.1;7.66115;47.359054
12282.5;992.4;2616812.37;1245380.44;7.661166;47.359057
12284.099999999999;992.4;2616813.88;1245380.77;7.661186;47.35906
12285.599999999999;992.2;2616815.31;1245381.11;7.661205;47.359063
12287.099999999999;992;2616816.74;1245381.67;7.661224;47.359068
12288.699999999999;991.7;2616818.25;1245382.12;7.661244;47.359072
12290.099999999999;991.7;2616819.69;1245382.46;7.661263;47.359075
12293.199999999999;991.4;2616822.71;1245382.91;7.661303;47.359079
12294.699999999999;991.2;2616824.14;1245383.14;7.661322;47.359081
12296.099999999999;991.2;2616825.58;1245383.25;7.661341;47.359082
12297.5;991;2616827.01;1245383.48;7.66136;47.359084
12299;990.8;2616828.45;1245383.82;7.661379;47.359087
12300.4;990.6;2616829.81;1245384.16;7.661397;47.35909
12302.099999999999;990.5;2616831.39;1245384.72;7.661418;47.359095
12303.199999999999;990.4;2616832.53;1245384.83;7.661433;47.359096
12304.5;990.4;2616833.81;1245384.94;7.66145;47.359097
12305.8;990.2;2616835.09;1245384.95;7.661467;47.359097
12307.199999999999;990;2616836.45;1245384.95;7.661485;47.359097
12308.599999999999;990;2616837.81;1245385.18;7.661503;47.359099
12310;989.8;2616839.17;1245385.63;7.661521;47.359103
12311.9;989.4;2616840.98;1245386.3;7.661545;47.359109
12312.9;989.4;2616841.96;1245386.41;7.661558;47.35911
12314.3;989.3;2616843.4;1245386.53;7.661577;47.359111
12315.8;989.1;2616844.83;1245386.75;7.661596;47.359113
12317.3;988.9;2616846.34;1245386.98;7.661616;47.359115
12318.8;988.9;2616847.85;1245387.1;7.661636;47.359116
12320.4;988.7;2616849.37;1245387.21;7.661656;47.359117
12321.699999999999;988.4;2616850.72;1245387.44;7.661674;47.359119
12323.3;988.2;2616852.23;1245387.78;7.661694;47.359122
12324.699999999999;988.1;2616853.59;1245388.11;7.661712;47.359125
12326.099999999999;988;2616854.95;1245387.9;7.66173;47.359123
12327.599999999999;987.7;2616856.39;1245387.45;7.661749;47.359119
12329.099999999999;987.7;2616857.9;1245387.35;7.661769;47.359118
12330.599999999999;987.5;2616859.41;1245387.46;7.661789;47.359119
12332.099999999999;987.4;2616860.92;1245387.8;7.661809;47.359122
12333.8;987;2616862.51;1245388.25;7.66183;47.359126
12335.3;987;2616863.87;1245388.81;7.661848;47.359131
12336.8;986.8;2616865.3;1245389.26;7.661867;47.359135
12338.199999999999;986.5;2616866.73;1245389.6;7.661886;47.359138
12339.8;986.2;2616868.25;1245389.82;7.661906;47.35914
12341.199999999999;986.3;2616869.68;1245390.05;7.661925;47.359142
12342.699999999999;986;2616871.11;1245390.28;7.661944;47.359144
12344.4;985.8;2616872.85;1245390.61;7.661967;47.359147
12345.599999999999;985.8;2616873.98;1245390.84;7.661982;47.359149
12346.9;985.6;2616875.27;1245391.29;7.661999;47.359153
12348.3;985.4;2616876.63;1245391.63;7.662017;47.359156
12349.8;985.1;2616878.06;1245392.07;7.662036;47.35916
12351.3;985.1;2616879.49;1245392.41;7.662055;47.359163
12352.9;984.9;2616881;1245392.75;7.662075;47.359166
12355;984.7;2616883.12;1245393.2;7.662103;47.35917
12355.9;984.5;2616884.02;1245393.31;7.662115;47.359171
12357.4;984.5;2616885.46;1245393.54;7.662134;47.359173
12358.9;984.3;2616886.97;1245393.66;7.662154;47.359174
12360.4;984.1;2616888.48;1245393.66;7.662174;47.359174
12362;983.9;2616890.07;1245393.78;7.662195;47.359175
12363.5;983.9;2616891.5;1245394.11;7.662214;47.359178
12365.5;983.7;2616893.46;1245394.68;7.66224;47.359183
12367.8;983.6;2616895.73;1245395.13;7.66227;47.359187
12369.5;983.4;2616897.32;1245395.46;7.662291;47.35919
12370.8;983.3;2616898.6;1245395.8;7.662308;47.359193
12372.4;983.1;2616900.11;1245396.25;7.662328;47.359197
12373.8;983.1;2616901.54;1245396.59;7.662347;47.3592
12375.4;982.9;2616903.05;1245396.93;7.662367;47.359203
12377;982.8;2616904.64;1245397.04;7.662388;47.359204
12378.3;982.8;2616905.92;1245397.27;7.662405;47.359206
12379.599999999999;982.6;2616907.21;1245397.61;7.662422;47.359209
12381.199999999999;982.3;2616908.72;1245398.05;7.662442;47.359213
12382.4;982.3;2616909.92;1245398.17;7.662458;47.359214
12383.8;982.1;2616911.28;1245398.51;7.662476;47.359217
12385.199999999999;982;2616912.72;1245398.73;7.662495;47.359219
12387.099999999999;981.9;2616914.53;1245399.07;7.662519;47.359222
12388.4;981.9;2616915.74;1245399.52;7.662535;47.359226
12389.8;981.6;2616916.94;1245400.3;7.662551;47.359233
12391.4;981.6;2616917.92;1245401.53;7.662564;47.359244
12394.599999999999;981.4;2616917.76;1245404.75;7.662562;47.359273
12396.5;981.4;2616916.32;1245405.97;7.662543;47.359284
12398.5;981.1;2616914.51;1245406.85;7.662519;47.359292
12400.4;981;2616912.77;1245407.52;7.662496;47.359298
12402.199999999999;980.8;2616911.03;1245408.18;7.662473;47.359304
12404;980.6;2616909.36;1245408.84;7.662451;47.35931
12405.5;980.6;2616908;1245409.39;7.662433;47.359315
12407.099999999999;980.4;2616906.42;1245409.83;7.662412;47.359319
12410.3;979.8;2616903.32;1245410.49;7.662371;47.359325
12412.5;979.6;2616901.2;1245410.82;7.662343;47.359328
12413.5;979.6;2616900.14;1245410.93;7.662329;47.359329
12415;979.4;2616898.63;1245411.03;7.662309;47.35933
12416.599999999999;979.2;2616897.12;1245411.36;7.662289;47.359333
12418.3;979;2616895.53;1245411.91;7.662268;47.359338
12419.8;978.9;2616894.02;1245412.36;7.662248;47.359342
12421.4;978.7;2616892.51;1245412.8;7.662228;47.359346
12423;978.5;2616890.99;1245413.12;7.662208;47.359349
12424.5;978.2;2616889.48;1245413.57;7.662188;47.359353
12426.199999999999;977.9;2616887.89;1245414.01;7.662167;47.359357
12428.3;977.7;2616885.85;1245414.67;7.66214;47.359363
12429.4;977.7;2616884.87;1245415;7.662127;47.359366
12430.8;977.5;2616883.51;1245415.55;7.662109;47.359371
12432.4;977.4;2616882.07;1245416.21;7.66209;47.359377
12434;977.2;2616880.63;1245416.76;7.662071;47.359382
12435.5;976.9;2616879.2;1245417.21;7.662052;47.359386
12437;976.8;2616877.76;1245417.87;7.662033;47.359392
12440.099999999999;976.5;2616875.11;1245419.31;7.661998;47.359405
12441.599999999999;976.2;2616873.6;1245419.75;7.661978;47.359409
12443.599999999999;975.9;2616871.71;1245420.41;7.661953;47.359415
12444.699999999999;975.9;2616870.73;1245420.74;7.66194;47.359418
12446.099999999999;975.7;2616869.52;1245421.51;7.661924;47.359425
12447.699999999999;975.7;2616868.15;1245422.29;7.661906;47.359432
12449.3;975.4;2616866.79;1245423.17;7.661888;47.35944
12450.8;975.2;2616865.35;1245423.73;7.661869;47.359445
12452.4;974.9;2616863.84;1245424.05;7.661849;47.359448
12453.9;974.9;2616862.56;1245424.94;7.661832;47.359456
12457.4;974.4;2616859.6;1245426.71;7.661793;47.359472
12458.8;974.4;2616858.32;1245427.37;7.661776;47.359478
12460.4;974;2616856.96;1245428.04;7.661758;47.359484
12461.9;973.9;2616855.52;1245428.7;7.661739;47.35949
12463.4;973.9;2616854.08;1245429.14;7.66172;47.359494
12465;973.7;2616852.57;1245429.58;7.6617;47.359498
12466.599999999999;973.4;2616851.06;1245430.02;7.66168;47.359502
12468.199999999999;973.2;2616849.55;1245430.46;7.66166;47.359506
12469.699999999999;973.2;2616848.18;1245431.13;7.661642;47.359512
12471.5;973;2616846.52;1245431.9;7.66162;47.359519
12472.8;972.7;2616845.31;1245432.34;7.661604;47.359523
12474.3;972.5;2616843.87;1245432.89;7.661585;47.359528
12475.8;972.5;2616842.51;1245433.33;7.661567;47.359532
12477.3;972.3;2616841.07;1245433.89;7.661548;47.359537
12479;972;2616839.49;1245434.44;7.661527;47.359542
12480.5;972;2616838.13;1245434.99;7.661509;47.359547
12482;971.8;2616836.69;1245435.65;7.66149;47.359553
12483.599999999999;971.5;2616835.25;1245436.32;7.661471;47.359559
12485.099999999999;971.3;2616833.96;1245436.98;7.661454;47.359565
12486.5;971.3;2616832.68;1245437.64;7.661437;47.359571
12488;971;2616831.39;1245438.42;7.66142;47.359578
12489.699999999999;970.9;2616829.88;1245439.19;7.6614;47.359585
12491.099999999999;970.9;2616828.59;1245439.63;7.661383;47.359589
12492.5;970.5;2616827.23;1245440.18;7.661365;47.359594
12494.099999999999;970.4;2616825.87;1245440.85;7.661347;47.3596
12495.599999999999;970.4;2616824.36;1245441.29;7.661327;47.359604
12497.199999999999;970.2;2616822.85;1245441.73;7.661307;47.359608
12498.8;969.8;2616821.33;1245442.17;7.661287;47.359612
12500.3;969.7;2616819.9;1245442.72;7.661268;47.359617
12501.8;969.7;2616818.53;1245443.27;7.66125;47.359622
12503.3;969.5;2616817.17;1245443.94;7.661232;47.359628
12504.8;969.2;2616815.81;1245444.6;7.661214;47.359634
12506.3;969.2;2616814.37;1245445.04;7.661195;47.359638
12508.099999999999;969;2616812.79;1245445.7;7.661174;47.359644
12509.4;968.7;2616811.5;1245446.03;7.661157;47.359647
12510.9;968.7;2616810.06;1245446.47;7.661138;47.359651
12512.5;968.5;2616808.55;1245447.02;7.661118;47.359656
12514;968.3;2616807.19;1245447.69;7.6611;47.359662
12515.599999999999;968;2616805.75;1245448.35;7.661081;47.359668
12517.3;968;2616804.17;1245448.9;7.66106;47.359673
12518.9;967.8;2616802.65;1245449.45;7.66104;47.359678
12520.5;967.6;2616801.06;1245449.89;7.661019;47.359682
12522.199999999999;967.3;2616799.48;1245450.33;7.660998;47.359686
12523.8;967.2;2616797.96;1245450.89;7.660978;47.359691
12525.3;967.2;2616796.53;1245451.33;7.660959;47.359695
12526.9;967;2616795.02;1245451.77;7.660939;47.359699
12528.4;966.7;2616793.5;1245452.21;7.660919;47.359703
12529.9;966.7;2616792.07;1245452.65;7.6609;47.359707
12531.4;966.6;2616790.71;1245453.09;7.660882;47.359711
12532.4;966.4;2616789.72;1245453.42;7.660869;47.359714
12534.8;966.1;2616787.53;1245454.3;7.66084;47.359722
12536.099999999999;966.1;2616786.32;1245454.74;7.660824;47.359726
12537.4;965.9;2616784.96;1245454.96;7.660806;47.359728
12538.699999999999;965.8;2616783.67;1245454.96;7.660789;47.359728
12540.099999999999;965.8;2616782.31;1245455.07;7.660771;47.359729
12541.5;965.6;2616780.88;1245455.29;7.660752;47.359731
12543.099999999999;965.4;2616779.37;1245455.39;7.660732;47.359732
12544.699999999999;965.3;2616777.78;1245455.61;7.660711;47.359734
12546;965.3;2616776.5;1245455.83;7.660694;47.359736
12548.5;964.7;2616773.93;1245456.15;7.66066;47.359739
12550;964.7;2616772.49;1245456.48;7.660641;47.359742
12551.4;964.6;2616771.2;1245456.81;7.660624;47.359745
12552.8;964.3;2616769.77;1245456.92;7.660605;47.359746
12555.9;964.2;2616766.67;1245457.02;7.660564;47.359747
12557.4;963.9;2616765.16;1245457.02;7.660544;47.359747
12558.9;963.7;2616763.65;1245456.9;7.660524;47.359746
12560.4;963.7;2616762.14;1245456.9;7.660504;47.359746
12562;963.5;2616760.55;1245456.9;7.660483;47.359746
12563.5;963.3;2616759.12;1245457;7.660464;47.359747
12565;963.1;2616757.6;1245457.22;7.660444;47.359749
12566.3;963.1;2616756.24;1245457.33;7.660426;47.35975
12567.9;962.9;2616754.73;1245457.77;7.660406;47.359754
12569.5;962.6;2616753.22;1245458.1;7.660386;47.359757
12571.099999999999;962.4;2616751.63;1245458.54;7.660365;47.359761
12572.599999999999;962.4;2616750.2;1245458.65;7.660346;47.359762
12574.099999999999;962.1;2616748.61;1245458.64;7.660325;47.359762
12575.699999999999;961.9;2616747.02;1245458.64;7.660304;47.359762
12577.3;961.6;2616745.44;1245458.41;7.660283;47.35976
12579;961.4;2616743.78;1245458.18;7.660261;47.359758
12580.599999999999;961.4;2616742.19;1245458.07;7.66024;47.359757
12582.199999999999;961.3;2616740.6;1245457.95;7.660219;47.359756
12583.8;961;2616739.02;1245457.95;7.660198;47.359756
12585.4;960.8;2616737.36;1245457.94;7.660176;47.359756
12587.099999999999;960.6;2616735.69;1245457.94;7.660154;47.359756
12588.599999999999;960.5;2616734.18;1245458.04;7.660134;47.359757
12590.099999999999;960.4;2616732.67;1245458.26;7.660114;47.359759
12591.8;960.1;2616731.08;1245458.7;7.660093;47.359763
12593.5;960;2616729.42;1245459.14;7.660071;47.359767
12595;959.7;2616727.91;1245459.36;7.660051;47.359769
12596.5;959.7;2616726.4;1245459.47;7.660031;47.35977
12598.099999999999;959.5;2616724.89;1245459.69;7.660011;47.359772
12599.699999999999;959.3;2616723.3;1245459.79;7.65999;47.359773
12601.3;959.1;2616721.71;1245459.9;7.659969;47.359774
12602.8;959.1;2616720.2;1245459.9;7.659949;47.359774
12604.3;958.7;2616718.69;1245460.11;7.659929;47.359776
12606.099999999999;958.5;2616716.88;1245460.33;7.659905;47.359778
12607.4;958.3;2616715.59;1245460.55;7.659888;47.35978
12608.8;958.3;2616714.23;1245460.88;7.65987;47.359783
12610.4;958.1;2616712.72;1245461.1;7.65985;47.359785
12611.9;957.9;2616711.21;1245461.2;7.65983;47.359786
12613.199999999999;957.6;2616709.85;1245461.2;7.659812;47.359786
12614.699999999999;957.6;2616708.41;1245461.2;7.659793;47.359786
12616.199999999999;957.4;2616706.9;1245461.08;7.659773;47.359785
12617.699999999999;957.1;2616705.39;1245460.97;7.659753;47.359784
12619.599999999999;956.9;2616703.5;1245460.85;7.659728;47.359783
12620.9;956.9;2616702.14;1245460.73;7.65971;47.359782
12622.5;956.6;2616700.56;1245460.62;7.659689;47.359781
12624.099999999999;956.3;2616699.05;1245460.5;7.659669;47.35978
12625.5;956;2616697.61;1245460.17;7.65965;47.359777
12627;956;2616696.18;1245460.05;7.659631;47.359776
12628.5;956;2616694.67;1245459.71;7.659611;47.359773
12630;955.8;2616693.16;1245459.49;7.659591;47.359771
12631.5;955.6;2616691.72;1245459.37;7.659572;47.35977
12633;955.6;2616690.21;1245459.37;7.659552;47.35977
12635.9;955;2616687.34;1245459.58;7.659514;47.359772
12637.3;954.4;2616685.9;1245459.69;7.659495;47.359773
12640.3;954.2;2616682.96;1245459.9;7.659456;47.359775
12641.699999999999;952.3;2616681.52;1245460.01;7.659437;47.359776
12643.3;952.3;2616680.01;1245460.34;7.659417;47.359779
12644.5;951.8;2616678.8;1245460.33;7.659401;47.359779
12645.8;951;2616677.44;1245460.22;7.659383;47.359778
12647.4;952.3;2616675.93;1245459.99;7.659363;47.359776
12648.8;952.3;2616674.5;1245459.88;7.659344;47.359775
12650.199999999999;952;2616673.14;1245459.54;7.659326;47.359772
12651.599999999999;951.6;2616671.78;1245459.09;7.659308;47.359768
12653.099999999999;951.6;2616670.65;1245458.09;7.659293;47.359759
12654.699999999999;952.8;2616669.44;1245457.08;7.659277;47.35975
12656.099999999999;952.8;2616668.08;1245456.64;7.659259;47.359746
12657.4;952.6;2616666.88;1245456.19;7.659243;47.359742
12658.8;952.5;2616665.52;1245455.85;7.659225;47.359739
12661.9;952.3;2616662.65;1245454.84;7.659187;47.35973
12664.699999999999;951.8;2616659.93;1245454.06;7.659151;47.359723
12666.099999999999;951.9;2616658.5;1245453.94;7.659132;47.359722
12666.099999999999;951.5;2616657.06;1245453.83;7.659113;47.359721
12667.499999999998;951.3;2616655.7;1245453.71;7.659095;47.35972
12668.8;951.3;2616654.34;1245453.6;7.659077;47.359719
12670.399999999998;951;2616652.76;1245453.48;7.659056;47.359718
12671.8;950.8;2616651.4;1245453.81;7.659038;47.359721
12673.3;950.3;2616649.96;1245454.03;7.659019;47.359723
12674.899999999998;950.5;2616648.37;1245453.8;7.658998;47.359721
12676.699999999999;950.3;2616646.64;1245453.35;7.658975;47.359717
12678.3;950;2616645.05;1245452.9;7.658954;47.359713
12679.899999999998;949.7;2616643.54;1245452.45;7.658934;47.359709
12681.499999999998;949.4;2616641.96;1245452.12;7.658913;47.359706
12683.099999999999;949.6;2616640.37;1245451.89;7.658892;47.359704
12684.599999999999;949.3;2616638.86;1245452;7.658872;47.359705
12686.099999999999;949;2616637.35;1245451.88;7.658852;47.359704
12687.399999999998;949;2616636.07;1245451.65;7.658835;47.359702
12688.999999999998;948.8;2616634.48;1245451.76;7.658814;47.359703
12690.499999999998;948.5;2616632.97;1245451.76;7.658794;47.359703
12692.099999999999;948.3;2616631.46;1245451.86;7.658774;47.359704
12693.8;948;2616629.72;1245451.86;7.658751;47.359704
12695.099999999999;948;2616628.44;1245451.86;7.658734;47.359704
12696.599999999999;947.8;2616626.92;1245451.85;7.658714;47.359704
12698.099999999999;947.5;2616625.41;1245451.85;7.658694;47.359704
12699.699999999999;947.3;2616623.83;1245451.95;7.658673;47.359705
12701.199999999999;947;2616622.32;1245452.06;7.658653;47.359706
12702.699999999999;946.8;2616620.88;1245452.17;7.658634;47.359707
12704.099999999999;946.7;2616619.44;1245452.16;7.658615;47.359707
12705.499999999998;946.7;2616618.01;1245452.27;7.658596;47.359708
12707.3;946.5;2616616.27;1245452.16;7.658573;47.359707
12708.599999999999;946.3;2616614.99;1245452.04;7.658556;47.359706
12710.099999999999;946.1;2616613.48;1245451.81;7.658536;47.359704
12711.699999999999;945.9;2616611.89;1245451.7;7.658515;47.359703
12713.099999999999;945.9;2616610.46;1245451.47;7.658496;47.359701
12714.599999999999;945.6;2616608.95;1245451.36;7.658476;47.3597
12716.199999999999;945.4;2616607.36;1245451.13;7.658455;47.359698
12717.8;945.1;2616605.77;1245450.9;7.658434;47.359696
12719.099999999999;945.1;2616604.57;1245450.45;7.658418;47.359692
12720.599999999999;944.9;2616603.21;1245450.01;7.6584;47.359688
12721.899999999998;944.7;2616601.85;1245449.78;7.658382;47.359686
12723.399999999998;944.7;2616600.41;1245449.55;7.658363;47.359684
12724.899999999998;944.4;2616598.9;1245449.44;7.658343;47.359683
12726.3;944.2;2616597.54;1245449.32;7.658325;47.359682
12727.699999999999;944.2;2616596.11;1245449.32;7.658306;47.359682
12729.099999999999;944;2616594.67;1245449.2;7.658287;47.359681
12730.499999999998;943.8;2616593.31;1245449.09;7.658269;47.35968
12731.899999999998;943.5;2616591.95;1245448.97;7.658251;47.359679
12733.199999999999;943.5;2616590.59;1245448.97;7.658233;47.359679
12734.8;943.3;2616589.08;1245449.08;7.658213;47.35968
12736.3;943.1;2616587.57;1245448.96;7.658193;47.359679
12737.8;943.1;2616586.06;1245448.96;7.658173;47.359679
12739.199999999999;942.9;2616584.63;1245448.84;7.658154;47.359678
12740.699999999999;942.6;2616583.19;1245448.84;7.658135;47.359678
12742.199999999999;942.4;2616581.68;1245448.83;7.658115;47.359678
12743.8;942.4;2616580.09;1245448.72;7.658094;47.359677
12745.3;942.2;2616578.51;1245448.6;7.658073;47.359676
12746.899999999998;941.9;2616577;1245448.27;7.658053;47.359673
12748.499999999998;941.8;2616575.41;1245447.93;7.658032;47.35967
12749.999999999998;941.5;2616573.9;1245447.7;7.658012;47.359668
12751.499999999998;941.5;2616572.47;1245447.36;7.657993;47.359665
12752.999999999998;941.3;2616571.03;1245447.03;7.657974;47.359662
12754.499999999998;941.1;2616569.6;1245446.69;7.657955;47.359659
12755.899999999998;941.1;2616568.16;1245446.35;7.657936;47.359656
12757.899999999998;940.9;2616566.28;1245445.68;7.657911;47.35965
12758.899999999998;940.7;2616565.37;1245445.34;7.657899;47.359647
12760.399999999998;940.4;2616563.94;1245445;7.65788;47.359644
12761.8;940.4;2616562.5;1245444.78;7.657861;47.359642
12763.399999999998;940.2;2616560.92;1245444.66;7.65784;47.359641
12764.899999999998;939.9;2616559.48;1245444.66;7.657821;47.359641
12766.399999999998;939.7;2616557.97;1245444.65;7.657801;47.359641
12767.999999999998;939.7;2616556.38;1245444.76;7.65778;47.359642
12769.499999999998;939.5;2616554.87;1245444.76;7.65776;47.359642
12771.099999999999;939.2;2616553.29;1245444.86;7.657739;47.359643
12772.599999999999;939;2616551.77;1245444.86;7.657719;47.359643
12773.999999999998;939;2616550.34;1245444.74;7.6577;47.359642
12775.599999999999;938.8;2616548.83;1245444.41;7.65768;47.359639
12777.099999999999;938.6;2616547.32;1245444.18;7.65766;47.359637
12778.699999999999;938.4;2616545.73;1245443.84;7.657639;47.359634
12780.499999999998;938.2;2616544;1245443.62;7.657616;47.359632
12781.8;938.2;2616542.71;1245443.39;7.657599;47.35963
12783.399999999998;938;2616541.13;1245443.27;7.657578;47.359629
12784.899999999998;937.8;2616539.62;1245443.27;7.657558;47.359629
12786.499999999998;937.8;2616538.03;1245443.15;7.657537;47.359628
12787.999999999998;937.6;2616536.52;1245442.82;7.657517;47.359625
12789.499999999998;937.4;2616535.01;1245442.48;7.657497;47.359622
12791.099999999999;937.2;2616533.5;1245442.25;7.657477;47.35962
12792.599999999999;937;2616531.99;1245442.25;7.657457;47.35962
12794.199999999999;937;2616530.4;1245442.35;7.657436;47.359621
12795.699999999999;936.9;2616528.89;1245442.46;7.657416;47.359622
12797.199999999999;936.7;2616527.38;1245442.35;7.657396;47.359621
12798.8;936.5;2616525.79;1245442.01;7.657375;47.359618
12800.199999999999;936.5;2616524.44;1245441.78;7.657357;47.359616
12801.699999999999;936.4;2616523;1245441.56;7.657338;47.359614
12803.499999999998;936.2;2616521.19;1245441.33;7.657314;47.359612
12804.8;936.1;2616519.9;1245441.1;7.657297;47.35961
12806.3;936.1;2616518.39;1245440.99;7.657277;47.359609
12807.8;935.9;2616516.88;1245440.65;7.657257;47.359606
12809.399999999998;935.7;2616515.37;1245440.2;7.657237;47.359602
12810.899999999998;935.6;2616513.94;1245439.97;7.657218;47.3596
12812.3;935.6;2616512.5;1245439.75;7.657199;47.359598
12813.8;935.5;2616511.07;1245439.52;7.65718;47.359596
12815.099999999999;935.4;2616509.71;1245439.52;7.657162;47.359596
12816.499999999998;935.4;2616508.35;1245439.62;7.657144;47.359597
12817.999999999998;935.2;2616506.91;1245439.4;7.657125;47.359595
12819.399999999998;935.1;2616505.48;1245439.17;7.657106;47.359593
12820.899999999998;935.1;2616504.05;1245438.95;7.657087;47.359591
12822.3;935;2616502.61;1245438.83;7.657068;47.35959
12824.199999999999;934.9;2616500.72;1245438.6;7.657043;47.359588
12825.399999999998;934.7;2616499.51;1245438.49;7.657027;47.359587
12826.899999999998;934.7;2616498.08;1245438.26;7.657008;47.359585
12828.3;934.7;2616496.72;1245437.92;7.65699;47.359582
12829.499999999998;934.5;2616495.51;1245437.7;7.656974;47.35958
12830.899999999998;934.5;2616494.08;1245437.7;7.656955;47.35958
12832.399999999998;934.4;2616492.64;1245437.69;7.656936;47.35958
12834.3;934.3;2616490.68;1245437.57;7.65691;47.359579
12835.199999999999;934.2;2616489.85;1245437.57;7.656899;47.359579
12836.499999999998;934.2;2616488.56;1245437.68;7.656882;47.35958
12837.899999999998;934.1;2616487.13;1245437.68;7.656863;47.35958
12839.499999999998;934;2616485.54;1245437.78;7.656842;47.359581
12840.999999999998;934;2616484.03;1245437.67;7.656822;47.35958
12842.499999999998;934;2616482.52;1245437.55;7.656802;47.359579
12843.999999999998;933.8;2616481.08;1245437.33;7.656783;47.359577
12845.499999999998;933.7;2616479.57;1245436.99;7.656763;47.359574
12846.699999999999;933.7;2616478.37;1245436.76;7.656747;47.359572
12848.3;933.6;2616476.86;1245436.54;7.656727;47.35957
12849.699999999999;933.5;2616475.42;1245436.2;7.656708;47.359567
12851.199999999999;933.4;2616473.99;1245435.97;7.656689;47.359565
12852.699999999999;933.4;2616472.48;1245435.75;7.656669;47.359563
12854.099999999999;933.4;2616471.12;1245435.52;7.656651;47.359561
12855.899999999998;933.3;2616469.38;1245435.29;7.656628;47.359559
12856.999999999998;933.3;2616468.25;1245435.07;7.656613;47.359557
12858.499999999998;933.2;2616466.81;1245434.62;7.656594;47.359553
12859.8;933.1;2616465.53;1245434.39;7.656577;47.359551
12861.199999999999;933.1;2616464.17;1245434.39;7.656559;47.359551
12862.599999999999;933;2616462.73;1245434.38;7.65654;47.359551
12864.199999999999;932.9;2616461.15;1245434.49;7.656519;47.359552
12866.399999999998;932.8;2616458.96;1245434.6;7.65649;47.359553
12867.3;932.8;2616458.05;1245434.59;7.656478;47.359553
12868.699999999999;932.6;2616456.61;1245434.48;7.656459;47.359552
12870.199999999999;932.5;2616455.18;1245434.25;7.65644;47.35955
12871.499999999998;932.5;2616453.9;1245434.14;7.656423;47.359549
12872.999999999998;932.5;2616452.38;1245434.13;7.656403;47.359549
12874.499999999998;932.3;2616450.87;1245434.02;7.656383;47.359548
12876.499999999998;932.3;2616448.91;1245433.68;7.656357;47.359545
12877.199999999999;932.3;2616448.23;1245433.45;7.656348;47.359543
12878.499999999998;932.3;2616447.02;1245433.01;7.656332;47.359539
12879.899999999998;932.2;2616445.66;1245432.67;7.656314;47.359536
12881.199999999999;932.2;2616444.38;1245432.67;7.656297;47.359536
12882.499999999998;932;2616443.02;1245432.66;7.656279;47.359536
12883.999999999998;931.9;2616441.59;1245432.66;7.65626;47.359536
12885.3;931.9;2616440.23;1245432.65;7.656242;47.359536
12886.8;931.9;2616438.79;1245432.65;7.656223;47.359536
12887.899999999998;931.8;2616437.66;1245432.54;7.656208;47.359535
12889.099999999999;931.8;2616436.83;1245431.64;7.656197;47.359527
12890.3;931.7;2616435.92;1245430.97;7.656185;47.359521
12891.399999999998;931.7;2616434.79;1245431.08;7.65617;47.359522
12892.499999999998;931.7;2616434.18;1245431.97;7.656162;47.35953
12893.3;931.4;2616433.95;1245432.75;7.656159;47.359537
12895.099999999999;931.4;2616432.29;1245432.08;7.656137;47.359531
12896.8;931.5;2616430.86;1245431.18;7.656118;47.359523
12898.199999999999;931.4;2616429.58;1245430.62;7.656101;47.359518
12899.399999999998;931.4;2616428.37;1245430.29;7.656085;47.359515
12900.099999999999;931.3;2616427.77;1245430.06;7.656077;47.359513
12900.699999999999;931.4;2616427.16;1245429.84;7.656069;47.359511
