<?xml version="1.0"?>
<gpx version="1.1" creator="Generated by Swisstopo App. See https://www.swisstopo.ch/app for more information." xmlns="http://www.topografix.com/GPX/1/1" xmlns:xsi="http://www.w3.org/2001/XMLSchema-instance" xmlns:swisstopo="https://prod-static.swisstopo-app.ch/xmlschemas/SwisstopoExtensions" xsi:schemaLocation="http://www.topografix.com/GPX/1/1 http://www.topografix.com/GPX/1/1/gpx.xsd https://swisstopo-app.ch/xmlschemas/SwisstopoExtensions https://prod-static.swisstopo-app.ch/xmlschemas/SwisstopoExtensions.xsd">
	<metadata>
		<name>Route: 47.329050, 7.693863 to 47.260126, 7.500229</name>
		<desc />
		<time>2026-09-28T16:01:04+02:00</time>
		<extensions>
			<swisstopo:tour_type>0</swisstopo:tour_type>
		</extensions>
	</metadata>
	<wpt lat="47.3287282719" lon="7.6939985418">
		<ele>824.0</ele>
		<extensions>
			<swisstopo:waypoint_id>1</swisstopo:waypoint_id>
			<swisstopo:waypoint_is_controlpoint>1</swisstopo:waypoint_is_controlpoint>
			<swisstopo:waypoint_routepoint_id>2044959101</swisstopo:waypoint_routepoint_id>
			<swisstopo:waypoint_meters_into_tour>0.000000</swisstopo:waypoint_meters_into_tour>
		</extensions>
		<name>Starting point</name>
	</wpt>
	<wpt lat="47.2601093188" lon="7.5002494713">
		<ele>1010.4</ele>
		<extensions>
			<swisstopo:waypoint_id>12</swisstopo:waypoint_id>
			<swisstopo:waypoint_is_controlpoint>1</swisstopo:waypoint_is_controlpoint>
			<swisstopo:waypoint_routepoint_id>881401622</swisstopo:waypoint_routepoint_id>
			<swisstopo:waypoint_meters_into_tour>20832.100390</swisstopo:waypoint_meters_into_tour>
			<swisstopo:waypoint_stage_before distance="20832.100390" duration="22956.681538" ascent="899.304413" descent="712.944183" />
		</extensions>
		<name>Destination</name>
	</wpt>
	<trk>
		<name>Route: 47.329050, 7.693863 to 47.260126, 7.500229</name>
		<trkseg>
			<trkpt lat="47.3287282719" lon="7.6939985418">
				<ele>824.0</ele>
				<extensions>
					<swisstopo:routepoint_id>2044959101</swisstopo:routepoint_id>
				</extensions>
			</trkpt>
			<trkpt lat="47.3287282719" lon="7.6939985418">
				<ele>824.0</ele>
				<extensions>
					<swisstopo:waypoint_id>1</swisstopo:waypoint_id>
					<swisstopo:waypoint_is_controlpoint>1</swisstopo:waypoint_is_controlpoint>
					<swisstopo:waypoint_routepoint_id>2044959101</swisstopo:waypoint_routepoint_id>
					<swisstopo:waypoint_meters_into_tour>0.000000</swisstopo:waypoint_meters_into_tour>
					<swisstopo:waypoint_trackpoint_id>swisstopo-01</swisstopo:waypoint_trackpoint_id>
					<swisstopo:waypoint_original_name>Starting point</swisstopo:waypoint_original_name>
				</extensions>
				<name>swisstopo-01</name>
			</trkpt>
			<trkpt lat="47.3285482774" lon="7.6929785502">
				<ele>802.4</ele>
				<extensions>
					<swisstopo:routepoint_id>2079177192</swisstopo:routepoint_id>
				</extensions>
			</trkpt>
			<trkpt lat="47.3284582800" lon="7.6924885543">
				<ele>800.2</ele>
				<extensions>
					<swisstopo:routepoint_id>1592868356</swisstopo:routepoint_id>
				</extensions>
			</trkpt>
			<trkpt lat="47.3283882812" lon="7.6922485559">
				<ele>797.3</ele>
				<extensions>
					<swisstopo:routepoint_id>1116839096</swisstopo:routepoint_id>
				</extensions>
			</trkpt>
			<trkpt lat="47.3283682818" lon="7.6921385568">
				<ele>796.2</ele>
				<extensions>
					<swisstopo:routepoint_id>1029711420</swisstopo:routepoint_id>
				</extensions>
			</trkpt>
			<trkpt lat="47.3283482824" lon="7.6920185578">
				<ele>795.0</ele>
				<extensions>
					<swisstopo:routepoint_id>189891485</swisstopo:routepoint_id>
				</extensions>
			</trkpt>
			<trkpt lat="47.3283482834" lon="7.6918685594">
				<ele>794.8</ele>
				<extensions>
					<swisstopo:routepoint_id>2065406213</swisstopo:routepoint_id>
				</extensions>
			</trkpt>
			<trkpt lat="47.3284882844" lon="7.6917985620">
				<ele>800.1</ele>
				<extensions>
					<swisstopo:routepoint_id>243864799</swisstopo:routepoint_id>
				</extensions>
			</trkpt>
			<trkpt lat="47.3285482850" lon="7.6917485632">
				<ele>800.4</ele>
				<extensions>
					<swisstopo:routepoint_id>915304811</swisstopo:routepoint_id>
				</extensions>
			</trkpt>
			<trkpt lat="47.3288682891" lon="7.6912985721">
				<ele>801.6</ele>
				<extensions>
					<swisstopo:routepoint_id>1667032153</swisstopo:routepoint_id>
				</extensions>
			</trkpt>
			<trkpt lat="47.3292382941" lon="7.6907585825">
				<ele>808.7</ele>
				<extensions>
					<swisstopo:routepoint_id>976166222</swisstopo:routepoint_id>
				</extensions>
			</trkpt>
			<trkpt lat="47.3294782976" lon="7.6903485899">
				<ele>810.9</ele>
				<extensions>
					<swisstopo:routepoint_id>24425502</swisstopo:routepoint_id>
				</extensions>
			</trkpt>
			<trkpt lat="47.3296683003" lon="7.6900585954">
				<ele>810.0</ele>
				<extensions>
					<swisstopo:routepoint_id>1065936424</swisstopo:routepoint_id>
				</extensions>
			</trkpt>
			<trkpt lat="47.3298183023" lon="7.6898385997">
				<ele>808.8</ele>
				<extensions>
					<swisstopo:routepoint_id>70285798</swisstopo:routepoint_id>
				</extensions>
			</trkpt>
			<trkpt lat="47.3299683042" lon="7.6896286038">
				<ele>807.7</ele>
				<extensions>
					<swisstopo:routepoint_id>1611535966</swisstopo:routepoint_id>
				</extensions>
			</trkpt>
			<trkpt lat="47.3300383051" lon="7.6895386056">
				<ele>808.6</ele>
				<extensions>
					<swisstopo:routepoint_id>1342676450</swisstopo:routepoint_id>
				</extensions>
			</trkpt>
			<trkpt lat="47.3301383063" lon="7.6894186082">
				<ele>810.4</ele>
				<extensions>
					<swisstopo:routepoint_id>1681558835</swisstopo:routepoint_id>
				</extensions>
			</trkpt>
			<trkpt lat="47.3302083071" lon="7.6893286100">
				<ele>811.7</ele>
				<extensions>
					<swisstopo:routepoint_id>1754925064</swisstopo:routepoint_id>
				</extensions>
			</trkpt>
			<trkpt lat="47.3303083085" lon="7.6891686130">
				<ele>813.5</ele>
				<extensions>
					<swisstopo:routepoint_id>581743194</swisstopo:routepoint_id>
				</extensions>
			</trkpt>
			<trkpt lat="47.3303883101" lon="7.6889786161">
				<ele>814.9</ele>
				<extensions>
					<swisstopo:routepoint_id>998830663</swisstopo:routepoint_id>
				</extensions>
			</trkpt>
			<trkpt lat="47.3304283107" lon="7.6889086173">
				<ele>815.7</ele>
				<extensions>
					<swisstopo:routepoint_id>582174820</swisstopo:routepoint_id>
				</extensions>
			</trkpt>
			<trkpt lat="47.3304683112" lon="7.6888486185">
				<ele>816.4</ele>
				<extensions>
					<swisstopo:routepoint_id>345336030</swisstopo:routepoint_id>
				</extensions>
			</trkpt>
			<trkpt lat="47.3304683115" lon="7.6887986190">
				<ele>816.4</ele>
				<extensions>
					<swisstopo:routepoint_id>914798443</swisstopo:routepoint_id>
				</extensions>
			</trkpt>
			<trkpt lat="47.3304683119" lon="7.6887386196">
				<ele>816.4</ele>
				<extensions>
					<swisstopo:routepoint_id>1725514919</swisstopo:routepoint_id>
				</extensions>
			</trkpt>
			<trkpt lat="47.3304583125" lon="7.6886386206">
				<ele>816.2</ele>
				<extensions>
					<swisstopo:routepoint_id>1136184575</swisstopo:routepoint_id>
				</extensions>
			</trkpt>
			<trkpt lat="47.3304283131" lon="7.6885186215">
				<ele>815.7</ele>
				<extensions>
					<swisstopo:routepoint_id>665876716</swisstopo:routepoint_id>
				</extensions>
			</trkpt>
			<trkpt lat="47.3303883141" lon="7.6883286230">
				<ele>811.8</ele>
				<extensions>
					<swisstopo:routepoint_id>2074254463</swisstopo:routepoint_id>
				</extensions>
			</trkpt>
			<trkpt lat="47.3303783148" lon="7.6881986242">
				<ele>809.3</ele>
				<extensions>
					<swisstopo:routepoint_id>965656070</swisstopo:routepoint_id>
				</extensions>
			</trkpt>
			<trkpt lat="47.3303683154" lon="7.6880986251">
				<ele>807.3</ele>
				<extensions>
					<swisstopo:routepoint_id>556438829</swisstopo:routepoint_id>
				</extensions>
			</trkpt>
			<trkpt lat="47.3303783161" lon="7.6879886264">
				<ele>805.5</ele>
				<extensions>
					<swisstopo:routepoint_id>388419638</swisstopo:routepoint_id>
				</extensions>
			</trkpt>
			<trkpt lat="47.3303883169" lon="7.6878686278">
				<ele>803.6</ele>
				<extensions>
					<swisstopo:routepoint_id>183440065</swisstopo:routepoint_id>
				</extensions>
			</trkpt>
			<trkpt lat="47.3304083177" lon="7.6877586293">
				<ele>801.9</ele>
				<extensions>
					<swisstopo:routepoint_id>453914282</swisstopo:routepoint_id>
				</extensions>
			</trkpt>
			<trkpt lat="47.3304183182" lon="7.6876786302">
				<ele>800.7</ele>
				<extensions>
					<swisstopo:routepoint_id>320113182</swisstopo:routepoint_id>
				</extensions>
			</trkpt>
			<trkpt lat="47.3304483189" lon="7.6875886316">
				<ele>799.6</ele>
				<extensions>
					<swisstopo:routepoint_id>1776308421</swisstopo:routepoint_id>
				</extensions>
			</trkpt>
			<trkpt lat="47.3304683194" lon="7.6875286325">
				<ele>798.9</ele>
				<extensions>
					<swisstopo:routepoint_id>1570753379</swisstopo:routepoint_id>
				</extensions>
			</trkpt>
			<trkpt lat="47.3304983200" lon="7.6874486337">
				<ele>798.0</ele>
				<extensions>
					<swisstopo:routepoint_id>1349824602</swisstopo:routepoint_id>
				</extensions>
			</trkpt>
			<trkpt lat="47.3305983216" lon="7.6872586370">
				<ele>798.7</ele>
				<extensions>
					<swisstopo:routepoint_id>1966199906</swisstopo:routepoint_id>
				</extensions>
			</trkpt>
			<trkpt lat="47.3306283221" lon="7.6871986380">
				<ele>799.3</ele>
				<extensions>
					<swisstopo:routepoint_id>1488675944</swisstopo:routepoint_id>
				</extensions>
			</trkpt>
			<trkpt lat="47.3306383224" lon="7.6871586386">
				<ele>799.4</ele>
				<extensions>
					<swisstopo:routepoint_id>1593689401</swisstopo:routepoint_id>
				</extensions>
			</trkpt>
			<trkpt lat="47.3306483228" lon="7.6870986394">
				<ele>799.6</ele>
				<extensions>
					<swisstopo:routepoint_id>734021070</swisstopo:routepoint_id>
				</extensions>
			</trkpt>
			<trkpt lat="47.3307083234" lon="7.6870486407">
				<ele>801.2</ele>
				<extensions>
					<swisstopo:routepoint_id>1008224449</swisstopo:routepoint_id>
				</extensions>
			</trkpt>
			<trkpt lat="47.3307183239" lon="7.6869686416">
				<ele>801.4</ele>
				<extensions>
					<swisstopo:routepoint_id>422371975</swisstopo:routepoint_id>
				</extensions>
			</trkpt>
			<trkpt lat="47.3307183249" lon="7.6868086433">
				<ele>801.3</ele>
				<extensions>
					<swisstopo:routepoint_id>758446572</swisstopo:routepoint_id>
				</extensions>
			</trkpt>
			<trkpt lat="47.3306783269" lon="7.6864586465">
				<ele>800.2</ele>
				<extensions>
					<swisstopo:routepoint_id>2074160873</swisstopo:routepoint_id>
				</extensions>
			</trkpt>
			<trkpt lat="47.3306383273" lon="7.6863686470">
				<ele>799.4</ele>
				<extensions>
					<swisstopo:routepoint_id>492657774</swisstopo:routepoint_id>
				</extensions>
			</trkpt>
			<trkpt lat="47.3305883278" lon="7.6862486476">
				<ele>798.5</ele>
				<extensions>
					<swisstopo:routepoint_id>222498891</swisstopo:routepoint_id>
				</extensions>
			</trkpt>
			<trkpt lat="47.3305883283" lon="7.6861686485">
				<ele>798.5</ele>
				<extensions>
					<swisstopo:routepoint_id>1269353676</swisstopo:routepoint_id>
				</extensions>
			</trkpt>
			<trkpt lat="47.3306283315" lon="7.6856886541">
				<ele>799.3</ele>
				<extensions>
					<swisstopo:routepoint_id>26732961</swisstopo:routepoint_id>
				</extensions>
			</trkpt>
			<trkpt lat="47.3306383321" lon="7.6855986552">
				<ele>799.4</ele>
				<extensions>
					<swisstopo:routepoint_id>1977423955</swisstopo:routepoint_id>
				</extensions>
			</trkpt>
			<trkpt lat="47.3306683327" lon="7.6855186564">
				<ele>800.0</ele>
				<extensions>
					<swisstopo:routepoint_id>1851096870</swisstopo:routepoint_id>
				</extensions>
			</trkpt>
			<trkpt lat="47.3306983332" lon="7.6854686573">
				<ele>800.5</ele>
				<extensions>
					<swisstopo:routepoint_id>1025563624</swisstopo:routepoint_id>
				</extensions>
			</trkpt>
			<trkpt lat="47.3307583335" lon="7.6854486583">
				<ele>801.6</ele>
				<extensions>
					<swisstopo:routepoint_id>412115127</swisstopo:routepoint_id>
				</extensions>
			</trkpt>
			<trkpt lat="47.3308383340" lon="7.6854286595">
				<ele>803.0</ele>
				<extensions>
					<swisstopo:routepoint_id>48949252</swisstopo:routepoint_id>
				</extensions>
			</trkpt>
			<trkpt lat="47.3309383341" lon="7.6854786603">
				<ele>804.8</ele>
				<extensions>
					<swisstopo:routepoint_id>1940362067</swisstopo:routepoint_id>
				</extensions>
			</trkpt>
			<trkpt lat="47.3311283340" lon="7.6856286611">
				<ele>808.3</ele>
				<extensions>
					<swisstopo:routepoint_id>2137630046</swisstopo:routepoint_id>
				</extensions>
			</trkpt>
			<trkpt lat="47.3311983343" lon="7.6856286620">
				<ele>809.5</ele>
				<extensions>
					<swisstopo:routepoint_id>1185133827</swisstopo:routepoint_id>
				</extensions>
			</trkpt>
			<trkpt lat="47.3312283347" lon="7.6855886628">
				<ele>810.1</ele>
				<extensions>
					<swisstopo:routepoint_id>458755136</swisstopo:routepoint_id>
				</extensions>
			</trkpt>
			<trkpt lat="47.3312383353" lon="7.6854986639">
				<ele>810.2</ele>
				<extensions>
					<swisstopo:routepoint_id>2064400862</swisstopo:routepoint_id>
				</extensions>
			</trkpt>
			<trkpt lat="47.3311183385" lon="7.6849086687">
				<ele>805.3</ele>
				<extensions>
					<swisstopo:routepoint_id>3306249</swisstopo:routepoint_id>
				</extensions>
			</trkpt>
			<trkpt lat="47.3310583394" lon="7.6847086700">
				<ele>801.6</ele>
				<extensions>
					<swisstopo:routepoint_id>1015193965</swisstopo:routepoint_id>
				</extensions>
			</trkpt>
			<trkpt lat="47.3309883400" lon="7.6845686706">
				<ele>798.0</ele>
				<extensions>
					<swisstopo:routepoint_id>305336852</swisstopo:routepoint_id>
				</extensions>
			</trkpt>
			<trkpt lat="47.3308283411" lon="7.6842886715">
				<ele>789.3</ele>
				<extensions>
					<swisstopo:routepoint_id>186746314</swisstopo:routepoint_id>
				</extensions>
			</trkpt>
			<trkpt lat="47.3307983415" lon="7.6841986721">
				<ele>786.9</ele>
				<extensions>
					<swisstopo:routepoint_id>1469108248</swisstopo:routepoint_id>
				</extensions>
			</trkpt>
			<trkpt lat="47.3307783419" lon="7.6841186727">
				<ele>784.9</ele>
				<extensions>
					<swisstopo:routepoint_id>625450034</swisstopo:routepoint_id>
				</extensions>
			</trkpt>
			<trkpt lat="47.3302883421" lon="7.6837486703">
				<ele>778.1</ele>
				<extensions>
					<swisstopo:routepoint_id>1963054736</swisstopo:routepoint_id>
				</extensions>
			</trkpt>
			<trkpt lat="47.3295583392" lon="7.6836986614">
				<ele>773.5</ele>
				<extensions>
					<swisstopo:routepoint_id>892377979</swisstopo:routepoint_id>
				</extensions>
			</trkpt>
			<trkpt lat="47.3282083339" lon="7.6836086450">
				<ele>743.4</ele>
				<extensions>
					<swisstopo:routepoint_id>1975274636</swisstopo:routepoint_id>
				</extensions>
			</trkpt>
			<trkpt lat="47.3277483305" lon="7.6838386366">
				<ele>730.9</ele>
				<extensions>
					<swisstopo:routepoint_id>1781770994</swisstopo:routepoint_id>
				</extensions>
			</trkpt>
			<trkpt lat="47.3275683291" lon="7.6839286333">
				<ele>726.1</ele>
				<extensions>
					<swisstopo:routepoint_id>233570275</swisstopo:routepoint_id>
				</extensions>
			</trkpt>
			<trkpt lat="47.3275283288" lon="7.6839486326">
				<ele>725.0</ele>
				<extensions>
					<swisstopo:routepoint_id>1421480390</swisstopo:routepoint_id>
				</extensions>
			</trkpt>
			<trkpt lat="47.3273983279" lon="7.6839986304">
				<ele>721.2</ele>
				<extensions>
					<swisstopo:routepoint_id>368308416</swisstopo:routepoint_id>
				</extensions>
			</trkpt>
			<trkpt lat="47.3272783268" lon="7.6840986278">
				<ele>715.9</ele>
				<extensions>
					<swisstopo:routepoint_id>1241794724</swisstopo:routepoint_id>
				</extensions>
			</trkpt>
			<trkpt lat="47.3271383248" lon="7.6843286235">
				<ele>705.9</ele>
				<extensions>
					<swisstopo:routepoint_id>1843852365</swisstopo:routepoint_id>
				</extensions>
			</trkpt>
			<trkpt lat="47.3270483232" lon="7.6845186204">
				<ele>699.4</ele>
				<extensions>
					<swisstopo:routepoint_id>1126754989</swisstopo:routepoint_id>
				</extensions>
			</trkpt>
			<trkpt lat="47.3269883227" lon="7.6845586192">
				<ele>695.1</ele>
				<extensions>
					<swisstopo:routepoint_id>1168471949</swisstopo:routepoint_id>
				</extensions>
			</trkpt>
			<trkpt lat="47.3269283223" lon="7.6845686183">
				<ele>690.8</ele>
				<extensions>
					<swisstopo:routepoint_id>189026491</swisstopo:routepoint_id>
				</extensions>
			</trkpt>
			<trkpt lat="47.3268583225" lon="7.6844986181">
				<ele>685.7</ele>
				<extensions>
					<swisstopo:routepoint_id>1349253880</swisstopo:routepoint_id>
				</extensions>
			</trkpt>
			<trkpt lat="47.3268283229" lon="7.6844086187">
				<ele>683.6</ele>
				<extensions>
					<swisstopo:routepoint_id>290341977</swisstopo:routepoint_id>
				</extensions>
			</trkpt>
			<trkpt lat="47.3267883239" lon="7.6842286201">
				<ele>680.7</ele>
				<extensions>
					<swisstopo:routepoint_id>215759452</swisstopo:routepoint_id>
				</extensions>
			</trkpt>
			<trkpt lat="47.3267783254" lon="7.6839786226">
				<ele>679.2</ele>
				<extensions>
					<swisstopo:routepoint_id>1179194187</swisstopo:routepoint_id>
				</extensions>
			</trkpt>
			<trkpt lat="47.3267183273" lon="7.6836186256">
				<ele>672.1</ele>
				<extensions>
					<swisstopo:routepoint_id>2141438847</swisstopo:routepoint_id>
				</extensions>
			</trkpt>
			<trkpt lat="47.3267083284" lon="7.6834386274">
				<ele>670.1</ele>
				<extensions>
					<swisstopo:routepoint_id>1241323076</swisstopo:routepoint_id>
				</extensions>
			</trkpt>
			<trkpt lat="47.3267283297" lon="7.6832486296">
				<ele>669.7</ele>
				<extensions>
					<swisstopo:routepoint_id>1591309314</swisstopo:routepoint_id>
				</extensions>
			</trkpt>
			<trkpt lat="47.3267583308" lon="7.6830886317">
				<ele>670.1</ele>
				<extensions>
					<swisstopo:routepoint_id>42904452</swisstopo:routepoint_id>
				</extensions>
			</trkpt>
			<trkpt lat="47.3267983318" lon="7.6829586336">
				<ele>671.2</ele>
				<extensions>
					<swisstopo:routepoint_id>1034201496</swisstopo:routepoint_id>
				</extensions>
			</trkpt>
			<trkpt lat="47.3268683327" lon="7.6828686355">
				<ele>674.8</ele>
				<extensions>
					<swisstopo:routepoint_id>1581455713</swisstopo:routepoint_id>
				</extensions>
			</trkpt>
			<trkpt lat="47.3269183333" lon="7.6827986369">
				<ele>677.5</ele>
				<extensions>
					<swisstopo:routepoint_id>1228038279</swisstopo:routepoint_id>
				</extensions>
			</trkpt>
			<trkpt lat="47.3269283338" lon="7.6827286377">
				<ele>678.1</ele>
				<extensions>
					<swisstopo:routepoint_id>1492956632</swisstopo:routepoint_id>
				</extensions>
			</trkpt>
			<trkpt lat="47.3269183343" lon="7.6826386385">
				<ele>677.5</ele>
				<extensions>
					<swisstopo:routepoint_id>1498372927</swisstopo:routepoint_id>
				</extensions>
			</trkpt>
			<trkpt lat="47.3268983346" lon="7.6825786389">
				<ele>676.4</ele>
				<extensions>
					<swisstopo:routepoint_id>1231344529</swisstopo:routepoint_id>
				</extensions>
			</trkpt>
			<trkpt lat="47.3268483348" lon="7.6825086390">
				<ele>673.7</ele>
				<extensions>
					<swisstopo:routepoint_id>360666949</swisstopo:routepoint_id>
				</extensions>
			</trkpt>
			<trkpt lat="47.3266283351" lon="7.6823186382">
				<ele>661.9</ele>
				<extensions>
					<swisstopo:routepoint_id>1803709779</swisstopo:routepoint_id>
				</extensions>
			</trkpt>
			<trkpt lat="47.3264683355" lon="7.6821286381">
				<ele>653.2</ele>
				<extensions>
					<swisstopo:routepoint_id>1418090843</swisstopo:routepoint_id>
				</extensions>
			</trkpt>
			<trkpt lat="47.3264083359" lon="7.6820286384">
				<ele>650.0</ele>
				<extensions>
					<swisstopo:routepoint_id>1829775197</swisstopo:routepoint_id>
				</extensions>
			</trkpt>
			<trkpt lat="47.3263883364" lon="7.6819286392">
				<ele>648.9</ele>
				<extensions>
					<swisstopo:routepoint_id>281676165</swisstopo:routepoint_id>
				</extensions>
			</trkpt>
			<trkpt lat="47.3263483385" lon="7.6815686425">
				<ele>646.2</ele>
				<extensions>
					<swisstopo:routepoint_id>1233661931</swisstopo:routepoint_id>
				</extensions>
			</trkpt>
			<trkpt lat="47.3263183408" lon="7.6811786462">
				<ele>644.1</ele>
				<extensions>
					<swisstopo:routepoint_id>574669528</swisstopo:routepoint_id>
				</extensions>
			</trkpt>
			<trkpt lat="47.3262483434" lon="7.6807086502">
				<ele>641.2</ele>
				<extensions>
					<swisstopo:routepoint_id>109467153</swisstopo:routepoint_id>
				</extensions>
			</trkpt>
			<trkpt lat="47.3261983465" lon="7.6801886551">
				<ele>649.6</ele>
				<extensions>
					<swisstopo:routepoint_id>867949278</swisstopo:routepoint_id>
				</extensions>
			</trkpt>
			<trkpt lat="47.3262083482" lon="7.6799286579">
				<ele>654.3</ele>
				<extensions>
					<swisstopo:routepoint_id>808239803</swisstopo:routepoint_id>
				</extensions>
			</trkpt>
			<trkpt lat="47.3262483496" lon="7.6797186607">
				<ele>658.6</ele>
				<extensions>
					<swisstopo:routepoint_id>1530947543</swisstopo:routepoint_id>
				</extensions>
			</trkpt>
			<trkpt lat="47.3263083507" lon="7.6795986627">
				<ele>661.8</ele>
				<extensions>
					<swisstopo:routepoint_id>1236257694</swisstopo:routepoint_id>
				</extensions>
			</trkpt>
			<trkpt lat="47.3263383512" lon="7.6795386637">
				<ele>663.3</ele>
				<extensions>
					<swisstopo:routepoint_id>2050034527</swisstopo:routepoint_id>
				</extensions>
			</trkpt>
			<trkpt lat="47.3263383515" lon="7.6794886643">
				<ele>664.1</ele>
				<extensions>
					<swisstopo:routepoint_id>1227316261</swisstopo:routepoint_id>
				</extensions>
			</trkpt>
			<trkpt lat="47.3263083517" lon="7.6794386644">
				<ele>664.4</ele>
				<extensions>
					<swisstopo:routepoint_id>215529035</swisstopo:routepoint_id>
				</extensions>
			</trkpt>
			<trkpt lat="47.3262283517" lon="7.6793786640">
				<ele>664.3</ele>
				<extensions>
					<swisstopo:routepoint_id>1071022829</swisstopo:routepoint_id>
				</extensions>
			</trkpt>
			<trkpt lat="47.3260983513" lon="7.6793486626">
				<ele>665.3</ele>
				<extensions>
					<swisstopo:routepoint_id>1416342752</swisstopo:routepoint_id>
				</extensions>
			</trkpt>
			<trkpt lat="47.3261283534" lon="7.6790286664">
				<ele>671.4</ele>
				<extensions>
					<swisstopo:routepoint_id>1564782915</swisstopo:routepoint_id>
				</extensions>
			</trkpt>
			<trkpt lat="47.3261283543" lon="7.6788886679">
				<ele>674.2</ele>
				<extensions>
					<swisstopo:routepoint_id>1361364806</swisstopo:routepoint_id>
				</extensions>
			</trkpt>
			<trkpt lat="47.3261183545" lon="7.6788586680">
				<ele>674.9</ele>
				<extensions>
					<swisstopo:routepoint_id>1632102205</swisstopo:routepoint_id>
				</extensions>
			</trkpt>
			<trkpt lat="47.3261083546" lon="7.6788286682">
				<ele>675.6</ele>
				<extensions>
					<swisstopo:routepoint_id>596493454</swisstopo:routepoint_id>
				</extensions>
			</trkpt>
			<trkpt lat="47.3260883546" lon="7.6788086682">
				<ele>676.2</ele>
				<extensions>
					<swisstopo:routepoint_id>1355320006</swisstopo:routepoint_id>
				</extensions>
			</trkpt>
			<trkpt lat="47.3260683547" lon="7.6787886681">
				<ele>676.9</ele>
				<extensions>
					<swisstopo:routepoint_id>725941633</swisstopo:routepoint_id>
				</extensions>
			</trkpt>
			<trkpt lat="47.3260383546" lon="7.6787886677">
				<ele>677.3</ele>
				<extensions>
					<swisstopo:routepoint_id>40319121</swisstopo:routepoint_id>
				</extensions>
			</trkpt>
			<trkpt lat="47.3259983543" lon="7.6787986671">
				<ele>677.6</ele>
				<extensions>
					<swisstopo:routepoint_id>1398224458</swisstopo:routepoint_id>
				</extensions>
			</trkpt>
			<trkpt lat="47.3259683541" lon="7.6788086666">
				<ele>677.8</ele>
				<extensions>
					<swisstopo:routepoint_id>1760143129</swisstopo:routepoint_id>
				</extensions>
			</trkpt>
			<trkpt lat="47.3258783533" lon="7.6788786647">
				<ele>677.3</ele>
				<extensions>
					<swisstopo:routepoint_id>1621774834</swisstopo:routepoint_id>
				</extensions>
			</trkpt>
			<trkpt lat="47.3258483531" lon="7.6788886642">
				<ele>677.5</ele>
				<extensions>
					<swisstopo:routepoint_id>478779089</swisstopo:routepoint_id>
				</extensions>
			</trkpt>
			<trkpt lat="47.3257983528" lon="7.6789086634">
				<ele>677.5</ele>
				<extensions>
					<swisstopo:routepoint_id>1105616113</swisstopo:routepoint_id>
				</extensions>
			</trkpt>
			<trkpt lat="47.3257483524" lon="7.6789286625">
				<ele>677.6</ele>
				<extensions>
					<swisstopo:routepoint_id>972664113</swisstopo:routepoint_id>
				</extensions>
			</trkpt>
			<trkpt lat="47.3257083521" lon="7.6789486618">
				<ele>677.5</ele>
				<extensions>
					<swisstopo:routepoint_id>1710123618</swisstopo:routepoint_id>
				</extensions>
			</trkpt>
			<trkpt lat="47.3256683518" lon="7.6789686610">
				<ele>677.4</ele>
				<extensions>
					<swisstopo:routepoint_id>1466283063</swisstopo:routepoint_id>
				</extensions>
			</trkpt>
			<trkpt lat="47.3256383515" lon="7.6789986603">
				<ele>676.9</ele>
				<extensions>
					<swisstopo:routepoint_id>628890244</swisstopo:routepoint_id>
				</extensions>
			</trkpt>
			<trkpt lat="47.3256183512" lon="7.6790386596">
				<ele>676.0</ele>
				<extensions>
					<swisstopo:routepoint_id>980730814</swisstopo:routepoint_id>
				</extensions>
			</trkpt>
			<trkpt lat="47.3255983508" lon="7.6790786590">
				<ele>675.0</ele>
				<extensions>
					<swisstopo:routepoint_id>1148574612</swisstopo:routepoint_id>
				</extensions>
			</trkpt>
			<trkpt lat="47.3255383024" lon="7.6792628013">
				<ele>669.9</ele>
				<extensions>
					<swisstopo:routepoint_id>2141438848</swisstopo:routepoint_id>
				</extensions>
			</trkpt>
			<trkpt lat="47.3255383024" lon="7.6792628013">
				<ele>669.9</ele>
				<name>swisstopo-02</name>
				<extensions>
					<swisstopo:waypoint_id>2</swisstopo:waypoint_id>
					<swisstopo:waypoint_is_controlpoint>1</swisstopo:waypoint_is_controlpoint>
					<swisstopo:waypoint_routepoint_id>2141438848</swisstopo:waypoint_routepoint_id>
					<swisstopo:waypoint_meters_into_tour>2000.000000</swisstopo:waypoint_meters_into_tour>
					<swisstopo:waypoint_trackpoint_id>swisstopo-02</swisstopo:waypoint_trackpoint_id>
				</extensions>
			</trkpt>
			<trkpt lat="47.3254483473" lon="7.6795386522">
				<ele>662.3</ele>
				<extensions>
					<swisstopo:routepoint_id>910566409</swisstopo:routepoint_id>
				</extensions>
			</trkpt>
			<trkpt lat="47.3254083465" lon="7.6796386506">
				<ele>659.6</ele>
				<extensions>
					<swisstopo:routepoint_id>66909097</swisstopo:routepoint_id>
				</extensions>
			</trkpt>
			<trkpt lat="47.3253783460" lon="7.6796986496">
				<ele>658.5</ele>
				<extensions>
					<swisstopo:routepoint_id>1723244141</swisstopo:routepoint_id>
				</extensions>
			</trkpt>
			<trkpt lat="47.3253483458" lon="7.6797086491">
				<ele>658.3</ele>
				<extensions>
					<swisstopo:routepoint_id>1020033562</swisstopo:routepoint_id>
				</extensions>
			</trkpt>
			<trkpt lat="47.3253183456" lon="7.6797186486">
				<ele>658.1</ele>
				<extensions>
					<swisstopo:routepoint_id>934858375</swisstopo:routepoint_id>
				</extensions>
			</trkpt>
			<trkpt lat="47.3252883456" lon="7.6796986484">
				<ele>658.5</ele>
				<extensions>
					<swisstopo:routepoint_id>384000296</swisstopo:routepoint_id>
				</extensions>
			</trkpt>
			<trkpt lat="47.3252583457" lon="7.6796586484">
				<ele>659.2</ele>
				<extensions>
					<swisstopo:routepoint_id>403497458</swisstopo:routepoint_id>
				</extensions>
			</trkpt>
			<trkpt lat="47.3252283460" lon="7.6795886488">
				<ele>660.9</ele>
				<extensions>
					<swisstopo:routepoint_id>23632422</swisstopo:routepoint_id>
				</extensions>
			</trkpt>
			<trkpt lat="47.3251983463" lon="7.6795286490">
				<ele>662.9</ele>
				<extensions>
					<swisstopo:routepoint_id>286551176</swisstopo:routepoint_id>
				</extensions>
			</trkpt>
			<trkpt lat="47.3251683463" lon="7.6794986489">
				<ele>664.0</ele>
				<extensions>
					<swisstopo:routepoint_id>1630813719</swisstopo:routepoint_id>
				</extensions>
			</trkpt>
			<trkpt lat="47.3251283464" lon="7.6794586488">
				<ele>665.5</ele>
				<extensions>
					<swisstopo:routepoint_id>239161457</swisstopo:routepoint_id>
				</extensions>
			</trkpt>
			<trkpt lat="47.3250583463" lon="7.6794186484">
				<ele>666.7</ele>
				<extensions>
					<swisstopo:routepoint_id>1357574005</swisstopo:routepoint_id>
				</extensions>
			</trkpt>
			<trkpt lat="47.3249583461" lon="7.6793886474">
				<ele>667.0</ele>
				<extensions>
					<swisstopo:routepoint_id>899672823</swisstopo:routepoint_id>
				</extensions>
			</trkpt>
			<trkpt lat="47.3248283456" lon="7.6793786458">
				<ele>666.3</ele>
				<extensions>
					<swisstopo:routepoint_id>1803944373</swisstopo:routepoint_id>
				</extensions>
			</trkpt>
			<trkpt lat="47.3246983449" lon="7.6793986439">
				<ele>664.9</ele>
				<extensions>
					<swisstopo:routepoint_id>571455163</swisstopo:routepoint_id>
				</extensions>
			</trkpt>
			<trkpt lat="47.3245783441" lon="7.6794486418">
				<ele>663.1</ele>
				<extensions>
					<swisstopo:routepoint_id>384291380</swisstopo:routepoint_id>
				</extensions>
			</trkpt>
			<trkpt lat="47.3244083426" lon="7.6795586384">
				<ele>660.7</ele>
				<extensions>
					<swisstopo:routepoint_id>252954179</swisstopo:routepoint_id>
				</extensions>
			</trkpt>
			<trkpt lat="47.3243083418" lon="7.6796186365">
				<ele>660.0</ele>
				<extensions>
					<swisstopo:routepoint_id>1926775169</swisstopo:routepoint_id>
				</extensions>
			</trkpt>
			<trkpt lat="47.3241883407" lon="7.6797186339">
				<ele>661.2</ele>
				<extensions>
					<swisstopo:routepoint_id>1110233014</swisstopo:routepoint_id>
				</extensions>
			</trkpt>
			<trkpt lat="47.3241183399" lon="7.6797986321">
				<ele>662.6</ele>
				<extensions>
					<swisstopo:routepoint_id>293273300</swisstopo:routepoint_id>
				</extensions>
			</trkpt>
			<trkpt lat="47.3240883397" lon="7.6798086316">
				<ele>663.0</ele>
				<extensions>
					<swisstopo:routepoint_id>1177515979</swisstopo:routepoint_id>
				</extensions>
			</trkpt>
			<trkpt lat="47.3240583395" lon="7.6798086313">
				<ele>663.1</ele>
				<extensions>
					<swisstopo:routepoint_id>722892495</swisstopo:routepoint_id>
				</extensions>
			</trkpt>
			<trkpt lat="47.3240183395" lon="7.6797886309">
				<ele>663.0</ele>
				<extensions>
					<swisstopo:routepoint_id>1915048134</swisstopo:routepoint_id>
				</extensions>
			</trkpt>
			<trkpt lat="47.3239683396" lon="7.6797386308">
				<ele>662.2</ele>
				<extensions>
					<swisstopo:routepoint_id>1656295069</swisstopo:routepoint_id>
				</extensions>
			</trkpt>
			<trkpt lat="47.3239283400" lon="7.6796486312">
				<ele>660.6</ele>
				<extensions>
					<swisstopo:routepoint_id>1828508609</swisstopo:routepoint_id>
				</extensions>
			</trkpt>
			<trkpt lat="47.3238983404" lon="7.6795586318">
				<ele>660.0</ele>
				<extensions>
					<swisstopo:routepoint_id>740228599</swisstopo:routepoint_id>
				</extensions>
			</trkpt>
			<trkpt lat="47.3238983411" lon="7.6794486330">
				<ele>660.0</ele>
				<extensions>
					<swisstopo:routepoint_id>1218935039</swisstopo:routepoint_id>
				</extensions>
			</trkpt>
			<trkpt lat="47.3238883417" lon="7.6793386340">
				<ele>660.0</ele>
				<extensions>
					<swisstopo:routepoint_id>1147308024</swisstopo:routepoint_id>
				</extensions>
			</trkpt>
			<trkpt lat="47.3238683422" lon="7.6792586346">
				<ele>660.0</ele>
				<extensions>
					<swisstopo:routepoint_id>1369118843</swisstopo:routepoint_id>
				</extensions>
			</trkpt>
			<trkpt lat="47.3238283425" lon="7.6791786349">
				<ele>660.0</ele>
				<extensions>
					<swisstopo:routepoint_id>52182205</swisstopo:routepoint_id>
				</extensions>
			</trkpt>
			<trkpt lat="47.3237883427" lon="7.6791086351">
				<ele>660.0</ele>
				<extensions>
					<swisstopo:routepoint_id>148398988</swisstopo:routepoint_id>
				</extensions>
			</trkpt>
			<trkpt lat="47.3235983434" lon="7.6788786350">
				<ele>660.0</ele>
				<extensions>
					<swisstopo:routepoint_id>132201604</swisstopo:routepoint_id>
				</extensions>
			</trkpt>
			<trkpt lat="47.3234683439" lon="7.6787086351">
				<ele>660.0</ele>
				<extensions>
					<swisstopo:routepoint_id>119091303</swisstopo:routepoint_id>
				</extensions>
			</trkpt>
			<trkpt lat="47.3232183448" lon="7.6783786353">
				<ele>660.7</ele>
				<extensions>
					<swisstopo:routepoint_id>1871643129</swisstopo:routepoint_id>
				</extensions>
			</trkpt>
			<trkpt lat="47.3227983459" lon="7.6779086348">
				<ele>657.6</ele>
				<extensions>
					<swisstopo:routepoint_id>1152235167</swisstopo:routepoint_id>
				</extensions>
			</trkpt>
			<trkpt lat="47.3227483461" lon="7.6778486348">
				<ele>656.4</ele>
				<extensions>
					<swisstopo:routepoint_id>1053949678</swisstopo:routepoint_id>
				</extensions>
			</trkpt>
			<trkpt lat="47.3226083469" lon="7.6776186353">
				<ele>653.9</ele>
				<extensions>
					<swisstopo:routepoint_id>108159778</swisstopo:routepoint_id>
				</extensions>
			</trkpt>
			<trkpt lat="47.3225383471" lon="7.6775386353">
				<ele>652.9</ele>
				<extensions>
					<swisstopo:routepoint_id>1555732625</swisstopo:routepoint_id>
				</extensions>
			</trkpt>
			<trkpt lat="47.3224183472" lon="7.6774386347">
				<ele>651.2</ele>
				<extensions>
					<swisstopo:routepoint_id>1077582100</swisstopo:routepoint_id>
				</extensions>
			</trkpt>
			<trkpt lat="47.3223183473" lon="7.6773586343">
				<ele>650.3</ele>
				<extensions>
					<swisstopo:routepoint_id>394710954</swisstopo:routepoint_id>
				</extensions>
			</trkpt>
			<trkpt lat="47.3219383477" lon="7.6770386327">
				<ele>649.3</ele>
				<extensions>
					<swisstopo:routepoint_id>1039062696</swisstopo:routepoint_id>
				</extensions>
			</trkpt>
			<trkpt lat="47.3218383476" lon="7.6769786320">
				<ele>648.5</ele>
				<extensions>
					<swisstopo:routepoint_id>1316743558</swisstopo:routepoint_id>
				</extensions>
			</trkpt>
			<trkpt lat="47.3216783472" lon="7.6769386303">
				<ele>646.4</ele>
				<extensions>
					<swisstopo:routepoint_id>1752284959</swisstopo:routepoint_id>
				</extensions>
			</trkpt>
			<trkpt lat="47.3214683464" lon="7.6769186278">
				<ele>643.0</ele>
				<extensions>
					<swisstopo:routepoint_id>1938735519</swisstopo:routepoint_id>
				</extensions>
			</trkpt>
			<trkpt lat="47.3212883454" lon="7.6769386252">
				<ele>639.4</ele>
				<extensions>
					<swisstopo:routepoint_id>973204283</swisstopo:routepoint_id>
				</extensions>
			</trkpt>
			<trkpt lat="47.3212383454" lon="7.6769086249">
				<ele>639.0</ele>
				<extensions>
					<swisstopo:routepoint_id>176256474</swisstopo:routepoint_id>
				</extensions>
			</trkpt>
			<trkpt lat="47.3211983457" lon="7.6768286252">
				<ele>639.7</ele>
				<extensions>
					<swisstopo:routepoint_id>175543252</swisstopo:routepoint_id>
				</extensions>
			</trkpt>
			<trkpt lat="47.3211583462" lon="7.6767286257">
				<ele>640.8</ele>
				<extensions>
					<swisstopo:routepoint_id>1226158462</swisstopo:routepoint_id>
				</extensions>
			</trkpt>
			<trkpt lat="47.3210783482" lon="7.6763486286">
				<ele>646.2</ele>
				<extensions>
					<swisstopo:routepoint_id>2103031644</swisstopo:routepoint_id>
				</extensions>
			</trkpt>
			<trkpt lat="47.3210083503" lon="7.6759686317">
				<ele>646.2</ele>
				<extensions>
					<swisstopo:routepoint_id>1285776266</swisstopo:routepoint_id>
				</extensions>
			</trkpt>
			<trkpt lat="47.3209083555" lon="7.6750786397">
				<ele>644.4</ele>
				<extensions>
					<swisstopo:routepoint_id>1519431763</swisstopo:routepoint_id>
				</extensions>
			</trkpt>
			<trkpt lat="47.3208783571" lon="7.6747986422">
				<ele>643.8</ele>
				<extensions>
					<swisstopo:routepoint_id>1133063975</swisstopo:routepoint_id>
				</extensions>
			</trkpt>
			<trkpt lat="47.3208683588" lon="7.6745286449">
				<ele>643.6</ele>
				<extensions>
					<swisstopo:routepoint_id>2008668761</swisstopo:routepoint_id>
				</extensions>
			</trkpt>
			<trkpt lat="47.3208683598" lon="7.6743686466">
				<ele>643.6</ele>
				<extensions>
					<swisstopo:routepoint_id>1286996249</swisstopo:routepoint_id>
				</extensions>
			</trkpt>
			<trkpt lat="47.3208583599" lon="7.6743486467">
				<ele>643.5</ele>
				<extensions>
					<swisstopo:routepoint_id>641875396</swisstopo:routepoint_id>
				</extensions>
			</trkpt>
			<trkpt lat="47.3208483600" lon="7.6743186468">
				<ele>643.3</ele>
				<extensions>
					<swisstopo:routepoint_id>1689693722</swisstopo:routepoint_id>
				</extensions>
			</trkpt>
			<trkpt lat="47.3207983603" lon="7.6742386470">
				<ele>642.4</ele>
				<extensions>
					<swisstopo:routepoint_id>2027224849</swisstopo:routepoint_id>
				</extensions>
			</trkpt>
			<trkpt lat="47.3207583605" lon="7.6741786471">
				<ele>641.7</ele>
				<extensions>
					<swisstopo:routepoint_id>1860810436</swisstopo:routepoint_id>
				</extensions>
			</trkpt>
			<trkpt lat="47.3207083607" lon="7.6741186471">
				<ele>640.8</ele>
				<extensions>
					<swisstopo:routepoint_id>689518098</swisstopo:routepoint_id>
				</extensions>
			</trkpt>
			<trkpt lat="47.3206183608" lon="7.6740286468">
				<ele>640.0</ele>
				<extensions>
					<swisstopo:routepoint_id>1248860044</swisstopo:routepoint_id>
				</extensions>
			</trkpt>
			<trkpt lat="47.3206083606" lon="7.6740586464">
				<ele>640.0</ele>
				<extensions>
					<swisstopo:routepoint_id>1912992641</swisstopo:routepoint_id>
				</extensions>
			</trkpt>
			<trkpt lat="47.3205883603" lon="7.6740886458">
				<ele>640.0</ele>
				<extensions>
					<swisstopo:routepoint_id>837917087</swisstopo:routepoint_id>
				</extensions>
			</trkpt>
			<trkpt lat="47.3205483600" lon="7.6741186450">
				<ele>639.9</ele>
				<extensions>
					<swisstopo:routepoint_id>1381061649</swisstopo:routepoint_id>
				</extensions>
			</trkpt>
			<trkpt lat="47.3205083597" lon="7.6741386442">
				<ele>639.8</ele>
				<extensions>
					<swisstopo:routepoint_id>2032083944</swisstopo:routepoint_id>
				</extensions>
			</trkpt>
			<trkpt lat="47.3204583593" lon="7.6741686433">
				<ele>639.6</ele>
				<extensions>
					<swisstopo:routepoint_id>562076568</swisstopo:routepoint_id>
				</extensions>
			</trkpt>
			<trkpt lat="47.3202483578" lon="7.6742486397">
				<ele>638.7</ele>
				<extensions>
					<swisstopo:routepoint_id>385813168</swisstopo:routepoint_id>
				</extensions>
			</trkpt>
			<trkpt lat="47.3201983575" lon="7.6742686388">
				<ele>638.4</ele>
				<extensions>
					<swisstopo:routepoint_id>938549975</swisstopo:routepoint_id>
				</extensions>
			</trkpt>
			<trkpt lat="47.3201883575" lon="7.6742686387">
				<ele>638.4</ele>
				<extensions>
					<swisstopo:routepoint_id>670236346</swisstopo:routepoint_id>
				</extensions>
			</trkpt>
			<trkpt lat="47.3201483572" lon="7.6742886380">
				<ele>638.1</ele>
				<extensions>
					<swisstopo:routepoint_id>1941545793</swisstopo:routepoint_id>
				</extensions>
			</trkpt>
			<trkpt lat="47.3200383563" lon="7.6743486359">
				<ele>637.1</ele>
				<extensions>
					<swisstopo:routepoint_id>2016132075</swisstopo:routepoint_id>
				</extensions>
			</trkpt>
			<trkpt lat="47.3198583601" lon="7.6736186411">
				<ele>640.0</ele>
				<extensions>
					<swisstopo:routepoint_id>1064947300</swisstopo:routepoint_id>
				</extensions>
			</trkpt>
			<trkpt lat="47.3198383603" lon="7.6735786413">
				<ele>640.0</ele>
				<extensions>
					<swisstopo:routepoint_id>833124841</swisstopo:routepoint_id>
				</extensions>
			</trkpt>
			<trkpt lat="47.3198083604" lon="7.6735386413">
				<ele>640.0</ele>
				<extensions>
					<swisstopo:routepoint_id>1185391985</swisstopo:routepoint_id>
				</extensions>
			</trkpt>
			<trkpt lat="47.3197783606" lon="7.6734886414">
				<ele>640.0</ele>
				<extensions>
					<swisstopo:routepoint_id>669748611</swisstopo:routepoint_id>
				</extensions>
			</trkpt>
			<trkpt lat="47.3197183608" lon="7.6734186414">
				<ele>640.0</ele>
				<extensions>
					<swisstopo:routepoint_id>624376712</swisstopo:routepoint_id>
				</extensions>
			</trkpt>
			<trkpt lat="47.3196483608" lon="7.6733586411">
				<ele>640.0</ele>
				<extensions>
					<swisstopo:routepoint_id>11112620</swisstopo:routepoint_id>
				</extensions>
			</trkpt>
			<trkpt lat="47.3195883608" lon="7.6733186407">
				<ele>640.0</ele>
				<extensions>
					<swisstopo:routepoint_id>846005086</swisstopo:routepoint_id>
				</extensions>
			</trkpt>
			<trkpt lat="47.3194883607" lon="7.6732686399">
				<ele>638.8</ele>
				<extensions>
					<swisstopo:routepoint_id>799919964</swisstopo:routepoint_id>
				</extensions>
			</trkpt>
			<trkpt lat="47.3193583605" lon="7.6732186387">
				<ele>636.5</ele>
				<extensions>
					<swisstopo:routepoint_id>1237271083</swisstopo:routepoint_id>
				</extensions>
			</trkpt>
			<trkpt lat="47.3192983603" lon="7.6731986382">
				<ele>635.4</ele>
				<extensions>
					<swisstopo:routepoint_id>801553082</swisstopo:routepoint_id>
				</extensions>
			</trkpt>
			<trkpt lat="47.3192183600" lon="7.6731986371">
				<ele>634.0</ele>
				<extensions>
					<swisstopo:routepoint_id>2085696230</swisstopo:routepoint_id>
				</extensions>
			</trkpt>
			<trkpt lat="47.3188183578" lon="7.6732686311">
				<ele>626.8</ele>
				<extensions>
					<swisstopo:routepoint_id>609219198</swisstopo:routepoint_id>
				</extensions>
			</trkpt>
			<trkpt lat="47.3183683552" lon="7.6733686242">
				<ele>618.7</ele>
				<extensions>
					<swisstopo:routepoint_id>1934617057</swisstopo:routepoint_id>
				</extensions>
			</trkpt>
			<trkpt lat="47.3178683523" lon="7.6734786164">
				<ele>609.7</ele>
				<extensions>
					<swisstopo:routepoint_id>1946881344</swisstopo:routepoint_id>
				</extensions>
			</trkpt>
			<trkpt lat="47.3178383522" lon="7.6734786160">
				<ele>609.1</ele>
				<extensions>
					<swisstopo:routepoint_id>1896215447</swisstopo:routepoint_id>
				</extensions>
			</trkpt>
			<trkpt lat="47.3178183521" lon="7.6734686159">
				<ele>608.8</ele>
				<extensions>
					<swisstopo:routepoint_id>429008806</swisstopo:routepoint_id>
				</extensions>
			</trkpt>
			<trkpt lat="47.3177883521" lon="7.6734586156">
				<ele>608.2</ele>
				<extensions>
					<swisstopo:routepoint_id>1489091418</swisstopo:routepoint_id>
				</extensions>
			</trkpt>
			<trkpt lat="47.3177683521" lon="7.6734386155">
				<ele>607.9</ele>
				<extensions>
					<swisstopo:routepoint_id>1775956648</swisstopo:routepoint_id>
				</extensions>
			</trkpt>
			<trkpt lat="47.3177483521" lon="7.6734286154">
				<ele>607.5</ele>
				<extensions>
					<swisstopo:routepoint_id>142335594</swisstopo:routepoint_id>
				</extensions>
			</trkpt>
			<trkpt lat="47.3177283522" lon="7.6733986154">
				<ele>607.1</ele>
				<extensions>
					<swisstopo:routepoint_id>31125869</swisstopo:routepoint_id>
				</extensions>
			</trkpt>
			<trkpt lat="47.3177083522" lon="7.6733786154">
				<ele>606.8</ele>
				<extensions>
					<swisstopo:routepoint_id>877333045</swisstopo:routepoint_id>
				</extensions>
			</trkpt>
			<trkpt lat="47.3173783545" lon="7.6727986170">
				<ele>601.0</ele>
				<extensions>
					<swisstopo:routepoint_id>2055328235</swisstopo:routepoint_id>
				</extensions>
			</trkpt>
			<trkpt lat="47.3173183549" lon="7.6726886174">
				<ele>599.7</ele>
				<extensions>
					<swisstopo:routepoint_id>869042956</swisstopo:routepoint_id>
				</extensions>
			</trkpt>
			<trkpt lat="47.3171683566" lon="7.6723086194">
				<ele>595.4</ele>
				<extensions>
					<swisstopo:routepoint_id>110911046</swisstopo:routepoint_id>
				</extensions>
			</trkpt>
			<trkpt lat="47.3171083574" lon="7.6721486202">
				<ele>593.1</ele>
				<extensions>
					<swisstopo:routepoint_id>1939928532</swisstopo:routepoint_id>
				</extensions>
			</trkpt>
			<trkpt lat="47.3170783581" lon="7.6720086213">
				<ele>591.6</ele>
				<extensions>
					<swisstopo:routepoint_id>1431119524</swisstopo:routepoint_id>
				</extensions>
			</trkpt>
			<trkpt lat="47.3170683587" lon="7.6719086222">
				<ele>590.8</ele>
				<extensions>
					<swisstopo:routepoint_id>496724214</swisstopo:routepoint_id>
				</extensions>
			</trkpt>
			<trkpt lat="47.3170683595" lon="7.6717786235">
				<ele>589.7</ele>
				<extensions>
					<swisstopo:routepoint_id>730994859</swisstopo:routepoint_id>
				</extensions>
			</trkpt>
			<trkpt lat="47.3170883602" lon="7.6716886247">
				<ele>589.2</ele>
				<extensions>
					<swisstopo:routepoint_id>2101355871</swisstopo:routepoint_id>
				</extensions>
			</trkpt>
			<trkpt lat="47.3170983607" lon="7.6716186256">
				<ele>588.5</ele>
				<extensions>
					<swisstopo:routepoint_id>290786359</swisstopo:routepoint_id>
				</extensions>
			</trkpt>
			<trkpt lat="47.3171283612" lon="7.6715586266">
				<ele>588.6</ele>
				<extensions>
					<swisstopo:routepoint_id>599643286</swisstopo:routepoint_id>
				</extensions>
			</trkpt>
			<trkpt lat="47.3171583618" lon="7.6714786278">
				<ele>588.3</ele>
				<extensions>
					<swisstopo:routepoint_id>1018819523</swisstopo:routepoint_id>
				</extensions>
			</trkpt>
			<trkpt lat="47.3173383646" lon="7.6711686334">
				<ele>588.2</ele>
				<extensions>
					<swisstopo:routepoint_id>1123911200</swisstopo:routepoint_id>
				</extensions>
			</trkpt>
			<trkpt lat="47.3175583681" lon="7.6707686405">
				<ele>588.9</ele>
				<extensions>
					<swisstopo:routepoint_id>1785035272</swisstopo:routepoint_id>
				</extensions>
			</trkpt>
			<trkpt lat="47.3175883689" lon="7.6706686419">
				<ele>590.3</ele>
				<extensions>
					<swisstopo:routepoint_id>1688568135</swisstopo:routepoint_id>
				</extensions>
			</trkpt>
			<trkpt lat="47.3176083694" lon="7.6705986429">
				<ele>592.3</ele>
				<extensions>
					<swisstopo:routepoint_id>1748287912</swisstopo:routepoint_id>
				</extensions>
			</trkpt>
			<trkpt lat="47.3176183699" lon="7.6705186439">
				<ele>594.1</ele>
				<extensions>
					<swisstopo:routepoint_id>1796147892</swisstopo:routepoint_id>
				</extensions>
			</trkpt>
			<trkpt lat="47.3176083703" lon="7.6704486445">
				<ele>595.0</ele>
				<extensions>
					<swisstopo:routepoint_id>387089573</swisstopo:routepoint_id>
				</extensions>
			</trkpt>
			<trkpt lat="47.3175983707" lon="7.6703886450">
				<ele>595.7</ele>
				<extensions>
					<swisstopo:routepoint_id>400724229</swisstopo:routepoint_id>
				</extensions>
			</trkpt>
			<trkpt lat="47.3175683709" lon="7.6703386451">
				<ele>595.5</ele>
				<extensions>
					<swisstopo:routepoint_id>885935327</swisstopo:routepoint_id>
				</extensions>
			</trkpt>
			<trkpt lat="47.3175083709" lon="7.6702886448">
				<ele>594.2</ele>
				<extensions>
					<swisstopo:routepoint_id>1188642655</swisstopo:routepoint_id>
				</extensions>
			</trkpt>
			<trkpt lat="47.3173683709" lon="7.6701886440">
				<ele>591.0</ele>
				<extensions>
					<swisstopo:routepoint_id>338936811</swisstopo:routepoint_id>
				</extensions>
			</trkpt>
			<trkpt lat="47.3172383706" lon="7.6701486427">
				<ele>587.0</ele>
				<extensions>
					<swisstopo:routepoint_id>1495154525</swisstopo:routepoint_id>
				</extensions>
			</trkpt>
			<trkpt lat="47.3171483704" lon="7.6701286417">
				<ele>583.9</ele>
				<extensions>
					<swisstopo:routepoint_id>975776064</swisstopo:routepoint_id>
				</extensions>
			</trkpt>
			<trkpt lat="47.3170383700" lon="7.6701086405">
				<ele>580.0</ele>
				<extensions>
					<swisstopo:routepoint_id>138334507</swisstopo:routepoint_id>
				</extensions>
			</trkpt>
			<trkpt lat="47.3169483696" lon="7.6701086393">
				<ele>576.6</ele>
				<extensions>
					<swisstopo:routepoint_id>1243886325</swisstopo:routepoint_id>
				</extensions>
			</trkpt>
			<trkpt lat="47.3168683691" lon="7.6701286380">
				<ele>573.5</ele>
				<extensions>
					<swisstopo:routepoint_id>1404784870</swisstopo:routepoint_id>
				</extensions>
			</trkpt>
			<trkpt lat="47.3167883686" lon="7.6701586367">
				<ele>570.5</ele>
				<extensions>
					<swisstopo:routepoint_id>1627425926</swisstopo:routepoint_id>
				</extensions>
			</trkpt>
			<trkpt lat="47.3167383684" lon="7.6701586360">
				<ele>568.7</ele>
				<extensions>
					<swisstopo:routepoint_id>872359325</swisstopo:routepoint_id>
				</extensions>
			</trkpt>
			<trkpt lat="47.3166883682" lon="7.6701586353">
				<ele>566.8</ele>
				<extensions>
					<swisstopo:routepoint_id>1547120464</swisstopo:routepoint_id>
				</extensions>
			</trkpt>
			<trkpt lat="47.3166283680" lon="7.6701486346">
				<ele>564.6</ele>
				<extensions>
					<swisstopo:routepoint_id>1658551795</swisstopo:routepoint_id>
				</extensions>
			</trkpt>
			<trkpt lat="47.3165683678" lon="7.6701286341">
				<ele>562.3</ele>
				<extensions>
					<swisstopo:routepoint_id>1749692370</swisstopo:routepoint_id>
				</extensions>
			</trkpt>
			<trkpt lat="47.3165283678" lon="7.6701086337">
				<ele>560.6</ele>
				<extensions>
					<swisstopo:routepoint_id>1454965052</swisstopo:routepoint_id>
				</extensions>
			</trkpt>
			<trkpt lat="47.3164983679" lon="7.6700686338">
				<ele>559.1</ele>
				<extensions>
					<swisstopo:routepoint_id>380111103</swisstopo:routepoint_id>
				</extensions>
			</trkpt>
			<trkpt lat="47.3164583681" lon="7.6700086338">
				<ele>556.9</ele>
				<extensions>
					<swisstopo:routepoint_id>1860603416</swisstopo:routepoint_id>
				</extensions>
			</trkpt>
			<trkpt lat="47.3164283685" lon="7.6699186344">
				<ele>554.7</ele>
				<extensions>
					<swisstopo:routepoint_id>1247409936</swisstopo:routepoint_id>
				</extensions>
			</trkpt>
			<trkpt lat="47.3163783691" lon="7.6697886351">
				<ele>550.8</ele>
				<extensions>
					<swisstopo:routepoint_id>1811230627</swisstopo:routepoint_id>
				</extensions>
			</trkpt>
			<trkpt lat="47.3163383699" lon="7.6696486360">
				<ele>546.9</ele>
				<extensions>
					<swisstopo:routepoint_id>209843982</swisstopo:routepoint_id>
				</extensions>
			</trkpt>
			<trkpt lat="47.3163083707" lon="7.6694886372">
				<ele>547.1</ele>
				<extensions>
					<swisstopo:routepoint_id>1978404795</swisstopo:routepoint_id>
				</extensions>
			</trkpt>
			<trkpt lat="47.3162683716" lon="7.6693186385">
				<ele>548.0</ele>
				<extensions>
					<swisstopo:routepoint_id>1765102850</swisstopo:routepoint_id>
				</extensions>
			</trkpt>
			<trkpt lat="47.3162283741" lon="7.6689086422">
				<ele>553.2</ele>
				<extensions>
					<swisstopo:routepoint_id>500630341</swisstopo:routepoint_id>
				</extensions>
			</trkpt>
			<trkpt lat="47.3162083755" lon="7.6686686444">
				<ele>556.7</ele>
				<extensions>
					<swisstopo:routepoint_id>430564433</swisstopo:routepoint_id>
				</extensions>
			</trkpt>
			<trkpt lat="47.3161983820" lon="7.6676386550">
				<ele>544.0</ele>
				<extensions>
					<swisstopo:routepoint_id>636438726</swisstopo:routepoint_id>
				</extensions>
			</trkpt>
			<trkpt lat="47.3161783836" lon="7.6673786574">
				<ele>539.3</ele>
				<extensions>
					<swisstopo:routepoint_id>1624541541</swisstopo:routepoint_id>
				</extensions>
			</trkpt>
			<trkpt lat="47.3161683851" lon="7.6671286599">
				<ele>539.1</ele>
				<extensions>
					<swisstopo:routepoint_id>68116057</swisstopo:routepoint_id>
				</extensions>
			</trkpt>
			<trkpt lat="47.3161783870" lon="7.6668486629">
				<ele>539.3</ele>
				<extensions>
					<swisstopo:routepoint_id>177523213</swisstopo:routepoint_id>
				</extensions>
			</trkpt>
			<trkpt lat="47.3161883887" lon="7.6665786658">
				<ele>539.4</ele>
				<extensions>
					<swisstopo:routepoint_id>1225345806</swisstopo:routepoint_id>
				</extensions>
			</trkpt>
			<trkpt lat="47.3161983899" lon="7.6663986678">
				<ele>539.6</ele>
				<extensions>
					<swisstopo:routepoint_id>1864263950</swisstopo:routepoint_id>
				</extensions>
			</trkpt>
			<trkpt lat="47.3161983909" lon="7.6662386695">
				<ele>539.6</ele>
				<extensions>
					<swisstopo:routepoint_id>564612786</swisstopo:routepoint_id>
				</extensions>
			</trkpt>
			<trkpt lat="47.3161683928" lon="7.6659286723">
				<ele>539.1</ele>
				<extensions>
					<swisstopo:routepoint_id>1626070035</swisstopo:routepoint_id>
				</extensions>
			</trkpt>
			<trkpt lat="47.3161583935" lon="7.6658086734">
				<ele>538.9</ele>
				<extensions>
					<swisstopo:routepoint_id>602715629</swisstopo:routepoint_id>
				</extensions>
			</trkpt>
			<trkpt lat="47.3161683942" lon="7.6657086746">
				<ele>539.1</ele>
				<extensions>
					<swisstopo:routepoint_id>1753255441</swisstopo:routepoint_id>
				</extensions>
			</trkpt>
			<trkpt lat="47.3161783949" lon="7.6656086757">
				<ele>539.3</ele>
				<extensions>
					<swisstopo:routepoint_id>1965006846</swisstopo:routepoint_id>
				</extensions>
			</trkpt>
			<trkpt lat="47.3161983958" lon="7.6654786774">
				<ele>539.6</ele>
				<extensions>
					<swisstopo:routepoint_id>2097870155</swisstopo:routepoint_id>
				</extensions>
			</trkpt>
			<trkpt lat="47.3162183964" lon="7.6653886786">
				<ele>540.0</ele>
				<extensions>
					<swisstopo:routepoint_id>581547857</swisstopo:routepoint_id>
				</extensions>
			</trkpt>
			<trkpt lat="47.3162283971" lon="7.6652986796">
				<ele>540.5</ele>
				<extensions>
					<swisstopo:routepoint_id>2103341354</swisstopo:routepoint_id>
				</extensions>
			</trkpt>
			<trkpt lat="47.3162283976" lon="7.6652086806">
				<ele>540.5</ele>
				<extensions>
					<swisstopo:routepoint_id>1194272832</swisstopo:routepoint_id>
				</extensions>
			</trkpt>
			<trkpt lat="47.3162215623" lon="7.6651539958">
				<ele>540.1</ele>
				<extensions>
					<swisstopo:routepoint_id>2141438849</swisstopo:routepoint_id>
				</extensions>
			</trkpt>
			<trkpt lat="47.3162215623" lon="7.6651539958">
				<ele>540.1</ele>
				<name>swisstopo-03</name>
				<extensions>
					<swisstopo:waypoint_id>3</swisstopo:waypoint_id>
					<swisstopo:waypoint_is_controlpoint>1</swisstopo:waypoint_is_controlpoint>
					<swisstopo:waypoint_routepoint_id>2141438849</swisstopo:waypoint_routepoint_id>
					<swisstopo:waypoint_meters_into_tour>4000.000002</swisstopo:waypoint_meters_into_tour>
					<swisstopo:waypoint_trackpoint_id>swisstopo-03</swisstopo:waypoint_trackpoint_id>
				</extensions>
			</trkpt>
			<trkpt lat="47.3162183981" lon="7.6651286813">
				<ele>540.0</ele>
				<extensions>
					<swisstopo:routepoint_id>1986332728</swisstopo:routepoint_id>
				</extensions>
			</trkpt>
			<trkpt lat="47.3161983991" lon="7.6649586827">
				<ele>539.6</ele>
				<extensions>
					<swisstopo:routepoint_id>1583283632</swisstopo:routepoint_id>
				</extensions>
			</trkpt>
			<trkpt lat="47.3161484007" lon="7.6646686851">
				<ele>538.7</ele>
				<extensions>
					<swisstopo:routepoint_id>2066632157</swisstopo:routepoint_id>
				</extensions>
			</trkpt>
			<trkpt lat="47.3160884017" lon="7.6644686864">
				<ele>537.6</ele>
				<extensions>
					<swisstopo:routepoint_id>1385969544</swisstopo:routepoint_id>
				</extensions>
			</trkpt>
			<trkpt lat="47.3159384040" lon="7.6640086891">
				<ele>534.9</ele>
				<extensions>
					<swisstopo:routepoint_id>1094351779</swisstopo:routepoint_id>
				</extensions>
			</trkpt>
			<trkpt lat="47.3158584050" lon="7.6638086901">
				<ele>533.5</ele>
				<extensions>
					<swisstopo:routepoint_id>1668840880</swisstopo:routepoint_id>
				</extensions>
			</trkpt>
			<trkpt lat="47.3157384059" lon="7.6635786909">
				<ele>531.3</ele>
				<extensions>
					<swisstopo:routepoint_id>693450948</swisstopo:routepoint_id>
				</extensions>
			</trkpt>
			<trkpt lat="47.3157284062" lon="7.6635286913">
				<ele>531.2</ele>
				<extensions>
					<swisstopo:routepoint_id>1474462882</swisstopo:routepoint_id>
				</extensions>
			</trkpt>
			<trkpt lat="47.3157184065" lon="7.6634686918">
				<ele>531.0</ele>
				<extensions>
					<swisstopo:routepoint_id>1381960648</swisstopo:routepoint_id>
				</extensions>
			</trkpt>
			<trkpt lat="47.3157184074" lon="7.6633386931">
				<ele>531.0</ele>
				<extensions>
					<swisstopo:routepoint_id>1940860884</swisstopo:routepoint_id>
				</extensions>
			</trkpt>
			<trkpt lat="47.3157284084" lon="7.6631886948">
				<ele>531.2</ele>
				<extensions>
					<swisstopo:routepoint_id>1138209861</swisstopo:routepoint_id>
				</extensions>
			</trkpt>
			<trkpt lat="47.3158284132" lon="7.6624987033">
				<ele>530.1</ele>
				<extensions>
					<swisstopo:routepoint_id>1591804631</swisstopo:routepoint_id>
				</extensions>
			</trkpt>
			<trkpt lat="47.3159184158" lon="7.6621587080">
				<ele>530.7</ele>
				<extensions>
					<swisstopo:routepoint_id>1771782031</swisstopo:routepoint_id>
				</extensions>
			</trkpt>
			<trkpt lat="47.3159284162" lon="7.6621087087">
				<ele>530.8</ele>
				<extensions>
					<swisstopo:routepoint_id>755829064</swisstopo:routepoint_id>
				</extensions>
			</trkpt>
			<trkpt lat="47.3159284165" lon="7.6620487093">
				<ele>530.5</ele>
				<extensions>
					<swisstopo:routepoint_id>2092434972</swisstopo:routepoint_id>
				</extensions>
			</trkpt>
			<trkpt lat="47.3159084168" lon="7.6619887097">
				<ele>529.6</ele>
				<extensions>
					<swisstopo:routepoint_id>54862817</swisstopo:routepoint_id>
				</extensions>
			</trkpt>
			<trkpt lat="47.3157484185" lon="7.6616187114">
				<ele>523.0</ele>
				<extensions>
					<swisstopo:routepoint_id>1392267790</swisstopo:routepoint_id>
				</extensions>
			</trkpt>
			<trkpt lat="47.3156384191" lon="7.6614487116">
				<ele>519.1</ele>
				<extensions>
					<swisstopo:routepoint_id>1569492866</swisstopo:routepoint_id>
				</extensions>
			</trkpt>
			<trkpt lat="47.3154484194" lon="7.6612687110">
				<ele>512.2</ele>
				<extensions>
					<swisstopo:routepoint_id>122978874</swisstopo:routepoint_id>
				</extensions>
			</trkpt>
			<trkpt lat="47.3151384193" lon="7.6610787088">
				<ele>501.1</ele>
				<extensions>
					<swisstopo:routepoint_id>1569791003</swisstopo:routepoint_id>
				</extensions>
			</trkpt>
			<trkpt lat="47.3150484211" lon="7.6607387111">
				<ele>498.9</ele>
				<extensions>
					<swisstopo:routepoint_id>647355024</swisstopo:routepoint_id>
				</extensions>
			</trkpt>
			<trkpt lat="47.3148084218" lon="7.6604687107">
				<ele>499.3</ele>
				<extensions>
					<swisstopo:routepoint_id>1987242824</swisstopo:routepoint_id>
				</extensions>
			</trkpt>
			<trkpt lat="47.3145084239" lon="7.6599287122">
				<ele>503.6</ele>
				<extensions>
					<swisstopo:routepoint_id>2134403789</swisstopo:routepoint_id>
				</extensions>
			</trkpt>
			<trkpt lat="47.3141184248" lon="7.6595287111">
				<ele>502.2</ele>
				<extensions>
					<swisstopo:routepoint_id>125941411</swisstopo:routepoint_id>
				</extensions>
			</trkpt>
			<trkpt lat="47.3138084252" lon="7.6592487098">
				<ele>496.6</ele>
				<extensions>
					<swisstopo:routepoint_id>442474806</swisstopo:routepoint_id>
				</extensions>
			</trkpt>
			<trkpt lat="47.3137084252" lon="7.6591887091">
				<ele>494.8</ele>
				<extensions>
					<swisstopo:routepoint_id>1740175582</swisstopo:routepoint_id>
				</extensions>
			</trkpt>
			<trkpt lat="47.3136384254" lon="7.6591087090">
				<ele>493.6</ele>
				<extensions>
					<swisstopo:routepoint_id>2090948257</swisstopo:routepoint_id>
				</extensions>
			</trkpt>
			<trkpt lat="47.3135884254" lon="7.6590687087">
				<ele>492.7</ele>
				<extensions>
					<swisstopo:routepoint_id>392861313</swisstopo:routepoint_id>
				</extensions>
			</trkpt>
			<trkpt lat="47.3135284255" lon="7.6590187084">
				<ele>491.6</ele>
				<extensions>
					<swisstopo:routepoint_id>174239791</swisstopo:routepoint_id>
				</extensions>
			</trkpt>
			<trkpt lat="47.3133584257" lon="7.6588787076">
				<ele>488.5</ele>
				<extensions>
					<swisstopo:routepoint_id>2046805963</swisstopo:routepoint_id>
				</extensions>
			</trkpt>
			<trkpt lat="47.3131884265" lon="7.6586387078">
				<ele>485.5</ele>
				<extensions>
					<swisstopo:routepoint_id>1587134145</swisstopo:routepoint_id>
				</extensions>
			</trkpt>
			<trkpt lat="47.3131584265" lon="7.6586087077">
				<ele>484.9</ele>
				<extensions>
					<swisstopo:routepoint_id>13088871</swisstopo:routepoint_id>
				</extensions>
			</trkpt>
			<trkpt lat="47.3131284272" lon="7.6584787086">
				<ele>484.4</ele>
				<extensions>
					<swisstopo:routepoint_id>1482605947</swisstopo:routepoint_id>
				</extensions>
			</trkpt>
			<trkpt lat="47.3131284274" lon="7.6584487089">
				<ele>484.4</ele>
				<extensions>
					<swisstopo:routepoint_id>1506282654</swisstopo:routepoint_id>
				</extensions>
			</trkpt>
			<trkpt lat="47.3130784287" lon="7.6582187106">
				<ele>483.5</ele>
				<extensions>
					<swisstopo:routepoint_id>1399058416</swisstopo:routepoint_id>
				</extensions>
			</trkpt>
			<trkpt lat="47.3129984327" lon="7.6575487165">
				<ele>482.0</ele>
				<extensions>
					<swisstopo:routepoint_id>429474078</swisstopo:routepoint_id>
				</extensions>
			</trkpt>
			<trkpt lat="47.3129584358" lon="7.6570287213">
				<ele>481.3</ele>
				<extensions>
					<swisstopo:routepoint_id>1027639886</swisstopo:routepoint_id>
				</extensions>
			</trkpt>
			<trkpt lat="47.3129584394" lon="7.6564687271">
				<ele>481.3</ele>
				<extensions>
					<swisstopo:routepoint_id>2092509364</swisstopo:routepoint_id>
				</extensions>
			</trkpt>
			<trkpt lat="47.3129884415" lon="7.6561787305">
				<ele>481.9</ele>
				<extensions>
					<swisstopo:routepoint_id>1903936960</swisstopo:routepoint_id>
				</extensions>
			</trkpt>
			<trkpt lat="47.3130084423" lon="7.6560587320">
				<ele>482.2</ele>
				<extensions>
					<swisstopo:routepoint_id>262116887</swisstopo:routepoint_id>
				</extensions>
			</trkpt>
			<trkpt lat="47.3130884455" lon="7.6556187376">
				<ele>483.7</ele>
				<extensions>
					<swisstopo:routepoint_id>1885886601</swisstopo:routepoint_id>
				</extensions>
			</trkpt>
			<trkpt lat="47.3130884462" lon="7.6555187386">
				<ele>483.7</ele>
				<extensions>
					<swisstopo:routepoint_id>894663174</swisstopo:routepoint_id>
				</extensions>
			</trkpt>
			<trkpt lat="47.3130684466" lon="7.6554287393">
				<ele>483.3</ele>
				<extensions>
					<swisstopo:routepoint_id>1853921518</swisstopo:routepoint_id>
				</extensions>
			</trkpt>
			<trkpt lat="47.3130284481" lon="7.6551787413">
				<ele>482.6</ele>
				<extensions>
					<swisstopo:routepoint_id>1510184984</swisstopo:routepoint_id>
				</extensions>
			</trkpt>
			<trkpt lat="47.3129884502" lon="7.6548287444">
				<ele>481.3</ele>
				<extensions>
					<swisstopo:routepoint_id>1650492238</swisstopo:routepoint_id>
				</extensions>
			</trkpt>
			<trkpt lat="47.3129784512" lon="7.6546687459">
				<ele>480.9</ele>
				<extensions>
					<swisstopo:routepoint_id>1798872842</swisstopo:routepoint_id>
				</extensions>
			</trkpt>
			<trkpt lat="47.3129484551" lon="7.6540487519">
				<ele>480.0</ele>
				<extensions>
					<swisstopo:routepoint_id>1565047801</swisstopo:routepoint_id>
				</extensions>
			</trkpt>
			<trkpt lat="47.3129484554" lon="7.6539887525">
				<ele>480.0</ele>
				<extensions>
					<swisstopo:routepoint_id>895276380</swisstopo:routepoint_id>
				</extensions>
			</trkpt>
			<trkpt lat="47.3129484570" lon="7.6537487550">
				<ele>480.0</ele>
				<extensions>
					<swisstopo:routepoint_id>1220882060</swisstopo:routepoint_id>
				</extensions>
			</trkpt>
			<trkpt lat="47.3129484586" lon="7.6534987576">
				<ele>480.0</ele>
				<extensions>
					<swisstopo:routepoint_id>1688026676</swisstopo:routepoint_id>
				</extensions>
			</trkpt>
			<trkpt lat="47.3129284606" lon="7.6531787606">
				<ele>480.0</ele>
				<extensions>
					<swisstopo:routepoint_id>317583735</swisstopo:routepoint_id>
				</extensions>
			</trkpt>
			<trkpt lat="47.3128884635" lon="7.6526987650">
				<ele>480.0</ele>
				<extensions>
					<swisstopo:routepoint_id>1868237084</swisstopo:routepoint_id>
				</extensions>
			</trkpt>
			<trkpt lat="47.3128284683" lon="7.6519287722">
				<ele>480.0</ele>
				<extensions>
					<swisstopo:routepoint_id>1527785852</swisstopo:routepoint_id>
				</extensions>
			</trkpt>
			<trkpt lat="47.3127684680" lon="7.6519287714">
				<ele>480.0</ele>
				<extensions>
					<swisstopo:routepoint_id>304503876</swisstopo:routepoint_id>
				</extensions>
			</trkpt>
			<trkpt lat="47.3126084676" lon="7.6518887696">
				<ele>480.0</ele>
				<extensions>
					<swisstopo:routepoint_id>1994178495</swisstopo:routepoint_id>
				</extensions>
			</trkpt>
			<trkpt lat="47.3124284671" lon="7.6518387677">
				<ele>480.0</ele>
				<extensions>
					<swisstopo:routepoint_id>1970260658</swisstopo:routepoint_id>
				</extensions>
			</trkpt>
			<trkpt lat="47.3122584664" lon="7.6518387653">
				<ele>480.0</ele>
				<extensions>
					<swisstopo:routepoint_id>2044679458</swisstopo:routepoint_id>
				</extensions>
			</trkpt>
			<trkpt lat="47.3121384656" lon="7.6518787633">
				<ele>480.0</ele>
				<extensions>
					<swisstopo:routepoint_id>1937643105</swisstopo:routepoint_id>
				</extensions>
			</trkpt>
			<trkpt lat="47.3120084643" lon="7.6519887604">
				<ele>480.0</ele>
				<extensions>
					<swisstopo:routepoint_id>215638323</swisstopo:routepoint_id>
				</extensions>
			</trkpt>
			<trkpt lat="47.3119684639" lon="7.6520187595">
				<ele>480.0</ele>
				<extensions>
					<swisstopo:routepoint_id>71435601</swisstopo:routepoint_id>
				</extensions>
			</trkpt>
			<trkpt lat="47.3119284637" lon="7.6520287589">
				<ele>480.0</ele>
				<extensions>
					<swisstopo:routepoint_id>1836965420</swisstopo:routepoint_id>
				</extensions>
			</trkpt>
			<trkpt lat="47.3119184636" lon="7.6520387587">
				<ele>480.0</ele>
				<extensions>
					<swisstopo:routepoint_id>1802772468</swisstopo:routepoint_id>
				</extensions>
			</trkpt>
			<trkpt lat="47.3118584633" lon="7.6520487577">
				<ele>480.0</ele>
				<extensions>
					<swisstopo:routepoint_id>84524473</swisstopo:routepoint_id>
				</extensions>
			</trkpt>
			<trkpt lat="47.3118284640" lon="7.6519187587">
				<ele>480.0</ele>
				<extensions>
					<swisstopo:routepoint_id>1172087720</swisstopo:routepoint_id>
				</extensions>
			</trkpt>
			<trkpt lat="47.3117984646" lon="7.6518087594">
				<ele>480.0</ele>
				<extensions>
					<swisstopo:routepoint_id>1161571475</swisstopo:routepoint_id>
				</extensions>
			</trkpt>
			<trkpt lat="47.3115884684" lon="7.6510787641">
				<ele>480.0</ele>
				<extensions>
					<swisstopo:routepoint_id>1483582889</swisstopo:routepoint_id>
				</extensions>
			</trkpt>
			<trkpt lat="47.3114584706" lon="7.6506487667">
				<ele>480.0</ele>
				<extensions>
					<swisstopo:routepoint_id>1601561798</swisstopo:routepoint_id>
				</extensions>
			</trkpt>
			<trkpt lat="47.3113984718" lon="7.6504287682">
				<ele>480.0</ele>
				<extensions>
					<swisstopo:routepoint_id>41727713</swisstopo:routepoint_id>
				</extensions>
			</trkpt>
			<trkpt lat="47.3113484731" lon="7.6501987698">
				<ele>480.0</ele>
				<extensions>
					<swisstopo:routepoint_id>1428608605</swisstopo:routepoint_id>
				</extensions>
			</trkpt>
			<trkpt lat="47.3112984744" lon="7.6499587716">
				<ele>480.0</ele>
				<extensions>
					<swisstopo:routepoint_id>1358015111</swisstopo:routepoint_id>
				</extensions>
			</trkpt>
			<trkpt lat="47.3112484762" lon="7.6496487741">
				<ele>480.0</ele>
				<extensions>
					<swisstopo:routepoint_id>303844600</swisstopo:routepoint_id>
				</extensions>
			</trkpt>
			<trkpt lat="47.3112384765" lon="7.6495887746">
				<ele>480.0</ele>
				<extensions>
					<swisstopo:routepoint_id>1167011558</swisstopo:routepoint_id>
				</extensions>
			</trkpt>
			<trkpt lat="47.3112084776" lon="7.6494087761">
				<ele>480.0</ele>
				<extensions>
					<swisstopo:routepoint_id>105194637</swisstopo:routepoint_id>
				</extensions>
			</trkpt>
			<trkpt lat="47.3111284806" lon="7.6488987802">
				<ele>480.0</ele>
				<extensions>
					<swisstopo:routepoint_id>10282470</swisstopo:routepoint_id>
				</extensions>
			</trkpt>
			<trkpt lat="47.3110784826" lon="7.6485487831">
				<ele>480.0</ele>
				<extensions>
					<swisstopo:routepoint_id>529712895</swisstopo:routepoint_id>
				</extensions>
			</trkpt>
			<trkpt lat="47.3110584836" lon="7.6483887845">
				<ele>480.0</ele>
				<extensions>
					<swisstopo:routepoint_id>1755686875</swisstopo:routepoint_id>
				</extensions>
			</trkpt>
			<trkpt lat="47.3109784857" lon="7.6480087873">
				<ele>480.0</ele>
				<extensions>
					<swisstopo:routepoint_id>1809155313</swisstopo:routepoint_id>
				</extensions>
			</trkpt>
			<trkpt lat="47.3109584864" lon="7.6478887883">
				<ele>480.0</ele>
				<extensions>
					<swisstopo:routepoint_id>2094760696</swisstopo:routepoint_id>
				</extensions>
			</trkpt>
			<trkpt lat="47.3109384867" lon="7.6478287886">
				<ele>480.0</ele>
				<extensions>
					<swisstopo:routepoint_id>503479607</swisstopo:routepoint_id>
				</extensions>
			</trkpt>
			<trkpt lat="47.3108784874" lon="7.6476887893">
				<ele>480.0</ele>
				<extensions>
					<swisstopo:routepoint_id>882553725</swisstopo:routepoint_id>
				</extensions>
			</trkpt>
			<trkpt lat="47.3108884884" lon="7.6475387909">
				<ele>480.0</ele>
				<extensions>
					<swisstopo:routepoint_id>1635303724</swisstopo:routepoint_id>
				</extensions>
			</trkpt>
			<trkpt lat="47.3108784889" lon="7.6474587916">
				<ele>480.0</ele>
				<extensions>
					<swisstopo:routepoint_id>821063342</swisstopo:routepoint_id>
				</extensions>
			</trkpt>
			<trkpt lat="47.3108184899" lon="7.6472587929">
				<ele>480.0</ele>
				<extensions>
					<swisstopo:routepoint_id>603307162</swisstopo:routepoint_id>
				</extensions>
			</trkpt>
			<trkpt lat="47.3107484896" lon="7.6472587919">
				<ele>480.0</ele>
				<extensions>
					<swisstopo:routepoint_id>1015605929</swisstopo:routepoint_id>
				</extensions>
			</trkpt>
			<trkpt lat="47.3106984897" lon="7.6472187916">
				<ele>480.0</ele>
				<extensions>
					<swisstopo:routepoint_id>1125567218</swisstopo:routepoint_id>
				</extensions>
			</trkpt>
			<trkpt lat="47.3103984908" lon="7.6468387914">
				<ele>480.0</ele>
				<extensions>
					<swisstopo:routepoint_id>450002009</swisstopo:routepoint_id>
				</extensions>
			</trkpt>
			<trkpt lat="47.3100484922" lon="7.6463887912">
				<ele>480.0</ele>
				<extensions>
					<swisstopo:routepoint_id>838382939</swisstopo:routepoint_id>
				</extensions>
			</trkpt>
			<trkpt lat="47.3095584947" lon="7.6456887917">
				<ele>480.0</ele>
				<extensions>
					<swisstopo:routepoint_id>1022763028</swisstopo:routepoint_id>
				</extensions>
			</trkpt>
			<trkpt lat="47.3091684968" lon="7.6450987924">
				<ele>480.0</ele>
				<extensions>
					<swisstopo:routepoint_id>240161466</swisstopo:routepoint_id>
				</extensions>
			</trkpt>
			<trkpt lat="47.3087485001" lon="7.6443187946">
				<ele>480.0</ele>
				<extensions>
					<swisstopo:routepoint_id>1054021263</swisstopo:routepoint_id>
				</extensions>
			</trkpt>
			<trkpt lat="47.3087179606" lon="7.6442550968">
				<ele>480.0</ele>
				<extensions>
					<swisstopo:routepoint_id>2141438850</swisstopo:routepoint_id>
				</extensions>
			</trkpt>
			<trkpt lat="47.3087179606" lon="7.6442550968">
				<ele>480.0</ele>
				<name>swisstopo-04</name>
				<extensions>
					<swisstopo:waypoint_id>4</swisstopo:waypoint_id>
					<swisstopo:waypoint_is_controlpoint>1</swisstopo:waypoint_is_controlpoint>
					<swisstopo:waypoint_routepoint_id>2141438850</swisstopo:waypoint_routepoint_id>
					<swisstopo:waypoint_meters_into_tour>6000.000002</swisstopo:waypoint_meters_into_tour>
					<swisstopo:waypoint_trackpoint_id>swisstopo-04</swisstopo:waypoint_trackpoint_id>
				</extensions>
			</trkpt>
			<trkpt lat="47.3083985034" lon="7.6435887973">
				<ele>480.0</ele>
				<extensions>
					<swisstopo:routepoint_id>1094198629</swisstopo:routepoint_id>
				</extensions>
			</trkpt>
			<trkpt lat="47.3081885056" lon="7.6431087993">
				<ele>480.0</ele>
				<extensions>
					<swisstopo:routepoint_id>2077126887</swisstopo:routepoint_id>
				</extensions>
			</trkpt>
			<trkpt lat="47.3077885110" lon="7.6420188049">
				<ele>480.0</ele>
				<extensions>
					<swisstopo:routepoint_id>709310083</swisstopo:routepoint_id>
				</extensions>
			</trkpt>
			<trkpt lat="47.3075085154" lon="7.6411588099">
				<ele>480.0</ele>
				<extensions>
					<swisstopo:routepoint_id>1178723102</swisstopo:routepoint_id>
				</extensions>
			</trkpt>
			<trkpt lat="47.3072585206" lon="7.6402088161">
				<ele>480.0</ele>
				<extensions>
					<swisstopo:routepoint_id>1101730959</swisstopo:routepoint_id>
				</extensions>
			</trkpt>
			<trkpt lat="47.3070485263" lon="7.6392088234">
				<ele>480.0</ele>
				<extensions>
					<swisstopo:routepoint_id>1870881558</swisstopo:routepoint_id>
				</extensions>
			</trkpt>
			<trkpt lat="47.3070185269" lon="7.6390888243">
				<ele>480.0</ele>
				<extensions>
					<swisstopo:routepoint_id>514822343</swisstopo:routepoint_id>
				</extensions>
			</trkpt>
			<trkpt lat="47.3068885303" lon="7.6384888286">
				<ele>480.0</ele>
				<extensions>
					<swisstopo:routepoint_id>555809109</swisstopo:routepoint_id>
				</extensions>
			</trkpt>
			<trkpt lat="47.3067085344" lon="7.6377588335">
				<ele>480.0</ele>
				<extensions>
					<swisstopo:routepoint_id>1912609272</swisstopo:routepoint_id>
				</extensions>
			</trkpt>
			<trkpt lat="47.3065385371" lon="7.6372288366">
				<ele>480.0</ele>
				<extensions>
					<swisstopo:routepoint_id>1943430949</swisstopo:routepoint_id>
				</extensions>
			</trkpt>
			<trkpt lat="47.3062985402" lon="7.6366088396">
				<ele>480.0</ele>
				<extensions>
					<swisstopo:routepoint_id>1913824220</swisstopo:routepoint_id>
				</extensions>
			</trkpt>
			<trkpt lat="47.3059985432" lon="7.6359588420">
				<ele>480.0</ele>
				<extensions>
					<swisstopo:routepoint_id>68970224</swisstopo:routepoint_id>
				</extensions>
			</trkpt>
			<trkpt lat="47.3056185458" lon="7.6353088434">
				<ele>480.0</ele>
				<extensions>
					<swisstopo:routepoint_id>962958859</swisstopo:routepoint_id>
				</extensions>
			</trkpt>
			<trkpt lat="47.3052385477" lon="7.6347788435">
				<ele>480.0</ele>
				<extensions>
					<swisstopo:routepoint_id>2019018857</swisstopo:routepoint_id>
				</extensions>
			</trkpt>
			<trkpt lat="47.3051785480" lon="7.6346888435">
				<ele>480.0</ele>
				<extensions>
					<swisstopo:routepoint_id>79252695</swisstopo:routepoint_id>
				</extensions>
			</trkpt>
			<trkpt lat="47.3051385488" lon="7.6345488444">
				<ele>480.0</ele>
				<extensions>
					<swisstopo:routepoint_id>1492671754</swisstopo:routepoint_id>
				</extensions>
			</trkpt>
			<trkpt lat="47.3051285491" lon="7.6344988448">
				<ele>480.0</ele>
				<extensions>
					<swisstopo:routepoint_id>1627222084</swisstopo:routepoint_id>
				</extensions>
			</trkpt>
			<trkpt lat="47.3049385588" lon="7.6329088583">
				<ele>480.0</ele>
				<extensions>
					<swisstopo:routepoint_id>1888408008</swisstopo:routepoint_id>
				</extensions>
			</trkpt>
			<trkpt lat="47.3049085625" lon="7.6323388637">
				<ele>480.0</ele>
				<extensions>
					<swisstopo:routepoint_id>1439948803</swisstopo:routepoint_id>
				</extensions>
			</trkpt>
			<trkpt lat="47.3048885669" lon="7.6316688703">
				<ele>482.5</ele>
				<extensions>
					<swisstopo:routepoint_id>2130701691</swisstopo:routepoint_id>
				</extensions>
			</trkpt>
			<trkpt lat="47.3048685677" lon="7.6315288714">
				<ele>484.4</ele>
				<extensions>
					<swisstopo:routepoint_id>623478085</swisstopo:routepoint_id>
				</extensions>
			</trkpt>
			<trkpt lat="47.3047885671" lon="7.6315688699">
				<ele>483.5</ele>
				<extensions>
					<swisstopo:routepoint_id>927768879</swisstopo:routepoint_id>
				</extensions>
			</trkpt>
			<trkpt lat="47.3046585661" lon="7.6316288675">
				<ele>482.3</ele>
				<extensions>
					<swisstopo:routepoint_id>804281385</swisstopo:routepoint_id>
				</extensions>
			</trkpt>
			<trkpt lat="47.3043585641" lon="7.6317288622">
				<ele>480.7</ele>
				<extensions>
					<swisstopo:routepoint_id>1226785247</swisstopo:routepoint_id>
				</extensions>
			</trkpt>
			<trkpt lat="47.3041385628" lon="7.6317888585">
				<ele>480.1</ele>
				<extensions>
					<swisstopo:routepoint_id>1943374808</swisstopo:routepoint_id>
				</extensions>
			</trkpt>
			<trkpt lat="47.3036185597" lon="7.6319088500">
				<ele>480.0</ele>
				<extensions>
					<swisstopo:routepoint_id>1929848603</swisstopo:routepoint_id>
				</extensions>
			</trkpt>
			<trkpt lat="47.3033785582" lon="7.6319788459">
				<ele>480.0</ele>
				<extensions>
					<swisstopo:routepoint_id>1676787257</swisstopo:routepoint_id>
				</extensions>
			</trkpt>
			<trkpt lat="47.3031885571" lon="7.6320188429">
				<ele>480.0</ele>
				<extensions>
					<swisstopo:routepoint_id>634274100</swisstopo:routepoint_id>
				</extensions>
			</trkpt>
			<trkpt lat="47.3030785562" lon="7.6320788407">
				<ele>480.0</ele>
				<extensions>
					<swisstopo:routepoint_id>805127983</swisstopo:routepoint_id>
				</extensions>
			</trkpt>
			<trkpt lat="47.3030485564" lon="7.6320188409">
				<ele>480.0</ele>
				<extensions>
					<swisstopo:routepoint_id>1916948723</swisstopo:routepoint_id>
				</extensions>
			</trkpt>
			<trkpt lat="47.3027485543" lon="7.6321388355">
				<ele>480.0</ele>
				<extensions>
					<swisstopo:routepoint_id>1688295363</swisstopo:routepoint_id>
				</extensions>
			</trkpt>
			<trkpt lat="47.3026385560" lon="7.6318088373">
				<ele>480.0</ele>
				<extensions>
					<swisstopo:routepoint_id>1899326613</swisstopo:routepoint_id>
				</extensions>
			</trkpt>
			<trkpt lat="47.3025785568" lon="7.6316588379">
				<ele>480.0</ele>
				<extensions>
					<swisstopo:routepoint_id>1846591962</swisstopo:routepoint_id>
				</extensions>
			</trkpt>
			<trkpt lat="47.3025085571" lon="7.6315588380">
				<ele>480.0</ele>
				<extensions>
					<swisstopo:routepoint_id>250121798</swisstopo:routepoint_id>
				</extensions>
			</trkpt>
			<trkpt lat="47.3024785573" lon="7.6315088381">
				<ele>480.0</ele>
				<extensions>
					<swisstopo:routepoint_id>930566067</swisstopo:routepoint_id>
				</extensions>
			</trkpt>
			<trkpt lat="47.3021385585" lon="7.6311088373">
				<ele>480.0</ele>
				<extensions>
					<swisstopo:routepoint_id>800839273</swisstopo:routepoint_id>
				</extensions>
			</trkpt>
			<trkpt lat="47.3019685592" lon="7.6308888372">
				<ele>480.0</ele>
				<extensions>
					<swisstopo:routepoint_id>2121003357</swisstopo:routepoint_id>
				</extensions>
			</trkpt>
			<trkpt lat="47.3017785607" lon="7.6305488380">
				<ele>480.0</ele>
				<extensions>
					<swisstopo:routepoint_id>1445388411</swisstopo:routepoint_id>
				</extensions>
			</trkpt>
			<trkpt lat="47.3016185632" lon="7.6300688406">
				<ele>482.7</ele>
				<extensions>
					<swisstopo:routepoint_id>1356648383</swisstopo:routepoint_id>
				</extensions>
			</trkpt>
			<trkpt lat="47.3013685674" lon="7.6292688451">
				<ele>487.2</ele>
				<extensions>
					<swisstopo:routepoint_id>1886128981</swisstopo:routepoint_id>
				</extensions>
			</trkpt>
			<trkpt lat="47.3009885744" lon="7.6279788528">
				<ele>487.4</ele>
				<extensions>
					<swisstopo:routepoint_id>1241335712</swisstopo:routepoint_id>
				</extensions>
			</trkpt>
			<trkpt lat="47.3006785718" lon="7.6281688465">
				<ele>493.6</ele>
				<extensions>
					<swisstopo:routepoint_id>1122988955</swisstopo:routepoint_id>
				</extensions>
			</trkpt>
			<trkpt lat="47.2999885870" lon="7.6254488643">
				<ele>480.0</ele>
				<extensions>
					<swisstopo:routepoint_id>1955099205</swisstopo:routepoint_id>
				</extensions>
			</trkpt>
			<trkpt lat="47.2999385870" lon="7.6254088640">
				<ele>480.0</ele>
				<extensions>
					<swisstopo:routepoint_id>56810923</swisstopo:routepoint_id>
				</extensions>
			</trkpt>
			<trkpt lat="47.2997285856" lon="7.6254788603">
				<ele>480.0</ele>
				<extensions>
					<swisstopo:routepoint_id>994524165</swisstopo:routepoint_id>
				</extensions>
			</trkpt>
			<trkpt lat="47.2996485852" lon="7.6254888591">
				<ele>480.0</ele>
				<extensions>
					<swisstopo:routepoint_id>2034351900</swisstopo:routepoint_id>
				</extensions>
			</trkpt>
			<trkpt lat="47.2995985852" lon="7.6254588587">
				<ele>480.0</ele>
				<extensions>
					<swisstopo:routepoint_id>1549482678</swisstopo:routepoint_id>
				</extensions>
			</trkpt>
			<trkpt lat="47.2995934206" lon="7.6254381998">
				<ele>480.0</ele>
				<extensions>
					<swisstopo:routepoint_id>2141438851</swisstopo:routepoint_id>
				</extensions>
			</trkpt>
			<trkpt lat="47.2995934206" lon="7.6254381998">
				<ele>480.0</ele>
				<name>swisstopo-05</name>
				<extensions>
					<swisstopo:waypoint_id>5</swisstopo:waypoint_id>
					<swisstopo:waypoint_is_controlpoint>1</swisstopo:waypoint_is_controlpoint>
					<swisstopo:waypoint_routepoint_id>2141438851</swisstopo:waypoint_routepoint_id>
					<swisstopo:waypoint_meters_into_tour>8000.000001</swisstopo:waypoint_meters_into_tour>
					<swisstopo:waypoint_trackpoint_id>swisstopo-05</swisstopo:waypoint_trackpoint_id>
				</extensions>
			</trkpt>
			<trkpt lat="47.2995685859" lon="7.6253388594">
				<ele>480.0</ele>
				<extensions>
					<swisstopo:routepoint_id>474262601</swisstopo:routepoint_id>
				</extensions>
			</trkpt>
			<trkpt lat="47.2992985987" lon="7.6232588766">
				<ele>495.7</ele>
				<extensions>
					<swisstopo:routepoint_id>1775276260</swisstopo:routepoint_id>
				</extensions>
			</trkpt>
			<trkpt lat="47.2992886007" lon="7.6229588795">
				<ele>499.9</ele>
				<extensions>
					<swisstopo:routepoint_id>841947833</swisstopo:routepoint_id>
				</extensions>
			</trkpt>
			<trkpt lat="47.2993086018" lon="7.6228088813">
				<ele>500.0</ele>
				<extensions>
					<swisstopo:routepoint_id>457480645</swisstopo:routepoint_id>
				</extensions>
			</trkpt>
			<trkpt lat="47.2992986023" lon="7.6227288820">
				<ele>500.0</ele>
				<extensions>
					<swisstopo:routepoint_id>251270698</swisstopo:routepoint_id>
				</extensions>
			</trkpt>
			<trkpt lat="47.2992286035" lon="7.6224988833">
				<ele>500.0</ele>
				<extensions>
					<swisstopo:routepoint_id>1769716712</swisstopo:routepoint_id>
				</extensions>
			</trkpt>
			<trkpt lat="47.2991886049" lon="7.6222588851">
				<ele>500.0</ele>
				<extensions>
					<swisstopo:routepoint_id>1261762030</swisstopo:routepoint_id>
				</extensions>
			</trkpt>
			<trkpt lat="47.2990786102" lon="7.6214088921">
				<ele>500.0</ele>
				<extensions>
					<swisstopo:routepoint_id>1478055945</swisstopo:routepoint_id>
				</extensions>
			</trkpt>
			<trkpt lat="47.2989186192" lon="7.6199789043">
				<ele>500.0</ele>
				<extensions>
					<swisstopo:routepoint_id>1565607873</swisstopo:routepoint_id>
				</extensions>
			</trkpt>
			<trkpt lat="47.2987586251" lon="7.6189989119">
				<ele>500.0</ele>
				<extensions>
					<swisstopo:routepoint_id>1044126986</swisstopo:routepoint_id>
				</extensions>
			</trkpt>
			<trkpt lat="47.2986886276" lon="7.6185889150">
				<ele>500.0</ele>
				<extensions>
					<swisstopo:routepoint_id>1007359554</swisstopo:routepoint_id>
				</extensions>
			</trkpt>
			<trkpt lat="47.2985586322" lon="7.6178289208">
				<ele>500.0</ele>
				<extensions>
					<swisstopo:routepoint_id>52398325</swisstopo:routepoint_id>
				</extensions>
			</trkpt>
			<trkpt lat="47.2983486387" lon="7.6167289289">
				<ele>500.6</ele>
				<extensions>
					<swisstopo:routepoint_id>1849254969</swisstopo:routepoint_id>
				</extensions>
			</trkpt>
			<trkpt lat="47.2982386412" lon="7.6162889318">
				<ele>500.0</ele>
				<extensions>
					<swisstopo:routepoint_id>776824630</swisstopo:routepoint_id>
				</extensions>
			</trkpt>
			<trkpt lat="47.2980686435" lon="7.6158489338">
				<ele>500.0</ele>
				<extensions>
					<swisstopo:routepoint_id>1740693688</swisstopo:routepoint_id>
				</extensions>
			</trkpt>
			<trkpt lat="47.2979486446" lon="7.6155989346">
				<ele>500.0</ele>
				<extensions>
					<swisstopo:routepoint_id>1601097934</swisstopo:routepoint_id>
				</extensions>
			</trkpt>
			<trkpt lat="47.2979186450" lon="7.6155289348">
				<ele>500.0</ele>
				<extensions>
					<swisstopo:routepoint_id>475932944</swisstopo:routepoint_id>
				</extensions>
			</trkpt>
			<trkpt lat="47.2976986458" lon="7.6152689343">
				<ele>500.0</ele>
				<extensions>
					<swisstopo:routepoint_id>1990815486</swisstopo:routepoint_id>
				</extensions>
			</trkpt>
			<trkpt lat="47.2976586466" lon="7.6151189352">
				<ele>500.0</ele>
				<extensions>
					<swisstopo:routepoint_id>384180354</swisstopo:routepoint_id>
				</extensions>
			</trkpt>
			<trkpt lat="47.2976486474" lon="7.6149989363">
				<ele>500.0</ele>
				<extensions>
					<swisstopo:routepoint_id>1276772218</swisstopo:routepoint_id>
				</extensions>
			</trkpt>
			<trkpt lat="47.2977186475" lon="7.6150289370">
				<ele>500.0</ele>
				<extensions>
					<swisstopo:routepoint_id>1964335195</swisstopo:routepoint_id>
				</extensions>
			</trkpt>
			<trkpt lat="47.2978786479" lon="7.6150689389">
				<ele>500.0</ele>
				<extensions>
					<swisstopo:routepoint_id>1829568765</swisstopo:routepoint_id>
				</extensions>
			</trkpt>
			<trkpt lat="47.2980786487" lon="7.6150889416">
				<ele>500.0</ele>
				<extensions>
					<swisstopo:routepoint_id>485936953</swisstopo:routepoint_id>
				</extensions>
			</trkpt>
			<trkpt lat="47.2981486490" lon="7.6150889426">
				<ele>500.0</ele>
				<extensions>
					<swisstopo:routepoint_id>1702980528</swisstopo:routepoint_id>
				</extensions>
			</trkpt>
			<trkpt lat="47.2981986492" lon="7.6150889433">
				<ele>500.0</ele>
				<extensions>
					<swisstopo:routepoint_id>923420829</swisstopo:routepoint_id>
				</extensions>
			</trkpt>
			<trkpt lat="47.2982686495" lon="7.6150889443">
				<ele>500.0</ele>
				<extensions>
					<swisstopo:routepoint_id>1608925908</swisstopo:routepoint_id>
				</extensions>
			</trkpt>
			<trkpt lat="47.2983086498" lon="7.6150789450">
				<ele>500.0</ele>
				<extensions>
					<swisstopo:routepoint_id>1510596086</swisstopo:routepoint_id>
				</extensions>
			</trkpt>
			<trkpt lat="47.2983986504" lon="7.6150389467">
				<ele>500.0</ele>
				<extensions>
					<swisstopo:routepoint_id>980231752</swisstopo:routepoint_id>
				</extensions>
			</trkpt>
			<trkpt lat="47.2984586512" lon="7.6149589483">
				<ele>500.0</ele>
				<extensions>
					<swisstopo:routepoint_id>455966425</swisstopo:routepoint_id>
				</extensions>
			</trkpt>
			<trkpt lat="47.2985286534" lon="7.6146789522">
				<ele>500.0</ele>
				<extensions>
					<swisstopo:routepoint_id>1397464338</swisstopo:routepoint_id>
				</extensions>
			</trkpt>
			<trkpt lat="47.2984786535" lon="7.6146389519">
				<ele>500.0</ele>
				<extensions>
					<swisstopo:routepoint_id>382230782</swisstopo:routepoint_id>
				</extensions>
			</trkpt>
			<trkpt lat="47.2984386537" lon="7.6145889518">
				<ele>500.0</ele>
				<extensions>
					<swisstopo:routepoint_id>930229027</swisstopo:routepoint_id>
				</extensions>
			</trkpt>
			<trkpt lat="47.2983186553" lon="7.6142789532">
				<ele>500.0</ele>
				<extensions>
					<swisstopo:routepoint_id>1025256951</swisstopo:routepoint_id>
				</extensions>
			</trkpt>
			<trkpt lat="47.2981786573" lon="7.6138889551">
				<ele>500.0</ele>
				<extensions>
					<swisstopo:routepoint_id>1224178615</swisstopo:routepoint_id>
				</extensions>
			</trkpt>
			<trkpt lat="47.2979586750" lon="7.6111589795">
				<ele>500.0</ele>
				<extensions>
					<swisstopo:routepoint_id>1387709672</swisstopo:routepoint_id>
				</extensions>
			</trkpt>
			<trkpt lat="47.2979086777" lon="7.6107289831">
				<ele>500.0</ele>
				<extensions>
					<swisstopo:routepoint_id>1276527649</swisstopo:routepoint_id>
				</extensions>
			</trkpt>
			<trkpt lat="47.2978386800" lon="7.6103489859">
				<ele>500.0</ele>
				<extensions>
					<swisstopo:routepoint_id>846411680</swisstopo:routepoint_id>
				</extensions>
			</trkpt>
			<trkpt lat="47.2975186908" lon="7.6085689992">
				<ele>500.0</ele>
				<extensions>
					<swisstopo:routepoint_id>501988054</swisstopo:routepoint_id>
				</extensions>
			</trkpt>
			<trkpt lat="47.2970687051" lon="7.6061990165">
				<ele>500.0</ele>
				<extensions>
					<swisstopo:routepoint_id>607099946</swisstopo:routepoint_id>
				</extensions>
			</trkpt>
			<trkpt lat="47.2965687208" lon="7.6035990354">
				<ele>500.0</ele>
				<extensions>
					<swisstopo:routepoint_id>264535905</swisstopo:routepoint_id>
				</extensions>
			</trkpt>
			<trkpt lat="47.2963887264" lon="7.6026790420">
				<ele>500.0</ele>
				<extensions>
					<swisstopo:routepoint_id>1546115040</swisstopo:routepoint_id>
				</extensions>
			</trkpt>
			<trkpt lat="47.2962687307" lon="7.6019890472">
				<ele>500.0</ele>
				<extensions>
					<swisstopo:routepoint_id>1614459501</swisstopo:routepoint_id>
				</extensions>
			</trkpt>
			<trkpt lat="47.2962487318" lon="7.6018090487">
				<ele>500.0</ele>
				<extensions>
					<swisstopo:routepoint_id>316934230</swisstopo:routepoint_id>
				</extensions>
			</trkpt>
			<trkpt lat="47.2961869852" lon="7.6012903474">
				<ele>500.0</ele>
				<extensions>
					<swisstopo:routepoint_id>2141438852</swisstopo:routepoint_id>
				</extensions>
			</trkpt>
			<trkpt lat="47.2961869852" lon="7.6012903474">
				<ele>500.0</ele>
				<name>swisstopo-06</name>
				<extensions>
					<swisstopo:waypoint_id>6</swisstopo:waypoint_id>
					<swisstopo:waypoint_is_controlpoint>1</swisstopo:waypoint_is_controlpoint>
					<swisstopo:waypoint_routepoint_id>2141438852</swisstopo:waypoint_routepoint_id>
					<swisstopo:waypoint_meters_into_tour>9999.999997</swisstopo:waypoint_meters_into_tour>
					<swisstopo:waypoint_trackpoint_id>swisstopo-06</swisstopo:waypoint_trackpoint_id>
				</extensions>
			</trkpt>
			<trkpt lat="47.2961487372" lon="7.6009690557">
				<ele>500.0</ele>
				<extensions>
					<swisstopo:routepoint_id>1247886362</swisstopo:routepoint_id>
				</extensions>
			</trkpt>
			<trkpt lat="47.2960287437" lon="7.5999490642">
				<ele>500.0</ele>
				<extensions>
					<swisstopo:routepoint_id>243800483</swisstopo:routepoint_id>
				</extensions>
			</trkpt>
			<trkpt lat="47.2959887469" lon="7.5994690684">
				<ele>500.0</ele>
				<extensions>
					<swisstopo:routepoint_id>2057627918</swisstopo:routepoint_id>
				</extensions>
			</trkpt>
			<trkpt lat="47.2959587512" lon="7.5988290744">
				<ele>500.0</ele>
				<extensions>
					<swisstopo:routepoint_id>701500648</swisstopo:routepoint_id>
				</extensions>
			</trkpt>
			<trkpt lat="47.2959587531" lon="7.5985490772">
				<ele>500.0</ele>
				<extensions>
					<swisstopo:routepoint_id>719733427</swisstopo:routepoint_id>
				</extensions>
			</trkpt>
			<trkpt lat="47.2959587572" lon="7.5979690831">
				<ele>502.2</ele>
				<extensions>
					<swisstopo:routepoint_id>1900959756</swisstopo:routepoint_id>
				</extensions>
			</trkpt>
			<trkpt lat="47.2959587623" lon="7.5972390904">
				<ele>503.9</ele>
				<extensions>
					<swisstopo:routepoint_id>1085681002</swisstopo:routepoint_id>
				</extensions>
			</trkpt>
			<trkpt lat="47.2959587692" lon="7.5962391005">
				<ele>500.9</ele>
				<extensions>
					<swisstopo:routepoint_id>1996505645</swisstopo:routepoint_id>
				</extensions>
			</trkpt>
			<trkpt lat="47.2959487706" lon="7.5960391023">
				<ele>504.5</ele>
				<extensions>
					<swisstopo:routepoint_id>1717811304</swisstopo:routepoint_id>
				</extensions>
			</trkpt>
			<trkpt lat="47.2958287742" lon="7.5954391066">
				<ele>515.3</ele>
				<extensions>
					<swisstopo:routepoint_id>767766119</swisstopo:routepoint_id>
				</extensions>
			</trkpt>
			<trkpt lat="47.2957487775" lon="7.5949191107">
				<ele>520.0</ele>
				<extensions>
					<swisstopo:routepoint_id>334958950</swisstopo:routepoint_id>
				</extensions>
			</trkpt>
			<trkpt lat="47.2956787838" lon="7.5939691192">
				<ele>520.0</ele>
				<extensions>
					<swisstopo:routepoint_id>1273308184</swisstopo:routepoint_id>
				</extensions>
			</trkpt>
			<trkpt lat="47.2956387849" lon="7.5937891204">
				<ele>520.0</ele>
				<extensions>
					<swisstopo:routepoint_id>1691186948</swisstopo:routepoint_id>
				</extensions>
			</trkpt>
			<trkpt lat="47.2955787854" lon="7.5936891205">
				<ele>520.0</ele>
				<extensions>
					<swisstopo:routepoint_id>1943884859</swisstopo:routepoint_id>
				</extensions>
			</trkpt>
			<trkpt lat="47.2955987859" lon="7.5936291214">
				<ele>520.0</ele>
				<extensions>
					<swisstopo:routepoint_id>636420622</swisstopo:routepoint_id>
				</extensions>
			</trkpt>
			<trkpt lat="47.2956287865" lon="7.5935591226">
				<ele>520.0</ele>
				<extensions>
					<swisstopo:routepoint_id>523935053</swisstopo:routepoint_id>
				</extensions>
			</trkpt>
			<trkpt lat="47.2956487878" lon="7.5933791247">
				<ele>520.0</ele>
				<extensions>
					<swisstopo:routepoint_id>252367636</swisstopo:routepoint_id>
				</extensions>
			</trkpt>
			<trkpt lat="47.2956787905" lon="7.5930091288">
				<ele>520.0</ele>
				<extensions>
					<swisstopo:routepoint_id>2033884961</swisstopo:routepoint_id>
				</extensions>
			</trkpt>
			<trkpt lat="47.2956787908" lon="7.5929791291">
				<ele>520.0</ele>
				<extensions>
					<swisstopo:routepoint_id>906165835</swisstopo:routepoint_id>
				</extensions>
			</trkpt>
			<trkpt lat="47.2956887928" lon="7.5926991321">
				<ele>520.0</ele>
				<extensions>
					<swisstopo:routepoint_id>1182596663</swisstopo:routepoint_id>
				</extensions>
			</trkpt>
			<trkpt lat="47.2956987940" lon="7.5925291339">
				<ele>520.0</ele>
				<extensions>
					<swisstopo:routepoint_id>911658264</swisstopo:routepoint_id>
				</extensions>
			</trkpt>
			<trkpt lat="47.2956987949" lon="7.5923991353">
				<ele>520.0</ele>
				<extensions>
					<swisstopo:routepoint_id>2130344451</swisstopo:routepoint_id>
				</extensions>
			</trkpt>
			<trkpt lat="47.2956887952" lon="7.5923491356">
				<ele>520.0</ele>
				<extensions>
					<swisstopo:routepoint_id>422822687</swisstopo:routepoint_id>
				</extensions>
			</trkpt>
			<trkpt lat="47.2956787954" lon="7.5923091359">
				<ele>520.0</ele>
				<extensions>
					<swisstopo:routepoint_id>40702265</swisstopo:routepoint_id>
				</extensions>
			</trkpt>
			<trkpt lat="47.2957787967" lon="7.5921991385">
				<ele>520.0</ele>
				<extensions>
					<swisstopo:routepoint_id>829272483</swisstopo:routepoint_id>
				</extensions>
			</trkpt>
			<trkpt lat="47.2958187975" lon="7.5920991401">
				<ele>520.0</ele>
				<extensions>
					<swisstopo:routepoint_id>924810742</swisstopo:routepoint_id>
				</extensions>
			</trkpt>
			<trkpt lat="47.2958287977" lon="7.5920791404">
				<ele>520.0</ele>
				<extensions>
					<swisstopo:routepoint_id>647802211</swisstopo:routepoint_id>
				</extensions>
			</trkpt>
			<trkpt lat="47.2958587988" lon="7.5919391423">
				<ele>520.0</ele>
				<extensions>
					<swisstopo:routepoint_id>1093808388</swisstopo:routepoint_id>
				</extensions>
			</trkpt>
			<trkpt lat="47.2959388002" lon="7.5917891450">
				<ele>520.0</ele>
				<extensions>
					<swisstopo:routepoint_id>323442134</swisstopo:routepoint_id>
				</extensions>
			</trkpt>
			<trkpt lat="47.2960288016" lon="7.5916491477">
				<ele>520.0</ele>
				<extensions>
					<swisstopo:routepoint_id>114778064</swisstopo:routepoint_id>
				</extensions>
			</trkpt>
			<trkpt lat="47.2960488020" lon="7.5915991485">
				<ele>520.0</ele>
				<extensions>
					<swisstopo:routepoint_id>1410742618</swisstopo:routepoint_id>
				</extensions>
			</trkpt>
			<trkpt lat="47.2960988031" lon="7.5914791505">
				<ele>520.0</ele>
				<extensions>
					<swisstopo:routepoint_id>1571328496</swisstopo:routepoint_id>
				</extensions>
			</trkpt>
			<trkpt lat="47.2961288042" lon="7.5913491522">
				<ele>520.0</ele>
				<extensions>
					<swisstopo:routepoint_id>358578547</swisstopo:routepoint_id>
				</extensions>
			</trkpt>
			<trkpt lat="47.2961588052" lon="7.5912191540">
				<ele>520.0</ele>
				<extensions>
					<swisstopo:routepoint_id>1320886888</swisstopo:routepoint_id>
				</extensions>
			</trkpt>
			<trkpt lat="47.2961788068" lon="7.5910091564">
				<ele>520.0</ele>
				<extensions>
					<swisstopo:routepoint_id>125345497</swisstopo:routepoint_id>
				</extensions>
			</trkpt>
			<trkpt lat="47.2961788077" lon="7.5908691578">
				<ele>520.0</ele>
				<extensions>
					<swisstopo:routepoint_id>1078311975</swisstopo:routepoint_id>
				</extensions>
			</trkpt>
			<trkpt lat="47.2961488086" lon="7.5907291588">
				<ele>520.0</ele>
				<extensions>
					<swisstopo:routepoint_id>1074362996</swisstopo:routepoint_id>
				</extensions>
			</trkpt>
			<trkpt lat="47.2961388090" lon="7.5906591593">
				<ele>520.0</ele>
				<extensions>
					<swisstopo:routepoint_id>1211026499</swisstopo:routepoint_id>
				</extensions>
			</trkpt>
			<trkpt lat="47.2960888099" lon="7.5904991602">
				<ele>520.0</ele>
				<extensions>
					<swisstopo:routepoint_id>927333972</swisstopo:routepoint_id>
				</extensions>
			</trkpt>
			<trkpt lat="47.2960688101" lon="7.5904691602">
				<ele>520.0</ele>
				<extensions>
					<swisstopo:routepoint_id>644690652</swisstopo:routepoint_id>
				</extensions>
			</trkpt>
			<trkpt lat="47.2960288106" lon="7.5903691606">
				<ele>520.0</ele>
				<extensions>
					<swisstopo:routepoint_id>1978792619</swisstopo:routepoint_id>
				</extensions>
			</trkpt>
			<trkpt lat="47.2955788158" lon="7.5893391643">
				<ele>520.0</ele>
				<extensions>
					<swisstopo:routepoint_id>1262292923</swisstopo:routepoint_id>
				</extensions>
			</trkpt>
			<trkpt lat="47.2954788171" lon="7.5890991652">
				<ele>520.0</ele>
				<extensions>
					<swisstopo:routepoint_id>1917998837</swisstopo:routepoint_id>
				</extensions>
			</trkpt>
			<trkpt lat="47.2952488210" lon="7.5883991688">
				<ele>520.0</ele>
				<extensions>
					<swisstopo:routepoint_id>1522495919</swisstopo:routepoint_id>
				</extensions>
			</trkpt>
			<trkpt lat="47.2950088250" lon="7.5876791724">
				<ele>520.0</ele>
				<extensions>
					<swisstopo:routepoint_id>1058694134</swisstopo:routepoint_id>
				</extensions>
			</trkpt>
			<trkpt lat="47.2949588261" lon="7.5874891736">
				<ele>520.0</ele>
				<extensions>
					<swisstopo:routepoint_id>406935811</swisstopo:routepoint_id>
				</extensions>
			</trkpt>
			<trkpt lat="47.2949388274" lon="7.5872991752">
				<ele>520.0</ele>
				<extensions>
					<swisstopo:routepoint_id>2046430972</swisstopo:routepoint_id>
				</extensions>
			</trkpt>
			<trkpt lat="47.2949288285" lon="7.5871291768">
				<ele>520.0</ele>
				<extensions>
					<swisstopo:routepoint_id>1311061770</swisstopo:routepoint_id>
				</extensions>
			</trkpt>
			<trkpt lat="47.2949188295" lon="7.5869891780">
				<ele>520.0</ele>
				<extensions>
					<swisstopo:routepoint_id>293337124</swisstopo:routepoint_id>
				</extensions>
			</trkpt>
			<trkpt lat="47.2948888303" lon="7.5868591789">
				<ele>520.0</ele>
				<extensions>
					<swisstopo:routepoint_id>805113160</swisstopo:routepoint_id>
				</extensions>
			</trkpt>
			<trkpt lat="47.2948388313" lon="7.5866791799">
				<ele>520.0</ele>
				<extensions>
					<swisstopo:routepoint_id>346174786</swisstopo:routepoint_id>
				</extensions>
			</trkpt>
			<trkpt lat="47.2948188317" lon="7.5866091803">
				<ele>520.0</ele>
				<extensions>
					<swisstopo:routepoint_id>1204995388</swisstopo:routepoint_id>
				</extensions>
			</trkpt>
			<trkpt lat="47.2947788329" lon="7.5864191817">
				<ele>520.0</ele>
				<extensions>
					<swisstopo:routepoint_id>787973963</swisstopo:routepoint_id>
				</extensions>
			</trkpt>
			<trkpt lat="47.2946888340" lon="7.5862091824">
				<ele>520.0</ele>
				<extensions>
					<swisstopo:routepoint_id>768997473</swisstopo:routepoint_id>
				</extensions>
			</trkpt>
			<trkpt lat="47.2945888347" lon="7.5860391826">
				<ele>520.0</ele>
				<extensions>
					<swisstopo:routepoint_id>1245697653</swisstopo:routepoint_id>
				</extensions>
			</trkpt>
			<trkpt lat="47.2943888367" lon="7.5856391837">
				<ele>520.0</ele>
				<extensions>
					<swisstopo:routepoint_id>1617246446</swisstopo:routepoint_id>
				</extensions>
			</trkpt>
			<trkpt lat="47.2942588379" lon="7.5853791843">
				<ele>520.0</ele>
				<extensions>
					<swisstopo:routepoint_id>1693808215</swisstopo:routepoint_id>
				</extensions>
			</trkpt>
			<trkpt lat="47.2940188407" lon="7.5848391861">
				<ele>520.0</ele>
				<extensions>
					<swisstopo:routepoint_id>1893499865</swisstopo:routepoint_id>
				</extensions>
			</trkpt>
			<trkpt lat="47.2938888434" lon="7.5843791888">
				<ele>520.0</ele>
				<extensions>
					<swisstopo:routepoint_id>563571186</swisstopo:routepoint_id>
				</extensions>
			</trkpt>
			<trkpt lat="47.2938088491" lon="7.5835191962">
				<ele>520.0</ele>
				<extensions>
					<swisstopo:routepoint_id>2017250350</swisstopo:routepoint_id>
				</extensions>
			</trkpt>
			<trkpt lat="47.2937888497" lon="7.5834191969">
				<ele>520.0</ele>
				<extensions>
					<swisstopo:routepoint_id>2008277929</swisstopo:routepoint_id>
				</extensions>
			</trkpt>
			<trkpt lat="47.2937588503" lon="7.5833191975">
				<ele>520.0</ele>
				<extensions>
					<swisstopo:routepoint_id>1974313804</swisstopo:routepoint_id>
				</extensions>
			</trkpt>
			<trkpt lat="47.2934588538" lon="7.5826391998">
				<ele>520.0</ele>
				<extensions>
					<swisstopo:routepoint_id>1441095198</swisstopo:routepoint_id>
				</extensions>
			</trkpt>
			<trkpt lat="47.2932488558" lon="7.5822292007">
				<ele>520.0</ele>
				<extensions>
					<swisstopo:routepoint_id>219372829</swisstopo:routepoint_id>
				</extensions>
			</trkpt>
			<trkpt lat="47.2931488577" lon="7.5818992025">
				<ele>520.0</ele>
				<extensions>
					<swisstopo:routepoint_id>1147717044</swisstopo:routepoint_id>
				</extensions>
			</trkpt>
			<trkpt lat="47.2930388601" lon="7.5814892050">
				<ele>520.9</ele>
				<extensions>
					<swisstopo:routepoint_id>1566440695</swisstopo:routepoint_id>
				</extensions>
			</trkpt>
			<trkpt lat="47.2928988638" lon="7.5808792090">
				<ele>520.3</ele>
				<extensions>
					<swisstopo:routepoint_id>1297684804</swisstopo:routepoint_id>
				</extensions>
			</trkpt>
			<trkpt lat="47.2928188657" lon="7.5805592110">
				<ele>523.0</ele>
				<extensions>
					<swisstopo:routepoint_id>74596392</swisstopo:routepoint_id>
				</extensions>
			</trkpt>
			<trkpt lat="47.2927688671" lon="7.5803392124">
				<ele>526.4</ele>
				<extensions>
					<swisstopo:routepoint_id>629983547</swisstopo:routepoint_id>
				</extensions>
			</trkpt>
			<trkpt lat="47.2926088698" lon="7.5798592148">
				<ele>531.9</ele>
				<extensions>
					<swisstopo:routepoint_id>77535128</swisstopo:routepoint_id>
				</extensions>
			</trkpt>
			<trkpt lat="47.2925988703" lon="7.5797792155">
				<ele>532.9</ele>
				<extensions>
					<swisstopo:routepoint_id>719287045</swisstopo:routepoint_id>
				</extensions>
			</trkpt>
			<trkpt lat="47.2925688712" lon="7.5796292165">
				<ele>534.4</ele>
				<extensions>
					<swisstopo:routepoint_id>461292518</swisstopo:routepoint_id>
				</extensions>
			</trkpt>
			<trkpt lat="47.2925588715" lon="7.5795792169">
				<ele>534.2</ele>
				<extensions>
					<swisstopo:routepoint_id>1339828051</swisstopo:routepoint_id>
				</extensions>
			</trkpt>
			<trkpt lat="47.2925188720" lon="7.5794892172">
				<ele>533.5</ele>
				<extensions>
					<swisstopo:routepoint_id>489802234</swisstopo:routepoint_id>
				</extensions>
			</trkpt>
			<trkpt lat="47.2923988738" lon="7.5791692186">
				<ele>531.4</ele>
				<extensions>
					<swisstopo:routepoint_id>1983788437</swisstopo:routepoint_id>
				</extensions>
			</trkpt>
			<trkpt lat="47.2923288752" lon="7.5789292199">
				<ele>530.1</ele>
				<extensions>
					<swisstopo:routepoint_id>251038537</swisstopo:routepoint_id>
				</extensions>
			</trkpt>
			<trkpt lat="47.2922888763" lon="7.5787492211">
				<ele>529.4</ele>
				<extensions>
					<swisstopo:routepoint_id>896738045</swisstopo:routepoint_id>
				</extensions>
			</trkpt>
			<trkpt lat="47.2922688767" lon="7.5786792215">
				<ele>529.0</ele>
				<extensions>
					<swisstopo:routepoint_id>1882735762</swisstopo:routepoint_id>
				</extensions>
			</trkpt>
			<trkpt lat="47.2922588769" lon="7.5786392217">
				<ele>528.9</ele>
				<extensions>
					<swisstopo:routepoint_id>1562100308</swisstopo:routepoint_id>
				</extensions>
			</trkpt>
			<trkpt lat="47.2922288771" lon="7.5785892218">
				<ele>528.3</ele>
				<extensions>
					<swisstopo:routepoint_id>1190075170</swisstopo:routepoint_id>
				</extensions>
			</trkpt>
			<trkpt lat="47.2920788779" lon="7.5783892215">
				<ele>527.8</ele>
				<extensions>
					<swisstopo:routepoint_id>540365274</swisstopo:routepoint_id>
				</extensions>
			</trkpt>
			<trkpt lat="47.2916288806" lon="7.5777292213">
				<ele>532.4</ele>
				<extensions>
					<swisstopo:routepoint_id>1908275094</swisstopo:routepoint_id>
				</extensions>
			</trkpt>
			<trkpt lat="47.2915088812" lon="7.5775692211">
				<ele>533.0</ele>
				<extensions>
					<swisstopo:routepoint_id>247586910</swisstopo:routepoint_id>
				</extensions>
			</trkpt>
			<trkpt lat="47.2914188816" lon="7.5774592208">
				<ele>533.0</ele>
				<extensions>
					<swisstopo:routepoint_id>1328339237</swisstopo:routepoint_id>
				</extensions>
			</trkpt>
			<trkpt lat="47.2913088819" lon="7.5773592201">
				<ele>532.1</ele>
				<extensions>
					<swisstopo:routepoint_id>529788919</swisstopo:routepoint_id>
				</extensions>
			</trkpt>
			<trkpt lat="47.2912701241" lon="7.5773333813">
				<ele>531.6</ele>
				<extensions>
					<swisstopo:routepoint_id>2141438853</swisstopo:routepoint_id>
				</extensions>
			</trkpt>
			<trkpt lat="47.2912701241" lon="7.5773333813">
				<ele>531.6</ele>
				<name>swisstopo-07</name>
				<extensions>
					<swisstopo:waypoint_id>7</swisstopo:waypoint_id>
					<swisstopo:waypoint_is_controlpoint>1</swisstopo:waypoint_is_controlpoint>
					<swisstopo:waypoint_routepoint_id>2141438853</swisstopo:waypoint_routepoint_id>
					<swisstopo:waypoint_meters_into_tour>11999.999995</swisstopo:waypoint_meters_into_tour>
					<swisstopo:waypoint_trackpoint_id>swisstopo-07</swisstopo:waypoint_trackpoint_id>
				</extensions>
			</trkpt>
			<trkpt lat="47.2912488819" lon="7.5773192196">
				<ele>531.4</ele>
				<extensions>
					<swisstopo:routepoint_id>1493284564</swisstopo:routepoint_id>
				</extensions>
			</trkpt>
			<trkpt lat="47.2912088818" lon="7.5772992192">
				<ele>530.9</ele>
				<extensions>
					<swisstopo:routepoint_id>798102035</swisstopo:routepoint_id>
				</extensions>
			</trkpt>
			<trkpt lat="47.2910988853" lon="7.5767392232">
				<ele>535.2</ele>
				<extensions>
					<swisstopo:routepoint_id>76113487</swisstopo:routepoint_id>
				</extensions>
			</trkpt>
			<trkpt lat="47.2910488863" lon="7.5765692241">
				<ele>536.8</ele>
				<extensions>
					<swisstopo:routepoint_id>1239300781</swisstopo:routepoint_id>
				</extensions>
			</trkpt>
			<trkpt lat="47.2907688883" lon="7.5761192243">
				<ele>540.3</ele>
				<extensions>
					<swisstopo:routepoint_id>1361673221</swisstopo:routepoint_id>
				</extensions>
			</trkpt>
			<trkpt lat="47.2905688939" lon="7.5752192303">
				<ele>540.0</ele>
				<extensions>
					<swisstopo:routepoint_id>2093363837</swisstopo:routepoint_id>
				</extensions>
			</trkpt>
			<trkpt lat="47.2904288960" lon="7.5748392319">
				<ele>540.0</ele>
				<extensions>
					<swisstopo:routepoint_id>1100095062</swisstopo:routepoint_id>
				</extensions>
			</trkpt>
			<trkpt lat="47.2902288981" lon="7.5744192331">
				<ele>540.0</ele>
				<extensions>
					<swisstopo:routepoint_id>1188503377</swisstopo:routepoint_id>
				</extensions>
			</trkpt>
			<trkpt lat="47.2901588992" lon="7.5742192340">
				<ele>540.0</ele>
				<extensions>
					<swisstopo:routepoint_id>1386975387</swisstopo:routepoint_id>
				</extensions>
			</trkpt>
			<trkpt lat="47.2900689015" lon="7.5738492363">
				<ele>541.9</ele>
				<extensions>
					<swisstopo:routepoint_id>1319467891</swisstopo:routepoint_id>
				</extensions>
			</trkpt>
			<trkpt lat="47.2900489019" lon="7.5737792367">
				<ele>542.4</ele>
				<extensions>
					<swisstopo:routepoint_id>188736773</swisstopo:routepoint_id>
				</extensions>
			</trkpt>
			<trkpt lat="47.2900189022" lon="7.5737192369">
				<ele>542.7</ele>
				<extensions>
					<swisstopo:routepoint_id>805932435</swisstopo:routepoint_id>
				</extensions>
			</trkpt>
			<trkpt lat="47.2899789024" lon="7.5736592369">
				<ele>542.9</ele>
				<extensions>
					<swisstopo:routepoint_id>469669047</swisstopo:routepoint_id>
				</extensions>
			</trkpt>
			<trkpt lat="47.2898589030" lon="7.5735092365">
				<ele>542.9</ele>
				<extensions>
					<swisstopo:routepoint_id>263333165</swisstopo:routepoint_id>
				</extensions>
			</trkpt>
			<trkpt lat="47.2893789062" lon="7.5727592367">
				<ele>540.0</ele>
				<extensions>
					<swisstopo:routepoint_id>1435915982</swisstopo:routepoint_id>
				</extensions>
			</trkpt>
			<trkpt lat="47.2891189078" lon="7.5723792365">
				<ele>540.0</ele>
				<extensions>
					<swisstopo:routepoint_id>547204176</swisstopo:routepoint_id>
				</extensions>
			</trkpt>
			<trkpt lat="47.2888889099" lon="7.5719492372">
				<ele>540.0</ele>
				<extensions>
					<swisstopo:routepoint_id>982620210</swisstopo:routepoint_id>
				</extensions>
			</trkpt>
			<trkpt lat="47.2887189122" lon="7.5715192389">
				<ele>543.0</ele>
				<extensions>
					<swisstopo:routepoint_id>1897208500</swisstopo:routepoint_id>
				</extensions>
			</trkpt>
			<trkpt lat="47.2883989157" lon="7.5708392408">
				<ele>540.1</ele>
				<extensions>
					<swisstopo:routepoint_id>1887032227</swisstopo:routepoint_id>
				</extensions>
			</trkpt>
			<trkpt lat="47.2881689177" lon="7.5704192414">
				<ele>540.0</ele>
				<extensions>
					<swisstopo:routepoint_id>1472422444</swisstopo:routepoint_id>
				</extensions>
			</trkpt>
			<trkpt lat="47.2880289199" lon="7.5700292432">
				<ele>540.0</ele>
				<extensions>
					<swisstopo:routepoint_id>1733513289</swisstopo:routepoint_id>
				</extensions>
			</trkpt>
			<trkpt lat="47.2879389224" lon="7.5696192459">
				<ele>540.1</ele>
				<extensions>
					<swisstopo:routepoint_id>2138070765</swisstopo:routepoint_id>
				</extensions>
			</trkpt>
			<trkpt lat="47.2877989248" lon="7.5691992479">
				<ele>543.3</ele>
				<extensions>
					<swisstopo:routepoint_id>221676842</swisstopo:routepoint_id>
				</extensions>
			</trkpt>
			<trkpt lat="47.2876489264" lon="7.5688892487">
				<ele>543.9</ele>
				<extensions>
					<swisstopo:routepoint_id>1468765403</swisstopo:routepoint_id>
				</extensions>
			</trkpt>
			<trkpt lat="47.2874689296" lon="7.5683392514">
				<ele>543.1</ele>
				<extensions>
					<swisstopo:routepoint_id>1552687425</swisstopo:routepoint_id>
				</extensions>
			</trkpt>
			<trkpt lat="47.2873789308" lon="7.5681092523">
				<ele>541.4</ele>
				<extensions>
					<swisstopo:routepoint_id>1411752012</swisstopo:routepoint_id>
				</extensions>
			</trkpt>
			<trkpt lat="47.2872789319" lon="7.5678992528">
				<ele>540.3</ele>
				<extensions>
					<swisstopo:routepoint_id>2009130677</swisstopo:routepoint_id>
				</extensions>
			</trkpt>
			<trkpt lat="47.2872089331" lon="7.5676992537">
				<ele>540.5</ele>
				<extensions>
					<swisstopo:routepoint_id>1313478871</swisstopo:routepoint_id>
				</extensions>
			</trkpt>
			<trkpt lat="47.2871589343" lon="7.5674892550">
				<ele>540.2</ele>
				<extensions>
					<swisstopo:routepoint_id>1659338922</swisstopo:routepoint_id>
				</extensions>
			</trkpt>
			<trkpt lat="47.2870889361" lon="7.5672092567">
				<ele>542.8</ele>
				<extensions>
					<swisstopo:routepoint_id>1189986266</swisstopo:routepoint_id>
				</extensions>
			</trkpt>
			<trkpt lat="47.2869689374" lon="7.5669492575">
				<ele>545.6</ele>
				<extensions>
					<swisstopo:routepoint_id>1843267790</swisstopo:routepoint_id>
				</extensions>
			</trkpt>
			<trkpt lat="47.2868689374" lon="7.5668892565">
				<ele>545.5</ele>
				<extensions>
					<swisstopo:routepoint_id>1005139838</swisstopo:routepoint_id>
				</extensions>
			</trkpt>
			<trkpt lat="47.2868189387" lon="7.5666792578">
				<ele>547.1</ele>
				<extensions>
					<swisstopo:routepoint_id>1988088301</swisstopo:routepoint_id>
				</extensions>
			</trkpt>
			<trkpt lat="47.2867889392" lon="7.5665892583">
				<ele>547.6</ele>
				<extensions>
					<swisstopo:routepoint_id>1919381277</swisstopo:routepoint_id>
				</extensions>
			</trkpt>
			<trkpt lat="47.2866989409" lon="7.5662992598">
				<ele>548.8</ele>
				<extensions>
					<swisstopo:routepoint_id>96956971</swisstopo:routepoint_id>
				</extensions>
			</trkpt>
			<trkpt lat="47.2866589415" lon="7.5661892602">
				<ele>549.9</ele>
				<extensions>
					<swisstopo:routepoint_id>1202277874</swisstopo:routepoint_id>
				</extensions>
			</trkpt>
			<trkpt lat="47.2865989426" lon="7.5660092611">
				<ele>552.1</ele>
				<extensions>
					<swisstopo:routepoint_id>1865261466</swisstopo:routepoint_id>
				</extensions>
			</trkpt>
			<trkpt lat="47.2865089440" lon="7.5657592622">
				<ele>555.0</ele>
				<extensions>
					<swisstopo:routepoint_id>1197052034</swisstopo:routepoint_id>
				</extensions>
			</trkpt>
			<trkpt lat="47.2864389437" lon="7.5657592611">
				<ele>553.7</ele>
				<extensions>
					<swisstopo:routepoint_id>243297603</swisstopo:routepoint_id>
				</extensions>
			</trkpt>
			<trkpt lat="47.2863189441" lon="7.5656292605">
				<ele>553.9</ele>
				<extensions>
					<swisstopo:routepoint_id>1104753206</swisstopo:routepoint_id>
				</extensions>
			</trkpt>
			<trkpt lat="47.2861289448" lon="7.5654192597">
				<ele>556.3</ele>
				<extensions>
					<swisstopo:routepoint_id>369036277</swisstopo:routepoint_id>
				</extensions>
			</trkpt>
			<trkpt lat="47.2859689453" lon="7.5652392590">
				<ele>559.4</ele>
				<extensions>
					<swisstopo:routepoint_id>432034376</swisstopo:routepoint_id>
				</extensions>
			</trkpt>
			<trkpt lat="47.2858889453" lon="7.5651992582">
				<ele>559.9</ele>
				<extensions>
					<swisstopo:routepoint_id>1910685641</swisstopo:routepoint_id>
				</extensions>
			</trkpt>
			<trkpt lat="47.2857889450" lon="7.5651792568">
				<ele>560.0</ele>
				<extensions>
					<swisstopo:routepoint_id>838705325</swisstopo:routepoint_id>
				</extensions>
			</trkpt>
			<trkpt lat="47.2856489439" lon="7.5652492540">
				<ele>560.0</ele>
				<extensions>
					<swisstopo:routepoint_id>695367542</swisstopo:routepoint_id>
				</extensions>
			</trkpt>
			<trkpt lat="47.2854589415" lon="7.5654592490">
				<ele>561.8</ele>
				<extensions>
					<swisstopo:routepoint_id>1199117975</swisstopo:routepoint_id>
				</extensions>
			</trkpt>
			<trkpt lat="47.2853289400" lon="7.5655892457">
				<ele>564.3</ele>
				<extensions>
					<swisstopo:routepoint_id>1385909501</swisstopo:routepoint_id>
				</extensions>
			</trkpt>
			<trkpt lat="47.2852689392" lon="7.5656592441">
				<ele>566.0</ele>
				<extensions>
					<swisstopo:routepoint_id>1677987752</swisstopo:routepoint_id>
				</extensions>
			</trkpt>
			<trkpt lat="47.2851089363" lon="7.5659592387">
				<ele>573.7</ele>
				<extensions>
					<swisstopo:routepoint_id>948842827</swisstopo:routepoint_id>
				</extensions>
			</trkpt>
			<trkpt lat="47.2850789365" lon="7.5659192386">
				<ele>574.0</ele>
				<extensions>
					<swisstopo:routepoint_id>1125458080</swisstopo:routepoint_id>
				</extensions>
			</trkpt>
			<trkpt lat="47.2850389368" lon="7.5658592386">
				<ele>574.3</ele>
				<extensions>
					<swisstopo:routepoint_id>1002926549</swisstopo:routepoint_id>
				</extensions>
			</trkpt>
			<trkpt lat="47.2845689411" lon="7.5649792400">
				<ele>577.3</ele>
				<extensions>
					<swisstopo:routepoint_id>534872468</swisstopo:routepoint_id>
				</extensions>
			</trkpt>
			<trkpt lat="47.2839389447" lon="7.5640892391">
				<ele>582.9</ele>
				<extensions>
					<swisstopo:routepoint_id>1116045197</swisstopo:routepoint_id>
				</extensions>
			</trkpt>
			<trkpt lat="47.2840789469" lon="7.5638692434">
				<ele>578.3</ele>
				<extensions>
					<swisstopo:routepoint_id>1224603391</swisstopo:routepoint_id>
				</extensions>
			</trkpt>
			<trkpt lat="47.2841389478" lon="7.5637792452">
				<ele>577.3</ele>
				<extensions>
					<swisstopo:routepoint_id>2003637872</swisstopo:routepoint_id>
				</extensions>
			</trkpt>
			<trkpt lat="47.2842489493" lon="7.5636492482">
				<ele>575.3</ele>
				<extensions>
					<swisstopo:routepoint_id>521248974</swisstopo:routepoint_id>
				</extensions>
			</trkpt>
			<trkpt lat="47.2842889498" lon="7.5635992493">
				<ele>574.6</ele>
				<extensions>
					<swisstopo:routepoint_id>488871755</swisstopo:routepoint_id>
				</extensions>
			</trkpt>
			<trkpt lat="47.2843389503" lon="7.5635592505">
				<ele>573.7</ele>
				<extensions>
					<swisstopo:routepoint_id>1865284901</swisstopo:routepoint_id>
				</extensions>
			</trkpt>
			<trkpt lat="47.2843689507" lon="7.5635192513">
				<ele>573.1</ele>
				<extensions>
					<swisstopo:routepoint_id>1834727845</swisstopo:routepoint_id>
				</extensions>
			</trkpt>
			<trkpt lat="47.2843789510" lon="7.5634892518">
				<ele>572.9</ele>
				<extensions>
					<swisstopo:routepoint_id>727029</swisstopo:routepoint_id>
				</extensions>
			</trkpt>
			<trkpt lat="47.2843989514" lon="7.5634492525">
				<ele>572.6</ele>
				<extensions>
					<swisstopo:routepoint_id>907787520</swisstopo:routepoint_id>
				</extensions>
			</trkpt>
			<trkpt lat="47.2843989517" lon="7.5634092529">
				<ele>572.6</ele>
				<extensions>
					<swisstopo:routepoint_id>1530511988</swisstopo:routepoint_id>
				</extensions>
			</trkpt>
			<trkpt lat="47.2844089524" lon="7.5633092540">
				<ele>572.4</ele>
				<extensions>
					<swisstopo:routepoint_id>1005866868</swisstopo:routepoint_id>
				</extensions>
			</trkpt>
			<trkpt lat="47.2844089527" lon="7.5632792543">
				<ele>572.4</ele>
				<extensions>
					<swisstopo:routepoint_id>748392173</swisstopo:routepoint_id>
				</extensions>
			</trkpt>
			<trkpt lat="47.2843989528" lon="7.5632492544">
				<ele>572.6</ele>
				<extensions>
					<swisstopo:routepoint_id>1302409617</swisstopo:routepoint_id>
				</extensions>
			</trkpt>
			<trkpt lat="47.2843889529" lon="7.5632292545">
				<ele>572.8</ele>
				<extensions>
					<swisstopo:routepoint_id>1102823839</swisstopo:routepoint_id>
				</extensions>
			</trkpt>
			<trkpt lat="47.2843689529" lon="7.5632192543">
				<ele>573.1</ele>
				<extensions>
					<swisstopo:routepoint_id>1950670048</swisstopo:routepoint_id>
				</extensions>
			</trkpt>
			<trkpt lat="47.2843589530" lon="7.5631992543">
				<ele>573.3</ele>
				<extensions>
					<swisstopo:routepoint_id>1020187436</swisstopo:routepoint_id>
				</extensions>
			</trkpt>
			<trkpt lat="47.2843389529" lon="7.5631992540">
				<ele>573.7</ele>
				<extensions>
					<swisstopo:routepoint_id>152392225</swisstopo:routepoint_id>
				</extensions>
			</trkpt>
			<trkpt lat="47.2842389526" lon="7.5631892526">
				<ele>575.5</ele>
				<extensions>
					<swisstopo:routepoint_id>46484003</swisstopo:routepoint_id>
				</extensions>
			</trkpt>
			<trkpt lat="47.2840689518" lon="7.5631892499">
				<ele>578.5</ele>
				<extensions>
					<swisstopo:routepoint_id>2124940642</swisstopo:routepoint_id>
				</extensions>
			</trkpt>
			<trkpt lat="47.2839589513" lon="7.5631892482">
				<ele>581.1</ele>
				<extensions>
					<swisstopo:routepoint_id>521428503</swisstopo:routepoint_id>
				</extensions>
			</trkpt>
			<trkpt lat="47.2839089512" lon="7.5631792476">
				<ele>583.1</ele>
				<extensions>
					<swisstopo:routepoint_id>478518380</swisstopo:routepoint_id>
				</extensions>
			</trkpt>
			<trkpt lat="47.2838489510" lon="7.5631692467">
				<ele>585.4</ele>
				<extensions>
					<swisstopo:routepoint_id>1888142635</swisstopo:routepoint_id>
				</extensions>
			</trkpt>
			<trkpt lat="47.2837889509" lon="7.5631492460">
				<ele>587.7</ele>
				<extensions>
					<swisstopo:routepoint_id>1360133828</swisstopo:routepoint_id>
				</extensions>
			</trkpt>
			<trkpt lat="47.2836989508" lon="7.5630992451">
				<ele>591.0</ele>
				<extensions>
					<swisstopo:routepoint_id>1173885922</swisstopo:routepoint_id>
				</extensions>
			</trkpt>
			<trkpt lat="47.2836689509" lon="7.5630692449">
				<ele>592.0</ele>
				<extensions>
					<swisstopo:routepoint_id>939776962</swisstopo:routepoint_id>
				</extensions>
			</trkpt>
			<trkpt lat="47.2836489510" lon="7.5630492448">
				<ele>592.6</ele>
				<extensions>
					<swisstopo:routepoint_id>598559681</swisstopo:routepoint_id>
				</extensions>
			</trkpt>
			<trkpt lat="47.2836389510" lon="7.5630392448">
				<ele>593.0</ele>
				<extensions>
					<swisstopo:routepoint_id>704390026</swisstopo:routepoint_id>
				</extensions>
			</trkpt>
			<trkpt lat="47.2836289511" lon="7.5630192448">
				<ele>593.2</ele>
				<extensions>
					<swisstopo:routepoint_id>1888619789</swisstopo:routepoint_id>
				</extensions>
			</trkpt>
			<trkpt lat="47.2835789515" lon="7.5629292449">
				<ele>594.3</ele>
				<extensions>
					<swisstopo:routepoint_id>1724017761</swisstopo:routepoint_id>
				</extensions>
			</trkpt>
			<trkpt lat="47.2834789528" lon="7.5626992457">
				<ele>594.0</ele>
				<extensions>
					<swisstopo:routepoint_id>1707316575</swisstopo:routepoint_id>
				</extensions>
			</trkpt>
			<trkpt lat="47.2833789536" lon="7.5625192459">
				<ele>593.2</ele>
				<extensions>
					<swisstopo:routepoint_id>276008609</swisstopo:routepoint_id>
				</extensions>
			</trkpt>
			<trkpt lat="47.2833589538" lon="7.5624792460">
				<ele>592.8</ele>
				<extensions>
					<swisstopo:routepoint_id>692579311</swisstopo:routepoint_id>
				</extensions>
			</trkpt>
			<trkpt lat="47.2833389540" lon="7.5624392460">
				<ele>592.4</ele>
				<extensions>
					<swisstopo:routepoint_id>784436318</swisstopo:routepoint_id>
				</extensions>
			</trkpt>
			<trkpt lat="47.2833289543" lon="7.5623992463">
				<ele>591.7</ele>
				<extensions>
					<swisstopo:routepoint_id>132162833</swisstopo:routepoint_id>
				</extensions>
			</trkpt>
			<trkpt lat="47.2833189545" lon="7.5623592465">
				<ele>591.0</ele>
				<extensions>
					<swisstopo:routepoint_id>1213828285</swisstopo:routepoint_id>
				</extensions>
			</trkpt>
			<trkpt lat="47.2833289548" lon="7.5623292470">
				<ele>590.2</ele>
				<extensions>
					<swisstopo:routepoint_id>1273308073</swisstopo:routepoint_id>
				</extensions>
			</trkpt>
			<trkpt lat="47.2833289550" lon="7.5622992473">
				<ele>589.6</ele>
				<extensions>
					<swisstopo:routepoint_id>1997447735</swisstopo:routepoint_id>
				</extensions>
			</trkpt>
			<trkpt lat="47.2833389553" lon="7.5622592478">
				<ele>588.6</ele>
				<extensions>
					<swisstopo:routepoint_id>901072483</swisstopo:routepoint_id>
				</extensions>
			</trkpt>
			<trkpt lat="47.2833689560" lon="7.5621892490">
				<ele>586.8</ele>
				<extensions>
					<swisstopo:routepoint_id>1274035103</swisstopo:routepoint_id>
				</extensions>
			</trkpt>
			<trkpt lat="47.2833889565" lon="7.5621292499">
				<ele>585.4</ele>
				<extensions>
					<swisstopo:routepoint_id>757751607</swisstopo:routepoint_id>
				</extensions>
			</trkpt>
			<trkpt lat="47.2834089569" lon="7.5620792507">
				<ele>584.3</ele>
				<extensions>
					<swisstopo:routepoint_id>284100823</swisstopo:routepoint_id>
				</extensions>
			</trkpt>
			<trkpt lat="47.2834189574" lon="7.5620192514">
				<ele>583.1</ele>
				<extensions>
					<swisstopo:routepoint_id>132418323</swisstopo:routepoint_id>
				</extensions>
			</trkpt>
			<trkpt lat="47.2834389582" lon="7.5619192527">
				<ele>581.3</ele>
				<extensions>
					<swisstopo:routepoint_id>1506143780</swisstopo:routepoint_id>
				</extensions>
			</trkpt>
			<trkpt lat="47.2834489599" lon="7.5616992550">
				<ele>582.7</ele>
				<extensions>
					<swisstopo:routepoint_id>1586510440</swisstopo:routepoint_id>
				</extensions>
			</trkpt>
			<trkpt lat="47.2834589615" lon="7.5614892573">
				<ele>586.5</ele>
				<extensions>
					<swisstopo:routepoint_id>1235242162</swisstopo:routepoint_id>
				</extensions>
			</trkpt>
			<trkpt lat="47.2834589617" lon="7.5614492576">
				<ele>587.2</ele>
				<extensions>
					<swisstopo:routepoint_id>1309330180</swisstopo:routepoint_id>
				</extensions>
			</trkpt>
			<trkpt lat="47.2834589620" lon="7.5614092580">
				<ele>587.9</ele>
				<extensions>
					<swisstopo:routepoint_id>459214228</swisstopo:routepoint_id>
				</extensions>
			</trkpt>
			<trkpt lat="47.2834389626" lon="7.5613192586">
				<ele>589.5</ele>
				<extensions>
					<swisstopo:routepoint_id>1387634388</swisstopo:routepoint_id>
				</extensions>
			</trkpt>
			<trkpt lat="47.2834189629" lon="7.5612692588">
				<ele>590.4</ele>
				<extensions>
					<swisstopo:routepoint_id>1355814184</swisstopo:routepoint_id>
				</extensions>
			</trkpt>
			<trkpt lat="47.2833789631" lon="7.5612192587">
				<ele>591.3</ele>
				<extensions>
					<swisstopo:routepoint_id>436671222</swisstopo:routepoint_id>
				</extensions>
			</trkpt>
			<trkpt lat="47.2833389632" lon="7.5611792584">
				<ele>592.0</ele>
				<extensions>
					<swisstopo:routepoint_id>1909062891</swisstopo:routepoint_id>
				</extensions>
			</trkpt>
			<trkpt lat="47.2832689632" lon="7.5611392578">
				<ele>592.8</ele>
				<extensions>
					<swisstopo:routepoint_id>1834332564</swisstopo:routepoint_id>
				</extensions>
			</trkpt>
			<trkpt lat="47.2830789631" lon="7.5610292559">
				<ele>594.7</ele>
				<extensions>
					<swisstopo:routepoint_id>177330209</swisstopo:routepoint_id>
				</extensions>
			</trkpt>
			<trkpt lat="47.2830189631" lon="7.5609892554">
				<ele>595.5</ele>
				<extensions>
					<swisstopo:routepoint_id>1121713071</swisstopo:routepoint_id>
				</extensions>
			</trkpt>
			<trkpt lat="47.2829589632" lon="7.5609492548">
				<ele>596.2</ele>
				<extensions>
					<swisstopo:routepoint_id>860734838</swisstopo:routepoint_id>
				</extensions>
			</trkpt>
			<trkpt lat="47.2829089633" lon="7.5608992545">
				<ele>597.1</ele>
				<extensions>
					<swisstopo:routepoint_id>1117107171</swisstopo:routepoint_id>
				</extensions>
			</trkpt>
			<trkpt lat="47.2826689643" lon="7.5606192536">
				<ele>600.4</ele>
				<extensions>
					<swisstopo:routepoint_id>1720272752</swisstopo:routepoint_id>
				</extensions>
			</trkpt>
			<trkpt lat="47.2826189646" lon="7.5605492535">
				<ele>600.8</ele>
				<extensions>
					<swisstopo:routepoint_id>1565124864</swisstopo:routepoint_id>
				</extensions>
			</trkpt>
			<trkpt lat="47.2825489649" lon="7.5604592533">
				<ele>601.5</ele>
				<extensions>
					<swisstopo:routepoint_id>858243312</swisstopo:routepoint_id>
				</extensions>
			</trkpt>
			<trkpt lat="47.2825089653" lon="7.5603892534">
				<ele>602.1</ele>
				<extensions>
					<swisstopo:routepoint_id>1296806865</swisstopo:routepoint_id>
				</extensions>
			</trkpt>
			<trkpt lat="47.2824689657" lon="7.5603092535">
				<ele>602.8</ele>
				<extensions>
					<swisstopo:routepoint_id>1124957792</swisstopo:routepoint_id>
				</extensions>
			</trkpt>
			<trkpt lat="47.2824089664" lon="7.5601692540">
				<ele>604.3</ele>
				<extensions>
					<swisstopo:routepoint_id>1134251922</swisstopo:routepoint_id>
				</extensions>
			</trkpt>
			<trkpt lat="47.2822889689" lon="7.5597492562">
				<ele>609.4</ele>
				<extensions>
					<swisstopo:routepoint_id>1989386176</swisstopo:routepoint_id>
				</extensions>
			</trkpt>
			<trkpt lat="47.2822289702" lon="7.5595392574">
				<ele>611.6</ele>
				<extensions>
					<swisstopo:routepoint_id>1909394110</swisstopo:routepoint_id>
				</extensions>
			</trkpt>
			<trkpt lat="47.2821789709" lon="7.5594092579">
				<ele>612.5</ele>
				<extensions>
					<swisstopo:routepoint_id>1266414755</swisstopo:routepoint_id>
				</extensions>
			</trkpt>
			<trkpt lat="47.2821489715" lon="7.5593092584">
				<ele>613.1</ele>
				<extensions>
					<swisstopo:routepoint_id>1055730814</swisstopo:routepoint_id>
				</extensions>
			</trkpt>
			<trkpt lat="47.2819989727" lon="7.5590592585">
				<ele>615.8</ele>
				<extensions>
					<swisstopo:routepoint_id>1035218536</swisstopo:routepoint_id>
				</extensions>
			</trkpt>
			<trkpt lat="47.2819400512" lon="7.5589207909">
				<ele>616.8</ele>
				<extensions>
					<swisstopo:routepoint_id>2141438854</swisstopo:routepoint_id>
				</extensions>
			</trkpt>
			<trkpt lat="47.2819400512" lon="7.5589207909">
				<ele>616.8</ele>
				<name>swisstopo-08</name>
				<extensions>
					<swisstopo:waypoint_id>8</swisstopo:waypoint_id>
					<swisstopo:waypoint_is_controlpoint>1</swisstopo:waypoint_is_controlpoint>
					<swisstopo:waypoint_routepoint_id>2141438854</swisstopo:waypoint_routepoint_id>
					<swisstopo:waypoint_meters_into_tour>13999.999995</swisstopo:waypoint_meters_into_tour>
					<swisstopo:waypoint_trackpoint_id>swisstopo-08</swisstopo:waypoint_trackpoint_id>
				</extensions>
			</trkpt>
			<trkpt lat="47.2817989752" lon="7.5585892600">
				<ele>619.4</ele>
				<extensions>
					<swisstopo:routepoint_id>1116378842</swisstopo:routepoint_id>
				</extensions>
			</trkpt>
			<trkpt lat="47.2817389767" lon="7.5583492614">
				<ele>620.9</ele>
				<extensions>
					<swisstopo:routepoint_id>1956803297</swisstopo:routepoint_id>
				</extensions>
			</trkpt>
			<trkpt lat="47.2816889785" lon="7.5580792633">
				<ele>622.7</ele>
				<extensions>
					<swisstopo:routepoint_id>161769991</swisstopo:routepoint_id>
				</extensions>
			</trkpt>
			<trkpt lat="47.2816689791" lon="7.5579792640">
				<ele>623.4</ele>
				<extensions>
					<swisstopo:routepoint_id>1874130449</swisstopo:routepoint_id>
				</extensions>
			</trkpt>
			<trkpt lat="47.2816489796" lon="7.5578992644">
				<ele>624.1</ele>
				<extensions>
					<swisstopo:routepoint_id>93420472</swisstopo:routepoint_id>
				</extensions>
			</trkpt>
			<trkpt lat="47.2816289799" lon="7.5578392647">
				<ele>624.8</ele>
				<extensions>
					<swisstopo:routepoint_id>294188314</swisstopo:routepoint_id>
				</extensions>
			</trkpt>
			<trkpt lat="47.2816089803" lon="7.5577792650">
				<ele>625.6</ele>
				<extensions>
					<swisstopo:routepoint_id>1232790582</swisstopo:routepoint_id>
				</extensions>
			</trkpt>
			<trkpt lat="47.2815689808" lon="7.5576792654">
				<ele>627.0</ele>
				<extensions>
					<swisstopo:routepoint_id>1679930912</swisstopo:routepoint_id>
				</extensions>
			</trkpt>
			<trkpt lat="47.2815289814" lon="7.5575792657">
				<ele>628.4</ele>
				<extensions>
					<swisstopo:routepoint_id>1529430476</swisstopo:routepoint_id>
				</extensions>
			</trkpt>
			<trkpt lat="47.2815189818" lon="7.5575192661">
				<ele>628.8</ele>
				<extensions>
					<swisstopo:routepoint_id>394637114</swisstopo:routepoint_id>
				</extensions>
			</trkpt>
			<trkpt lat="47.2815089821" lon="7.5574692665">
				<ele>629.2</ele>
				<extensions>
					<swisstopo:routepoint_id>2139145141</swisstopo:routepoint_id>
				</extensions>
			</trkpt>
			<trkpt lat="47.2815089828" lon="7.5573792674">
				<ele>629.2</ele>
				<extensions>
					<swisstopo:routepoint_id>769581216</swisstopo:routepoint_id>
				</extensions>
			</trkpt>
			<trkpt lat="47.2811589812" lon="7.5573792619">
				<ele>641.8</ele>
				<extensions>
					<swisstopo:routepoint_id>1750451298</swisstopo:routepoint_id>
				</extensions>
			</trkpt>
			<trkpt lat="47.2810989809" lon="7.5573892609">
				<ele>643.9</ele>
				<extensions>
					<swisstopo:routepoint_id>428332715</swisstopo:routepoint_id>
				</extensions>
			</trkpt>
			<trkpt lat="47.2810589807" lon="7.5573892603">
				<ele>645.4</ele>
				<extensions>
					<swisstopo:routepoint_id>531160459</swisstopo:routepoint_id>
				</extensions>
			</trkpt>
			<trkpt lat="47.2809989803" lon="7.5574092591">
				<ele>647.5</ele>
				<extensions>
					<swisstopo:routepoint_id>1437300214</swisstopo:routepoint_id>
				</extensions>
			</trkpt>
			<trkpt lat="47.2809489799" lon="7.5574292582">
				<ele>649.3</ele>
				<extensions>
					<swisstopo:routepoint_id>605662925</swisstopo:routepoint_id>
				</extensions>
			</trkpt>
			<trkpt lat="47.2809089795" lon="7.5574592572">
				<ele>650.8</ele>
				<extensions>
					<swisstopo:routepoint_id>1652873530</swisstopo:routepoint_id>
				</extensions>
			</trkpt>
			<trkpt lat="47.2808589791" lon="7.5574892562">
				<ele>652.6</ele>
				<extensions>
					<swisstopo:routepoint_id>150551404</swisstopo:routepoint_id>
				</extensions>
			</trkpt>
			<trkpt lat="47.2808189786" lon="7.5575292552">
				<ele>654.0</ele>
				<extensions>
					<swisstopo:routepoint_id>1722770096</swisstopo:routepoint_id>
				</extensions>
			</trkpt>
			<trkpt lat="47.2807989782" lon="7.5575692545">
				<ele>654.7</ele>
				<extensions>
					<swisstopo:routepoint_id>1225662634</swisstopo:routepoint_id>
				</extensions>
			</trkpt>
			<trkpt lat="47.2807889779" lon="7.5576092539">
				<ele>655.1</ele>
				<extensions>
					<swisstopo:routepoint_id>1715676269</swisstopo:routepoint_id>
				</extensions>
			</trkpt>
			<trkpt lat="47.2807789776" lon="7.5576392535">
				<ele>655.4</ele>
				<extensions>
					<swisstopo:routepoint_id>433529761</swisstopo:routepoint_id>
				</extensions>
			</trkpt>
			<trkpt lat="47.2807889773" lon="7.5576892531">
				<ele>655.1</ele>
				<extensions>
					<swisstopo:routepoint_id>374985852</swisstopo:routepoint_id>
				</extensions>
			</trkpt>
			<trkpt lat="47.2807989764" lon="7.5578192520">
				<ele>654.7</ele>
				<extensions>
					<swisstopo:routepoint_id>693150413</swisstopo:routepoint_id>
				</extensions>
			</trkpt>
			<trkpt lat="47.2807989758" lon="7.5578992512">
				<ele>654.7</ele>
				<extensions>
					<swisstopo:routepoint_id>1567781683</swisstopo:routepoint_id>
				</extensions>
			</trkpt>
			<trkpt lat="47.2807989753" lon="7.5579692505">
				<ele>654.7</ele>
				<extensions>
					<swisstopo:routepoint_id>216888380</swisstopo:routepoint_id>
				</extensions>
			</trkpt>
			<trkpt lat="47.2807789747" lon="7.5580392495">
				<ele>655.4</ele>
				<extensions>
					<swisstopo:routepoint_id>455060875</swisstopo:routepoint_id>
				</extensions>
			</trkpt>
			<trkpt lat="47.2807289732" lon="7.5582192470">
				<ele>657.2</ele>
				<extensions>
					<swisstopo:routepoint_id>686712790</swisstopo:routepoint_id>
				</extensions>
			</trkpt>
			<trkpt lat="47.2807289728" lon="7.5582692465">
				<ele>657.2</ele>
				<extensions>
					<swisstopo:routepoint_id>1272619194</swisstopo:routepoint_id>
				</extensions>
			</trkpt>
			<trkpt lat="47.2807289725" lon="7.5583192460">
				<ele>657.2</ele>
				<extensions>
					<swisstopo:routepoint_id>1490279411</swisstopo:routepoint_id>
				</extensions>
			</trkpt>
			<trkpt lat="47.2807389720" lon="7.5583892455">
				<ele>656.9</ele>
				<extensions>
					<swisstopo:routepoint_id>1803091633</swisstopo:routepoint_id>
				</extensions>
			</trkpt>
			<trkpt lat="47.2807689713" lon="7.5584992449">
				<ele>655.8</ele>
				<extensions>
					<swisstopo:routepoint_id>1081938843</swisstopo:routepoint_id>
				</extensions>
			</trkpt>
			<trkpt lat="47.2807689708" lon="7.5585692442">
				<ele>655.8</ele>
				<extensions>
					<swisstopo:routepoint_id>1652049402</swisstopo:routepoint_id>
				</extensions>
			</trkpt>
			<trkpt lat="47.2807689702" lon="7.5586492434">
				<ele>655.8</ele>
				<extensions>
					<swisstopo:routepoint_id>1529738434</swisstopo:routepoint_id>
				</extensions>
			</trkpt>
			<trkpt lat="47.2807589696" lon="7.5587292425">
				<ele>656.2</ele>
				<extensions>
					<swisstopo:routepoint_id>1175359315</swisstopo:routepoint_id>
				</extensions>
			</trkpt>
			<trkpt lat="47.2807389691" lon="7.5587892416">
				<ele>656.9</ele>
				<extensions>
					<swisstopo:routepoint_id>1946237716</swisstopo:routepoint_id>
				</extensions>
			</trkpt>
			<trkpt lat="47.2807089686" lon="7.5588392406">
				<ele>658.0</ele>
				<extensions>
					<swisstopo:routepoint_id>615045368</swisstopo:routepoint_id>
				</extensions>
			</trkpt>
			<trkpt lat="47.2806789682" lon="7.5588692399">
				<ele>659.0</ele>
				<extensions>
					<swisstopo:routepoint_id>707806580</swisstopo:routepoint_id>
				</extensions>
			</trkpt>
			<trkpt lat="47.2806489680" lon="7.5588792393">
				<ele>660.1</ele>
				<extensions>
					<swisstopo:routepoint_id>1328184545</swisstopo:routepoint_id>
				</extensions>
			</trkpt>
			<trkpt lat="47.2805989679" lon="7.5588692386">
				<ele>661.9</ele>
				<extensions>
					<swisstopo:routepoint_id>1009682483</swisstopo:routepoint_id>
				</extensions>
			</trkpt>
			<trkpt lat="47.2805689680" lon="7.5588392384">
				<ele>663.0</ele>
				<extensions>
					<swisstopo:routepoint_id>699468073</swisstopo:routepoint_id>
				</extensions>
			</trkpt>
			<trkpt lat="47.2805489682" lon="7.5587892386">
				<ele>663.7</ele>
				<extensions>
					<swisstopo:routepoint_id>2097765761</swisstopo:routepoint_id>
				</extensions>
			</trkpt>
			<trkpt lat="47.2805189686" lon="7.5587192388">
				<ele>664.8</ele>
				<extensions>
					<swisstopo:routepoint_id>612650133</swisstopo:routepoint_id>
				</extensions>
			</trkpt>
			<trkpt lat="47.2804989692" lon="7.5586292394">
				<ele>665.5</ele>
				<extensions>
					<swisstopo:routepoint_id>1127800788</swisstopo:routepoint_id>
				</extensions>
			</trkpt>
			<trkpt lat="47.2804889697" lon="7.5585592399">
				<ele>665.9</ele>
				<extensions>
					<swisstopo:routepoint_id>481442573</swisstopo:routepoint_id>
				</extensions>
			</trkpt>
			<trkpt lat="47.2804889707" lon="7.5584092414">
				<ele>665.9</ele>
				<extensions>
					<swisstopo:routepoint_id>2049950348</swisstopo:routepoint_id>
				</extensions>
			</trkpt>
			<trkpt lat="47.2804889716" lon="7.5582892426">
				<ele>665.9</ele>
				<extensions>
					<swisstopo:routepoint_id>1733463713</swisstopo:routepoint_id>
				</extensions>
			</trkpt>
			<trkpt lat="47.2804789721" lon="7.5582192431">
				<ele>666.2</ele>
				<extensions>
					<swisstopo:routepoint_id>2134316103</swisstopo:routepoint_id>
				</extensions>
			</trkpt>
			<trkpt lat="47.2804589725" lon="7.5581492435">
				<ele>667.0</ele>
				<extensions>
					<swisstopo:routepoint_id>53018104</swisstopo:routepoint_id>
				</extensions>
			</trkpt>
			<trkpt lat="47.2804289728" lon="7.5580892436">
				<ele>668.0</ele>
				<extensions>
					<swisstopo:routepoint_id>1308750162</swisstopo:routepoint_id>
				</extensions>
			</trkpt>
			<trkpt lat="47.2803789729" lon="7.5580492432">
				<ele>669.8</ele>
				<extensions>
					<swisstopo:routepoint_id>1212495090</swisstopo:routepoint_id>
				</extensions>
			</trkpt>
			<trkpt lat="47.2802789732" lon="7.5579492426">
				<ele>673.4</ele>
				<extensions>
					<swisstopo:routepoint_id>1768694373</swisstopo:routepoint_id>
				</extensions>
			</trkpt>
			<trkpt lat="47.2802089732" lon="7.5578992420">
				<ele>675.9</ele>
				<extensions>
					<swisstopo:routepoint_id>1742279923</swisstopo:routepoint_id>
				</extensions>
			</trkpt>
			<trkpt lat="47.2801689733" lon="7.5578592418">
				<ele>677.4</ele>
				<extensions>
					<swisstopo:routepoint_id>1587480942</swisstopo:routepoint_id>
				</extensions>
			</trkpt>
			<trkpt lat="47.2801489735" lon="7.5578192419">
				<ele>678.1</ele>
				<extensions>
					<swisstopo:routepoint_id>314361138</swisstopo:routepoint_id>
				</extensions>
			</trkpt>
			<trkpt lat="47.2801489740" lon="7.5577592425">
				<ele>678.1</ele>
				<extensions>
					<swisstopo:routepoint_id>1162577958</swisstopo:routepoint_id>
				</extensions>
			</trkpt>
			<trkpt lat="47.2801489744" lon="7.5577092430">
				<ele>678.1</ele>
				<extensions>
					<swisstopo:routepoint_id>1804369322</swisstopo:routepoint_id>
				</extensions>
			</trkpt>
			<trkpt lat="47.2801689749" lon="7.5576492439">
				<ele>677.4</ele>
				<extensions>
					<swisstopo:routepoint_id>769422014</swisstopo:routepoint_id>
				</extensions>
			</trkpt>
			<trkpt lat="47.2802289761" lon="7.5575192461">
				<ele>675.2</ele>
				<extensions>
					<swisstopo:routepoint_id>1849290748</swisstopo:routepoint_id>
				</extensions>
			</trkpt>
			<trkpt lat="47.2802889775" lon="7.5573692485">
				<ele>673.1</ele>
				<extensions>
					<swisstopo:routepoint_id>929504869</swisstopo:routepoint_id>
				</extensions>
			</trkpt>
			<trkpt lat="47.2803189785" lon="7.5572492501">
				<ele>672.0</ele>
				<extensions>
					<swisstopo:routepoint_id>112217777</swisstopo:routepoint_id>
				</extensions>
			</trkpt>
			<trkpt lat="47.2803289790" lon="7.5571792510">
				<ele>671.6</ele>
				<extensions>
					<swisstopo:routepoint_id>1504898733</swisstopo:routepoint_id>
				</extensions>
			</trkpt>
			<trkpt lat="47.2803289797" lon="7.5570892518">
				<ele>671.6</ele>
				<extensions>
					<swisstopo:routepoint_id>2011443712</swisstopo:routepoint_id>
				</extensions>
			</trkpt>
			<trkpt lat="47.2803189806" lon="7.5569592530">
				<ele>672.0</ele>
				<extensions>
					<swisstopo:routepoint_id>1764267180</swisstopo:routepoint_id>
				</extensions>
			</trkpt>
			<trkpt lat="47.2802889816" lon="7.5567992540">
				<ele>673.1</ele>
				<extensions>
					<swisstopo:routepoint_id>887153520</swisstopo:routepoint_id>
				</extensions>
			</trkpt>
			<trkpt lat="47.2802089832" lon="7.5565392553">
				<ele>675.9</ele>
				<extensions>
					<swisstopo:routepoint_id>1039319380</swisstopo:routepoint_id>
				</extensions>
			</trkpt>
			<trkpt lat="47.2801189842" lon="7.5563392559">
				<ele>679.2</ele>
				<extensions>
					<swisstopo:routepoint_id>1563021248</swisstopo:routepoint_id>
				</extensions>
			</trkpt>
			<trkpt lat="47.2800389853" lon="7.5561392566">
				<ele>682.1</ele>
				<extensions>
					<swisstopo:routepoint_id>1502198888</swisstopo:routepoint_id>
				</extensions>
			</trkpt>
			<trkpt lat="47.2800189858" lon="7.5560592571">
				<ele>682.8</ele>
				<extensions>
					<swisstopo:routepoint_id>1747125960</swisstopo:routepoint_id>
				</extensions>
			</trkpt>
			<trkpt lat="47.2800089864" lon="7.5559792577">
				<ele>683.1</ele>
				<extensions>
					<swisstopo:routepoint_id>743722145</swisstopo:routepoint_id>
				</extensions>
			</trkpt>
			<trkpt lat="47.2800089871" lon="7.5558792587">
				<ele>683.1</ele>
				<extensions>
					<swisstopo:routepoint_id>364397723</swisstopo:routepoint_id>
				</extensions>
			</trkpt>
			<trkpt lat="47.2800189877" lon="7.5558092595">
				<ele>682.8</ele>
				<extensions>
					<swisstopo:routepoint_id>299110385</swisstopo:routepoint_id>
				</extensions>
			</trkpt>
			<trkpt lat="47.2800389882" lon="7.5557492604">
				<ele>682.1</ele>
				<extensions>
					<swisstopo:routepoint_id>694004259</swisstopo:routepoint_id>
				</extensions>
			</trkpt>
			<trkpt lat="47.2800889888" lon="7.5556992617">
				<ele>680.3</ele>
				<extensions>
					<swisstopo:routepoint_id>977047857</swisstopo:routepoint_id>
				</extensions>
			</trkpt>
			<trkpt lat="47.2801489894" lon="7.5556492631">
				<ele>678.1</ele>
				<extensions>
					<swisstopo:routepoint_id>1426911173</swisstopo:routepoint_id>
				</extensions>
			</trkpt>
			<trkpt lat="47.2802189900" lon="7.5556092646">
				<ele>675.6</ele>
				<extensions>
					<swisstopo:routepoint_id>1175446832</swisstopo:routepoint_id>
				</extensions>
			</trkpt>
			<trkpt lat="47.2804289916" lon="7.5555192688">
				<ele>668.0</ele>
				<extensions>
					<swisstopo:routepoint_id>879514557</swisstopo:routepoint_id>
				</extensions>
			</trkpt>
			<trkpt lat="47.2804689920" lon="7.5554892697">
				<ele>666.6</ele>
				<extensions>
					<swisstopo:routepoint_id>1012891239</swisstopo:routepoint_id>
				</extensions>
			</trkpt>
			<trkpt lat="47.2804989924" lon="7.5554492705">
				<ele>665.5</ele>
				<extensions>
					<swisstopo:routepoint_id>1162279287</swisstopo:routepoint_id>
				</extensions>
			</trkpt>
			<trkpt lat="47.2805289930" lon="7.5553892716">
				<ele>664.4</ele>
				<extensions>
					<swisstopo:routepoint_id>932532661</swisstopo:routepoint_id>
				</extensions>
			</trkpt>
			<trkpt lat="47.2805889948" lon="7.5551792746">
				<ele>662.3</ele>
				<extensions>
					<swisstopo:routepoint_id>174157753</swisstopo:routepoint_id>
				</extensions>
			</trkpt>
			<trkpt lat="47.2807089982" lon="7.5547792804">
				<ele>666.2</ele>
				<extensions>
					<swisstopo:routepoint_id>227290729</swisstopo:routepoint_id>
				</extensions>
			</trkpt>
			<trkpt lat="47.2807389991" lon="7.5546792818">
				<ele>667.5</ele>
				<extensions>
					<swisstopo:routepoint_id>553743387</swisstopo:routepoint_id>
				</extensions>
			</trkpt>
			<trkpt lat="47.2806689993" lon="7.5546092814">
				<ele>670.0</ele>
				<extensions>
					<swisstopo:routepoint_id>1916437676</swisstopo:routepoint_id>
				</extensions>
			</trkpt>
			<trkpt lat="47.2805889992" lon="7.5545692806">
				<ele>672.7</ele>
				<extensions>
					<swisstopo:routepoint_id>1814771671</swisstopo:routepoint_id>
				</extensions>
			</trkpt>
			<trkpt lat="47.2804189988" lon="7.5545292783">
				<ele>677.7</ele>
				<extensions>
					<swisstopo:routepoint_id>868104525</swisstopo:routepoint_id>
				</extensions>
			</trkpt>
			<trkpt lat="47.2803189986" lon="7.5544892771">
				<ele>680.7</ele>
				<extensions>
					<swisstopo:routepoint_id>931531986</swisstopo:routepoint_id>
				</extensions>
			</trkpt>
			<trkpt lat="47.2802689987" lon="7.5544492767">
				<ele>682.4</ele>
				<extensions>
					<swisstopo:routepoint_id>1471657346</swisstopo:routepoint_id>
				</extensions>
			</trkpt>
			<trkpt lat="47.2802289988" lon="7.5544092765">
				<ele>683.8</ele>
				<extensions>
					<swisstopo:routepoint_id>1637526539</swisstopo:routepoint_id>
				</extensions>
			</trkpt>
			<trkpt lat="47.2801889990" lon="7.5543592764">
				<ele>685.3</ele>
				<extensions>
					<swisstopo:routepoint_id>633339086</swisstopo:routepoint_id>
				</extensions>
			</trkpt>
			<trkpt lat="47.2801589995" lon="7.5542792767">
				<ele>686.8</ele>
				<extensions>
					<swisstopo:routepoint_id>253678567</swisstopo:routepoint_id>
				</extensions>
			</trkpt>
			<trkpt lat="47.2800290012" lon="7.5539592778">
				<ele>692.3</ele>
				<extensions>
					<swisstopo:routepoint_id>1749744317</swisstopo:routepoint_id>
				</extensions>
			</trkpt>
			<trkpt lat="47.2799290028" lon="7.5536892789">
				<ele>697.5</ele>
				<extensions>
					<swisstopo:routepoint_id>2138237820</swisstopo:routepoint_id>
				</extensions>
			</trkpt>
			<trkpt lat="47.2798990040" lon="7.5535092801">
				<ele>700.4</ele>
				<extensions>
					<swisstopo:routepoint_id>117638631</swisstopo:routepoint_id>
				</extensions>
			</trkpt>
			<trkpt lat="47.2798990057" lon="7.5532692825">
				<ele>703.3</ele>
				<extensions>
					<swisstopo:routepoint_id>1366527849</swisstopo:routepoint_id>
				</extensions>
			</trkpt>
			<trkpt lat="47.2799190079" lon="7.5529892855">
				<ele>706.0</ele>
				<extensions>
					<swisstopo:routepoint_id>877907692</swisstopo:routepoint_id>
				</extensions>
			</trkpt>
			<trkpt lat="47.2800790157" lon="7.5520192975">
				<ele>708.8</ele>
				<extensions>
					<swisstopo:routepoint_id>1156958011</swisstopo:routepoint_id>
				</extensions>
			</trkpt>
			<trkpt lat="47.2801290177" lon="7.5517793007">
				<ele>710.0</ele>
				<extensions>
					<swisstopo:routepoint_id>782065449</swisstopo:routepoint_id>
				</extensions>
			</trkpt>
			<trkpt lat="47.2801690184" lon="7.5516993021">
				<ele>709.9</ele>
				<extensions>
					<swisstopo:routepoint_id>232622932</swisstopo:routepoint_id>
				</extensions>
			</trkpt>
			<trkpt lat="47.2801990195" lon="7.5515693038">
				<ele>710.2</ele>
				<extensions>
					<swisstopo:routepoint_id>756600323</swisstopo:routepoint_id>
				</extensions>
			</trkpt>
			<trkpt lat="47.2802190204" lon="7.5514693051">
				<ele>710.5</ele>
				<extensions>
					<swisstopo:routepoint_id>1525787595</swisstopo:routepoint_id>
				</extensions>
			</trkpt>
			<trkpt lat="47.2802190212" lon="7.5513493063">
				<ele>711.3</ele>
				<extensions>
					<swisstopo:routepoint_id>597020656</swisstopo:routepoint_id>
				</extensions>
			</trkpt>
			<trkpt lat="47.2801990225" lon="7.5511693077">
				<ele>713.1</ele>
				<extensions>
					<swisstopo:routepoint_id>1055710708</swisstopo:routepoint_id>
				</extensions>
			</trkpt>
			<trkpt lat="47.2801190248" lon="7.5508093100">
				<ele>718.6</ele>
				<extensions>
					<swisstopo:routepoint_id>72308206</swisstopo:routepoint_id>
				</extensions>
			</trkpt>
			<trkpt lat="47.2800490260" lon="7.5505993110">
				<ele>720.3</ele>
				<extensions>
					<swisstopo:routepoint_id>1574068513</swisstopo:routepoint_id>
				</extensions>
			</trkpt>
			<trkpt lat="47.2800190263" lon="7.5505393111">
				<ele>720.7</ele>
				<extensions>
					<swisstopo:routepoint_id>335138234</swisstopo:routepoint_id>
				</extensions>
			</trkpt>
			<trkpt lat="47.2798390282" lon="7.5501793118">
				<ele>721.9</ele>
				<extensions>
					<swisstopo:routepoint_id>1247755038</swisstopo:routepoint_id>
				</extensions>
			</trkpt>
			<trkpt lat="47.2797790289" lon="7.5500493121">
				<ele>721.7</ele>
				<extensions>
					<swisstopo:routepoint_id>306099422</swisstopo:routepoint_id>
				</extensions>
			</trkpt>
			<trkpt lat="47.2797590298" lon="7.5499093132">
				<ele>720.1</ele>
				<extensions>
					<swisstopo:routepoint_id>1348029473</swisstopo:routepoint_id>
				</extensions>
			</trkpt>
			<trkpt lat="47.2797590308" lon="7.5497793144">
				<ele>718.3</ele>
				<extensions>
					<swisstopo:routepoint_id>262550677</swisstopo:routepoint_id>
				</extensions>
			</trkpt>
			<trkpt lat="47.2797790317" lon="7.5496693158">
				<ele>716.3</ele>
				<extensions>
					<swisstopo:routepoint_id>1238632083</swisstopo:routepoint_id>
				</extensions>
			</trkpt>
			<trkpt lat="47.2798290333" lon="7.5494793185">
				<ele>714.8</ele>
				<extensions>
					<swisstopo:routepoint_id>1522187226</swisstopo:routepoint_id>
				</extensions>
			</trkpt>
			<trkpt lat="47.2798390339" lon="7.5493993194">
				<ele>714.6</ele>
				<extensions>
					<swisstopo:routepoint_id>489841407</swisstopo:routepoint_id>
				</extensions>
			</trkpt>
			<trkpt lat="47.2798390345" lon="7.5493193202">
				<ele>714.6</ele>
				<extensions>
					<swisstopo:routepoint_id>1792375470</swisstopo:routepoint_id>
				</extensions>
			</trkpt>
			<trkpt lat="47.2798090354" lon="7.5491793211">
				<ele>715.2</ele>
				<extensions>
					<swisstopo:routepoint_id>1291141254</swisstopo:routepoint_id>
				</extensions>
			</trkpt>
			<trkpt lat="47.2797490365" lon="7.5489993219">
				<ele>716.3</ele>
				<extensions>
					<swisstopo:routepoint_id>157129430</swisstopo:routepoint_id>
				</extensions>
			</trkpt>
			<trkpt lat="47.2796690370" lon="7.5488793218">
				<ele>717.7</ele>
				<extensions>
					<swisstopo:routepoint_id>512996348</swisstopo:routepoint_id>
				</extensions>
			</trkpt>
			<trkpt lat="47.2795490375" lon="7.5487393213">
				<ele>719.8</ele>
				<extensions>
					<swisstopo:routepoint_id>75189592</swisstopo:routepoint_id>
				</extensions>
			</trkpt>
			<trkpt lat="47.2795090378" lon="7.5486693214">
				<ele>720.6</ele>
				<extensions>
					<swisstopo:routepoint_id>1628786776</swisstopo:routepoint_id>
				</extensions>
			</trkpt>
			<trkpt lat="47.2794790383" lon="7.5485893217">
				<ele>721.2</ele>
				<extensions>
					<swisstopo:routepoint_id>3039239</swisstopo:routepoint_id>
				</extensions>
			</trkpt>
			<trkpt lat="47.2793490421" lon="7.5479993254">
				<ele>715.7</ele>
				<extensions>
					<swisstopo:routepoint_id>708528678</swisstopo:routepoint_id>
				</extensions>
			</trkpt>
			<trkpt lat="47.2793290427" lon="7.5478993260">
				<ele>714.8</ele>
				<extensions>
					<swisstopo:routepoint_id>1882465343</swisstopo:routepoint_id>
				</extensions>
			</trkpt>
			<trkpt lat="47.2793190433" lon="7.5478193267">
				<ele>713.9</ele>
				<extensions>
					<swisstopo:routepoint_id>1752783556</swisstopo:routepoint_id>
				</extensions>
			</trkpt>
			<trkpt lat="47.2793090458" lon="7.5474693299">
				<ele>709.2</ele>
				<extensions>
					<swisstopo:routepoint_id>699282850</swisstopo:routepoint_id>
				</extensions>
			</trkpt>
			<trkpt lat="47.2792890469" lon="7.5473093312">
				<ele>707.3</ele>
				<extensions>
					<swisstopo:routepoint_id>2000103975</swisstopo:routepoint_id>
				</extensions>
			</trkpt>
			<trkpt lat="47.2792490479" lon="7.5471493321">
				<ele>705.9</ele>
				<extensions>
					<swisstopo:routepoint_id>971827757</swisstopo:routepoint_id>
				</extensions>
			</trkpt>
			<trkpt lat="47.2792090485" lon="7.5470493325">
				<ele>705.5</ele>
				<extensions>
					<swisstopo:routepoint_id>1577190542</swisstopo:routepoint_id>
				</extensions>
			</trkpt>
			<trkpt lat="47.2791090497" lon="7.5468193331">
				<ele>705.0</ele>
				<extensions>
					<swisstopo:routepoint_id>1009578338</swisstopo:routepoint_id>
				</extensions>
			</trkpt>
			<trkpt lat="47.2790690504" lon="7.5466993337">
				<ele>704.3</ele>
				<extensions>
					<swisstopo:routepoint_id>1753893207</swisstopo:routepoint_id>
				</extensions>
			</trkpt>
			<trkpt lat="47.2790390516" lon="7.5465193350">
				<ele>702.1</ele>
				<extensions>
					<swisstopo:routepoint_id>1809813475</swisstopo:routepoint_id>
				</extensions>
			</trkpt>
			<trkpt lat="47.2790290525" lon="7.5463893361">
				<ele>700.1</ele>
				<extensions>
					<swisstopo:routepoint_id>1766178662</swisstopo:routepoint_id>
				</extensions>
			</trkpt>
			<trkpt lat="47.2789790534" lon="7.5462493366">
				<ele>699.8</ele>
				<extensions>
					<swisstopo:routepoint_id>1132197154</swisstopo:routepoint_id>
				</extensions>
			</trkpt>
			<trkpt lat="47.2788090548" lon="7.5459493369">
				<ele>702.2</ele>
				<extensions>
					<swisstopo:routepoint_id>259350483</swisstopo:routepoint_id>
				</extensions>
			</trkpt>
			<trkpt lat="47.2786790561" lon="7.5456993373">
				<ele>702.7</ele>
				<extensions>
					<swisstopo:routepoint_id>674405722</swisstopo:routepoint_id>
				</extensions>
			</trkpt>
			<trkpt lat="47.2785790574" lon="7.5454693379">
				<ele>701.8</ele>
				<extensions>
					<swisstopo:routepoint_id>1204505360</swisstopo:routepoint_id>
				</extensions>
			</trkpt>
			<trkpt lat="47.2785390584" lon="7.5452993390">
				<ele>699.9</ele>
				<extensions>
					<swisstopo:routepoint_id>1833418996</swisstopo:routepoint_id>
				</extensions>
			</trkpt>
			<trkpt lat="47.2785290601" lon="7.5450693411">
				<ele>698.4</ele>
				<extensions>
					<swisstopo:routepoint_id>1009543956</swisstopo:routepoint_id>
				</extensions>
			</trkpt>
			<trkpt lat="47.2785390610" lon="7.5449493424">
				<ele>698.4</ele>
				<extensions>
					<swisstopo:routepoint_id>304776750</swisstopo:routepoint_id>
				</extensions>
			</trkpt>
			<trkpt lat="47.2785690636" lon="7.5446193461">
				<ele>698.8</ele>
				<extensions>
					<swisstopo:routepoint_id>2139518418</swisstopo:routepoint_id>
				</extensions>
			</trkpt>
			<trkpt lat="47.2785690655" lon="7.5443693485">
				<ele>699.3</ele>
				<extensions>
					<swisstopo:routepoint_id>210089781</swisstopo:routepoint_id>
				</extensions>
			</trkpt>
			<trkpt lat="47.2785590667" lon="7.5441993500">
				<ele>699.7</ele>
				<extensions>
					<swisstopo:routepoint_id>567327427</swisstopo:routepoint_id>
				</extensions>
			</trkpt>
			<trkpt lat="47.2785090684" lon="7.5439293519">
				<ele>702.4</ele>
				<extensions>
					<swisstopo:routepoint_id>1230666853</swisstopo:routepoint_id>
				</extensions>
			</trkpt>
			<trkpt lat="47.2784590695" lon="7.5437593527">
				<ele>705.5</ele>
				<extensions>
					<swisstopo:routepoint_id>1732277007</swisstopo:routepoint_id>
				</extensions>
			</trkpt>
			<trkpt lat="47.2783590702" lon="7.5435993527">
				<ele>709.2</ele>
				<extensions>
					<swisstopo:routepoint_id>1057168834</swisstopo:routepoint_id>
				</extensions>
			</trkpt>
			<trkpt lat="47.2782790706" lon="7.5434993524">
				<ele>711.6</ele>
				<extensions>
					<swisstopo:routepoint_id>875558676</swisstopo:routepoint_id>
				</extensions>
			</trkpt>
			<trkpt lat="47.2780990710" lon="7.5433393511">
				<ele>715.2</ele>
				<extensions>
					<swisstopo:routepoint_id>875934613</swisstopo:routepoint_id>
				</extensions>
			</trkpt>
			<trkpt lat="47.2777590722" lon="7.5429793492">
				<ele>719.9</ele>
				<extensions>
					<swisstopo:routepoint_id>1214298265</swisstopo:routepoint_id>
				</extensions>
			</trkpt>
			<trkpt lat="47.2777290715" lon="7.5430593480">
				<ele>719.3</ele>
				<extensions>
					<swisstopo:routepoint_id>1388555024</swisstopo:routepoint_id>
				</extensions>
			</trkpt>
			<trkpt lat="47.2776590698" lon="7.5432393451">
				<ele>718.5</ele>
				<extensions>
					<swisstopo:routepoint_id>951124205</swisstopo:routepoint_id>
				</extensions>
			</trkpt>
			<trkpt lat="47.2774390639" lon="7.5438993352">
				<ele>718.2</ele>
				<extensions>
					<swisstopo:routepoint_id>695601393</swisstopo:routepoint_id>
				</extensions>
			</trkpt>
			<trkpt lat="47.2774390623" lon="7.5441193331">
				<ele>717.8</ele>
				<extensions>
					<swisstopo:routepoint_id>1391594263</swisstopo:routepoint_id>
				</extensions>
			</trkpt>
			<trkpt lat="47.2774390620" lon="7.5441593327">
				<ele>717.8</ele>
				<extensions>
					<swisstopo:routepoint_id>1659652884</swisstopo:routepoint_id>
				</extensions>
			</trkpt>
			<trkpt lat="47.2774290617" lon="7.5441993321">
				<ele>718.0</ele>
				<extensions>
					<swisstopo:routepoint_id>430583089</swisstopo:routepoint_id>
				</extensions>
			</trkpt>
			<trkpt lat="47.2774190613" lon="7.5442393316">
				<ele>718.2</ele>
				<extensions>
					<swisstopo:routepoint_id>996894172</swisstopo:routepoint_id>
				</extensions>
			</trkpt>
			<trkpt lat="47.2773990610" lon="7.5442693310">
				<ele>718.5</ele>
				<extensions>
					<swisstopo:routepoint_id>211452086</swisstopo:routepoint_id>
				</extensions>
			</trkpt>
			<trkpt lat="47.2773890608" lon="7.5442993305">
				<ele>718.7</ele>
				<extensions>
					<swisstopo:routepoint_id>283203416</swisstopo:routepoint_id>
				</extensions>
			</trkpt>
			<trkpt lat="47.2773690604" lon="7.5443293299">
				<ele>719.1</ele>
				<extensions>
					<swisstopo:routepoint_id>1968721929</swisstopo:routepoint_id>
				</extensions>
			</trkpt>
			<trkpt lat="47.2773490602" lon="7.5443493294">
				<ele>719.4</ele>
				<extensions>
					<swisstopo:routepoint_id>1788642629</swisstopo:routepoint_id>
				</extensions>
			</trkpt>
			<trkpt lat="47.2770590573" lon="7.5445693227">
				<ele>726.7</ele>
				<extensions>
					<swisstopo:routepoint_id>1292781754</swisstopo:routepoint_id>
				</extensions>
			</trkpt>
			<trkpt lat="47.2769590588" lon="7.5443093236">
				<ele>727.8</ele>
				<extensions>
					<swisstopo:routepoint_id>1575131488</swisstopo:routepoint_id>
				</extensions>
			</trkpt>
			<trkpt lat="47.2769590591" lon="7.5442693240">
				<ele>727.6</ele>
				<extensions>
					<swisstopo:routepoint_id>1450972456</swisstopo:routepoint_id>
				</extensions>
			</trkpt>
			<trkpt lat="47.2769590593" lon="7.5442393243">
				<ele>727.4</ele>
				<extensions>
					<swisstopo:routepoint_id>911476768</swisstopo:routepoint_id>
				</extensions>
			</trkpt>
			<trkpt lat="47.2769590596" lon="7.5441993247">
				<ele>727.2</ele>
				<extensions>
					<swisstopo:routepoint_id>559844994</swisstopo:routepoint_id>
				</extensions>
			</trkpt>
			<trkpt lat="47.2770190608" lon="7.5440693269">
				<ele>725.4</ele>
				<extensions>
					<swisstopo:routepoint_id>1710322939</swisstopo:routepoint_id>
				</extensions>
			</trkpt>
			<trkpt lat="47.2770190610" lon="7.5440393272">
				<ele>725.5</ele>
				<extensions>
					<swisstopo:routepoint_id>1585882491</swisstopo:routepoint_id>
				</extensions>
			</trkpt>
			<trkpt lat="47.2770490621" lon="7.5439093289">
				<ele>725.5</ele>
				<extensions>
					<swisstopo:routepoint_id>1764350354</swisstopo:routepoint_id>
				</extensions>
			</trkpt>
			<trkpt lat="47.2769890621" lon="7.5438793283">
				<ele>726.9</ele>
				<extensions>
					<swisstopo:routepoint_id>1396258287</swisstopo:routepoint_id>
				</extensions>
			</trkpt>
			<trkpt lat="47.2769390622" lon="7.5438293280">
				<ele>728.3</ele>
				<extensions>
					<swisstopo:routepoint_id>447942799</swisstopo:routepoint_id>
				</extensions>
			</trkpt>
			<trkpt lat="47.2768990627" lon="7.5437493281">
				<ele>729.7</ele>
				<extensions>
					<swisstopo:routepoint_id>2069127104</swisstopo:routepoint_id>
				</extensions>
			</trkpt>
			<trkpt lat="47.2768690633" lon="7.5436393287">
				<ele>731.2</ele>
				<extensions>
					<swisstopo:routepoint_id>1388293057</swisstopo:routepoint_id>
				</extensions>
			</trkpt>
			<trkpt lat="47.2768556715" lon="7.5435723676">
				<ele>732.1</ele>
				<extensions>
					<swisstopo:routepoint_id>2141438855</swisstopo:routepoint_id>
				</extensions>
			</trkpt>
			<trkpt lat="47.2768556715" lon="7.5435723676">
				<ele>732.1</ele>
				<name>swisstopo-09</name>
				<extensions>
					<swisstopo:waypoint_id>9</swisstopo:waypoint_id>
					<swisstopo:waypoint_is_controlpoint>1</swisstopo:waypoint_is_controlpoint>
					<swisstopo:waypoint_routepoint_id>2141438855</swisstopo:waypoint_routepoint_id>
					<swisstopo:waypoint_meters_into_tour>15999.999994</swisstopo:waypoint_meters_into_tour>
					<swisstopo:waypoint_trackpoint_id>swisstopo-09</swisstopo:waypoint_trackpoint_id>
				</extensions>
			</trkpt>
			<trkpt lat="47.2768490640" lon="7.5435393294">
				<ele>732.5</ele>
				<extensions>
					<swisstopo:routepoint_id>658032581</swisstopo:routepoint_id>
				</extensions>
			</trkpt>
			<trkpt lat="47.2768390645" lon="7.5434593300">
				<ele>733.4</ele>
				<extensions>
					<swisstopo:routepoint_id>488970884</swisstopo:routepoint_id>
				</extensions>
			</trkpt>
			<trkpt lat="47.2767690646" lon="7.5434093294">
				<ele>735.8</ele>
				<extensions>
					<swisstopo:routepoint_id>471476262</swisstopo:routepoint_id>
				</extensions>
			</trkpt>
			<trkpt lat="47.2766990646" lon="7.5433693286">
				<ele>738.2</ele>
				<extensions>
					<swisstopo:routepoint_id>242825940</swisstopo:routepoint_id>
				</extensions>
			</trkpt>
			<trkpt lat="47.2766790646" lon="7.5433593284">
				<ele>738.9</ele>
				<extensions>
					<swisstopo:routepoint_id>1546139718</swisstopo:routepoint_id>
				</extensions>
			</trkpt>
			<trkpt lat="47.2766590645" lon="7.5433593281">
				<ele>739.5</ele>
				<extensions>
					<swisstopo:routepoint_id>1347034938</swisstopo:routepoint_id>
				</extensions>
			</trkpt>
			<trkpt lat="47.2766290644" lon="7.5433593276">
				<ele>740.3</ele>
				<extensions>
					<swisstopo:routepoint_id>1118760554</swisstopo:routepoint_id>
				</extensions>
			</trkpt>
			<trkpt lat="47.2765590640" lon="7.5433693264">
				<ele>742.3</ele>
				<extensions>
					<swisstopo:routepoint_id>612954335</swisstopo:routepoint_id>
				</extensions>
			</trkpt>
			<trkpt lat="47.2763090623" lon="7.5434493217">
				<ele>748.3</ele>
				<extensions>
					<swisstopo:routepoint_id>588106314</swisstopo:routepoint_id>
				</extensions>
			</trkpt>
			<trkpt lat="47.2762490620" lon="7.5434493207">
				<ele>750.0</ele>
				<extensions>
					<swisstopo:routepoint_id>2069884759</swisstopo:routepoint_id>
				</extensions>
			</trkpt>
			<trkpt lat="47.2761890617" lon="7.5434493198">
				<ele>752.0</ele>
				<extensions>
					<swisstopo:routepoint_id>1308555729</swisstopo:routepoint_id>
				</extensions>
			</trkpt>
			<trkpt lat="47.2761190617" lon="7.5434093191">
				<ele>755.7</ele>
				<extensions>
					<swisstopo:routepoint_id>1979700578</swisstopo:routepoint_id>
				</extensions>
			</trkpt>
			<trkpt lat="47.2757990625" lon="7.5431193168">
				<ele>772.9</ele>
				<extensions>
					<swisstopo:routepoint_id>1582053995</swisstopo:routepoint_id>
				</extensions>
			</trkpt>
			<trkpt lat="47.2756990627" lon="7.5430293161">
				<ele>777.6</ele>
				<extensions>
					<swisstopo:routepoint_id>1739138818</swisstopo:routepoint_id>
				</extensions>
			</trkpt>
			<trkpt lat="47.2756590627" lon="7.5430093156">
				<ele>779.3</ele>
				<extensions>
					<swisstopo:routepoint_id>829111102</swisstopo:routepoint_id>
				</extensions>
			</trkpt>
			<trkpt lat="47.2755990626" lon="7.5429893149">
				<ele>781.6</ele>
				<extensions>
					<swisstopo:routepoint_id>1793506082</swisstopo:routepoint_id>
				</extensions>
			</trkpt>
			<trkpt lat="47.2755490623" lon="7.5429993140">
				<ele>783.4</ele>
				<extensions>
					<swisstopo:routepoint_id>2022342234</swisstopo:routepoint_id>
				</extensions>
			</trkpt>
			<trkpt lat="47.2754590617" lon="7.5430193124">
				<ele>786.5</ele>
				<extensions>
					<swisstopo:routepoint_id>650349383</swisstopo:routepoint_id>
				</extensions>
			</trkpt>
			<trkpt lat="47.2753390610" lon="7.5430393103">
				<ele>790.9</ele>
				<extensions>
					<swisstopo:routepoint_id>1434665063</swisstopo:routepoint_id>
				</extensions>
			</trkpt>
			<trkpt lat="47.2752990609" lon="7.5430393096">
				<ele>792.4</ele>
				<extensions>
					<swisstopo:routepoint_id>1167640340</swisstopo:routepoint_id>
				</extensions>
			</trkpt>
			<trkpt lat="47.2752690608" lon="7.5430293093">
				<ele>793.5</ele>
				<extensions>
					<swisstopo:routepoint_id>77997224</swisstopo:routepoint_id>
				</extensions>
			</trkpt>
			<trkpt lat="47.2752290608" lon="7.5430093088">
				<ele>795.1</ele>
				<extensions>
					<swisstopo:routepoint_id>738153871</swisstopo:routepoint_id>
				</extensions>
			</trkpt>
			<trkpt lat="47.2752090610" lon="7.5429693089">
				<ele>795.9</ele>
				<extensions>
					<swisstopo:routepoint_id>2079117109</swisstopo:routepoint_id>
				</extensions>
			</trkpt>
			<trkpt lat="47.2750990623" lon="7.5427193096">
				<ele>795.5</ele>
				<extensions>
					<swisstopo:routepoint_id>637842218</swisstopo:routepoint_id>
				</extensions>
			</trkpt>
			<trkpt lat="47.2750690628" lon="7.5426393099">
				<ele>794.7</ele>
				<extensions>
					<swisstopo:routepoint_id>300993162</swisstopo:routepoint_id>
				</extensions>
			</trkpt>
			<trkpt lat="47.2750290637" lon="7.5424893107">
				<ele>792.7</ele>
				<extensions>
					<swisstopo:routepoint_id>1517515952</swisstopo:routepoint_id>
				</extensions>
			</trkpt>
			<trkpt lat="47.2749690652" lon="7.5422593120">
				<ele>789.6</ele>
				<extensions>
					<swisstopo:routepoint_id>254708925</swisstopo:routepoint_id>
				</extensions>
			</trkpt>
			<trkpt lat="47.2749390665" lon="7.5420593134">
				<ele>786.6</ele>
				<extensions>
					<swisstopo:routepoint_id>1697251449</swisstopo:routepoint_id>
				</extensions>
			</trkpt>
			<trkpt lat="47.2749090673" lon="7.5419393141">
				<ele>784.9</ele>
				<extensions>
					<swisstopo:routepoint_id>1965458751</swisstopo:routepoint_id>
				</extensions>
			</trkpt>
			<trkpt lat="47.2748090688" lon="7.5416793151">
				<ele>785.1</ele>
				<extensions>
					<swisstopo:routepoint_id>176352381</swisstopo:routepoint_id>
				</extensions>
			</trkpt>
			<trkpt lat="47.2747790696" lon="7.5415493158">
				<ele>785.7</ele>
				<extensions>
					<swisstopo:routepoint_id>938060858</swisstopo:routepoint_id>
				</extensions>
			</trkpt>
			<trkpt lat="47.2747590703" lon="7.5414393166">
				<ele>786.0</ele>
				<extensions>
					<swisstopo:routepoint_id>476007684</swisstopo:routepoint_id>
				</extensions>
			</trkpt>
			<trkpt lat="47.2747390714" lon="7.5412893177">
				<ele>786.4</ele>
				<extensions>
					<swisstopo:routepoint_id>665323265</swisstopo:routepoint_id>
				</extensions>
			</trkpt>
			<trkpt lat="47.2747290724" lon="7.5411393190">
				<ele>786.6</ele>
				<extensions>
					<swisstopo:routepoint_id>1409537120</swisstopo:routepoint_id>
				</extensions>
			</trkpt>
			<trkpt lat="47.2747090731" lon="7.5410393197">
				<ele>786.9</ele>
				<extensions>
					<swisstopo:routepoint_id>718833625</swisstopo:routepoint_id>
				</extensions>
			</trkpt>
			<trkpt lat="47.2746690738" lon="7.5409193202">
				<ele>787.7</ele>
				<extensions>
					<swisstopo:routepoint_id>63979336</swisstopo:routepoint_id>
				</extensions>
			</trkpt>
			<trkpt lat="47.2746290742" lon="7.5408393203">
				<ele>788.4</ele>
				<extensions>
					<swisstopo:routepoint_id>609088411</swisstopo:routepoint_id>
				</extensions>
			</trkpt>
			<trkpt lat="47.2745490747" lon="7.5407293201">
				<ele>789.8</ele>
				<extensions>
					<swisstopo:routepoint_id>1837594179</swisstopo:routepoint_id>
				</extensions>
			</trkpt>
			<trkpt lat="47.2743690755" lon="7.5405193193">
				<ele>793.1</ele>
				<extensions>
					<swisstopo:routepoint_id>676933671</swisstopo:routepoint_id>
				</extensions>
			</trkpt>
			<trkpt lat="47.2742190759" lon="7.5403693184">
				<ele>795.8</ele>
				<extensions>
					<swisstopo:routepoint_id>1197194725</swisstopo:routepoint_id>
				</extensions>
			</trkpt>
			<trkpt lat="47.2741690761" lon="7.5403193180">
				<ele>796.7</ele>
				<extensions>
					<swisstopo:routepoint_id>1759995290</swisstopo:routepoint_id>
				</extensions>
			</trkpt>
			<trkpt lat="47.2741290763" lon="7.5402693179">
				<ele>797.4</ele>
				<extensions>
					<swisstopo:routepoint_id>1985489400</swisstopo:routepoint_id>
				</extensions>
			</trkpt>
			<trkpt lat="47.2740990767" lon="7.5401993181">
				<ele>797.9</ele>
				<extensions>
					<swisstopo:routepoint_id>1029411655</swisstopo:routepoint_id>
				</extensions>
			</trkpt>
			<trkpt lat="47.2740490775" lon="7.5400593186">
				<ele>798.8</ele>
				<extensions>
					<swisstopo:routepoint_id>1194565638</swisstopo:routepoint_id>
				</extensions>
			</trkpt>
			<trkpt lat="47.2739990782" lon="7.5399293191">
				<ele>799.7</ele>
				<extensions>
					<swisstopo:routepoint_id>1577144570</swisstopo:routepoint_id>
				</extensions>
			</trkpt>
			<trkpt lat="47.2736690815" lon="7.5392893200">
				<ele>809.6</ele>
				<extensions>
					<swisstopo:routepoint_id>1858522757</swisstopo:routepoint_id>
				</extensions>
			</trkpt>
			<trkpt lat="47.2735290828" lon="7.5390293203">
				<ele>811.9</ele>
				<extensions>
					<swisstopo:routepoint_id>840588072</swisstopo:routepoint_id>
				</extensions>
			</trkpt>
			<trkpt lat="47.2733590841" lon="7.5387593202">
				<ele>813.7</ele>
				<extensions>
					<swisstopo:routepoint_id>1452003156</swisstopo:routepoint_id>
				</extensions>
			</trkpt>
			<trkpt lat="47.2731890851" lon="7.5385293197">
				<ele>814.4</ele>
				<extensions>
					<swisstopo:routepoint_id>361388493</swisstopo:routepoint_id>
				</extensions>
			</trkpt>
			<trkpt lat="47.2731090855" lon="7.5384293194">
				<ele>814.1</ele>
				<extensions>
					<swisstopo:routepoint_id>127769487</swisstopo:routepoint_id>
				</extensions>
			</trkpt>
			<trkpt lat="47.2730390857" lon="7.5383593190">
				<ele>814.1</ele>
				<extensions>
					<swisstopo:routepoint_id>472159849</swisstopo:routepoint_id>
				</extensions>
			</trkpt>
			<trkpt lat="47.2729490856" lon="7.5383093180">
				<ele>814.9</ele>
				<extensions>
					<swisstopo:routepoint_id>439385717</swisstopo:routepoint_id>
				</extensions>
			</trkpt>
			<trkpt lat="47.2728690854" lon="7.5382993169">
				<ele>816.1</ele>
				<extensions>
					<swisstopo:routepoint_id>865923358</swisstopo:routepoint_id>
				</extensions>
			</trkpt>
			<trkpt lat="47.2727790848" lon="7.5383193152">
				<ele>818.4</ele>
				<extensions>
					<swisstopo:routepoint_id>403793310</swisstopo:routepoint_id>
				</extensions>
			</trkpt>
			<trkpt lat="47.2726990842" lon="7.5383493137">
				<ele>820.5</ele>
				<extensions>
					<swisstopo:routepoint_id>1077227935</swisstopo:routepoint_id>
				</extensions>
			</trkpt>
			<trkpt lat="47.2725990832" lon="7.5384293113">
				<ele>823.7</ele>
				<extensions>
					<swisstopo:routepoint_id>1166916520</swisstopo:routepoint_id>
				</extensions>
			</trkpt>
			<trkpt lat="47.2724890823" lon="7.5384893090">
				<ele>826.6</ele>
				<extensions>
					<swisstopo:routepoint_id>1921309262</swisstopo:routepoint_id>
				</extensions>
			</trkpt>
			<trkpt lat="47.2724090818" lon="7.5384993076">
				<ele>828.1</ele>
				<extensions>
					<swisstopo:routepoint_id>1331936860</swisstopo:routepoint_id>
				</extensions>
			</trkpt>
			<trkpt lat="47.2723090815" lon="7.5384893061">
				<ele>829.9</ele>
				<extensions>
					<swisstopo:routepoint_id>716684321</swisstopo:routepoint_id>
				</extensions>
			</trkpt>
			<trkpt lat="47.2722590815" lon="7.5384593056">
				<ele>830.6</ele>
				<extensions>
					<swisstopo:routepoint_id>1739284365</swisstopo:routepoint_id>
				</extensions>
			</trkpt>
			<trkpt lat="47.2722090820" lon="7.5383593057">
				<ele>830.8</ele>
				<extensions>
					<swisstopo:routepoint_id>1508289242</swisstopo:routepoint_id>
				</extensions>
			</trkpt>
			<trkpt lat="47.2720990834" lon="7.5381093064">
				<ele>831.7</ele>
				<extensions>
					<swisstopo:routepoint_id>1654745179</swisstopo:routepoint_id>
				</extensions>
			</trkpt>
			<trkpt lat="47.2720190853" lon="7.5378093080">
				<ele>832.4</ele>
				<extensions>
					<swisstopo:routepoint_id>67808402</swisstopo:routepoint_id>
				</extensions>
			</trkpt>
			<trkpt lat="47.2719890858" lon="7.5377193084">
				<ele>832.9</ele>
				<extensions>
					<swisstopo:routepoint_id>26128859</swisstopo:routepoint_id>
				</extensions>
			</trkpt>
			<trkpt lat="47.2719290862" lon="7.5376293083">
				<ele>834.5</ele>
				<extensions>
					<swisstopo:routepoint_id>916798651</swisstopo:routepoint_id>
				</extensions>
			</trkpt>
			<trkpt lat="47.2718790865" lon="7.5375593082">
				<ele>836.0</ele>
				<extensions>
					<swisstopo:routepoint_id>786642027</swisstopo:routepoint_id>
				</extensions>
			</trkpt>
			<trkpt lat="47.2717290869" lon="7.5374193071">
				<ele>842.2</ele>
				<extensions>
					<swisstopo:routepoint_id>90108195</swisstopo:routepoint_id>
				</extensions>
			</trkpt>
			<trkpt lat="47.2716990872" lon="7.5373593072">
				<ele>844.4</ele>
				<extensions>
					<swisstopo:routepoint_id>1525887062</swisstopo:routepoint_id>
				</extensions>
			</trkpt>
			<trkpt lat="47.2716790875" lon="7.5373093074">
				<ele>845.7</ele>
				<extensions>
					<swisstopo:routepoint_id>476752558</swisstopo:routepoint_id>
				</extensions>
			</trkpt>
			<trkpt lat="47.2716690881" lon="7.5372193081">
				<ele>846.3</ele>
				<extensions>
					<swisstopo:routepoint_id>767041867</swisstopo:routepoint_id>
				</extensions>
			</trkpt>
			<trkpt lat="47.2716090948" lon="7.5362893161">
				<ele>848.2</ele>
				<extensions>
					<swisstopo:routepoint_id>575598140</swisstopo:routepoint_id>
				</extensions>
			</trkpt>
			<trkpt lat="47.2715790971" lon="7.5359693187">
				<ele>849.8</ele>
				<extensions>
					<swisstopo:routepoint_id>89264200</swisstopo:routepoint_id>
				</extensions>
			</trkpt>
			<trkpt lat="47.2715690975" lon="7.5359093191">
				<ele>850.3</ele>
				<extensions>
					<swisstopo:routepoint_id>605047619</swisstopo:routepoint_id>
				</extensions>
			</trkpt>
			<trkpt lat="47.2715590984" lon="7.5357793202">
				<ele>850.9</ele>
				<extensions>
					<swisstopo:routepoint_id>1605009795</swisstopo:routepoint_id>
				</extensions>
			</trkpt>
			<trkpt lat="47.2715590994" lon="7.5356493215">
				<ele>850.9</ele>
				<extensions>
					<swisstopo:routepoint_id>1283829838</swisstopo:routepoint_id>
				</extensions>
			</trkpt>
			<trkpt lat="47.2715791011" lon="7.5354293239">
				<ele>849.8</ele>
				<extensions>
					<swisstopo:routepoint_id>34708542</swisstopo:routepoint_id>
				</extensions>
			</trkpt>
			<trkpt lat="47.2715791027" lon="7.5352093260">
				<ele>849.8</ele>
				<extensions>
					<swisstopo:routepoint_id>1316048905</swisstopo:routepoint_id>
				</extensions>
			</trkpt>
			<trkpt lat="47.2715691036" lon="7.5350893270">
				<ele>850.6</ele>
				<extensions>
					<swisstopo:routepoint_id>2124417910</swisstopo:routepoint_id>
				</extensions>
			</trkpt>
			<trkpt lat="47.2715591043" lon="7.5349893278">
				<ele>851.5</ele>
				<extensions>
					<swisstopo:routepoint_id>1486711698</swisstopo:routepoint_id>
				</extensions>
			</trkpt>
			<trkpt lat="47.2715391055" lon="7.5348193291">
				<ele>853.2</ele>
				<extensions>
					<swisstopo:routepoint_id>1677437398</swisstopo:routepoint_id>
				</extensions>
			</trkpt>
			<trkpt lat="47.2715091073" lon="7.5345593312">
				<ele>856.1</ele>
				<extensions>
					<swisstopo:routepoint_id>104703749</swisstopo:routepoint_id>
				</extensions>
			</trkpt>
			<trkpt lat="47.2714191122" lon="7.5338593364">
				<ele>863.4</ele>
				<extensions>
					<swisstopo:routepoint_id>1958871547</swisstopo:routepoint_id>
				</extensions>
			</trkpt>
			<trkpt lat="47.2712791160" lon="7.5332693399">
				<ele>868.4</ele>
				<extensions>
					<swisstopo:routepoint_id>2116823115</swisstopo:routepoint_id>
				</extensions>
			</trkpt>
			<trkpt lat="47.2711891186" lon="7.5328693423">
				<ele>870.0</ele>
				<extensions>
					<swisstopo:routepoint_id>970627107</swisstopo:routepoint_id>
				</extensions>
			</trkpt>
			<trkpt lat="47.2710391229" lon="7.5321993463">
				<ele>874.1</ele>
				<extensions>
					<swisstopo:routepoint_id>215181209</swisstopo:routepoint_id>
				</extensions>
			</trkpt>
			<trkpt lat="47.2709791275" lon="7.5315493516">
				<ele>867.0</ele>
				<extensions>
					<swisstopo:routepoint_id>1046567402</swisstopo:routepoint_id>
				</extensions>
			</trkpt>
			<trkpt lat="47.2710291324" lon="7.5309293584">
				<ele>845.1</ele>
				<extensions>
					<swisstopo:routepoint_id>2137543627</swisstopo:routepoint_id>
				</extensions>
			</trkpt>
			<trkpt lat="47.2710091337" lon="7.5307493598">
				<ele>840.8</ele>
				<extensions>
					<swisstopo:routepoint_id>2136490471</swisstopo:routepoint_id>
				</extensions>
			</trkpt>
			<trkpt lat="47.2709391346" lon="7.5305893602">
				<ele>840.3</ele>
				<extensions>
					<swisstopo:routepoint_id>231020615</swisstopo:routepoint_id>
				</extensions>
			</trkpt>
			<trkpt lat="47.2708891354" lon="7.5304493607">
				<ele>838.8</ele>
				<extensions>
					<swisstopo:routepoint_id>706744300</swisstopo:routepoint_id>
				</extensions>
			</trkpt>
			<trkpt lat="47.2708491358" lon="7.5303793608">
				<ele>838.5</ele>
				<extensions>
					<swisstopo:routepoint_id>1728291189</swisstopo:routepoint_id>
				</extensions>
			</trkpt>
			<trkpt lat="47.2707991362" lon="7.5302993607">
				<ele>838.1</ele>
				<extensions>
					<swisstopo:routepoint_id>1739309857</swisstopo:routepoint_id>
				</extensions>
			</trkpt>
			<trkpt lat="47.2707591363" lon="7.5302593605">
				<ele>838.4</ele>
				<extensions>
					<swisstopo:routepoint_id>214005831</swisstopo:routepoint_id>
				</extensions>
			</trkpt>
			<trkpt lat="47.2707291364" lon="7.5302293603">
				<ele>838.6</ele>
				<extensions>
					<swisstopo:routepoint_id>1796099591</swisstopo:routepoint_id>
				</extensions>
			</trkpt>
			<trkpt lat="47.2707191366" lon="7.5301893605">
				<ele>837.6</ele>
				<extensions>
					<swisstopo:routepoint_id>1765438716</swisstopo:routepoint_id>
				</extensions>
			</trkpt>
			<trkpt lat="47.2707091370" lon="7.5301393608">
				<ele>836.3</ele>
				<extensions>
					<swisstopo:routepoint_id>1130804483</swisstopo:routepoint_id>
				</extensions>
			</trkpt>
			<trkpt lat="47.2707091381" lon="7.5299893623">
				<ele>831.2</ele>
				<extensions>
					<swisstopo:routepoint_id>435257970</swisstopo:routepoint_id>
				</extensions>
			</trkpt>
			<trkpt lat="47.2706791392" lon="7.5298193634">
				<ele>826.1</ele>
				<extensions>
					<swisstopo:routepoint_id>1855546912</swisstopo:routepoint_id>
				</extensions>
			</trkpt>
			<trkpt lat="47.2706491397" lon="7.5297393637">
				<ele>823.9</ele>
				<extensions>
					<swisstopo:routepoint_id>509207897</swisstopo:routepoint_id>
				</extensions>
			</trkpt>
			<trkpt lat="47.2705991402" lon="7.5296393639">
				<ele>823.9</ele>
				<extensions>
					<swisstopo:routepoint_id>912010528</swisstopo:routepoint_id>
				</extensions>
			</trkpt>
			<trkpt lat="47.2705791406" lon="7.5295793641">
				<ele>825.9</ele>
				<extensions>
					<swisstopo:routepoint_id>475105131</swisstopo:routepoint_id>
				</extensions>
			</trkpt>
			<trkpt lat="47.2705691406" lon="7.5295693640">
				<ele>826.7</ele>
				<extensions>
					<swisstopo:routepoint_id>1084806037</swisstopo:routepoint_id>
				</extensions>
			</trkpt>
			<trkpt lat="47.2705591407" lon="7.5295493641">
				<ele>827.8</ele>
				<extensions>
					<swisstopo:routepoint_id>1001274728</swisstopo:routepoint_id>
				</extensions>
			</trkpt>
			<trkpt lat="47.2705591410" lon="7.5295193644">
				<ele>828.3</ele>
				<extensions>
					<swisstopo:routepoint_id>1080152750</swisstopo:routepoint_id>
				</extensions>
			</trkpt>
			<trkpt lat="47.2705591413" lon="7.5294693648">
				<ele>829.1</ele>
				<extensions>
					<swisstopo:routepoint_id>542332185</swisstopo:routepoint_id>
				</extensions>
			</trkpt>
			<trkpt lat="47.2705591418" lon="7.5294093654">
				<ele>830.1</ele>
				<extensions>
					<swisstopo:routepoint_id>137620919</swisstopo:routepoint_id>
				</extensions>
			</trkpt>
			<trkpt lat="47.2705691421" lon="7.5293693660">
				<ele>830.1</ele>
				<extensions>
					<swisstopo:routepoint_id>1114861292</swisstopo:routepoint_id>
				</extensions>
			</trkpt>
			<trkpt lat="47.2705691423" lon="7.5293493662">
				<ele>830.4</ele>
				<extensions>
					<swisstopo:routepoint_id>1858381090</swisstopo:routepoint_id>
				</extensions>
			</trkpt>
			<trkpt lat="47.2705791424" lon="7.5293393664">
				<ele>829.9</ele>
				<extensions>
					<swisstopo:routepoint_id>114555181</swisstopo:routepoint_id>
				</extensions>
			</trkpt>
			<trkpt lat="47.2705791426" lon="7.5293193666">
				<ele>830.2</ele>
				<extensions>
					<swisstopo:routepoint_id>454089343</swisstopo:routepoint_id>
				</extensions>
			</trkpt>
			<trkpt lat="47.2705891426" lon="7.5293193668">
				<ele>829.6</ele>
				<extensions>
					<swisstopo:routepoint_id>1388334840</swisstopo:routepoint_id>
				</extensions>
			</trkpt>
			<trkpt lat="47.2705891427" lon="7.5293093669">
				<ele>829.7</ele>
				<extensions>
					<swisstopo:routepoint_id>219258931</swisstopo:routepoint_id>
				</extensions>
			</trkpt>
			<trkpt lat="47.2705991427" lon="7.5293093670">
				<ele>829.1</ele>
				<extensions>
					<swisstopo:routepoint_id>265477242</swisstopo:routepoint_id>
				</extensions>
			</trkpt>
			<trkpt lat="47.2706091428" lon="7.5293093672">
				<ele>828.4</ele>
				<extensions>
					<swisstopo:routepoint_id>1357674307</swisstopo:routepoint_id>
				</extensions>
			</trkpt>
			<trkpt lat="47.2706491429" lon="7.5293193677">
				<ele>825.6</ele>
				<extensions>
					<swisstopo:routepoint_id>1189886038</swisstopo:routepoint_id>
				</extensions>
			</trkpt>
			<trkpt lat="47.2706891431" lon="7.5293093685">
				<ele>824.8</ele>
				<extensions>
					<swisstopo:routepoint_id>480658452</swisstopo:routepoint_id>
				</extensions>
			</trkpt>
			<trkpt lat="47.2708191443" lon="7.5292293713">
				<ele>823.0</ele>
				<extensions>
					<swisstopo:routepoint_id>256758061</swisstopo:routepoint_id>
				</extensions>
			</trkpt>
			<trkpt lat="47.2710391462" lon="7.5291093760">
				<ele>819.1</ele>
				<extensions>
					<swisstopo:routepoint_id>1179946018</swisstopo:routepoint_id>
				</extensions>
			</trkpt>
			<trkpt lat="47.2711891474" lon="7.5290293792">
				<ele>815.8</ele>
				<extensions>
					<swisstopo:routepoint_id>469665275</swisstopo:routepoint_id>
				</extensions>
			</trkpt>
			<trkpt lat="47.2712191477" lon="7.5290093799">
				<ele>815.2</ele>
				<extensions>
					<swisstopo:routepoint_id>487778676</swisstopo:routepoint_id>
				</extensions>
			</trkpt>
			<trkpt lat="47.2712391480" lon="7.5289893804">
				<ele>814.8</ele>
				<extensions>
					<swisstopo:routepoint_id>1886690318</swisstopo:routepoint_id>
				</extensions>
			</trkpt>
			<trkpt lat="47.2712691485" lon="7.5289393814">
				<ele>814.3</ele>
				<extensions>
					<swisstopo:routepoint_id>50472816</swisstopo:routepoint_id>
				</extensions>
			</trkpt>
			<trkpt lat="47.2714291518" lon="7.5285993873">
				<ele>811.5</ele>
				<extensions>
					<swisstopo:routepoint_id>79604885</swisstopo:routepoint_id>
				</extensions>
			</trkpt>
			<trkpt lat="47.2714491522" lon="7.5285493881">
				<ele>811.0</ele>
				<extensions>
					<swisstopo:routepoint_id>2100696150</swisstopo:routepoint_id>
				</extensions>
			</trkpt>
			<trkpt lat="47.2714691527" lon="7.5284993889">
				<ele>810.9</ele>
				<extensions>
					<swisstopo:routepoint_id>1846572407</swisstopo:routepoint_id>
				</extensions>
			</trkpt>
			<trkpt lat="47.2715691540" lon="7.5283893915">
				<ele>809.6</ele>
				<extensions>
					<swisstopo:routepoint_id>1845043602</swisstopo:routepoint_id>
				</extensions>
			</trkpt>
			<trkpt lat="47.2716291548" lon="7.5283093933">
				<ele>808.9</ele>
				<extensions>
					<swisstopo:routepoint_id>1084016985</swisstopo:routepoint_id>
				</extensions>
			</trkpt>
			<trkpt lat="47.2716391551" lon="7.5282793937">
				<ele>809.1</ele>
				<extensions>
					<swisstopo:routepoint_id>134346729</swisstopo:routepoint_id>
				</extensions>
			</trkpt>
			<trkpt lat="47.2716491554" lon="7.5282393943">
				<ele>809.5</ele>
				<extensions>
					<swisstopo:routepoint_id>1553106866</swisstopo:routepoint_id>
				</extensions>
			</trkpt>
			<trkpt lat="47.2716591558" lon="7.5281993948">
				<ele>809.9</ele>
				<extensions>
					<swisstopo:routepoint_id>1593224882</swisstopo:routepoint_id>
				</extensions>
			</trkpt>
			<trkpt lat="47.2716691561" lon="7.5281593954">
				<ele>810.3</ele>
				<extensions>
					<swisstopo:routepoint_id>1046357257</swisstopo:routepoint_id>
				</extensions>
			</trkpt>
			<trkpt lat="47.2716691564" lon="7.5281293957">
				<ele>810.9</ele>
				<extensions>
					<swisstopo:routepoint_id>2028211997</swisstopo:routepoint_id>
				</extensions>
			</trkpt>
			<trkpt lat="47.2716691566" lon="7.5280993959">
				<ele>811.4</ele>
				<extensions>
					<swisstopo:routepoint_id>530547272</swisstopo:routepoint_id>
				</extensions>
			</trkpt>
			<trkpt lat="47.2716691568" lon="7.5280693962">
				<ele>812.0</ele>
				<extensions>
					<swisstopo:routepoint_id>2047631986</swisstopo:routepoint_id>
				</extensions>
			</trkpt>
			<trkpt lat="47.2716491572" lon="7.5280093965">
				<ele>814.1</ele>
				<extensions>
					<swisstopo:routepoint_id>960881099</swisstopo:routepoint_id>
				</extensions>
			</trkpt>
			<trkpt lat="47.2715991583" lon="7.5278293974">
				<ele>820.0</ele>
				<extensions>
					<swisstopo:routepoint_id>1072879457</swisstopo:routepoint_id>
				</extensions>
			</trkpt>
			<trkpt lat="47.2715791587" lon="7.5277693977">
				<ele>822.2</ele>
				<extensions>
					<swisstopo:routepoint_id>37769257</swisstopo:routepoint_id>
				</extensions>
			</trkpt>
			<trkpt lat="47.2715491596" lon="7.5276293985">
				<ele>826.6</ele>
				<extensions>
					<swisstopo:routepoint_id>2075742392</swisstopo:routepoint_id>
				</extensions>
			</trkpt>
			<trkpt lat="47.2715391602" lon="7.5275493991">
				<ele>828.9</ele>
				<extensions>
					<swisstopo:routepoint_id>783776899</swisstopo:routepoint_id>
				</extensions>
			</trkpt>
			<trkpt lat="47.2714991612" lon="7.5273894000">
				<ele>834.1</ele>
				<extensions>
					<swisstopo:routepoint_id>152324438</swisstopo:routepoint_id>
				</extensions>
			</trkpt>
			<trkpt lat="47.2714591622" lon="7.5272394008">
				<ele>836.3</ele>
				<extensions>
					<swisstopo:routepoint_id>382348087</swisstopo:routepoint_id>
				</extensions>
			</trkpt>
			<trkpt lat="47.2713991629" lon="7.5270994012">
				<ele>839.5</ele>
				<extensions>
					<swisstopo:routepoint_id>24628091</swisstopo:routepoint_id>
				</extensions>
			</trkpt>
			<trkpt lat="47.2713691635" lon="7.5270094016">
				<ele>841.1</ele>
				<extensions>
					<swisstopo:routepoint_id>371583369</swisstopo:routepoint_id>
				</extensions>
			</trkpt>
			<trkpt lat="47.2713191642" lon="7.5268894019">
				<ele>843.8</ele>
				<extensions>
					<swisstopo:routepoint_id>647825329</swisstopo:routepoint_id>
				</extensions>
			</trkpt>
			<trkpt lat="47.2712791646" lon="7.5268094021">
				<ele>846.0</ele>
				<extensions>
					<swisstopo:routepoint_id>1382302398</swisstopo:routepoint_id>
				</extensions>
			</trkpt>
			<trkpt lat="47.2712591650" lon="7.5267494023">
				<ele>847.0</ele>
				<extensions>
					<swisstopo:routepoint_id>1561469408</swisstopo:routepoint_id>
				</extensions>
			</trkpt>
			<trkpt lat="47.2712391656" lon="7.5266594029">
				<ele>848.1</ele>
				<extensions>
					<swisstopo:routepoint_id>1128483781</swisstopo:routepoint_id>
				</extensions>
			</trkpt>
			<trkpt lat="47.2712191661" lon="7.5265794033">
				<ele>849.2</ele>
				<extensions>
					<swisstopo:routepoint_id>1639060459</swisstopo:routepoint_id>
				</extensions>
			</trkpt>
			<trkpt lat="47.2712091665" lon="7.5265194037">
				<ele>849.7</ele>
				<extensions>
					<swisstopo:routepoint_id>593931778</swisstopo:routepoint_id>
				</extensions>
			</trkpt>
			<trkpt lat="47.2711791677" lon="7.5263394050">
				<ele>851.4</ele>
				<extensions>
					<swisstopo:routepoint_id>1598149057</swisstopo:routepoint_id>
				</extensions>
			</trkpt>
			<trkpt lat="47.2711391691" lon="7.5261394062">
				<ele>850.7</ele>
				<extensions>
					<swisstopo:routepoint_id>2126839136</swisstopo:routepoint_id>
				</extensions>
			</trkpt>
			<trkpt lat="47.2711091699" lon="7.5260094070">
				<ele>850.0</ele>
				<extensions>
					<swisstopo:routepoint_id>333138448</swisstopo:routepoint_id>
				</extensions>
			</trkpt>
			<trkpt lat="47.2710991702" lon="7.5259594073">
				<ele>849.6</ele>
				<extensions>
					<swisstopo:routepoint_id>1648621873</swisstopo:routepoint_id>
				</extensions>
			</trkpt>
			<trkpt lat="47.2710791704" lon="7.5259194074">
				<ele>850.0</ele>
				<extensions>
					<swisstopo:routepoint_id>58960373</swisstopo:routepoint_id>
				</extensions>
			</trkpt>
			<trkpt lat="47.2710491706" lon="7.5258794073">
				<ele>850.9</ele>
				<extensions>
					<swisstopo:routepoint_id>286350950</swisstopo:routepoint_id>
				</extensions>
			</trkpt>
			<trkpt lat="47.2709991710" lon="7.5257994073">
				<ele>852.1</ele>
				<extensions>
					<swisstopo:routepoint_id>1347710633</swisstopo:routepoint_id>
				</extensions>
			</trkpt>
			<trkpt lat="47.2709691712" lon="7.5257594072">
				<ele>853.0</ele>
				<extensions>
					<swisstopo:routepoint_id>1904003975</swisstopo:routepoint_id>
				</extensions>
			</trkpt>
			<trkpt lat="47.2709491714" lon="7.5257194072">
				<ele>853.4</ele>
				<extensions>
					<swisstopo:routepoint_id>1370367935</swisstopo:routepoint_id>
				</extensions>
			</trkpt>
			<trkpt lat="47.2709091719" lon="7.5256294074">
				<ele>853.9</ele>
				<extensions>
					<swisstopo:routepoint_id>1482057362</swisstopo:routepoint_id>
				</extensions>
			</trkpt>
			<trkpt lat="47.2708791722" lon="7.5255694075">
				<ele>854.5</ele>
				<extensions>
					<swisstopo:routepoint_id>1309627193</swisstopo:routepoint_id>
				</extensions>
			</trkpt>
			<trkpt lat="47.2708391726" lon="7.5254994075">
				<ele>855.4</ele>
				<extensions>
					<swisstopo:routepoint_id>816109170</swisstopo:routepoint_id>
				</extensions>
			</trkpt>
			<trkpt lat="47.2707691731" lon="7.5253894075">
				<ele>857.2</ele>
				<extensions>
					<swisstopo:routepoint_id>380930972</swisstopo:routepoint_id>
				</extensions>
			</trkpt>
			<trkpt lat="47.2706191739" lon="7.5251894070">
				<ele>862.2</ele>
				<extensions>
					<swisstopo:routepoint_id>1190355542</swisstopo:routepoint_id>
				</extensions>
			</trkpt>
			<trkpt lat="47.2707691716" lon="7.5255794056">
				<ele>860.6</ele>
				<extensions>
					<swisstopo:routepoint_id>1346656442</swisstopo:routepoint_id>
				</extensions>
			</trkpt>
			<trkpt lat="47.2707791712" lon="7.5256394052">
				<ele>861.1</ele>
				<extensions>
					<swisstopo:routepoint_id>281079310</swisstopo:routepoint_id>
				</extensions>
			</trkpt>
			<trkpt lat="47.2707891710" lon="7.5256794050">
				<ele>861.3</ele>
				<extensions>
					<swisstopo:routepoint_id>3752994</swisstopo:routepoint_id>
				</extensions>
			</trkpt>
			<trkpt lat="47.2707891707" lon="7.5257194046">
				<ele>862.0</ele>
				<extensions>
					<swisstopo:routepoint_id>272052251</swisstopo:routepoint_id>
				</extensions>
			</trkpt>
			<trkpt lat="47.2707891705" lon="7.5257394044">
				<ele>862.4</ele>
				<extensions>
					<swisstopo:routepoint_id>318848567</swisstopo:routepoint_id>
				</extensions>
			</trkpt>
			<trkpt lat="47.2707791703" lon="7.5257694040">
				<ele>863.5</ele>
				<extensions>
					<swisstopo:routepoint_id>2079495386</swisstopo:routepoint_id>
				</extensions>
			</trkpt>
			<trkpt lat="47.2707691701" lon="7.5257894036">
				<ele>864.4</ele>
				<extensions>
					<swisstopo:routepoint_id>1055829150</swisstopo:routepoint_id>
				</extensions>
			</trkpt>
			<trkpt lat="47.2707591698" lon="7.5258194032">
				<ele>865.4</ele>
				<extensions>
					<swisstopo:routepoint_id>471173005</swisstopo:routepoint_id>
				</extensions>
			</trkpt>
			<trkpt lat="47.2707491697" lon="7.5258294029">
				<ele>866.2</ele>
				<extensions>
					<swisstopo:routepoint_id>314359825</swisstopo:routepoint_id>
				</extensions>
			</trkpt>
			<trkpt lat="47.2707291695" lon="7.5258394025">
				<ele>867.4</ele>
				<extensions>
					<swisstopo:routepoint_id>1080457241</swisstopo:routepoint_id>
				</extensions>
			</trkpt>
			<trkpt lat="47.2707091693" lon="7.5258494021">
				<ele>868.7</ele>
				<extensions>
					<swisstopo:routepoint_id>842756375</swisstopo:routepoint_id>
				</extensions>
			</trkpt>
			<trkpt lat="47.2706891693" lon="7.5258494017">
				<ele>869.8</ele>
				<extensions>
					<swisstopo:routepoint_id>962185154</swisstopo:routepoint_id>
				</extensions>
			</trkpt>
			<trkpt lat="47.2706691692" lon="7.5258394015">
				<ele>870.7</ele>
				<extensions>
					<swisstopo:routepoint_id>315275991</swisstopo:routepoint_id>
				</extensions>
			</trkpt>
			<trkpt lat="47.2706391692" lon="7.5258294011">
				<ele>872.3</ele>
				<extensions>
					<swisstopo:routepoint_id>256742135</swisstopo:routepoint_id>
				</extensions>
			</trkpt>
			<trkpt lat="47.2706091693" lon="7.5257994009">
				<ele>873.9</ele>
				<extensions>
					<swisstopo:routepoint_id>2090668936</swisstopo:routepoint_id>
				</extensions>
			</trkpt>
			<trkpt lat="47.2705891694" lon="7.5257694009">
				<ele>874.8</ele>
				<extensions>
					<swisstopo:routepoint_id>1954336450</swisstopo:routepoint_id>
				</extensions>
			</trkpt>
			<trkpt lat="47.2705591697" lon="7.5257194009">
				<ele>876.1</ele>
				<extensions>
					<swisstopo:routepoint_id>850673913</swisstopo:routepoint_id>
				</extensions>
			</trkpt>
			<trkpt lat="47.2705091703" lon="7.5256094011">
				<ele>877.7</ele>
				<extensions>
					<swisstopo:routepoint_id>1541334345</swisstopo:routepoint_id>
				</extensions>
			</trkpt>
			<trkpt lat="47.2704191714" lon="7.5254094016">
				<ele>880.6</ele>
				<extensions>
					<swisstopo:routepoint_id>1933691938</swisstopo:routepoint_id>
				</extensions>
			</trkpt>
			<trkpt lat="47.2704158786" lon="7.5254010596">
				<ele>880.6</ele>
				<extensions>
					<swisstopo:routepoint_id>2141438856</swisstopo:routepoint_id>
				</extensions>
			</trkpt>
			<trkpt lat="47.2704158786" lon="7.5254010596">
				<ele>880.6</ele>
				<name>swisstopo-10</name>
				<extensions>
					<swisstopo:waypoint_id>10</swisstopo:waypoint_id>
					<swisstopo:waypoint_is_controlpoint>1</swisstopo:waypoint_is_controlpoint>
					<swisstopo:waypoint_routepoint_id>2141438856</swisstopo:waypoint_routepoint_id>
					<swisstopo:waypoint_meters_into_tour>17999.999994</swisstopo:waypoint_meters_into_tour>
					<swisstopo:waypoint_trackpoint_id>swisstopo-10</swisstopo:waypoint_trackpoint_id>
				</extensions>
			</trkpt>
			<trkpt lat="47.2702691736" lon="7.5250294028">
				<ele>884.5</ele>
				<extensions>
					<swisstopo:routepoint_id>1183812361</swisstopo:routepoint_id>
				</extensions>
			</trkpt>
			<trkpt lat="47.2699691768" lon="7.5244294037">
				<ele>895.3</ele>
				<extensions>
					<swisstopo:routepoint_id>1042472570</swisstopo:routepoint_id>
				</extensions>
			</trkpt>
			<trkpt lat="47.2699291776" lon="7.5242994043">
				<ele>895.8</ele>
				<extensions>
					<swisstopo:routepoint_id>1992652312</swisstopo:routepoint_id>
				</extensions>
			</trkpt>
			<trkpt lat="47.2699091783" lon="7.5241994050">
				<ele>895.5</ele>
				<extensions>
					<swisstopo:routepoint_id>1470163312</swisstopo:routepoint_id>
				</extensions>
			</trkpt>
			<trkpt lat="47.2698691812" lon="7.5237894082">
				<ele>891.0</ele>
				<extensions>
					<swisstopo:routepoint_id>242699555</swisstopo:routepoint_id>
				</extensions>
			</trkpt>
			<trkpt lat="47.2698491828" lon="7.5235694100">
				<ele>888.5</ele>
				<extensions>
					<swisstopo:routepoint_id>1749172639</swisstopo:routepoint_id>
				</extensions>
			</trkpt>
			<trkpt lat="47.2697991845" lon="7.5233194116">
				<ele>887.6</ele>
				<extensions>
					<swisstopo:routepoint_id>693047599</swisstopo:routepoint_id>
				</extensions>
			</trkpt>
			<trkpt lat="47.2697791855" lon="7.5231694127">
				<ele>886.3</ele>
				<extensions>
					<swisstopo:routepoint_id>1724756918</swisstopo:routepoint_id>
				</extensions>
			</trkpt>
			<trkpt lat="47.2697491861" lon="7.5230794131">
				<ele>886.8</ele>
				<extensions>
					<swisstopo:routepoint_id>911316185</swisstopo:routepoint_id>
				</extensions>
			</trkpt>
			<trkpt lat="47.2697191866" lon="7.5229894135">
				<ele>887.4</ele>
				<extensions>
					<swisstopo:routepoint_id>1509156769</swisstopo:routepoint_id>
				</extensions>
			</trkpt>
			<trkpt lat="47.2696291877" lon="7.5227994138">
				<ele>890.9</ele>
				<extensions>
					<swisstopo:routepoint_id>2105687890</swisstopo:routepoint_id>
				</extensions>
			</trkpt>
			<trkpt lat="47.2694991890" lon="7.5225494141">
				<ele>895.3</ele>
				<extensions>
					<swisstopo:routepoint_id>2101671727</swisstopo:routepoint_id>
				</extensions>
			</trkpt>
			<trkpt lat="47.2694091904" lon="7.5223094150">
				<ele>897.4</ele>
				<extensions>
					<swisstopo:routepoint_id>708329563</swisstopo:routepoint_id>
				</extensions>
			</trkpt>
			<trkpt lat="47.2693291916" lon="7.5221094156">
				<ele>899.6</ele>
				<extensions>
					<swisstopo:routepoint_id>239283552</swisstopo:routepoint_id>
				</extensions>
			</trkpt>
			<trkpt lat="47.2692591930" lon="7.5218794166">
				<ele>900.5</ele>
				<extensions>
					<swisstopo:routepoint_id>2105424721</swisstopo:routepoint_id>
				</extensions>
			</trkpt>
			<trkpt lat="47.2691891954" lon="7.5215194190">
				<ele>903.2</ele>
				<extensions>
					<swisstopo:routepoint_id>980381814</swisstopo:routepoint_id>
				</extensions>
			</trkpt>
			<trkpt lat="47.2691391972" lon="7.5212594206">
				<ele>904.8</ele>
				<extensions>
					<swisstopo:routepoint_id>558132119</swisstopo:routepoint_id>
				</extensions>
			</trkpt>
			<trkpt lat="47.2690991981" lon="7.5211194213">
				<ele>906.3</ele>
				<extensions>
					<swisstopo:routepoint_id>2037436459</swisstopo:routepoint_id>
				</extensions>
			</trkpt>
			<trkpt lat="47.2690291991" lon="7.5209494218">
				<ele>909.1</ele>
				<extensions>
					<swisstopo:routepoint_id>2036210964</swisstopo:routepoint_id>
				</extensions>
			</trkpt>
			<trkpt lat="47.2689592000" lon="7.5207894222">
				<ele>911.7</ele>
				<extensions>
					<swisstopo:routepoint_id>1029305124</swisstopo:routepoint_id>
				</extensions>
			</trkpt>
			<trkpt lat="47.2686192040" lon="7.5200594237">
				<ele>917.3</ele>
				<extensions>
					<swisstopo:routepoint_id>204312636</swisstopo:routepoint_id>
				</extensions>
			</trkpt>
			<trkpt lat="47.2682892075" lon="7.5194094245">
				<ele>927.4</ele>
				<extensions>
					<swisstopo:routepoint_id>969184557</swisstopo:routepoint_id>
				</extensions>
			</trkpt>
			<trkpt lat="47.2680092110" lon="7.5187894259">
				<ele>942.5</ele>
				<extensions>
					<swisstopo:routepoint_id>1872061499</swisstopo:routepoint_id>
				</extensions>
			</trkpt>
			<trkpt lat="47.2679792116" lon="7.5186894263">
				<ele>944.1</ele>
				<extensions>
					<swisstopo:routepoint_id>1166497791</swisstopo:routepoint_id>
				</extensions>
			</trkpt>
			<trkpt lat="47.2679592125" lon="7.5185694271">
				<ele>945.2</ele>
				<extensions>
					<swisstopo:routepoint_id>1284460548</swisstopo:routepoint_id>
				</extensions>
			</trkpt>
			<trkpt lat="47.2679492135" lon="7.5184294283">
				<ele>944.1</ele>
				<extensions>
					<swisstopo:routepoint_id>2128803634</swisstopo:routepoint_id>
				</extensions>
			</trkpt>
			<trkpt lat="47.2679292139" lon="7.5183594287">
				<ele>943.9</ele>
				<extensions>
					<swisstopo:routepoint_id>1109683079</swisstopo:routepoint_id>
				</extensions>
			</trkpt>
			<trkpt lat="47.2678992143" lon="7.5182994287">
				<ele>944.5</ele>
				<extensions>
					<swisstopo:routepoint_id>1091313351</swisstopo:routepoint_id>
				</extensions>
			</trkpt>
			<trkpt lat="47.2677892150" lon="7.5181394285">
				<ele>947.5</ele>
				<extensions>
					<swisstopo:routepoint_id>831993899</swisstopo:routepoint_id>
				</extensions>
			</trkpt>
			<trkpt lat="47.2677492153" lon="7.5180694285">
				<ele>948.4</ele>
				<extensions>
					<swisstopo:routepoint_id>503533776</swisstopo:routepoint_id>
				</extensions>
			</trkpt>
			<trkpt lat="47.2677092159" lon="7.5179694288">
				<ele>948.8</ele>
				<extensions>
					<swisstopo:routepoint_id>877521641</swisstopo:routepoint_id>
				</extensions>
			</trkpt>
			<trkpt lat="47.2676892169" lon="7.5178294298">
				<ele>947.3</ele>
				<extensions>
					<swisstopo:routepoint_id>2015806261</swisstopo:routepoint_id>
				</extensions>
			</trkpt>
			<trkpt lat="47.2676092207" lon="7.5172894337">
				<ele>941.9</ele>
				<extensions>
					<swisstopo:routepoint_id>1546006346</swisstopo:routepoint_id>
				</extensions>
			</trkpt>
			<trkpt lat="47.2675792217" lon="7.5171394346">
				<ele>940.9</ele>
				<extensions>
					<swisstopo:routepoint_id>722690305</swisstopo:routepoint_id>
				</extensions>
			</trkpt>
			<trkpt lat="47.2675292225" lon="7.5169994351">
				<ele>941.0</ele>
				<extensions>
					<swisstopo:routepoint_id>1338485925</swisstopo:routepoint_id>
				</extensions>
			</trkpt>
			<trkpt lat="47.2674392234" lon="7.5168294353">
				<ele>942.8</ele>
				<extensions>
					<swisstopo:routepoint_id>1788705902</swisstopo:routepoint_id>
				</extensions>
			</trkpt>
			<trkpt lat="47.2672892248" lon="7.5165694353">
				<ele>945.8</ele>
				<extensions>
					<swisstopo:routepoint_id>324379297</swisstopo:routepoint_id>
				</extensions>
			</trkpt>
			<trkpt lat="47.2672092256" lon="7.5164194354">
				<ele>946.0</ele>
				<extensions>
					<swisstopo:routepoint_id>2031533524</swisstopo:routepoint_id>
				</extensions>
			</trkpt>
			<trkpt lat="47.2671492267" lon="7.5162394362">
				<ele>945.9</ele>
				<extensions>
					<swisstopo:routepoint_id>1365979172</swisstopo:routepoint_id>
				</extensions>
			</trkpt>
			<trkpt lat="47.2671092276" lon="7.5160894369">
				<ele>947.4</ele>
				<extensions>
					<swisstopo:routepoint_id>1235695482</swisstopo:routepoint_id>
				</extensions>
			</trkpt>
			<trkpt lat="47.2669692325" lon="7.5153694415">
				<ele>952.4</ele>
				<extensions>
					<swisstopo:routepoint_id>1393206646</swisstopo:routepoint_id>
				</extensions>
			</trkpt>
			<trkpt lat="47.2669092340" lon="7.5151394427">
				<ele>953.7</ele>
				<extensions>
					<swisstopo:routepoint_id>1324183414</swisstopo:routepoint_id>
				</extensions>
			</trkpt>
			<trkpt lat="47.2666492383" lon="7.5144294452">
				<ele>950.3</ele>
				<extensions>
					<swisstopo:routepoint_id>1189883561</swisstopo:routepoint_id>
				</extensions>
			</trkpt>
			<trkpt lat="47.2663892425" lon="7.5137294476">
				<ele>953.3</ele>
				<extensions>
					<swisstopo:routepoint_id>2101536209</swisstopo:routepoint_id>
				</extensions>
			</trkpt>
			<trkpt lat="47.2663192434" lon="7.5135794479">
				<ele>955.8</ele>
				<extensions>
					<swisstopo:routepoint_id>1563466966</swisstopo:routepoint_id>
				</extensions>
			</trkpt>
			<trkpt lat="47.2660992472" lon="7.5129494503">
				<ele>963.5</ele>
				<extensions>
					<swisstopo:routepoint_id>1147824635</swisstopo:routepoint_id>
				</extensions>
			</trkpt>
			<trkpt lat="47.2660292483" lon="7.5127694509">
				<ele>962.7</ele>
				<extensions>
					<swisstopo:routepoint_id>934434376</swisstopo:routepoint_id>
				</extensions>
			</trkpt>
			<trkpt lat="47.2659392496" lon="7.5125494515">
				<ele>962.0</ele>
				<extensions>
					<swisstopo:routepoint_id>2121599085</swisstopo:routepoint_id>
				</extensions>
			</trkpt>
			<trkpt lat="47.2657792520" lon="7.5121394528">
				<ele>960.4</ele>
				<extensions>
					<swisstopo:routepoint_id>1037777446</swisstopo:routepoint_id>
				</extensions>
			</trkpt>
			<trkpt lat="47.2657392526" lon="7.5120394530">
				<ele>960.0</ele>
				<extensions>
					<swisstopo:routepoint_id>823161692</swisstopo:routepoint_id>
				</extensions>
			</trkpt>
			<trkpt lat="47.2657092532" lon="7.5119394535">
				<ele>959.3</ele>
				<extensions>
					<swisstopo:routepoint_id>1003420561</swisstopo:routepoint_id>
				</extensions>
			</trkpt>
			<trkpt lat="47.2656692540" lon="7.5118194540">
				<ele>958.9</ele>
				<extensions>
					<swisstopo:routepoint_id>1242090083</swisstopo:routepoint_id>
				</extensions>
			</trkpt>
			<trkpt lat="47.2656492544" lon="7.5117494543">
				<ele>959.0</ele>
				<extensions>
					<swisstopo:routepoint_id>1792346250</swisstopo:routepoint_id>
				</extensions>
			</trkpt>
			<trkpt lat="47.2656092545" lon="7.5117194540">
				<ele>960.1</ele>
				<extensions>
					<swisstopo:routepoint_id>727998413</swisstopo:routepoint_id>
				</extensions>
			</trkpt>
			<trkpt lat="47.2655892545" lon="7.5117094537">
				<ele>960.6</ele>
				<extensions>
					<swisstopo:routepoint_id>261104226</swisstopo:routepoint_id>
				</extensions>
			</trkpt>
			<trkpt lat="47.2655592543" lon="7.5117194531">
				<ele>961.8</ele>
				<extensions>
					<swisstopo:routepoint_id>929323150</swisstopo:routepoint_id>
				</extensions>
			</trkpt>
			<trkpt lat="47.2655392540" lon="7.5117394526">
				<ele>962.7</ele>
				<extensions>
					<swisstopo:routepoint_id>709318399</swisstopo:routepoint_id>
				</extensions>
			</trkpt>
			<trkpt lat="47.2655292537" lon="7.5117694522">
				<ele>963.3</ele>
				<extensions>
					<swisstopo:routepoint_id>1370787305</swisstopo:routepoint_id>
				</extensions>
			</trkpt>
			<trkpt lat="47.2655292533" lon="7.5118294516">
				<ele>964.0</ele>
				<extensions>
					<swisstopo:routepoint_id>2020636501</swisstopo:routepoint_id>
				</extensions>
			</trkpt>
			<trkpt lat="47.2655392529" lon="7.5118794513">
				<ele>964.3</ele>
				<extensions>
					<swisstopo:routepoint_id>1541312299</swisstopo:routepoint_id>
				</extensions>
			</trkpt>
			<trkpt lat="47.2655692525" lon="7.5119494511">
				<ele>964.5</ele>
				<extensions>
					<swisstopo:routepoint_id>1874321081</swisstopo:routepoint_id>
				</extensions>
			</trkpt>
			<trkpt lat="47.2655892522" lon="7.5120094509">
				<ele>964.9</ele>
				<extensions>
					<swisstopo:routepoint_id>750674495</swisstopo:routepoint_id>
				</extensions>
			</trkpt>
			<trkpt lat="47.2655992516" lon="7.5120894503">
				<ele>966.0</ele>
				<extensions>
					<swisstopo:routepoint_id>1409634912</swisstopo:routepoint_id>
				</extensions>
			</trkpt>
			<trkpt lat="47.2656092509" lon="7.5121794496">
				<ele>967.2</ele>
				<extensions>
					<swisstopo:routepoint_id>1272843779</swisstopo:routepoint_id>
				</extensions>
			</trkpt>
			<trkpt lat="47.2655792474" lon="7.5126194449">
				<ele>976.2</ele>
				<extensions>
					<swisstopo:routepoint_id>1473364800</swisstopo:routepoint_id>
				</extensions>
			</trkpt>
			<trkpt lat="47.2655692449" lon="7.5129394417">
				<ele>982.3</ele>
				<extensions>
					<swisstopo:routepoint_id>600637189</swisstopo:routepoint_id>
				</extensions>
			</trkpt>
			<trkpt lat="47.2655692430" lon="7.5131894393">
				<ele>982.8</ele>
				<extensions>
					<swisstopo:routepoint_id>914066033</swisstopo:routepoint_id>
				</extensions>
			</trkpt>
			<trkpt lat="47.2655792397" lon="7.5136294353">
				<ele>982.4</ele>
				<extensions>
					<swisstopo:routepoint_id>1797744097</swisstopo:routepoint_id>
				</extensions>
			</trkpt>
			<trkpt lat="47.2656092365" lon="7.5140594317">
				<ele>981.4</ele>
				<extensions>
					<swisstopo:routepoint_id>484687065</swisstopo:routepoint_id>
				</extensions>
			</trkpt>
			<trkpt lat="47.2657392300" lon="7.5149794250">
				<ele>986.2</ele>
				<extensions>
					<swisstopo:routepoint_id>132561557</swisstopo:routepoint_id>
				</extensions>
			</trkpt>
			<trkpt lat="47.2657692267" lon="7.5154294213">
				<ele>989.5</ele>
				<extensions>
					<swisstopo:routepoint_id>885955931</swisstopo:routepoint_id>
				</extensions>
			</trkpt>
			<trkpt lat="47.2657292266" lon="7.5154194207">
				<ele>990.3</ele>
				<extensions>
					<swisstopo:routepoint_id>1877893711</swisstopo:routepoint_id>
				</extensions>
			</trkpt>
			<trkpt lat="47.2656692284" lon="7.5151494223">
				<ele>989.3</ele>
				<extensions>
					<swisstopo:routepoint_id>1456744971</swisstopo:routepoint_id>
				</extensions>
			</trkpt>
			<trkpt lat="47.2655992295" lon="7.5149694228">
				<ele>989.1</ele>
				<extensions>
					<swisstopo:routepoint_id>2075839493</swisstopo:routepoint_id>
				</extensions>
			</trkpt>
			<trkpt lat="47.2654692308" lon="7.5147194231">
				<ele>990.3</ele>
				<extensions>
					<swisstopo:routepoint_id>1831946273</swisstopo:routepoint_id>
				</extensions>
			</trkpt>
			<trkpt lat="47.2653892322" lon="7.5144994239">
				<ele>991.3</ele>
				<extensions>
					<swisstopo:routepoint_id>872728289</swisstopo:routepoint_id>
				</extensions>
			</trkpt>
			<trkpt lat="47.2653392329" lon="7.5143794242">
				<ele>992.3</ele>
				<extensions>
					<swisstopo:routepoint_id>1076180480</swisstopo:routepoint_id>
				</extensions>
			</trkpt>
			<trkpt lat="47.2652692336" lon="7.5142394244">
				<ele>994.1</ele>
				<extensions>
					<swisstopo:routepoint_id>618897001</swisstopo:routepoint_id>
				</extensions>
			</trkpt>
			<trkpt lat="47.2652192341" lon="7.5141494244">
				<ele>995.5</ele>
				<extensions>
					<swisstopo:routepoint_id>846843726</swisstopo:routepoint_id>
				</extensions>
			</trkpt>
			<trkpt lat="47.2651692343" lon="7.5140894242">
				<ele>997.2</ele>
				<extensions>
					<swisstopo:routepoint_id>2113957926</swisstopo:routepoint_id>
				</extensions>
			</trkpt>
			<trkpt lat="47.2651392347" lon="7.5140194243">
				<ele>998.3</ele>
				<extensions>
					<swisstopo:routepoint_id>1442058693</swisstopo:routepoint_id>
				</extensions>
			</trkpt>
			<trkpt lat="47.2650592359" lon="7.5138194249">
				<ele>1000.6</ele>
				<extensions>
					<swisstopo:routepoint_id>1850264288</swisstopo:routepoint_id>
				</extensions>
			</trkpt>
			<trkpt lat="47.2644092426" lon="7.5125694261">
				<ele>1009.5</ele>
				<extensions>
					<swisstopo:routepoint_id>1208564361</swisstopo:routepoint_id>
				</extensions>
			</trkpt>
			<trkpt lat="47.2643592437" lon="7.5123994269">
				<ele>1009.7</ele>
				<extensions>
					<swisstopo:routepoint_id>1086921295</swisstopo:routepoint_id>
				</extensions>
			</trkpt>
			<trkpt lat="47.2643192450" lon="7.5122094280">
				<ele>1009.7</ele>
				<extensions>
					<swisstopo:routepoint_id>430779053</swisstopo:routepoint_id>
				</extensions>
			</trkpt>
			<trkpt lat="47.2639392508" lon="7.5112394310">
				<ele>1010.1</ele>
				<extensions>
					<swisstopo:routepoint_id>1469668587</swisstopo:routepoint_id>
				</extensions>
			</trkpt>
			<trkpt lat="47.2634792568" lon="7.5101894334">
				<ele>1013.5</ele>
				<extensions>
					<swisstopo:routepoint_id>2016244446</swisstopo:routepoint_id>
				</extensions>
			</trkpt>
			<trkpt lat="47.2631980294" lon="7.5096386873">
				<ele>1015.5</ele>
				<extensions>
					<swisstopo:routepoint_id>2141438857</swisstopo:routepoint_id>
				</extensions>
			</trkpt>
			<trkpt lat="47.2631980294" lon="7.5096386873">
				<ele>1015.5</ele>
				<name>swisstopo-11</name>
				<extensions>
					<swisstopo:waypoint_id>11</swisstopo:waypoint_id>
					<swisstopo:waypoint_is_controlpoint>1</swisstopo:waypoint_is_controlpoint>
					<swisstopo:waypoint_routepoint_id>2141438857</swisstopo:waypoint_routepoint_id>
					<swisstopo:waypoint_meters_into_tour>19999.999992</swisstopo:waypoint_meters_into_tour>
					<swisstopo:waypoint_trackpoint_id>swisstopo-11</swisstopo:waypoint_trackpoint_id>
				</extensions>
			</trkpt>
			<trkpt lat="47.2629992619" lon="7.5092494343">
				<ele>1016.8</ele>
				<extensions>
					<swisstopo:routepoint_id>1140097452</swisstopo:routepoint_id>
				</extensions>
			</trkpt>
			<trkpt lat="47.2627392648" lon="7.5087294350">
				<ele>1024.6</ele>
				<extensions>
					<swisstopo:routepoint_id>692972244</swisstopo:routepoint_id>
				</extensions>
			</trkpt>
			<trkpt lat="47.2623592669" lon="7.5082294334">
				<ele>1033.1</ele>
				<extensions>
					<swisstopo:routepoint_id>1889397299</swisstopo:routepoint_id>
				</extensions>
			</trkpt>
			<trkpt lat="47.2620092707" lon="7.5075394341">
				<ele>1033.3</ele>
				<extensions>
					<swisstopo:routepoint_id>533926103</swisstopo:routepoint_id>
				</extensions>
			</trkpt>
			<trkpt lat="47.2613592764" lon="7.5064294338">
				<ele>1036.7</ele>
				<extensions>
					<swisstopo:routepoint_id>419809677</swisstopo:routepoint_id>
				</extensions>
			</trkpt>
			<trkpt lat="47.2608892812" lon="7.5055394344">
				<ele>1037.6</ele>
				<extensions>
					<swisstopo:routepoint_id>492588146</swisstopo:routepoint_id>
				</extensions>
			</trkpt>
			<trkpt lat="47.2607492839" lon="7.5051094362">
				<ele>1036.3</ele>
				<extensions>
					<swisstopo:routepoint_id>1943561015</swisstopo:routepoint_id>
				</extensions>
			</trkpt>
			<trkpt lat="47.2606192851" lon="7.5048794362">
				<ele>1040.9</ele>
				<extensions>
					<swisstopo:routepoint_id>1692653457</swisstopo:routepoint_id>
				</extensions>
			</trkpt>
			<trkpt lat="47.2606392926" lon="7.5039194456">
				<ele>1037.4</ele>
				<extensions>
					<swisstopo:routepoint_id>1965952947</swisstopo:routepoint_id>
				</extensions>
			</trkpt>
			<trkpt lat="47.2607692975" lon="7.5033694529">
				<ele>1022.8</ele>
				<extensions>
					<swisstopo:routepoint_id>396714556</swisstopo:routepoint_id>
				</extensions>
			</trkpt>
			<trkpt lat="47.2608393010" lon="7.5029594580">
				<ele>1012.9</ele>
				<extensions>
					<swisstopo:routepoint_id>459235842</swisstopo:routepoint_id>
				</extensions>
			</trkpt>
			<trkpt lat="47.2604393127" lon="7.5012194677">
				<ele>1007.4</ele>
				<extensions>
					<swisstopo:routepoint_id>1616213396</swisstopo:routepoint_id>
				</extensions>
			</trkpt>
			<trkpt lat="47.2601093188" lon="7.5002494713">
				<ele>1010.4</ele>
				<extensions>
					<swisstopo:routepoint_id>881401622</swisstopo:routepoint_id>
				</extensions>
			</trkpt>
			<trkpt lat="47.2601093188" lon="7.5002494713">
				<ele>1010.4</ele>
				<extensions>
					<swisstopo:waypoint_id>12</swisstopo:waypoint_id>
					<swisstopo:waypoint_is_controlpoint>1</swisstopo:waypoint_is_controlpoint>
					<swisstopo:waypoint_routepoint_id>881401622</swisstopo:waypoint_routepoint_id>
					<swisstopo:waypoint_meters_into_tour>20832.100390</swisstopo:waypoint_meters_into_tour>
					<swisstopo:waypoint_stage_before distance="20832.100390" duration="22956.681538" ascent="899.304413" descent="712.944183" />
					<swisstopo:waypoint_trackpoint_id>swisstopo-12</swisstopo:waypoint_trackpoint_id>
					<swisstopo:waypoint_original_name>Destination</swisstopo:waypoint_original_name>
				</extensions>
				<name>swisstopo-12</name>
			</trkpt>
		</trkseg>
	</trk>
</gpx>
