Distance;Altitude;Easting;Northing;Longitude;Latitude
0;254;2612305.12;1268593.51;7.602142;47.567934
19.9;255.5;2612315.25;1268610.66;7.602277;47.568088
26.3;255.5;2612318.42;1268605.11;7.602319;47.568038
29.8;255.5;2612320.01;1268602;7.60234;47.56801
33.7;255.6;2612321.74;1268598.55;7.602363;47.567979
38.8;255.5;2612323.11;1268593.55;7.602381;47.567934
43.7;255.5;2612324.4;1268588.88;7.602398;47.567892
48.8;255.5;2612325.61;1268583.88;7.602414;47.567847
54.1;255.4;2612327.2;1268578.88;7.602435;47.567802
57.3;255.6;2612328.34;1268575.88;7.60245;47.567775
62.3;255.6;2612332.33;1268572.78;7.602503;47.567747
69.4;255.6;2612334.75;1268566.11;7.602535;47.567687
74.4;255.7;2612334.84;1268561.11;7.602536;47.567642
81.9;255.6;2612332.82;1268553.88;7.602509;47.567577
86.4;255.6;2612328.76;1268552.09;7.602455;47.567561
90.8;255.7;2612325.76;1268548.86;7.602415;47.567532
94.6;255.7;2612322.53;1268546.85;7.602372;47.567514
101.7;255.6;2612318.18;1268541.28;7.602314;47.567464
107.7;255.6;2612313.14;1268537.94;7.602247;47.567434
114.2;255.5;2612307.28;1268535.26;7.602169;47.56741
120.1;255.6;2612302.01;1268532.58;7.602099;47.567386
127.5;255.5;2612295.78;1268528.56;7.602016;47.56735
132.4;255.8;2612292.02;1268525.44;7.601966;47.567322
136.2;256.2;2612289.32;1268522.65;7.60193;47.567297
140.7;256;2612285.63;1268520.09;7.601881;47.567274
144;255.9;2612282.63;1268518.75;7.601841;47.567262
147.6;255.6;2612279.7;1268516.63;7.601802;47.567243
153.5;253.2;2612277.3;1268511.29;7.60177;47.567195
161.2;254.1;2612270.01;1268508.72;7.601673;47.567172
170;255.5;2612261.95;1268512.26;7.601566;47.567204
175.7;255.4;2612256.38;1268513.13;7.601492;47.567212
181.4;255.3;2612251.26;1268510.46;7.601424;47.567188
188.9;255.4;2612244.19;1268512.67;7.60133;47.567208
192.2;255.4;2612240.88;1268511.99;7.601286;47.567202
197.4;255.3;2612235.83;1268512.87;7.601219;47.56721
201.9;255.3;2612231.85;1268510.75;7.601166;47.567191
205.9;255.4;2612229.82;1268507.3;7.601139;47.56716
210.5;255.4;2612228.93;1268502.74;7.601127;47.567119
217.1;255.7;2612230.52;1268496.4;7.601148;47.567062
221.3;255.7;2612233.09;1268493.07;7.601182;47.567032
225.6;255.6;2612234.45;1268488.96;7.6012;47.566995
232.9;255.7;2612237.78;1268482.41;7.601244;47.566936
237.3;255.7;2612239.21;1268478.3;7.601263;47.566899
240.9;255.7;2612241.93;1268475.86;7.601299;47.566877
245.6;255.8;2612244.8;1268472.19;7.601337;47.566844
249.6;255.9;2612247.14;1268468.97;7.601368;47.566815
253.8;256;2612250.15;1268465.98;7.601408;47.566788
257.2;255.9;2612253.09;1268464.32;7.601447;47.566773
263.3;255.9;2612255.28;1268458.65;7.601476;47.566722
267.7;255.9;2612258.3;1268455.43;7.601516;47.566693
271.4;255.9;2612260.56;1268452.55;7.601546;47.566667
278.4;256.2;2612264.34;1268446.55;7.601596;47.566613
287.9;256.2;2612268.27;1268438;7.601648;47.566536
294.4;256.5;2612270.99;1268432;7.601684;47.566482
301.4;256.3;2612274.02;1268425.78;7.601724;47.566426
306.8;256.3;2612276.66;1268421;7.601759;47.566383
313.2;256.3;2612279.83;1268415.45;7.601801;47.566333
321.4;256.7;2612284.44;1268408.67;7.601862;47.566272
326.4;256.5;2612286.33;1268404.01;7.601887;47.56623
332.6;256.6;2612290.02;1268399.01;7.601936;47.566185
336.9;256.6;2612292.59;1268395.57;7.60197;47.566154
341.3;256.4;2612293.73;1268391.35;7.601985;47.566116
345.5;256.5;2612296.14;1268387.91;7.602017;47.566085
351;256.5;2612299.39;1268383.47;7.60206;47.566045
356.1;256.5;2612302.18;1268379.25;7.602097;47.566007
360.3;256.5;2612303.47;1268375.25;7.602114;47.565971
365.2;256.6;2612305.59;1268370.8;7.602142;47.565931
370.1;256.5;2612306.65;1268366.02;7.602156;47.565888
375.4;256.5;2612308.99;1268361.25;7.602187;47.565845
379.8;256.5;2612310.58;1268357.14;7.602208;47.565808
384.2;256.5;2612312.17;1268353.03;7.602229;47.565771
391.3;256.5;2612317.82;1268348.81;7.602304;47.565733
398.4;256.4;2612323.93;1268345.16;7.602385;47.5657
404.4;256.4;2612326.04;1268339.49;7.602413;47.565649
410.6;256.5;2612328.46;1268333.82;7.602445;47.565598
416.1;256.5;2612331.56;1268329.27;7.602486;47.565557
423;256.5;2612334.88;1268323.27;7.60253;47.565503
429.2;256.5;2612339.11;1268318.72;7.602586;47.565462
438.2;256.3;2612345.74;1268312.62;7.602674;47.565407
443.6;256.4;2612348.31;1268307.85;7.602708;47.565364
448.2;256.5;2612349;1268303.29;7.602717;47.565323
457;256.5;2612353.23;1268295.63;7.602773;47.565254
463.9;256.5;2612356.33;1268289.41;7.602814;47.565198
469.1;256.5;2612358.97;1268284.96;7.602849;47.565158
474.5;256.4;2612358.98;1268279.52;7.602849;47.565109
480.6;256.4;2612361.1;1268273.85;7.602877;47.565058
485;256.4;2612363.74;1268270.3;7.602912;47.565026
489.5;256.5;2612364.28;1268265.85;7.602919;47.564986
495.1;256.4;2612367.67;1268261.41;7.602964;47.564946
500;256.5;2612370.69;1268257.53;7.603004;47.564911
504.6;256.4;2612373.33;1268253.75;7.603039;47.564877
510.3;256.5;2612375.75;1268248.64;7.603071;47.564831
514.7;256.4;2612378.02;1268244.87;7.603101;47.564797
522;256.5;2612381.87;1268238.65;7.603152;47.564741
526.2;256.5;2612383.38;1268234.76;7.603172;47.564706
530.9;256.5;2612384.67;1268230.2;7.603189;47.564665
534.8;256.5;2612386.33;1268226.65;7.603211;47.564633
538.5;256.5;2612388.15;1268223.43;7.603235;47.564604
543.2;256.6;2612389.96;1268219.09;7.603259;47.564565
548;256.5;2612392.23;1268214.87;7.603289;47.564527
553.6;256.4;2612395.4;1268210.21;7.603331;47.564485
558;256.6;2612397.29;1268206.32;7.603356;47.56445
565;256.4;2612400.09;1268199.88;7.603393;47.564392
571;256.3;2612402.35;1268194.32;7.603423;47.564342
576;256.2;2612404.77;1268189.88;7.603455;47.564302
583.9;256.1;2612409.83;1268183.89;7.603522;47.564248
589.1;256.1;2612412.7;1268179.56;7.60356;47.564209
597.6;256.1;2612418.13;1268173.01;7.603632;47.56415
607.3;256;2612425.07;1268166.24;7.603724;47.564089
613.9;255.9;2612429.22;1268161.14;7.603779;47.564043
617.4;256.1;2612431.63;1268158.58;7.603811;47.56402
620.8;255.7;2612433.14;1268155.47;7.603831;47.563992
627.7;256;2612430.6;1268149.13;7.603797;47.563935
633.8;255.7;2612428.95;1268143.23;7.603775;47.563882
641.5;255.8;2612428.37;1268135.56;7.603767;47.563813
647.3;255.7;2612427.55;1268129.78;7.603756;47.563761
653;255.7;2612427.71;1268124.11;7.603758;47.56371
658.7;255.7;2612427.65;1268118.44;7.603757;47.563659
665;255.6;2612428.04;1268112.1;7.603762;47.563602
670.3;255.7;2612428.73;1268106.87;7.603771;47.563555
676;255.6;2612430.32;1268101.43;7.603792;47.563506
682.2;255.7;2612430.78;1268095.2;7.603798;47.56345
689.3;255.7;2612431.7;1268088.2;7.60381;47.563387
695;255.8;2612432.69;1268082.53;7.603823;47.563336
700.3;255.8;2612433.3;1268077.31;7.603831;47.563289
705.3;255.8;2612433.47;1268072.3;7.603833;47.563244
709.6;255.9;2612434.53;1268068.08;7.603847;47.563206
713.7;255.8;2612433.86;1268064.08;7.603838;47.56317
718.7;255.9;2612434.1;1268059.07;7.603841;47.563125
727;255.9;2612434.71;1268050.85;7.603849;47.563051
733.1;256;2612435.03;1268044.73;7.603853;47.562996
738.8;256;2612437.45;1268039.51;7.603885;47.562949
744.8;256;2612439.19;1268033.84;7.603908;47.562898
755.1;256.4;2612435.22;1268024.27;7.603855;47.562812
758.9;256.3;2612435;1268020.49;7.603852;47.562778
763.9;256.5;2612435.54;1268015.49;7.603859;47.562733
769;256.1;2612436.08;1268010.49;7.603866;47.562688
774.4;256.4;2612436.84;1268005.15;7.603876;47.56264
778.5;256.1;2612438.96;1268001.6;7.603904;47.562608
786;256.2;2612441.3;1267994.49;7.603935;47.562544
794.4;256.2;2612442.68;1267986.15;7.603953;47.562469
797.6;256.3;2612444.11;1267983.38;7.603972;47.562444
803;256.3;2612445.93;1267978.26;7.603996;47.562398
810;256.3;2612448.28;1267971.71;7.604027;47.562339
814.1;256.3;2612449.94;1267967.93;7.604049;47.562305
817.6;256.4;2612451.83;1267964.93;7.604074;47.562278
822.5;256.3;2612451.54;1267960.04;7.60407;47.562234
826.8;256.3;2612453.05;1267956.04;7.60409;47.562198
831.8;256.3;2612453.59;1267951.04;7.604097;47.562153
836.8;256.6;2612454.43;1267946.15;7.604108;47.562109
844.4;256.4;2612453.76;1267938.59;7.604099;47.562041
848.6;256.4;2612453.02;1267934.47;7.604089;47.562004
853.1;256.4;2612454.46;1267930.14;7.604108;47.561965
858.4;256.5;2612453.27;1267925.02;7.604092;47.561919
865.9;256.5;2612454.64;1267917.68;7.60411;47.561853
878.6;256.6;2612451.95;1267905.23;7.604074;47.561741
889.6;256.7;2612451.22;1267894.22;7.604064;47.561642
899.7;256.7;2612453.05;1267884.32;7.604088;47.561553
906;256.7;2612452.76;1267877.99;7.604084;47.561496
915.4;256.8;2612452.86;1267868.65;7.604085;47.561412
920.4;256.7;2612452.94;1267863.64;7.604086;47.561367
928.6;256.8;2612452.66;1267855.41;7.604082;47.561293
935.1;256.8;2612451.02;1267849.18;7.60406;47.561237
940.4;256.8;2612451.25;1267843.85;7.604063;47.561189
946.3;256.9;2612451.42;1267837.96;7.604065;47.561136
951.9;256.9;2612451.73;1267832.4;7.604069;47.561086
957.8;256.9;2612452.42;1267826.5;7.604078;47.561033
963.1;256.9;2612452.66;1267821.17;7.604081;47.560985
968.3;257;2612453.04;1267816.05;7.604086;47.560939
974.4;256.8;2612454.86;1267810.16;7.60411;47.560886
980.2;256.8;2612456;1267804.5;7.604125;47.560835
986.1;256.9;2612456.69;1267798.61;7.604134;47.560782
991.3;256.8;2612458.06;1267793.6;7.604152;47.560737
995.5;256.9;2612458.74;1267789.49;7.604161;47.5607
1001.4;256.8;2612458.46;1267783.6;7.604157;47.560647
1007.9;256.8;2612459.37;1267777.15;7.604169;47.560589
1013.2;256.8;2612461.41;1267772.26;7.604196;47.560545
1021.4;256.8;2612460.9;1267764.03;7.604189;47.560471
1031.7;256.9;2612462.66;1267753.92;7.604212;47.56038
1037.3;256.9;2612462.52;1267748.36;7.60421;47.56033
1044.3;256.9;2612463.44;1267741.36;7.604222;47.560267
1052.3;256.8;2612463.6;1267733.35;7.604224;47.560195
1058.2;256.9;2612464.22;1267727.57;7.604232;47.560143
1062.5;256.9;2612464.45;1267723.24;7.604235;47.560104
1068.2;256.9;2612465.74;1267717.68;7.604252;47.560054
1075;257;2612465.98;1267710.9;7.604255;47.559993
1081.4;257;2612467.5;1267704.67;7.604275;47.559937
1088.4;257.1;2612467.89;1267697.67;7.60428;47.559874
1094.3;257;2612468.51;1267691.78;7.604288;47.559821
1099.7;257;2612470.17;1267686.67;7.60431;47.559775
1104.8;257;2612471.69;1267681.78;7.60433;47.559731
1109.9;257;2612472.53;1267676.78;7.604341;47.559686
1115.2;257;2612472.69;1267671.44;7.604343;47.559638
1122;257.1;2612474.74;1267664.99;7.60437;47.55958
1127.6;257;2612475.57;1267659.44;7.604381;47.55953
1132.6;257.1;2612476.26;1267654.55;7.60439;47.559486
1137.9;257.1;2612477.18;1267649.32;7.604402;47.559439
1142.3;257.1;2612477.49;1267644.87;7.604406;47.559399
1150.9;257.1;2612478.93;1267636.43;7.604425;47.559323
1156.6;257.1;2612480.68;1267630.98;7.604448;47.559274
1162.4;257.1;2612482.72;1267625.54;7.604475;47.559225
1167.3;257.1;2612484.09;1267620.87;7.604493;47.559183
1170.8;257.2;2612484.77;1267617.43;7.604502;47.559152
1177.4;257.2;2612484.78;1267610.87;7.604502;47.559093
1184.7;257.3;2612484.42;1267603.53;7.604497;47.559027
1190.2;257.3;2612484.13;1267598.08;7.604493;47.558978
1195.5;257.2;2612484.29;1267592.74;7.604495;47.55893
1200.6;257.3;2612485.06;1267587.74;7.604505;47.558885
1205.7;257.3;2612486.05;1267582.74;7.604518;47.55884
1211.8;257.3;2612487.34;1267576.74;7.604535;47.558786
1216.5;257.4;2612488.78;1267572.29;7.604554;47.558746
1221.8;257.5;2612490.52;1267567.29;7.604577;47.558701
1229.6;257.8;2612490.84;1267559.51;7.604581;47.558631
1234.8;257.9;2612491.9;1267554.4;7.604595;47.558585
1240.7;258.1;2612492.89;1267548.51;7.604608;47.558532
1246.5;258.2;2612493.73;1267542.84;7.604619;47.558481
1253.4;258.4;2612494.65;1267535.95;7.604631;47.558419
1262.8;258.6;2612496.85;1267526.83;7.60466;47.558337
1267.6;258.7;2612497.54;1267522.05;7.604669;47.558294
1272;258.8;2612498.08;1267517.72;7.604676;47.558255
1277.5;258.9;2612498.76;1267512.27;7.604685;47.558206
1282.8;259.1;2612499.83;1267507.05;7.604699;47.558159
1287.7;259.2;2612501.57;1267502.49;7.604722;47.558118
1292.2;259.2;2612504.21;1267498.83;7.604757;47.558085
1296.8;259.2;2612507.83;1267495.94;7.604805;47.558059
1301.2;259.1;2612512.05;1267494.73;7.604861;47.558048
1305.7;259;2612516.49;1267494.18;7.60492;47.558043
1309.9;258.7;2612520.71;1267493.86;7.604976;47.55804
1313.6;258.7;2612524.32;1267493.09;7.605024;47.558033
1319.5;258.5;2612527.42;1267488.09;7.605065;47.557988
1327.5;258.2;2612529.92;1267480.54;7.605098;47.55792
1335;257.8;2612531.21;1267473.09;7.605115;47.557853
1342.3;257.4;2612532.36;1267465.86;7.60513;47.557788
1349.5;257.2;2612533.73;1267458.86;7.605148;47.557725
1356.1;256.9;2612535.17;1267452.42;7.605167;47.557667
1362.5;256.6;2612536.61;1267446.19;7.605186;47.557611
1368.2;256.5;2612538.13;1267440.64;7.605206;47.557561
1374;256.1;2612539.8;1267435.08;7.605228;47.557511
1379.8;255.9;2612542.14;1267429.86;7.605259;47.557464
1385;255.8;2612545.24;1267425.64;7.6053;47.557426
1390.8;255.9;2612550.66;1267423.65;7.605372;47.557408
1397.4;255;2612557.28;1267423;7.60546;47.557402
1404.3;253;2612564.06;1267423.9;7.60555;47.55741
1411;253.2;2612570.6;1267425.47;7.605637;47.557424
1417.9;253.6;2612577.3;1267427.27;7.605726;47.55744
1424.6;254.2;2612583.77;1267428.95;7.605812;47.557455
1430.4;254.6;2612589.41;1267430.18;7.605887;47.557466
1436.5;253.9;2612595.35;1267431.75;7.605966;47.55748
1442.7;252.4;2612601.37;1267433.21;7.606046;47.557493
1449;252.3;2612607.39;1267434.89;7.606126;47.557508
1455.1;252.4;2612613.25;1267436.57;7.606204;47.557523
1461.4;253.9;2612619.27;1267438.47;7.606284;47.55754
1467.9;253.9;2612625.44;1267440.6;7.606366;47.557559
1474.2;254.6;2612631.46;1267442.5;7.606446;47.557576
1480.1;255.7;2612637.02;1267444.4;7.60652;47.557593
1485.7;255.7;2612642.29;1267446.19;7.60659;47.557609
1491.7;256.1;2612648;1267448.21;7.606666;47.557627
1498.1;256.3;2612653.94;1267450.44;7.606745;47.557647
1504.8;256.3;2612660.34;1267452.68;7.60683;47.557667
1511;256.4;2612666.35;1267454.14;7.60691;47.55768
1516.7;256.4;2612672;1267454.82;7.606985;47.557686
1522.1;256;2612677.42;1267455.16;7.607057;47.557689
1528;256.4;2612683.21;1267455.73;7.607134;47.557694
1532.6;256.2;2612687.88;1267456.08;7.607196;47.557697
1536.7;255.6;2612691.94;1267456.53;7.60725;47.557701
1541;254.8;2612696.23;1267456.87;7.607307;47.557704
1545.1;253.6;2612700.29;1267457.33;7.607361;47.557708
1550.1;253.5;2612705.26;1267458;7.607427;47.557714
1556.1;252.6;2612711.13;1267458.91;7.607505;47.557722
1562.2;251.7;2612717.15;1267460.25;7.607585;47.557734
1568.3;252.4;2612723.01;1267461.6;7.607663;47.557746
1574.1;252.3;2612728.66;1267462.95;7.607738;47.557758
1580.1;256;2612734.37;1267464.74;7.607814;47.557774
1586.3;256;2612740.16;1267466.97;7.607891;47.557794
1593.4;256.6;2612746.4;1267470.55;7.607974;47.557826
1600.8;256.5;2612752.64;1267474.34;7.608057;47.55786
1607.6;257.3;2612758.65;1267477.69;7.608137;47.55789
1613.7;257.5;2612764.29;1267480.04;7.608212;47.557911
1619.6;257.4;2612769.71;1267482.27;7.608284;47.557931
1625.8;257.4;2612775.5;1267484.62;7.608361;47.557952
1632.8;257.5;2612781.82;1267487.41;7.608445;47.557977
1639.8;257.5;2612788.13;1267490.54;7.608529;47.558005
1646.7;257.5;2612794.15;1267493.89;7.608609;47.558035
1652.7;257.6;2612799.48;1267496.68;7.60868;47.55806
1658.2;257.6;2612804.6;1267498.58;7.608748;47.558077
1663.8;257.7;2612810.09;1267499.7;7.608821;47.558087
1669.5;257.6;2612815.66;1267501.05;7.608895;47.558099
1675.3;257.7;2612821.3;1267502.51;7.60897;47.558112
1681.2;257.7;2612826.86;1267504.3;7.609044;47.558128
1686.8;257.8;2612832.13;1267506.31;7.609114;47.558146
1691.8;257.7;2612836.79;1267508.21;7.609176;47.558163
1696.6;257.8;2612841.08;1267510.33;7.609233;47.558182
1700.6;257.6;2612844.53;1267512.34;7.609279;47.5582
1704.5;257.5;2612847.46;1267514.91;7.609318;47.558223
1708.2;257.4;2612849.87;1267517.69;7.60935;47.558248
1711.9;257.4;2612852.34;1267520.48;7.609383;47.558273
1715.8;257.5;2612855.65;1267522.48;7.609427;47.558291
1720.4;257.4;2612860.24;1267522.72;7.609488;47.558293
1725.8;257.3;2612865.66;1267522.17;7.60956;47.558288
1731.4;257.2;2612871.16;1267521.29;7.609633;47.55828
1737.1;257.2;2612876.8;1267520.64;7.609708;47.558274
1742.3;257.2;2612881.92;1267519.87;7.609776;47.558267
1747.1;257.3;2612886.74;1267519.44;7.60984;47.558263
1751.7;257.3;2612891.33;1267519.23;7.609901;47.558261
1756;255.9;2612895.62;1267519.35;7.609958;47.558262
1759.5;255;2612899.09;1267518.69;7.610004;47.558256
1763.8;254.1;2612903.38;1267518.36;7.610061;47.558253
1767.4;251.3;2612906.84;1267517.59;7.610107;47.558246
1770.6;251.1;2612910;1267518.04;7.610149;47.55825
1776;250.1;2612915.19;1267519.61;7.610218;47.558264
1782.5;254.7;2612921.21;1267522.18;7.610298;47.558287
1789.5;252.5;2612927.6;1267525.09;7.610383;47.558313
1797.5;253.6;2612934.82;1267528.55;7.610479;47.558344
1810.3;256.2;2612945.64;1267535.36;7.610623;47.558405
1817;255.9;2612951.96;1267537.48;7.610707;47.558424
1821.7;254.7;2612956.62;1267537.83;7.610769;47.558427
1828.3;254;2612962.94;1267539.95;7.610853;47.558446
1835;254.6;2612969.41;1267541.3;7.610939;47.558458
1841.3;252.9;2612975.73;1267541.98;7.611023;47.558464
1848;254.4;2612981.82;1267544.66;7.611104;47.558488
1853.6;253.1;2612987.39;1267545.34;7.611178;47.558494
1861.9;253.8;2612995.44;1267547.58;7.611285;47.558514
1870.1;254.5;2613003.11;1267550.49;7.611387;47.55854
1877.2;254.2;2613009.95;1267552.06;7.611478;47.558554
1884.6;252;2613017.33;1267553.08;7.611576;47.558563
1892.4;250.9;2613024.93;1267554.99;7.611677;47.55858
1904.1;253.2;2613035.45;1267560.01;7.611817;47.558625
1907.6;253.5;2613038.01;1267562.35;7.611851;47.558646
1913.8;253.8;2613043.49;1267565.37;7.611924;47.558673
1918.7;253.7;2613048.08;1267566.94;7.611985;47.558687
1925.3;252.7;2613054.7;1267567.39;7.612073;47.558691
1932;252.7;2613061.02;1267569.63;7.612157;47.558711
1941.4;252.1;2613069.74;1267572.99;7.612273;47.558741
1947;251.7;2613075.39;1267573.44;7.612348;47.558745
1952.1;250.8;2613080.51;1267573.12;7.612416;47.558742
1959.7;250.5;2613087.57;1267575.81;7.61251;47.558766
1965;249.7;2613092.77;1267576.71;7.612579;47.558774
1975.7;253.8;2613099.14;1267585.28;7.612664;47.558851
1980.9;254;2613103.96;1267587.41;7.612728;47.55887
1986.2;254.6;2613103.12;1267592.63;7.612717;47.558917
1991.7;254.9;2613106.12;1267597.2;7.612757;47.558958
1996.4;255.1;2613109.05;1267600.87;7.612796;47.558991
2000.2;256.9;2613111.75;1267603.55;7.612832;47.559015
2003.3;258.1;2613113.02;1267606.44;7.612849;47.559041
2007.1;258.1;2613114.14;1267610;7.612864;47.559073
2035.9;259.3;2613142.82;1267607.39;7.613245;47.559049
2039.7;259;2613145.45;1267610.18;7.61328;47.559074
2042.9;258.8;2613147.4;1267612.74;7.613306;47.559097
2046.5;258.7;2613149.5;1267615.64;7.613334;47.559123
2049.7;258.4;2613150.63;1267618.64;7.613349;47.55915
2053;258.2;2613152.2;1267621.54;7.61337;47.559176
2087.8;260.5;2613186.28;1267628.51;7.613823;47.559238
2090.8;261.1;2613189.14;1267627.51;7.613861;47.559229
2096.8;261.1;2613194.64;1267625.19;7.613934;47.559208
2101.1;261;2613198.11;1267622.64;7.61398;47.559185
2105.2;261;2613201.13;1267619.87;7.61402;47.55916
2110;261;2613204.45;1267616.32;7.614064;47.559128
2115.2;252.7;2613207.77;1267612.32;7.614108;47.559092
2120.4;252.2;2613211.09;1267608.44;7.614152;47.559057
2126.3;248.9;2613214.56;1267603.66;7.614198;47.559014
2132.3;245.6;2613218.11;1267598.78;7.614245;47.55897
2138.6;244.9;2613221.73;1267593.67;7.614293;47.558924
2144.7;244.9;2613225.58;1267588.9;7.614344;47.558881
2151.1;244.9;2613230.41;1267584.68;7.614408;47.558843
2158.2;244.9;2613236.29;1267580.69;7.614486;47.558807
2166.5;244.9;2613243.67;1267576.82;7.614584;47.558772
2175.6;244.9;2613251.96;1267573.17;7.614694;47.558739
2183.9;244.9;2613259.42;1267569.52;7.614793;47.558706
2189.5;244.9;2613263.34;1267565.52;7.614845;47.55867
2194.4;244.9;2613265.98;1267561.41;7.61488;47.558633
2199.6;244.9;2613267.65;1267556.53;7.614902;47.558589
2204.8;244.9;2613268.87;1267551.41;7.614918;47.558543
2209.9;244.9;2613270.61;1267546.64;7.614941;47.5585
2214.8;244.9;2613271.37;1267541.75;7.614951;47.558456
2220;244.9;2613272.14;1267536.63;7.614961;47.55841
2225.3;244.9;2613272.82;1267531.41;7.61497;47.558363
2230.9;244.9;2613273.21;1267525.85;7.614975;47.558313
2236.3;244.9;2613273.53;1267520.4;7.614979;47.558264
2241.8;244.9;2613274.44;1267514.96;7.614991;47.558215
2247.4;244.9;2613275.43;1267509.51;7.615004;47.558166
2253;244.9;2613276.5;1267503.95;7.615018;47.558116
2258.6;244.9;2613277.64;1267498.51;7.615033;47.558067
2264.2;244.9;2613279.53;1267493.17;7.615058;47.558019
2270;244.9;2613281.73;1267487.84;7.615087;47.557971
2275.8;244.9;2613284.22;1267482.62;7.61512;47.557924
2281.6;244.9;2613286.57;1267477.29;7.615151;47.557876
2287.6;245;2613288.69;1267471.74;7.615179;47.557826
2293.7;245;2613290.28;1267465.85;7.6152;47.557773
2299.6;245;2613291.88;1267460.18;7.615221;47.557722
2305.5;244.9;2613293.32;1267454.4;7.61524;47.55767
2311.4;244.9;2613295.06;1267448.73;7.615263;47.557619
2316.9;244.9;2613297.11;1267443.62;7.61529;47.557573
2322.2;245.3;2613299.53;1267438.96;7.615322;47.557531
2327.5;248.4;2613302.09;1267434.29;7.615356;47.557489
2332.2;249;2613304.59;1267430.3;7.615389;47.557453
2337.4;249.2;2613307.46;1267425.97;7.615427;47.557414
2342.6;250.9;2613310.4;1267421.75;7.615466;47.557376
2347.4;251.7;2613312.97;1267417.64;7.6155;47.557339
2352.3;251.6;2613315.09;1267413.2;7.615528;47.557299
2357.4;251.6;2613317.36;1267408.64;7.615558;47.557258
2362.8;251.7;2613319.4;1267403.65;7.615585;47.557213
2368.2;251.7;2613321.14;1267398.53;7.615608;47.557167
2373.8;251.8;2613323.41;1267393.42;7.615638;47.557121
2379.6;252;2613326.51;1267388.54;7.615679;47.557077
2386.4;252.2;2613330.66;1267383.1;7.615734;47.557028
2393.8;252.3;2613335.11;1267377.22;7.615793;47.556975
2400.9;252.2;2613339.27;1267371.44;7.615848;47.556923
2408;252;2613342.52;1267365.23;7.615891;47.556867
2414.4;252.1;2613345.62;1267359.56;7.615932;47.556816
2420.3;252;2613348.04;1267354.23;7.615964;47.556768
2425.5;249.9;2613350.23;1267349.45;7.615993;47.556725
2430.5;251.8;2613352.65;1267345.12;7.616025;47.556686
2434.5;251.7;2613354.91;1267341.79;7.616055;47.556656
2438.2;251.7;2613356.5;1267338.46;7.616076;47.556626
2442.1;251.7;2613357.49;1267334.68;7.616089;47.556592
2445.6;252.6;2613357.72;1267331.24;7.616092;47.556561
2449.1;252.3;2613354.78;1267333.23;7.616053;47.556579
2452.8;251.9;2613352.37;1267336.01;7.616021;47.556604
2457.2;251.9;2613349.58;1267339.45;7.615984;47.556635
2462.6;252.6;2613346.63;1267343.89;7.615945;47.556675
2468.3;252;2613343.53;1267348.77;7.615904;47.556719
2474.1;252.2;2613340.44;1267353.66;7.615863;47.556763
2484.9;252.5;2613331.09;1267359.08;7.615739;47.556812
2490.6;252.2;2613328.07;1267363.86;7.615699;47.556855
2494.3;252.1;2613327.31;1267367.53;7.615689;47.556888
2502.9;252;2613324.73;1267375.75;7.615655;47.556962
2513.9;251.6;2613318.99;1267385.08;7.615579;47.557046
2520.4;251.5;2613316.12;1267390.96;7.615541;47.557099
2536.9;251.1;2613306.38;1267404.28;7.615412;47.557219
2542.9;251.2;2613302.32;1267399.94;7.615358;47.55718
2549.9;251.1;2613308.49;1267403.29;7.61544;47.55721
2557.5;251.5;2613314.8;1267407.53;7.615524;47.557248
2566.1;251.8;2613322.34;1267403.32;7.615624;47.55721
2571.7;251.4;2613326.62;1267406.89;7.615681;47.557242
2587.4;249.6;2613342.12;1267409.26;7.615887;47.557263
2602.4;249.8;2613356.33;1267414.18;7.616076;47.557307
2611.4;249.9;2613365.29;1267414.09;7.616195;47.557306
2618.8;249.8;2613372.74;1267414.33;7.616294;47.557308
2622.9;249.9;2613376.8;1267413.89;7.616348;47.557304
2628.6;249.8;2613382.45;1267414.35;7.616423;47.557308
2632.6;249.9;2613386.44;1267413.91;7.616476;47.557304
2640;249.9;2613393.74;1267412.93;7.616573;47.557295
2644.5;250;2613397.96;1267411.27;7.616629;47.55728
2648.4;250;2613401.73;1267410.17;7.616679;47.55727
2653.6;250.1;2613406.85;1267409.62;7.616747;47.557265
2659.2;250.1;2613412.34;1267410.97;7.61682;47.557277
2662.5;250;2613415.57;1267411.65;7.616863;47.557283
2666.2;250.1;2613419.18;1267412.43;7.616911;47.55729
2671.7;250.2;2613424.52;1267413.44;7.616982;47.557299
2675.5;250.4;2613428.36;1267413.56;7.617033;47.5573
2680.1;250.6;2613432.95;1267413.46;7.617094;47.557299
2685.7;251;2613438.52;1267413.25;7.617168;47.557297
2692.2;251.3;2613445;1267413.27;7.617254;47.557297
2698;250.5;2613450.87;1267413.17;7.617332;47.557296
2704.1;250;2613456.97;1267412.74;7.617413;47.557292
2710.6;249.6;2613463.44;1267412.2;7.617499;47.557287
2717.2;249.3;2613469.99;1267411.32;7.617586;47.557279
2724;247.4;2613476.69;1267410.78;7.617675;47.557274
2730.7;246;2613483.39;1267410.46;7.617764;47.557271
2737.4;245;2613490.09;1267410.48;7.617853;47.557271
2744.1;245;2613496.79;1267410.72;7.617942;47.557273
2750.6;245;2613503.26;1267410.84;7.618028;47.557274
2756.7;245.8;2613509.36;1267411.08;7.618109;47.557276
2762.2;247.5;2613514.92;1267411.2;7.618183;47.557277
2767.9;250.9;2613520.57;1267411.22;7.618258;47.557277
2774.2;252.4;2613526.89;1267411.01;7.618342;47.557275
2780.8;252.6;2613533.52;1267410.69;7.61843;47.557272
2787.2;252.8;2613539.92;1267410.26;7.618515;47.557268
2793.9;252.8;2613546.61;1267410.5;7.618604;47.55727
2800.2;252.8;2613552.86;1267410.62;7.618687;47.557271
2806.2;252.7;2613558.88;1267410.75;7.618767;47.557272
2812.3;252.8;2613564.98;1267410.98;7.618848;47.557274
2818;252.9;2613570.7;1267411.44;7.618924;47.557278
2823.9;253.1;2613576.41;1267412.57;7.619;47.557288
2829.4;253;2613581.76;1267414.02;7.619071;47.557301
2835.6;253;2613587.77;1267415.59;7.619151;47.557315
2843;253.1;2613594.92;1267417.28;7.619246;47.55733
2850.4;253.1;2613602.29;1267417.96;7.619344;47.557336
2857.7;253;2613609.59;1267418.09;7.619441;47.557337
2864.3;253;2613616.22;1267417.77;7.619529;47.557334
2870.3;253;2613622.17;1267417.23;7.619608;47.557329
2876.3;253;2613628.11;1267416.58;7.619687;47.557323
2881.9;253;2613633.68;1267415.81;7.619761;47.557316
2887.2;253;2613638.96;1267415.05;7.619831;47.557309
2891.3;253;2613643.02;1267414.83;7.619885;47.557307
2895.4;253;2613647.08;1267415.62;7.619939;47.557314
2900;253.1;2613651.29;1267417.52;7.619995;47.557331
2905.5;253.1;2613655.8;1267420.53;7.620055;47.557358
2911.3;253;2613660.46;1267423.99;7.620117;47.557389
2916.2;253.2;2613664.75;1267426.45;7.620174;47.557411
2920.6;253.2;2613668.96;1267427.79;7.62023;47.557423
2925.4;253.3;2613673.7;1267427.91;7.620293;47.557424
2930.4;253.3;2613678.74;1267427.37;7.62036;47.557419
2935.5;253.3;2613683.71;1267426.49;7.620426;47.557411
2940.3;253.4;2613688.46;1267425.72;7.620489;47.557404
2944.7;253.4;2613692.75;1267424.95;7.620546;47.557397
2948.6;253.4;2613696.59;1267424.3;7.620597;47.557391
2952.4;253.5;2613700.43;1267423.86;7.620648;47.557387
2955.5;253.5;2613703.36;1267423.09;7.620687;47.55738
2958.5;253.3;2613705.78;1267421.2;7.620719;47.557363
2961.7;253.3;2613707.74;1267418.65;7.620745;47.55734
2965.5;253.3;2613709.48;1267415.32;7.620768;47.55731
2970.1;253.4;2613711.07;1267410.99;7.620789;47.557271
2975.4;253.4;2613713.71;1267406.43;7.620824;47.55723
2980.7;253.5;2613717.56;1267402.77;7.620875;47.557197
2986.1;253.4;2613722.31;1267400.23;7.620938;47.557174
2994.7;253.4;2613730.67;1267398.13;7.621049;47.557155
3000;253.3;2613736.01;1267398.48;7.62112;47.557158
3004.2;253.4;2613740.15;1267398.6;7.621175;47.557159
3009;253.4;2613744.89;1267399.28;7.621238;47.557165
3014.3;253.5;2613750.16;1267398.62;7.621308;47.557159
3020.6;253.4;2613756.41;1267397.75;7.621391;47.557151
3024.6;253.5;2613760.4;1267398.09;7.621444;47.557154
3030.6;253.4;2613765.37;1267394.77;7.62151;47.557124
3035.5;253.4;2613770.27;1267395.22;7.621575;47.557128
3041.4;253.4;2613776.14;1267395.68;7.621653;47.557132
3047;253.4;2613781.71;1267394.81;7.621727;47.557124
3052.3;253.4;2613786.6;1267392.93;7.621792;47.557107
3058.3;253.4;2613792.63;1267392.94;7.621872;47.557107
3061.9;253.4;2613796.16;1267392.5;7.621919;47.557103
3067.3;253.4;2613801.51;1267391.52;7.62199;47.557094
3072.7;253.4;2613806.78;1267390.3;7.62206;47.557083
3080.5;253.3;2613814.54;1267389.32;7.622163;47.557074
3087.8;253.4;2613821.62;1267387.78;7.622257;47.55706
3095.2;253.4;2613828.99;1267386.58;7.622355;47.557049
3102.7;253.4;2613836.37;1267387.59;7.622453;47.557058
3109.8;253.5;2613843.52;1267387.83;7.622548;47.55706
3117.5;253.6;2613851.12;1267387.41;7.622649;47.557056
3126;253.7;2613859.7;1267387.65;7.622763;47.557058
3132.6;253.8;2613866.25;1267386.89;7.62285;47.557051
3138.4;253.9;2613871.97;1267387.01;7.622926;47.557052
3141.6;254;2613875.21;1267387.13;7.622969;47.557053
3149.3;254.1;2613882.51;1267384.7;7.623066;47.557031
3154.1;254.1;2613886.96;1267382.82;7.623125;47.557014
3158.8;254.2;2613891.63;1267382.72;7.623187;47.557013
3165;254.3;2613897.87;1267382.85;7.62327;47.557014
3172.7;254.5;2613905.1;1267380.3;7.623366;47.556991
3178.2;254.6;2613910.53;1267379.43;7.623438;47.556983
3186.7;254.8;2613918.73;1267377;7.623547;47.556961
3196.4;255;2613928.15;1267374.8;7.623672;47.556941
3200.6;255.1;2613932.36;1267374.92;7.623728;47.556942
3206.7;255.1;2613938.46;1267374.6;7.623809;47.556939
3214.3;255.2;2613946.06;1267374.73;7.62391;47.55694
3221.2;255.3;2613952.83;1267375.97;7.624;47.556951
3228.2;255.5;2613959.68;1267377.32;7.624091;47.556963
3233.9;255.6;2613965.32;1267377.67;7.624166;47.556966
3239.9;255.7;2613971.27;1267378.46;7.624245;47.556973
3244.3;255.7;2613975.71;1267378.91;7.624304;47.556977
3249.7;255.8;2613981.13;1267378.7;7.624376;47.556975
3256.2;255.9;2613987.45;1267377.27;7.62446;47.556962
3261.9;255.9;2613993.17;1267377.29;7.624536;47.556962
3267.5;256;2613998.67;1267376.3;7.624609;47.556953
3274.4;256.1;2614005.14;1267378.54;7.624695;47.556973
3277.6;256.1;2614008.3;1267379.32;7.624737;47.55698
3281;256.1;2614011.61;1267379.78;7.624781;47.556984
3284.8;256.1;2614015.37;1267380.45;7.624831;47.55699
3289.5;256.1;2614019.5;1267382.69;7.624886;47.55701
3294.6;256.2;2614024.47;1267383.81;7.624952;47.55702
3299.2;256.3;2614028.98;1267384.71;7.625012;47.557028
3311.7;256.2;2614040.66;1267380.18;7.625167;47.556987
3318.9;256.3;2614047.81;1267379.31;7.625262;47.556979
3324.9;256.3;2614053.83;1267379.43;7.625342;47.55698
3329.4;256.3;2614057.98;1267377.77;7.625397;47.556965
3332.5;256.4;2614060.91;1267376.78;7.625436;47.556956
3335.7;256.4;2614064.08;1267376.23;7.625478;47.556951
3341.8;256.6;2614070.1;1267376.91;7.625558;47.556957
3346.4;256.6;2614074.69;1267377.04;7.625619;47.556958
3353.7;256.6;2614081.91;1267378.28;7.625715;47.556969
3359.6;256.7;2614087.7;1267379.62;7.625792;47.556981
3365.1;256.7;2614093.12;1267378.75;7.625864;47.556973
3368.3;256.8;2614096.06;1267377.53;7.625903;47.556962
3373.3;256.7;2614100.95;1267378.21;7.625968;47.556968
3377.1;256.8;2614104.72;1267377.44;7.626018;47.556961
3382.2;256.9;2614109.84;1267377.45;7.626086;47.556961
3385.6;257.1;2614112.7;1267375.68;7.626124;47.556945
3389.8;257;2614115.04;1267372.13;7.626155;47.556913
3410.8;256.9;2614106.43;1267352.98;7.62604;47.556741
3416.3;256.9;2614104.04;1267348.08;7.626008;47.556697
3422.4;256.8;2614103.37;1267341.97;7.625999;47.556642
3428;256.8;2614100.22;1267337.4;7.625957;47.556601
3432.7;256.7;2614098.43;1267333.06;7.625933;47.556562
3436.5;256.7;2614097;1267329.5;7.625914;47.55653
3441.6;256.7;2614097.09;1267324.39;7.625915;47.556484
3447.3;256.6;2614096.8;1267318.71;7.625911;47.556433
3454.6;256.6;2614094.64;1267311.7;7.625882;47.55637
3460.8;256.5;2614093.98;1267305.59;7.625873;47.556315
3467;256.7;2614093.01;1267299.47;7.62586;47.55626
3475.1;256.5;2614089.87;1267292.01;7.625818;47.556193
3484.4;256.2;2614084.32;1267284.55;7.625744;47.556126
3491.9;256.1;2614079.29;1267278.98;7.625677;47.556076
3497.2;256;2614075.76;1267274.97;7.62563;47.55604
3504.2;255.8;2614070.88;1267269.95;7.625565;47.555995
3511.3;255.9;2614067.96;1267263.5;7.625526;47.555937
3520.2;255.8;2614065.27;1267255.04;7.62549;47.555861
3526.9;255.8;2614061.37;1267249.58;7.625438;47.555812
3533.8;255.8;2614057.69;1267243.79;7.625389;47.55576
3541;255.8;2614054.32;1267237.33;7.625344;47.555702
3548.3;255.8;2614050.42;1267231.21;7.625292;47.555647
3557.5;255.8;2614046.45;1267222.86;7.625239;47.555572
3564.7;255.8;2614043.61;1267216.29;7.625201;47.555513
3572.3;255.8;2614040.09;1267209.61;7.625154;47.555453
3579.8;255.9;2614037.32;1267202.6;7.625117;47.55539
3586.7;255.8;2614033.94;1267196.59;7.625072;47.555336
3592.3;255.8;2614032.38;1267191.25;7.625051;47.555288
3598.6;255.7;2614029.23;1267185.68;7.625009;47.555238
3606.1;255.6;2614026.01;1267179;7.624966;47.555178
3612.3;255.6;2614023.24;1267173.44;7.624929;47.555128
3618.4;255.6;2614020.99;1267167.76;7.624899;47.555077
3624.3;255.7;2614018.44;1267162.42;7.624865;47.555029
3631.7;255.7;2614015.37;1267155.74;7.624824;47.554969
3637.3;255.8;2614013.5;1267150.4;7.624799;47.554921
3641.4;256.4;2614013.14;1267146.28;7.624794;47.554884
3647.2;255.8;2614011.04;1267140.94;7.624766;47.554836
3652.6;255.9;2614007.59;1267136.82;7.62472;47.554799
3657.9;256;2614004.59;1267132.37;7.62468;47.554759
3662.6;256;2614001.74;1267128.69;7.624642;47.554726
3668;256;2613999.04;1267124.01;7.624606;47.554684
3674.3;256;2613996.34;1267118.34;7.62457;47.554633
3680.5;256;2613993.87;1267112.66;7.624537;47.554582
3686.9;256.1;2613991.25;1267106.76;7.624502;47.554529
3693.5;256.2;2613988.41;1267100.86;7.624464;47.554476
3699.9;256.2;2613985.63;1267095.07;7.624427;47.554424
3705.6;256.3;2613983.16;1267089.95;7.624394;47.554378
3711.2;256.4;2613980.84;1267084.83;7.624363;47.554332
3716.3;256.4;2613978.82;1267080.16;7.624336;47.55429
3721.6;256.5;2613976.42;1267075.37;7.624304;47.554247
3727.3;256.4;2613973.95;1267070.25;7.624271;47.554201
3733.3;256.5;2613971.63;1267064.68;7.62424;47.554151
3739.3;256.7;2613969.23;1267059.23;7.624208;47.554102
3745.3;256.7;2613966.84;1267053.78;7.624176;47.554053
3751.3;256.8;2613964.59;1267048.21;7.624146;47.554003
3757.7;257.3;2613962.12;1267042.31;7.624113;47.55395
3763.7;257.3;2613959.8;1267036.75;7.624082;47.5539
3769.2;257;2613957.48;1267031.74;7.624051;47.553855
3775.2;257.2;2613955.01;1267026.29;7.624018;47.553806
3781.3;257.2;2613952.46;1267020.72;7.623984;47.553756
3787.5;257.2;2613949.54;1267015.26;7.623945;47.553707
3796.4;257;2613943.54;1267008.69;7.623865;47.553648
3803.9;257.1;2613939.56;1267002.34;7.623812;47.553591
3809.2;257.2;2613937.16;1266997.67;7.62378;47.553549
3817.7;257.2;2613933.57;1266989.88;7.623732;47.553479
3825.6;257.2;2613930.2;1266982.75;7.623687;47.553415
3831.4;257.2;2613927.8;1266977.52;7.623655;47.553368
3836.7;257.3;2613925.55;1266972.73;7.623625;47.553325
3841.4;257.9;2613924.29;1266968.17;7.623608;47.553284
3846;257.3;2613921.96;1266964.16;7.623577;47.553248
3851.3;257.3;2613918.43;1266960.26;7.62353;47.553213
3857.2;257.6;2613918.07;1266954.37;7.623525;47.55316
3861.6;257.6;2613917.33;1266950.03;7.623515;47.553121
3864.7;257.5;2613916.21;1266947.14;7.6235;47.553095
3868.1;257.5;2613913.95;1266944.58;7.62347;47.553072
3873.2;257.5;2613910.88;1266940.45;7.623429;47.553035
3877.8;257.6;2613908.55;1266936.56;7.623398;47.553
3881.3;257.5;2613905.32;1266935.1;7.623355;47.552987
3885.7;257.6;2613902.32;1266931.87;7.623315;47.552958
3889.1;257.5;2613900.06;1266929.42;7.623285;47.552936
3894.7;257.5;2613896.69;1266924.97;7.62324;47.552896
3901.3;257.6;2613892.56;1266919.73;7.623185;47.552849
3906.6;257.6;2613889.33;1266915.61;7.623142;47.552812
3912.1;257.7;2613887.99;1266910.27;7.623124;47.552764
3916.3;257.8;2613888.15;1266906.04;7.623126;47.552726
3923.4;257.9;2613890.72;1266899.38;7.62316;47.552666
3928.7;258;2613892.62;1266894.49;7.623185;47.552622
3933.2;258;2613894.89;1266890.6;7.623215;47.552587
3937.1;258.1;2613898.72;1266891.28;7.623266;47.552593
3941.5;258.1;2613901.29;1266887.73;7.6233;47.552561
3946.6;258.1;2613903.78;1266883.29;7.623333;47.552521
3951.8;258.1;2613907.18;1266879.29;7.623378;47.552485
3956.6;258.2;2613909.9;1266875.3;7.623414;47.552449
3961.5;258.3;2613912.62;1266871.3;7.62345;47.552413
3965.7;258.3;2613915.26;1266867.97;7.623485;47.552383
3969.7;258.3;2613917.75;1266864.86;7.623518;47.552355
3973.4;258.3;2613920.24;1266862.09;7.623551;47.55233
3977.4;258.3;2613922.59;1266858.87;7.623582;47.552301
3981.3;258.4;2613924.85;1266855.65;7.623612;47.552272
3986.6;258.4;2613927.27;1266850.99;7.623644;47.55223
3992.1;258.5;2613929.69;1266846.1;7.623676;47.552186
3997.2;258.5;2613932.71;1266841.99;7.623716;47.552149
4003.4;258.6;2613934.98;1266836.22;7.623746;47.552097
4016.6;258.8;2613936.07;1266822.99;7.62376;47.551978
4021.8;258.9;2613939.54;1266819.22;7.623806;47.551944
4030.1;259;2613941.74;1266811.21;7.623835;47.551872
4035.7;259.2;2613945.29;1266806.89;7.623882;47.551833
4041.1;259.3;2613948.09;1266802.22;7.623919;47.551791
4046.2;259.5;2613951.11;1266798.12;7.623959;47.551754
4052.8;259.6;2613954.51;1266792.45;7.624004;47.551703
4059.4;259.7;2613957.46;1266786.57;7.624043;47.55165
4064.9;260;2613960.4;1266781.9;7.624082;47.551608
4070.7;260.1;2613963.65;1266777.13;7.624125;47.551565
4077.3;260.3;2613968.03;1266772.14;7.624183;47.55152
4083.1;260.5;2613971.13;1266767.25;7.624224;47.551476
4088.6;260.7;2613975.28;1266763.7;7.624279;47.551444
4094.1;260.9;2613978.45;1266759.15;7.624321;47.551403
4099.5;261;2613981.62;1266754.82;7.624363;47.551364
4105;261.1;2613983.89;1266749.83;7.624393;47.551319
4110.4;261.3;2613987.06;1266745.39;7.624435;47.551279
4114.3;261.5;2613990.23;1266743.06;7.624477;47.551258
4119.9;261.5;2613991.67;1266737.73;7.624496;47.55121
4124.3;261.7;2613994.09;1266734.06;7.624528;47.551177
4130.6;261.9;2613997.86;1266728.96;7.624578;47.551131
4136.6;262.1;2614000.96;1266723.85;7.624619;47.551085
4145.1;262.3;2614003.62;1266715.74;7.624654;47.551012
4150.7;262.5;2614006.71;1266711.08;7.624695;47.55097
4156.4;262.6;2614009.74;1266706.3;7.624735;47.550927
4161.8;262.8;2614012.53;1266701.64;7.624772;47.550885
4166.3;262.9;2614014.65;1266697.64;7.6248;47.550849
4172;263;2614017.52;1266692.75;7.624838;47.550805
4177.6;263.2;2614020.54;1266687.98;7.624878;47.550762
4183.5;263.3;2614023.57;1266682.98;7.624918;47.550717
4189;263.5;2614026.66;1266678.43;7.624959;47.550676
4193.8;263.6;2614029.16;1266674.32;7.624992;47.550639
4200.3;263.9;2614032.03;1266668.44;7.62503;47.550586
4205.6;264;2614035.58;1266664.56;7.625077;47.550551
4208.7;264.1;2614037.77;1266662.34;7.625106;47.550531
4213.6;264.3;2614041.16;1266658.79;7.625151;47.550499
4217.3;264.4;2614042.98;1266655.57;7.625175;47.55047
4225.2;264.5;2614045.33;1266648.01;7.625206;47.550402
4231.1;264.7;2614047.45;1266642.57;7.625234;47.550353
4236.9;264.9;2614050.92;1266637.91;7.62528;47.550311
4242.9;265.1;2614054.47;1266633.02;7.625327;47.550267
4249;265.3;2614058.55;1266628.58;7.625381;47.550227
4254.7;265.5;2614062.47;1266624.37;7.625433;47.550189
4261.3;265.6;2614065.8;1266618.71;7.625477;47.550138
4266.8;265.8;2614069.05;1266614.27;7.62552;47.550098
4272.9;266;2614073.8;1266610.39;7.625583;47.550063
4278.4;266.2;2614076.67;1266605.72;7.625621;47.550021
4284.1;266.3;2614079.84;1266600.95;7.625663;47.549978
4290.1;266.5;2614083.77;1266596.4;7.625715;47.549937
4296.4;266.7;2614087.32;1266591.29;7.625762;47.549891
4301.1;266.9;2614088.38;1266586.63;7.625776;47.549849
4307.2;267;2614091.41;1266581.41;7.625816;47.549802
4313.2;267.2;2614094.73;1266576.41;7.62586;47.549757
4317.3;267.4;2614096.85;1266572.86;7.625888;47.549725
4322.4;267.5;2614099.72;1266568.64;7.625926;47.549687
4326.3;267.6;2614103.03;1266566.65;7.62597;47.549669
4330.3;267.7;2614106.2;1266564.1;7.626012;47.549646
4334.6;267.8;2614110.34;1266563.22;7.626067;47.549638
4339.1;267.9;2614114.19;1266560.89;7.626118;47.549617
4361.9;268.6;2614124.55;1266540.57;7.626255;47.549434
4369.1;268.8;2614129.46;1266535.24;7.62632;47.549386
4375.5;269;2614134.43;1266531.25;7.626386;47.54935
4381.2;269.1;2614138.81;1266527.59;7.626444;47.549317
4385.9;269.3;2614143.1;1266525.71;7.626501;47.5493
4397;269.5;2614147.19;1266515.38;7.626555;47.549207
4403.6;269.8;2614150.07;1266509.5;7.626593;47.549154
4410.7;269.9;2614157.07;1266508.18;7.626686;47.549142
4414.1;270.1;2614160.16;1266506.85;7.626727;47.54913
4421.4;270.3;2614164.99;1266501.3;7.626791;47.54908
4426.8;270.3;2614169.44;1266498.31;7.62685;47.549053
4432.2;270.6;2614174.11;1266495.54;7.626912;47.549028
4436.3;270.7;2614177.36;1266492.99;7.626955;47.549005
4441.5;270.9;2614181.51;1266489.89;7.62701;47.548977
4446.1;270.9;2614185.5;1266487.68;7.627063;47.548957
4452;271.1;2614191.08;1266485.8;7.627137;47.54894
4457.2;271.2;2614195.82;1266483.59;7.6272;47.54892
4462.5;271.4;2614200.95;1266482.15;7.627268;47.548907
4468;271.5;2614205.77;1266479.61;7.627332;47.548884
4472.9;271.7;2614210.44;1266477.95;7.627394;47.548869
4477;271.8;2614214.43;1266477.29;7.627447;47.548863
4483.7;272;2614220.24;1266473.97;7.627524;47.548833
4489.2;272.1;2614225.06;1266471.32;7.627588;47.548809
4495.4;272.2;2614230.94;1266469.22;7.627666;47.54879
4501.2;272.4;2614236.21;1266466.89;7.627736;47.548769
4507.3;272.5;2614242.31;1266466.46;7.627817;47.548765
4512.7;272.6;2614247.73;1266465.81;7.627889;47.548759
4518.6;272.7;2614253.38;1266464.16;7.627964;47.548744
4523.6;272.8;2614258.28;1266463.28;7.628029;47.548736
4529.2;272.9;2614263.55;1266461.51;7.628099;47.54872
4536.6;272.9;2614270.71;1266459.64;7.628194;47.548703
4540;273;2614274.02;1266458.65;7.628238;47.548694
4544;273;2614277.48;1266460.66;7.628284;47.548712
4549.5;273;2614282.75;1266462;7.628354;47.548724
4553.9;273.2;2614287.19;1266462.35;7.628413;47.548727
4559.3;273.1;2614291.04;1266458.58;7.628464;47.548693
4565.3;273.2;2614296.84;1266457.14;7.628541;47.54868
4570.6;273.2;2614301.28;1266454.15;7.6286;47.548653
4574.9;273.3;2614305.13;1266452.38;7.628651;47.548637
4581.9;273.4;2614310.86;1266448.39;7.628727;47.548601
4588.1;273.4;2614316.81;1266446.52;7.628806;47.548584
4593.9;273.5;2614322.31;1266444.75;7.628879;47.548568
4600.2;273.5;2614328.56;1266444.1;7.628962;47.548562
4605.9;273.5;2614333.83;1266441.78;7.629032;47.548541
4609.9;273.6;2614337.75;1266441.01;7.629084;47.548534
4616;273.6;2614343.7;1266439.69;7.629163;47.548522
4621.3;273.7;2614348.97;1266440.37;7.629233;47.548528
4626.8;273.7;2614354.39;1266439.38;7.629305;47.548519
4633.6;273.8;2614360.8;1266437.17;7.62939;47.548499
4641;273.8;2614368.1;1266436.08;7.629487;47.548489
4646.9;273.8;2614373.75;1266434.43;7.629562;47.548474
4653.5;273.9;2614380.08;1266432.44;7.629646;47.548456
4659.5;274;2614385.88;1266430.79;7.629723;47.548441
4665.2;274;2614391.45;1266429.91;7.629797;47.548433
4672.4;274;2614398.46;1266428.15;7.62989;47.548417
4679.7;274.1;2614405.39;1266425.83;7.629982;47.548396
4683;274.1;2614408.63;1266425.28;7.630025;47.548391
4689.9;274.1;2614415.26;1266423.52;7.630113;47.548375
4694.8;274.2;2614419.85;1266421.75;7.630174;47.548359
4700.6;274.2;2614425.35;1266419.99;7.630247;47.548343
4704.5;274.3;2614428.97;1266418.44;7.630295;47.548329
4710.8;274.3;2614434.7;1266415.78;7.630371;47.548305
4716.6;274.3;2614440.27;1266414.24;7.630445;47.548291
4723.5;274.4;2614446.75;1266411.92;7.630531;47.54827
4729.5;274.4;2614452.63;1266410.38;7.630609;47.548256
4735.6;274.3;2614458.65;1266410.06;7.630689;47.548253
4741.9;274.4;2614464.97;1266409.52;7.630773;47.548248
4747.3;274.3;2614470.32;1266408.86;7.630844;47.548242
4753.6;274.4;2614476.5;1266407.43;7.630926;47.548229
4761.2;274.5;2614483.13;1266403.89;7.631014;47.548197
4767.3;274.5;2614488.41;1266400.79;7.631084;47.548169
4773.7;274.5;2614494.58;1266399.03;7.631166;47.548153
4779;274.5;2614499.71;1266397.71;7.631234;47.548141
4785.6;274.6;2614505.81;1266395.28;7.631315;47.548119
4791.2;274.6;2614510.78;1266392.73;7.631381;47.548096
4796.6;274.5;2614515.91;1266390.96;7.631449;47.54808
4803.4;274.4;2614521.86;1266387.64;7.631528;47.54805
4811.2;274.4;2614528.35;1266383.32;7.631614;47.548011
4818.3;274.4;2614535.35;1266382;7.631707;47.547999
4824;274.5;2614541;1266381.24;7.631782;47.547992
4829.8;274.5;2614546.72;1266380.48;7.631858;47.547985
4836.1;274.5;2614552.9;1266379.38;7.63194;47.547975
4842.2;274.5;2614558.63;1266377.06;7.632016;47.547954
4849.6;274.5;2614565.93;1266375.96;7.632113;47.547944
4855;274.7;2614570.97;1266377.76;7.63218;47.54796
4860.9;274.7;2614576.84;1266378.33;7.632258;47.547965
4866.1;274.7;2614582.04;1266377.45;7.632327;47.547957
4873.9;274.7;2614588.67;1266373.35;7.632415;47.54792
4881.1;274.8;2614595.38;1266370.81;7.632504;47.547897
4888.6;274.6;2614602.31;1266367.94;7.632596;47.547871
4897.4;274.6;2614610.75;1266365.4;7.632708;47.547848
4905;274.6;2614617.83;1266362.86;7.632802;47.547825
4912.4;274.7;2614624.91;1266360.43;7.632896;47.547803
4919.5;274.7;2614631.54;1266358.11;7.632984;47.547782
4927.3;274.8;2614639.08;1266355.8;7.633084;47.547761
4934.6;274.9;2614646.16;1266354.04;7.633178;47.547745
4941.2;274.8;2614652.56;1266352.72;7.633263;47.547733
4947.9;274.7;2614659.11;1266351.07;7.63335;47.547718
4954.7;268.3;2614665.67;1266349.3;7.633437;47.547702
4961.8;267.8;2614672.52;1266347.43;7.633528;47.547685
4968.9;270.7;2614679.08;1266344.89;7.633615;47.547662
4975.5;274.7;2614685.26;1266342.46;7.633697;47.54764
4983.7;274.7;2614693.09;1266339.92;7.633801;47.547617
4990.3;274.7;2614699.35;1266337.93;7.633884;47.547599
4997.7;274.6;2614706.65;1266336.51;7.633981;47.547586
5004.9;274.5;2614713.73;1266335.19;7.634075;47.547574
5012.7;274.5;2614721.41;1266334.1;7.634177;47.547564
5019.8;274.5;2614728.27;1266332.45;7.634268;47.547549
5027;274.5;2614735.27;1266330.68;7.634361;47.547533
5034.1;274.4;2614742.05;1266328.59;7.634451;47.547514
5041.2;274.4;2614748.98;1266326.94;7.634543;47.547499
5048.7;274.4;2614756.21;1266324.84;7.634639;47.54748
5055.1;274.3;2614762.24;1266322.75;7.634719;47.547461
5061.9;274.3;2614768.72;1266320.76;7.634805;47.547443
5067.8;274.2;2614774.52;1266319.44;7.634882;47.547431
5074.8;274.2;2614781.3;1266317.68;7.634972;47.547415
5081.4;274.1;2614787.4;1266315.14;7.635053;47.547392
5089;274.1;2614794.41;1266312.26;7.635146;47.547366
5095;274.1;2614800.36;1266311.72;7.635225;47.547361
5101.4;274.1;2614806.69;1266310.74;7.635309;47.547352
5107.1;274;2614812.19;1266309.08;7.635382;47.547337
5113.8;274;2614818.89;1266309.21;7.635471;47.547338
5120.7;274.1;2614825.66;1266308.34;7.635561;47.54733
5126.8;274;2614831.61;1266306.91;7.63564;47.547317
5133.1;274;2614837.34;1266304.25;7.635716;47.547293
5140;273.9;2614844.2;1266303.38;7.635807;47.547285
5147;273.9;2614851.12;1266302.62;7.635899;47.547278
5153.1;273.9;2614857.22;1266303.08;7.63598;47.547282
5161.5;273.9;2614865.58;1266301.88;7.636091;47.547271
5169.2;273.9;2614873.11;1266300.34;7.636191;47.547257
5176.3;273.8;2614880.19;1266299.8;7.636285;47.547252
5182.8;273.8;2614886.52;1266298.48;7.636369;47.54724
5187.9;273.8;2614891.64;1266297.94;7.636437;47.547235
5193.9;273.8;2614897.51;1266297.07;7.636515;47.547227
5199.8;273.8;2614903.24;1266295.52;7.636591;47.547213
5206.2;273.7;2614909.26;1266293.31;7.636671;47.547193
5213.3;273.7;2614916.04;1266291.44;7.636761;47.547176
5221.5;273.6;2614923.21;1266287.46;7.636856;47.54714
5227.6;273.6;2614928.78;1266284.91;7.63693;47.547117
5234.4;273.6;2614935.63;1266284.82;7.637021;47.547116
5242.4;273.6;2614943.39;1266282.95;7.637124;47.547099
5249.4;273.6;2614950.32;1266282.41;7.637216;47.547094
5256.9;273.5;2614957.4;1266279.76;7.63731;47.54707
5263.6;273.5;2614964.03;1266278.78;7.637398;47.547061
5270.4;273.5;2614970.66;1266277.57;7.637486;47.54705
5276.9;273.4;2614976.98;1266276.03;7.63757;47.547036
5284.8;273.5;2614984.37;1266273.05;7.637668;47.547009
5291.5;273.5;2614990.62;1266270.73;7.637751;47.546988
5297;273.5;2614995.67;1266268.63;7.637818;47.546969
5303.4;273.4;2615002;1266267.53;7.637902;47.546959
5310;273.4;2615008.63;1266267.21;7.63799;47.546956
5317;273.5;2615015.11;1266264.56;7.638076;47.546932
5324.1;273.3;2615021.66;1266261.91;7.638163;47.546908
5332.3;273.4;2615029.72;1266260.48;7.63827;47.546895
5338.2;273.4;2615035.59;1266260.39;7.638348;47.546894
5345;273.4;2615042.15;1266258.4;7.638435;47.546876
5354.7;273.4;2615049.92;1266252.64;7.638538;47.546824
5361.1;273.4;2615056.02;1266250.77;7.638619;47.546807
5367.7;273.4;2615062.42;1266248.89;7.638704;47.54679
5374.3;273.4;2615068.75;1266247.02;7.638788;47.546773
5381.9;273.4;2615076.06;1266245.26;7.638885;47.546757
5388.5;273.4;2615082.39;1266243.27;7.638969;47.546739
5394.3;273.5;2615088.18;1266243.73;7.639046;47.546743
5401.1;273.5;2615094.74;1266241.97;7.639133;47.546727
5408.8;273.5;2615102.34;1266240.54;7.639234;47.546714
5416.5;273.5;2615109.95;1266239.34;7.639335;47.546703
5422.9;273.5;2615116.05;1266237.69;7.639416;47.546688
5430.5;273.6;2615123.14;1266234.82;7.63951;47.546662
5436.7;273.6;2615129.24;1266233.5;7.639591;47.54665
5443;273.6;2615135.41;1266232.51;7.639673;47.546641
5450.4;273.7;2615142.72;1266231.2;7.63977;47.546629
5456.4;273.7;2615148.67;1266230.88;7.639849;47.546626
5462.8;273.7;2615154.84;1266229.23;7.639931;47.546611
5469;273.7;2615160.79;1266227.57;7.64001;47.546596
5474.8;273.8;2615166.44;1266226.14;7.640085;47.546583
5481.3;273.8;2615171.95;1266222.6;7.640158;47.546551
5487.8;273.8;2615178.35;1266221.95;7.640243;47.546545
5493;273.8;2615183.62;1266221.96;7.640313;47.546545
5499.4;273.9;2615189.12;1266218.75;7.640386;47.546516
5508.4;273.9;2615197.64;1266215.77;7.640499;47.546489
5514.8;274;2615203.96;1266215.12;7.640583;47.546483
5521.1;274;2615209.92;1266212.91;7.640662;47.546463
5529.4;274;2615217.08;1266208.81;7.640757;47.546426
5535.4;274.1;2615222.95;1266207.38;7.640835;47.546413
5539.6;274.1;2615227.02;1266208.17;7.640889;47.54642
5544.9;274.2;2615232.21;1266206.85;7.640958;47.546408
5552.5;274.2;2615239.15;1266203.87;7.64105;47.546381
5561;274.2;2615246.76;1266200;7.641151;47.546346
5567.8;274.2;2615252.87;1266197.12;7.641232;47.54632
5572.9;274.2;2615257.69;1266195.35;7.641296;47.546304
5580.8;274.2;2615264.4;1266191.15;7.641385;47.546266
5587.5;274.2;2615270.51;1266188.38;7.641466;47.546241
5593.2;274.3;2615275.86;1266186.62;7.641537;47.546225
5603.7;274.2;2615283.93;1266179.86;7.641644;47.546164
5610;274.2;2615289.96;1266177.98;7.641724;47.546147
5615.4;274.3;2615294.7;1266175.44;7.641787;47.546124
5619.7;274.3;2615298.55;1266173.56;7.641838;47.546107
5627.8;274.3;2615305.19;1266168.79;7.641926;47.546064
5634;274.3;2615310.99;1266166.8;7.642003;47.546046
5641;274.3;2615316.94;1266163.15;7.642082;47.546013
5647.5;274.4;2615322.97;1266160.5;7.642162;47.545989
5652.9;274.4;2615328.32;1266159.96;7.642233;47.545984
5658.8;274.4;2615333.9;1266158.19;7.642307;47.545968
5665;274.4;2615339.17;1266154.87;7.642377;47.545938
5670.7;274.4;2615344.45;1266152.77;7.642447;47.545919
5677.2;274.4;2615350.25;1266149.89;7.642524;47.545893
5684.2;274.5;2615356.29;1266146.24;7.642604;47.54586
5691.6;274.4;2615361.87;1266141.47;7.642678;47.545817
5697.9;274.4;2615367.45;1266138.49;7.642752;47.54579
5703.9;274.4;2615372.35;1266134.94;7.642817;47.545758
5709.3;274.4;2615377.25;1266132.73;7.642882;47.545738
5716.3;274.4;2615383.66;1266129.97;7.642967;47.545713
5722.6;274.4;2615388.78;1266126.31;7.643035;47.54568
5729.5;274.4;2615394.97;1266123.21;7.643117;47.545652
5735.4;274.4;2615400.24;1266120.67;7.643187;47.545629
5741.6;274.4;2615405.52;1266117.35;7.643257;47.545599
5748.6;274.4;2615410.73;1266112.69;7.643326;47.545557
5754.9;274.5;2615417.05;1266112.04;7.64341;47.545551
5762.9;274.4;2615422.64;1266106.39;7.643484;47.5455
5769.6;274.4;2615429.04;1266104.29;7.643569;47.545481
5775.8;274.4;2615434.77;1266101.97;7.643645;47.54546
5782;274.4;2615439.82;1266098.42;7.643712;47.545428
5787.5;274.4;2615444.2;1266095.1;7.64377;47.545398
5793.6;274.2;2615450.3;1266094.23;7.643851;47.54539
5800;274.2;2615452.65;1266088.34;7.643882;47.545337
5807.2;274.3;2615459.58;1266086.13;7.643974;47.545317
5812.7;274.2;2615464.33;1266083.48;7.644037;47.545293
5822.2;274.1;2615468.34;1266074.82;7.64409;47.545215
5830.2;274.1;2615474.83;1266070.27;7.644176;47.545174
5836.4;274.1;2615479.66;1266066.28;7.64424;47.545138
5844.5;274.1;2615485.39;1266060.63;7.644316;47.545087
5849.7;274.1;2615490.59;1266059.97;7.644385;47.545081
5857.5;274.1;2615495.27;1266053.76;7.644447;47.545025
5865.7;274.1;2615500.94;1266047.88;7.644522;47.544972
5874.1;274;2615506.52;1266041.56;7.644596;47.544915
5878.1;274;2615510.22;1266040.12;7.644645;47.544902
5888.2;273.9;2615517.84;1266033.36;7.644746;47.544841
5894.3;274;2615523.86;1266032.6;7.644826;47.544834
5899.4;274;2615528.91;1266032.05;7.644893;47.544829
5903;273.9;2615532.52;1266032.18;7.644941;47.54483
5910.6;273.9;2615539.16;1266028.41;7.645029;47.544796
5917.7;274;2615543.91;1266023.2;7.645092;47.544749
5925.4;273.9;2615549.8;1266018.21;7.64517;47.544704
5934.9;274;2615556.74;1266011.78;7.645262;47.544646
5939.5;274;2615559.61;1266008.12;7.6453;47.544613
5947.9;273.9;2615567.97;1266007.14;7.645411;47.544604
5952.9;274;2615570.39;1266002.81;7.645443;47.544565
5957.2;273.9;2615574.68;1266002.38;7.6455;47.544561
5964.2;273.8;2615581.61;1266003.51;7.645592;47.544571
5968.7;273.8;2615585.83;1266002.18;7.645648;47.544559
5973.3;273.8;2615589.6;1265999.41;7.645698;47.544534
5980.2;273.8;2615593.75;1265993.98;7.645753;47.544485
5988.1;273.8;2615601.36;1265991.66;7.645854;47.544464
5996.9;273.7;2615609.13;1265987.57;7.645957;47.544427
6006.5;273.8;2615617.12;1265982.25;7.646063;47.544379
6012.2;273.3;2615622.77;1265982.82;7.646138;47.544384
6016.6;272.7;2615627.21;1265982.5;7.646197;47.544381
6038;273.9;2615635.62;1265962.84;7.646308;47.544204
6048.9;273.9;2615644.67;1265956.86;7.646428;47.54415
6064.5;274;2615651.71;1265942.87;7.646521;47.544024
6070.3;274;2615655.71;1265938.77;7.646574;47.543987
6078.1;274;2615661.67;1265933.67;7.646653;47.543941
6083.5;274.2;2615667.02;1265932.68;7.646724;47.543932
6094.4;274.2;2615674.26;1265924.58;7.64682;47.543859
6100.5;274.3;2615680.36;1265925.16;7.646901;47.543864
6107.7;274.2;2615684.82;1265919.5;7.64696;47.543813
6113.2;274.3;2615690.02;1265917.84;7.647029;47.543798
6118.4;274.4;2615694.39;1265915.08;7.647087;47.543773
6123.3;274.4;2615698.69;1265912.64;7.647144;47.543751
6130.4;274.4;2615703.9;1265907.87;7.647213;47.543708
6136.3;274.5;2615709.77;1265907.33;7.647291;47.543703
6142.9;274.5;2615714.07;1265902.34;7.647348;47.543658
6148;274.6;2615718.15;1265899.13;7.647402;47.543629
6153.1;274.5;2615721.32;1265895.24;7.647444;47.543594
6158.9;274.6;2615726.45;1265892.48;7.647512;47.543569
6164.1;274.7;2615731.05;1265890.04;7.647573;47.543547
6170.9;274.7;2615736.18;1265885.5;7.647641;47.543506
6175.8;274.8;2615740.17;1265882.73;7.647694;47.543481
6182.3;274.7;2615746.65;1265882.19;7.64778;47.543476
6188.1;274.8;2615750.28;1265877.64;7.647828;47.543435
6198.9;274.8;2615757.75;1265869.88;7.647927;47.543365
6202.7;274.9;2615761.59;1265869.67;7.647978;47.543363
6210.9;275;2615768.08;1265864.68;7.648064;47.543318
6217.6;274.9;2615774.17;1265867.36;7.648145;47.543342
6232.4;275.1;2615783.39;1265855.71;7.648267;47.543237
6242.6;274.9;2615783.19;1265845.6;7.648264;47.543146
6250;275;2615790.64;1265845.62;7.648363;47.543146
6255.2;275.1;2615795.83;1265845.63;7.648432;47.543146
6259.2;275.1;2615799.82;1265846.2;7.648485;47.543151
6266.4;275.1;2615806.46;1265843.55;7.648573;47.543127
6273.9;275.1;2615812.72;1265839.45;7.648656;47.54309
6283.2;275.2;2615819.43;1265833.02;7.648745;47.543032
6295.5;275.1;2615823.76;1265821.46;7.648802;47.542928
6309.6;274.2;2615827.41;1265807.8;7.64885;47.542805
6315.1;275.2;2615832.82;1265808.59;7.648922;47.542812
6319.7;275.2;2615837.42;1265808.05;7.648983;47.542807
6325;275.2;2615842.38;1265809.73;7.649049;47.542822
6330.9;275.3;2615848.26;1265808.85;7.649127;47.542814
6335.2;275.3;2615852.09;1265810.64;7.649178;47.54283
6341.9;275.3;2615858.35;1265808.1;7.649261;47.542807
6349.6;275.4;2615861.83;1265801.22;7.649307;47.542745
6357.2;275.4;2615867.79;1265796.57;7.649386;47.542703
6365.8;275.4;2615872.1;1265789.13;7.649443;47.542636
6369.4;275.4;2615875.64;1265788.36;7.64949;47.542629
6376.9;275.5;2615882.41;1265791.6;7.64958;47.542658
6383.1;275.4;2615887.44;1265795.28;7.649647;47.542691
6386.2;275.5;2615890.46;1265794.85;7.649687;47.542687
6393.8;275.6;2615893.49;1265787.85;7.649727;47.542624
6399.9;275.6;2615898.54;1265784.53;7.649794;47.542594
6410;275.6;2615904.13;1265776.09;7.649868;47.542518
6414.3;275.6;2615907.3;1265773.1;7.64991;47.542491
6421.1;275.6;2615912.81;1265769.22;7.649983;47.542456
6427.3;275.6;2615918.75;1265771.24;7.650062;47.542474
6433.7;275.7;2615923.13;1265766.69;7.65012;47.542433
6440;275.6;2615928.93;1265764.15;7.650197;47.54241
6446.9;275.7;2615933.32;1265758.83;7.650255;47.542362
6452;275.7;2615938.36;1265757.84;7.650322;47.542353
6459.9;275.6;2615945.45;1265754.41;7.650416;47.542322
6466;275.6;2615951.33;1265752.87;7.650494;47.542308
6472.6;275.6;2615953.15;1265746.54;7.650518;47.542251
6482.4;275.7;2615957.31;1265737.65;7.650573;47.542171
6489.2;275.7;2615962.3;1265733;7.650639;47.542129
6492.7;275.6;2615965.69;1265732.12;7.650684;47.542121
6501.3;275.7;2615970.82;1265725.24;7.650752;47.542059
6507.6;275.8;2615974.75;1265720.35;7.650804;47.542015
6514.5;276;2615979.96;1265715.81;7.650873;47.541974
6519.7;275.8;2615983.66;1265712.15;7.650922;47.541941
6527.8;275.9;2615989.7;1265706.72;7.651002;47.541892
6535.3;275.9;2615994.38;1265700.84;7.651064;47.541839
6541.1;275.9;2615999.58;1265698.3;7.651133;47.541816
6548;275.9;2616004.49;1265693.42;7.651198;47.541772
6553.9;275.8;2616009.17;1265689.87;7.65126;47.54174
6558;276;2616012.11;1265686.99;7.651299;47.541714
6564.4;275.9;2616017.32;1265683.33;7.651368;47.541681
6570.4;276.1;2616022.29;1265680.01;7.651434;47.541651
6575.3;276.1;2616026.67;1265677.8;7.651492;47.541631
6579.3;276;2616030.73;1265678.14;7.651546;47.541634
6585.1;275.9;2616036.45;1265677.82;7.651622;47.541631
6595.3;276.1;2616041.75;1265669.06;7.651692;47.541552
6603.5;276.2;2616046.88;1265662.73;7.65176;47.541495
6607.9;276.1;2616050.58;1265660.3;7.651809;47.541473
6614.3;276.1;2616056.68;1265658.42;7.65189;47.541456
6619.7;276.1;2616060.23;1265654.32;7.651937;47.541419
6626.5;276.1;2616064.46;1265648.99;7.651993;47.541371
6633;276.1;2616069.97;1265645.56;7.652066;47.54134
6638.3;276.1;2616074.27;1265642.46;7.652123;47.541312
6644.6;276.1;2616079.47;1265638.8;7.652192;47.541279
6650.6;276.2;2616084.9;1265636.26;7.652264;47.541256
6656;276.2;2616089.5;1265633.6;7.652325;47.541232
6662.6;276.2;2616095.01;1265629.95;7.652398;47.541199
6668.3;276.2;2616099.68;1265626.63;7.65246;47.541169
6674.2;276.2;2616104.36;1265622.97;7.652522;47.541136
6680;276.2;2616109.19;1265619.76;7.652586;47.541107
6686.8;276.2;2616114.85;1265615.99;7.652661;47.541073
6692.8;276.1;2616119.45;1265612.23;7.652722;47.541039
6698;276.2;2616123.52;1265609.01;7.652776;47.54101
6702.9;276.1;2616127.82;1265606.69;7.652833;47.540989
6710;276.1;2616133.63;1265602.59;7.65291;47.540952
6716.7;276.1;2616138.84;1265598.38;7.652979;47.540914
6723.3;276;2616144.49;1265594.84;7.653054;47.540882
6729.4;276;2616149.4;1265591.29;7.653119;47.54085
6735;276;2616154.3;1265588.53;7.653184;47.540825
6739.2;276;2616157.99;1265586.65;7.653233;47.540808
6748.2;276;2616163.06;1265579.21;7.6533;47.540741
6754.3;276;2616168.64;1265576.67;7.653374;47.540718
6758.6;276;2616172.48;1265574.79;7.653425;47.540701
6768.6;276;2616177.92;1265566.35;7.653497;47.540625
6772.7;276;2616181.62;1265564.7;7.653546;47.54061
6780.5;276;2616187.2;1265559.15;7.65362;47.54056
6787.5;276;2616193.16;1265555.61;7.653699;47.540528
6793.1;275.9;2616198.51;1265553.73;7.65377;47.540511
6798.7;275.9;2616203.64;1265551.52;7.653838;47.540491
6806.2;275.9;2616208.62;1265545.98;7.653904;47.540441
6810.7;275.8;2616212.77;1265544.21;7.653959;47.540425
6816.7;275.9;2616217.82;1265541;7.654026;47.540396
6822.7;275.8;2616222.5;1265537.12;7.654088;47.540361
6831.4;275.8;2616228.62;1265531.02;7.654169;47.540306
6838;275.8;2616234.2;1265527.37;7.654243;47.540273
6845.5;275.9;2616239.56;1265522.16;7.654314;47.540226
6852.2;275.8;2616244.91;1265518.17;7.654385;47.54019
6858.5;275.8;2616249.67;1265514.07;7.654448;47.540153
6864.8;275.8;2616254.12;1265509.52;7.654507;47.540112
6870.1;275.8;2616258.95;1265507.42;7.654571;47.540093
6876.2;275.8;2616264.45;1265504.88;7.654644;47.54007
6881.9;275.8;2616269.5;1265502.23;7.654711;47.540046
6889.6;275.7;2616275.01;1265496.79;7.654784;47.539997
6896;275.7;2616280.22;1265493.14;7.654853;47.539964
6902.8;275.7;2616285.8;1265489.26;7.654927;47.539929
6910.3;275.7;2616291.09;1265483.83;7.654997;47.53988
6915.2;275.7;2616295.61;1265482.17;7.655057;47.539865
6921;275.7;2616300.59;1265479.18;7.655123;47.539838
6927.6;275.7;2616306.17;1265475.64;7.655197;47.539806
6935.5;275.7;2616310.33;1265468.87;7.655252;47.539745
6941.2;275.6;2616315.45;1265466.44;7.65532;47.539723
6946;275.6;2616320.27;1265466.01;7.655384;47.539719
6953;275.6;2616325.18;1265461.13;7.655449;47.539675
6958.4;275.6;2616330.6;1265460.25;7.655521;47.539667
6963.8;275.6;2616335.58;1265458.15;7.655587;47.539648
6972.3;275.5;2616340.72;1265451.5;7.655655;47.539588
6979.3;275.5;2616345.77;1265446.62;7.655722;47.539544
6985.5;275.5;2616350.68;1265442.85;7.655787;47.53951
6994.6;275.6;2616355.89;1265435.42;7.655856;47.539443
7000.6;275.5;2616360.8;1265431.87;7.655921;47.539411
7009.7;275.5;2616366.69;1265425;7.655999;47.539349
7015;275.5;2616371.52;1265422.78;7.656063;47.539329
7021.1;275.4;2616376.12;1265418.68;7.656124;47.539292
7026.9;275.4;2616381.55;1265416.59;7.656196;47.539273
7032.6;275.3;2616385.77;1265412.82;7.656252;47.539239
7038.6;275.3;2616390.38;1265409.05;7.656313;47.539205
7044.4;275.2;2616395.43;1265406.06;7.65638;47.539178
7051.8;275.2;2616400.41;1265400.63;7.656446;47.539129
7057.6;275.1;2616404.87;1265396.97;7.656505;47.539096
7063.9;275;2616409.55;1265392.76;7.656567;47.539058
7069.7;274.9;2616414.37;1265389.44;7.656631;47.539028
7076.1;274.8;2616419.88;1265386.23;7.656704;47.538999
7083.5;274.7;2616425.46;1265381.35;7.656778;47.538955
7089.6;274.6;2616431.12;1265379.03;7.656853;47.538934
7096.5;274.4;2616437;1265375.38;7.656931;47.538901
7102.9;274.4;2616441.98;1265371.5;7.656997;47.538866
7108.9;274.2;2616447.26;1265368.62;7.657067;47.53884
7116.3;274.1;2616452.77;1265363.63;7.65714;47.538795
7124.7;274;2616458.28;1265357.31;7.657213;47.538738
7131.9;273.9;2616463.94;1265352.88;7.657288;47.538698
7139.6;273.6;2616469.83;1265347.89;7.657366;47.538653
7146.6;273.5;2616475.64;1265343.91;7.657443;47.538617
7153.9;273.4;2616481.07;1265339.03;7.657515;47.538573
7160.8;273.2;2616486.88;1265335.38;7.657592;47.53854
7167.9;273.1;2616492.39;1265330.94;7.657665;47.5385
7175.2;272.9;2616497.9;1265326.18;7.657738;47.538457
7181.7;272.8;2616503.25;1265322.41;7.657809;47.538423
7188.4;272.6;2616508.54;1265318.31;7.657879;47.538386
7195.3;272.4;2616513.74;1265313.77;7.657948;47.538345
7202.6;272.3;2616519.4;1265309.12;7.658023;47.538303
7209.7;272.1;2616524.69;1265304.46;7.658093;47.538261
7217.1;271.9;2616530.27;1265299.58;7.658167;47.538217
7224.4;271.8;2616535.86;1265294.93;7.658241;47.538175
7230.9;271.6;2616541.21;1265291.16;7.658312;47.538141
7238;271.5;2616546.8;1265286.84;7.658386;47.538102
7245;271.3;2616552.38;1265282.63;7.65846;47.538064
7251.5;271.2;2616557.36;1265278.42;7.658526;47.538026
7259.6;271;2616563.85;1265273.55;7.658612;47.537982
7267.2;270.9;2616569.59;1265268.56;7.658688;47.537937
7274.6;270.8;2616575.32;1265263.91;7.658764;47.537895
7282.3;270.6;2616581.81;1265259.7;7.65885;47.537857
7289.9;270.5;2616588;1265255.27;7.658932;47.537817
7297.2;270.4;2616593.66;1265250.73;7.659007;47.537776
7303.8;270.3;2616598.41;1265246.18;7.65907;47.537735
7310.9;270.3;2616604.45;1265242.31;7.65915;47.5377
7317.4;270.2;2616609.65;1265238.54;7.659219;47.537666
7325;270.1;2616615.84;1265234.11;7.659301;47.537626
7331.2;270.1;2616620.59;1265230.12;7.659364;47.53759
7338;269.9;2616625.5;1265225.35;7.659429;47.537547
7344.9;269.8;2616630.71;1265220.92;7.659498;47.537507
7351.6;269.8;2616636.29;1265217.16;7.659572;47.537473
7359.1;269.8;2616642.4;1265212.84;7.659653;47.537434
7365.8;269.8;2616647.91;1265208.96;7.659726;47.537399
7373.3;269.8;2616654.02;1265204.64;7.659807;47.53736
7380.1;269.7;2616659.6;1265200.65;7.659881;47.537324
7387.3;269.7;2616665.34;1265196.45;7.659957;47.537286
7395.8;269.8;2616669.05;1265188.78;7.660006;47.537217
7401.9;269.8;2616674.18;1265185.35;7.660074;47.537186
7409.3;269.8;2616680.59;1265181.81;7.660159;47.537154
7414.6;269.8;2616685.27;1265179.16;7.660221;47.53713
7420.3;269.8;2616689.79;1265175.83;7.660281;47.5371
7427.1;269.7;2616694.55;1265170.95;7.660344;47.537056
7430.8;269.8;2616697.57;1265168.74;7.660384;47.537036
7434.9;269.8;2616700.74;1265166.19;7.660426;47.537013
7439;269.8;2616703.91;1265163.64;7.660468;47.53699
7443.7;269.7;2616707.61;1265160.65;7.660517;47.536963
7450.8;269.7;2616713.79;1265157.11;7.660599;47.536931
7455.8;269.7;2616717.86;1265154.34;7.660653;47.536906
7461.8;270;2616723.52;1265152.36;7.660728;47.536888
7468;270;2616728.72;1265148.92;7.660797;47.536857
7475.1;269.9;2616733.86;1265143.94;7.660865;47.536812
7482;269.8;2616739.36;1265139.84;7.660938;47.536775
7489.6;269.9;2616744.95;1265134.74;7.661012;47.536729
7497.1;269.9;2616750.54;1265129.75;7.661086;47.536684
7504.6;269.9;2616756.35;1265124.99;7.661163;47.536641
7511.8;270.1;2616761.93;1265120.44;7.661237;47.5366
7518.8;270;2616767.82;1265116.57;7.661315;47.536565
7527.1;270;2616774.16;1265111.25;7.661399;47.536517
7534.1;270;2616780.26;1265107.93;7.66148;47.536487
7541.2;270.1;2616785.77;1265103.39;7.661553;47.536446
7548.8;270.1;2616791.81;1265098.73;7.661633;47.536404
7556.5;270.3;2616797.47;1265093.52;7.661708;47.536357
7564.1;270.2;2616803.66;1265089.09;7.66179;47.536317
7571.2;270.2;2616809.77;1265085.44;7.661871;47.536284
7578.1;270.2;2616815.28;1265081.34;7.661944;47.536247
7585;270.3;2616821.08;1265077.69;7.662021;47.536214
7591.7;270.3;2616826.14;1265073.26;7.662088;47.536174
7600;270.3;2616832.78;1265068.27;7.662176;47.536129
7607.2;270.3;2616838.44;1265063.84;7.662251;47.536089
7613.8;270.4;2616843.2;1265059.3;7.662314;47.536048
7619.6;270.4;2616848.55;1265056.87;7.662385;47.536026
7628;270.4;2616854.14;1265050.66;7.662459;47.53597
7635.5;270.4;2616860.55;1265046.67;7.662544;47.535934
7644.5;270.5;2616866.22;1265039.79;7.662619;47.535872
7652.4;270.6;2616871.96;1265034.25;7.662695;47.535822
7659.4;270.5;2616877.84;1265030.6;7.662773;47.535789
7666.5;270.5;2616883.5;1265026.28;7.662848;47.53575
7673.2;270.5;2616889.53;1265023.29;7.662928;47.535723
7681.2;270.4;2616895.65;1265018.08;7.663009;47.535676
7687.7;270.4;2616901;1265014.43;7.66308;47.535643
7693.3;270.5;2616905.83;1265011.55;7.663144;47.535617
7699.5;270.4;2616911.19;1265008.57;7.663215;47.53559
7705.6;270.4;2616916.32;1265005.13;7.663283;47.535559
7711.9;270.4;2616921.75;1265002.04;7.663355;47.535531
7718.5;270.4;2616927.55;1264998.94;7.663432;47.535503
7725.2;270.4;2616932.99;1264994.95;7.663504;47.535467
7730.3;270.5;2616937.73;1264993.08;7.663567;47.53545
7736.6;270.5;2616943.02;1264989.76;7.663637;47.53542
7741.6;270.4;2616947.76;1264987.99;7.6637;47.535404
7748.6;270.4;2616953.35;1264983.78;7.663774;47.535366
7754.8;270.3;2616958.93;1264981.24;7.663848;47.535343
7761.2;270.3;2616965.18;1264979.59;7.663931;47.535328
7768.9;270.4;2616971.14;1264974.83;7.66401;47.535285
7779.2;270.4;2616975.76;1264965.61;7.664071;47.535202
7787.5;270.4;2616981.28;1264959.4;7.664144;47.535146
7794.4;270.4;2616986.86;1264955.3;7.664218;47.535109
7801.6;270.3;2616992.82;1264951.2;7.664297;47.535072
7811.1;270.3;2616999.32;1264944.33;7.664383;47.53501
7818.1;270.3;2617005.13;1264940.34;7.66446;47.534974
7826.3;270.3;2617011.54;1264935.36;7.664545;47.534929
7833.9;270.3;2617017.5;1264930.59;7.664624;47.534886
7841.4;270.3;2617023.47;1264926.05;7.664703;47.534845
7848.8;270.3;2617029.35;1264921.51;7.664781;47.534804
7856.8;270.3;2617035.69;1264916.64;7.664865;47.53476
7863.9;270.3;2617041.95;1264913.21;7.664948;47.534729
7871.7;270.3;2617047.99;1264908.33;7.665028;47.534685
7878.8;270.3;2617053.57;1264904.01;7.665102;47.534646
7888.3;270.3;2617061.12;1264898.25;7.665202;47.534594
7894.3;270.3;2617066.1;1264894.82;7.665268;47.534563
7900.8;270.3;2617070.86;1264890.39;7.665331;47.534523
7908.4;270.3;2617076.59;1264885.4;7.665407;47.534478
7914.6;270.3;2617081.8;1264882.08;7.665476;47.534448
7922.1;270.3;2617087.46;1264877.09;7.665551;47.534403
7929.2;270.3;2617092.74;1264872.44;7.665621;47.534361
7936.4;270.3;2617098.7;1264868.34;7.6657;47.534324
7943.6;270.3;2617104.44;1264864.02;7.665776;47.534285
7951.1;270.3;2617110.48;1264859.59;7.665856;47.534245
7958.6;270.3;2617116.59;1264855.16;7.665937;47.534205
7965.8;270.3;2617122.55;1264851.17;7.666016;47.534169
7972.8;270.3;2617128.21;1264846.97;7.666091;47.534131
7980.3;270.3;2617133.87;1264842.09;7.666166;47.534087
7987.7;270.3;2617139.53;1264837.32;7.666241;47.534044
7994.4;270.3;2617145.26;1264833.89;7.666317;47.534013
8001.4;270.3;2617151.15;1264830.02;7.666395;47.533978
8008.7;270.2;2617157.41;1264826.26;7.666478;47.533944
8016.1;270.2;2617163.37;1264821.94;7.666557;47.533905
8023.3;270.2;2617169.18;1264817.73;7.666634;47.533867
8030.7;270.2;2617174.99;1264813.08;7.666711;47.533825
8037.5;270.2;2617180.65;1264809.31;7.666786;47.533791
8044.6;270.1;2617186.16;1264804.88;7.666859;47.533751
8051.3;270.1;2617191.74;1264801.23;7.666933;47.533718
8058.9;270.1;2617198.9;1264798.47;7.667028;47.533693
8065.5;270.1;2617203.81;1264794.15;7.667093;47.533654
8072.4;270.1;2617209.85;1264790.72;7.667173;47.533623
8079.7;270.1;2617216.03;1264786.96;7.667255;47.533589
8085.2;270.1;2617220.71;1264784.08;7.667317;47.533563
8093.4;270;2617227.57;1264779.54;7.667408;47.533522
8100.5;270;2617232.86;1264774.77;7.667478;47.533479
8107.5;270;2617238.74;1264770.9;7.667556;47.533444
8114.3;270;2617244.25;1264767.02;7.667629;47.533409
8118.7;270.1;2617248.54;1264768.04;7.667686;47.533418
8127;270;2617254.36;1264762.05;7.667763;47.533364
8134.4;270;2617260.17;1264757.51;7.66784;47.533323
8142;270;2617266.13;1264752.86;7.667919;47.533281
8149.9;270.1;2617272.47;1264748.09;7.668003;47.533238
8157.9;270.1;2617278.73;1264743.11;7.668086;47.533193
8164.8;270.1;2617284.32;1264739.01;7.66816;47.533156
8171.6;270.1;2617289.83;1264735.02;7.668233;47.53312
8178.6;270.2;2617295.64;1264731.15;7.66831;47.533085
8185.1;270.3;2617301.22;1264727.94;7.668384;47.533056
8191;270.2;2617306.57;1264725.29;7.668455;47.533032
8196.6;270.2;2617311.77;1264723.3;7.668524;47.533014
8201.8;270.1;2617316.9;1264722.2;7.668592;47.533004
8206.8;270;2617321.79;1264721.55;7.668657;47.532998
8210.9;269.9;2617325.86;1264721.9;7.668711;47.533001
8214.7;269.7;2617329.24;1264723.69;7.668756;47.533017
8219;269.7;2617333.16;1264721.81;7.668808;47.533
8224.9;269.8;2617338.29;1264719.04;7.668876;47.532975
8232.2;269.8;2617344.03;1264714.5;7.668952;47.532934
8240.5;269.7;2617349.84;1264708.51;7.669029;47.53288
8249.1;269.8;2617355.89;1264702.42;7.669109;47.532825
8257.7;269.9;2617362.23;1264696.65;7.669193;47.532773
8266.2;270;2617369.02;1264691.45;7.669283;47.532726
8275.6;270;2617376.27;1264685.57;7.669379;47.532673
8282.8;270;2617383.27;1264683.7;7.669472;47.532656
8290;270;2617388.94;1264679.27;7.669547;47.532616
8298.7;269.9;2617397.23;1264676.63;7.669657;47.532592
8304.7;269.9;2617402.36;1264673.53;7.669725;47.532564
8311.9;269.9;2617408.09;1264669.21;7.669801;47.532525
8320.9;269.9;2617416.76;1264666.79;7.669916;47.532503
8327.4;269.9;2617423.01;1264665.03;7.669999;47.532487
8334.8;269.8;2617430.02;1264662.72;7.670092;47.532466
8341.5;269.8;2617436.43;1264660.51;7.670177;47.532446
8348.4;269.9;2617442.69;1264657.75;7.67026;47.532421
8355.4;269.8;2617449.47;1264655.99;7.67035;47.532405
8363.3;269.8;2617457.08;1264653.79;7.670451;47.532385
8371;269.8;2617464.39;1264651.48;7.670548;47.532364
8378.5;269.7;2617471.63;1264649.5;7.670644;47.532346
8385.7;269.7;2617478.71;1264647.96;7.670738;47.532332
8393;269.7;2617485.5;1264645.31;7.670828;47.532308
8400.1;269.6;2617492.43;1264643.78;7.67092;47.532294
8407.1;269.5;2617499.29;1264642.46;7.671011;47.532282
8414;269.5;2617506.07;1264641.26;7.671101;47.532271
8422.4;269.4;2617513.98;1264638.5;7.671206;47.532246
8428.9;269.3;2617520.39;1264637.3;7.671291;47.532235
8434.6;269.4;2617525.96;1264635.87;7.671365;47.532222
8441.7;269.3;2617532.75;1264633.78;7.671455;47.532203
8449.3;269;2617540.2;1264632.46;7.671554;47.532191
8457.6;268.9;2617548.42;1264631.04;7.671663;47.532178
8465.1;268.8;2617555.8;1264630.18;7.671761;47.53217
8472.5;268.7;2617563.18;1264629.2;7.671859;47.532161
8479.7;268.6;2617570.26;1264628.11;7.671953;47.532151
8486.7;268.5;2617577.05;1264626.35;7.672043;47.532135
8496.1;268.3;2617585.79;1264622.82;7.672159;47.532103
8506.2;268.2;2617595.44;1264619.84;7.672287;47.532076
8513;268;2617602.14;1264618.53;7.672376;47.532064
8520.7;267.9;2617609.31;1264615.77;7.672471;47.532039
8528.3;267.8;2617616.77;1264614.35;7.67257;47.532026
8535.6;267.8;2617624;1264613.81;7.672666;47.532021
8544.6;267.7;2617632.44;1264610.61;7.672778;47.531992
8550.3;267.6;2617638.16;1264610.07;7.672854;47.531987
8556.5;267.6;2617644.19;1264608.76;7.672934;47.531975
8564.3;267.6;2617651.95;1264607.67;7.673037;47.531965
8571.1;267.6;2617658.66;1264606.8;7.673126;47.531957
8579.4;267.7;2617666.87;1264606.04;7.673235;47.53195
8586.9;267.7;2617674.25;1264604.51;7.673333;47.531936
8594;267.8;2617681.33;1264603.53;7.673427;47.531927
8601.1;267.9;2617688.11;1264601.66;7.673517;47.53191
8608;268;2617694.97;1264600.46;7.673608;47.531899
8614.6;268.1;2617701.52;1264599.81;7.673695;47.531893
8621.3;268.3;2617708.15;1264598.94;7.673783;47.531885
8628;268.4;2617714.56;1264597.18;7.673868;47.531869
8634.3;268.4;2617720.66;1264595.42;7.673949;47.531853
8640.5;268.6;2617726.77;1264594.55;7.67403;47.531845
8647.1;268.6;2617733.1;1264592.68;7.674114;47.531828
8654.1;268.7;2617740.03;1264591.7;7.674206;47.531819
8662.5;268.8;2617748.17;1264589.61;7.674314;47.5318
8669.2;269;2617754.72;1264588.07;7.674401;47.531786
8675.5;269.1;2617760.9;1264586.87;7.674483;47.531775
8682.1;269.2;2617767.08;1264584.66;7.674565;47.531755
8688.6;269.2;2617773.34;1264582.68;7.674648;47.531737
8695.5;269.3;2617779.9;1264580.81;7.674735;47.53172
8702.2;269.4;2617786.45;1264579.27;7.674822;47.531706
8709.3;269.5;2617793.53;1264578.29;7.674916;47.531697
8716.9;269.7;2617800.92;1264576.87;7.675014;47.531684
8724.2;269.6;2617807.63;1264573.89;7.675103;47.531657
8730.5;269.7;2617813.66;1264572.02;7.675183;47.53164
8736.2;269.7;2617819.31;1264571.03;7.675258;47.531631
8742.2;269.9;2617825.18;1264570.38;7.675336;47.531625
8748.7;269.9;2617831.44;1264568.62;7.675419;47.531609
8754.6;269.8;2617837.24;1264567.19;7.675496;47.531596
8762.1;269.9;2617844.25;1264564.66;7.675589;47.531573
8768.1;269.9;2617850.2;1264563.79;7.675668;47.531565
8772.7;269.9;2617854.8;1264563.69;7.675729;47.531564
8780.6;270;2617862.11;1264560.6;7.675826;47.531536
8789.6;270;2617870.33;1264556.95;7.675935;47.531503
8796.7;269.9;2617876.67;1264553.75;7.676019;47.531474
8802.8;270;2617882.62;1264552.43;7.676098;47.531462
8809.7;269.9;2617888.95;1264549.78;7.676182;47.531438
8814.8;270;2617893.85;1264548.24;7.676247;47.531424
8819.5;270;2617898.37;1264547.03;7.676307;47.531413
8824.2;270;2617903.04;1264546.49;7.676369;47.531408
8829;270;2617907.79;1264546.28;7.676432;47.531406
8834.1;270;2617912.91;1264545.63;7.6765;47.5314
8838.7;270;2617917.5;1264545.64;7.676561;47.5314
8842.8;270;2617921.5;1264544.88;7.676614;47.531393
8847;269.9;2617925.64;1264544.11;7.676669;47.531386
8851.9;270;2617930.46;1264543.24;7.676733;47.531378
8857.7;270;2617936.04;1264541.47;7.676807;47.531362
8864.5;270;2617942.38;1264539.05;7.676891;47.53134
8871.7;270;2617949.09;1264536.4;7.67698;47.531316
8879.1;270;2617956.17;1264534.31;7.677074;47.531297
8886.4;269.9;2617963.25;1264532.66;7.677168;47.531282
8893.6;270;2617970.34;1264531.35;7.677262;47.53127
8900.7;270;2617977.27;1264529.92;7.677354;47.531257
8910.2;270;2617986.31;1264527.06;7.677474;47.531231
8916;270;2617992.11;1264526.74;7.677551;47.531228
8921.5;270;2617997.61;1264526.43;7.677624;47.531225
8928;270.1;2618004.09;1264525.67;7.67771;47.531218
8934.6;270;2618010.64;1264525.47;7.677797;47.531216
8942;270.1;2618018.1;1264524.82;7.677896;47.53121
8952.6;270.1;2618028.5;1264522.96;7.678034;47.531193
8962.4;270.4;2618037.77;1264519.88;7.678157;47.531165
8971.4;270.4;2618046.58;1264517.79;7.678274;47.531146
8977.8;270.3;2618052.91;1264517.7;7.678358;47.531145
8982.9;270.3;2618058.03;1264517.61;7.678426;47.531144
8989.3;270.3;2618064.43;1264517.18;7.678511;47.53114
8994.6;270.2;2618069.63;1264518.2;7.67858;47.531149
9001.5;270.3;2618076.48;1264517.77;7.678671;47.531145
9007.7;270.2;2618082.65;1264518.35;7.678753;47.53115
9014.2;270.3;2618089.21;1264518.03;7.67884;47.531147
9020;270.3;2618094.93;1264518.39;7.678916;47.53115
9026.4;270.1;2618101.33;1264519.07;7.679001;47.531156
9034.1;270.1;2618109.01;1264518.21;7.679103;47.531148
9041.7;270.1;2618116.08;1264520.78;7.679197;47.531171
9049.7;270;2618124.14;1264520.59;7.679304;47.531169
9057;270;2618131.44;1264520.94;7.679401;47.531172
9064.2;270;2618138.6;1264520.96;7.679496;47.531172
9071.1;270;2618145.52;1264521.21;7.679588;47.531174
9077.5;269.9;2618151.92;1264521.56;7.679673;47.531177
9084.1;270;2618158.55;1264521.58;7.679761;47.531177
9090;270;2618164.35;1264521.93;7.679838;47.53118
9096.5;270.1;2618170.82;1264522.62;7.679924;47.531186
9103.8;270.1;2618178.13;1264522.64;7.680021;47.531186
9110.5;270;2618184.83;1264523.11;7.68011;47.53119
9117.8;270.1;2618191.98;1264524.58;7.680205;47.531203
9124.7;270.1;2618198.9;1264524.49;7.680297;47.531202
9131;270.1;2618205.15;1264525.06;7.68038;47.531207
9137.5;270;2618211.63;1264524.97;7.680466;47.531206
9143.7;270;2618217.81;1264524.21;7.680548;47.531199
9150.1;270;2618224.21;1264524.01;7.680633;47.531197
9156.5;270;2618230.61;1264523.58;7.680718;47.531193
9162.6;269.9;2618236.64;1264523.04;7.680798;47.531188
9170.9;269.8;2618244.92;1264523.85;7.680908;47.531195
9177.6;269.8;2618251.62;1264524.09;7.680997;47.531197
9183.3;269.7;2618257.26;1264525;7.681072;47.531205
9189.2;269.8;2618263.13;1264525.68;7.68115;47.531211
9195.5;269.7;2618269.46;1264525.93;7.681234;47.531213
9202.2;269.7;2618276.16;1264525.83;7.681323;47.531212
9208.8;269.7;2618282.71;1264525.19;7.68141;47.531206
9215.2;269.6;2618289.04;1264525.32;7.681494;47.531207
9222.3;269.6;2618296.19;1264525.45;7.681589;47.531208
9228.5;269.6;2618302.3;1264524.25;7.68167;47.531197
9234.8;269.6;2618308.47;1264525.04;7.681752;47.531204
9240.7;269.4;2618314.42;1264524.84;7.681831;47.531202
9248.7;269.5;2618322.02;1264527.2;7.681932;47.531223
9258.1;269.4;2618331.36;1264525.67;7.682056;47.531209
9264.8;269.4;2618337.98;1264525.91;7.682144;47.531211
9273.3;269.4;2618346.49;1264526.39;7.682257;47.531215
9279.1;269.3;2618352.22;1264525.51;7.682333;47.531207
9284.7;269.3;2618357.87;1264525.64;7.682408;47.531208
9291.9;269.3;2618365.02;1264525.78;7.682503;47.531209
9297.8;269.3;2618370.97;1264525.46;7.682582;47.531206
9304.6;269.3;2618377.67;1264524.7;7.682671;47.531199
9311.3;269.3;2618384.38;1264524.61;7.68276;47.531198
9317.5;269.6;2618390.63;1264524.97;7.682843;47.531201
9324.2;269.6;2618397.33;1264525.1;7.682932;47.531202
9332.1;269.7;2618405.16;1264525.79;7.683036;47.531208
9338.6;269.3;2618411.63;1264526.25;7.683122;47.531212
9345.2;269.3;2618418.18;1264526.5;7.683209;47.531214
9352.5;269.4;2618425.56;1264526.74;7.683307;47.531216
9359.2;269.3;2618432.19;1264526.43;7.683395;47.531213
9365.4;269.3;2618438.44;1264526.89;7.683478;47.531217
9371.9;269.4;2618444.91;1264526.91;7.683564;47.531217
9377.9;269.3;2618450.86;1264527.04;7.683643;47.531218
9384;269.4;2618456.88;1264528.4;7.683723;47.53123
9390.5;269.4;2618463.28;1264527.97;7.683808;47.531226
9396.6;269.4;2618469.46;1264527.66;7.68389;47.531223
9402.4;269.5;2618475.26;1264527.79;7.683967;47.531224
9408.4;269.6;2618481.21;1264527.92;7.684046;47.531225
9413.7;269.4;2618486.55;1264528.27;7.684117;47.531228
9419.8;269.4;2618492.58;1264528.17;7.684197;47.531227
9426.1;269.4;2618498.9;1264528.08;7.684281;47.531226
9432;269.6;2618504.78;1264527.43;7.684359;47.53122
9438.4;269.5;2618511.18;1264527.12;7.684444;47.531217
9444;269.5;2618516.75;1264527.58;7.684518;47.531221
9449.8;269.4;2618522.55;1264528.16;7.684595;47.531226
9455.3;269.4;2618528.04;1264528.06;7.684668;47.531225
9462.5;269.4;2618535.2;1264528.64;7.684763;47.53123
9467.5;269.4;2618540.17;1264528.99;7.684829;47.531233
9474.3;269.4;2618546.94;1264528.68;7.684919;47.53123
9480.1;269.3;2618552.66;1264529.58;7.684995;47.531238
9485.8;269.2;2618558.39;1264530.16;7.685071;47.531243
9491.5;269.2;2618564.11;1264530.51;7.685147;47.531246
9498.3;269.2;2618570.81;1264530.98;7.685236;47.53125
9503.7;269.2;2618576.23;1264531.22;7.685308;47.531252
9508.9;269.3;2618581.43;1264531.12;7.685377;47.531251
9514.2;269.2;2618586.77;1264531.03;7.685448;47.53125
9519.5;269.3;2618592.04;1264530.93;7.685518;47.531249
9524.4;269.3;2618596.94;1264531.06;7.685583;47.53125
9528.8;269.2;2618601.31;1264531.18;7.685641;47.531251
9532.9;269.2;2618605.45;1264531.53;7.685696;47.531254
9536.6;269.2;2618609.06;1264531.87;7.685744;47.531257
9540.7;269.3;2618613.2;1264532.44;7.685799;47.531262
9544.4;269.2;2618616.89;1264532.79;7.685848;47.531265
9549.6;269.2;2618622.01;1264532.69;7.685916;47.531264
9554.2;269.2;2618626.53;1264531.82;7.685976;47.531256
9557.8;269.2;2618630.07;1264531.05;7.686023;47.531249
9561.7;269.2;2618633.91;1264530.4;7.686074;47.531243
9565.1;269.2;2618637.3;1264530.96;7.686119;47.531248
9570.2;269.1;2618641.98;1264528.86;7.686181;47.531229
9573.7;269.1;2618645.44;1264528.43;7.686227;47.531225
9578.8;269.2;2618650.49;1264528.34;7.686294;47.531224
9584.6;269.2;2618656.28;1264528.91;7.686371;47.531229
9590.9;269.1;2618662.61;1264529.15;7.686455;47.531231
9597.4;269.1;2618669.08;1264529.51;7.686541;47.531234
9605.4;269.2;2618677.07;1264529.86;7.686647;47.531237
9614.9;269.1;2618686.55;1264529.89;7.686773;47.531237
9625.5;269.2;2618697.01;1264531.82;7.686912;47.531254
9633.2;269.1;2618704.69;1264532.18;7.687014;47.531257
9642.6;269.1;2618714.03;1264532.2;7.687138;47.531257
9651.8;269.1;2618723.22;1264532.9;7.68726;47.531263
9659.9;269.2;2618731.19;1264534.59;7.687366;47.531278
9667.1;269.1;2618738.35;1264534.62;7.687461;47.531278
9674.9;269.2;2618745.95;1264536.42;7.687562;47.531294
9682.4;269.2;2618753.4;1264537.55;7.687661;47.531304
9689.7;269.2;2618760.7;1264538.02;7.687758;47.531308
9696;269.1;2618766.95;1264537.93;7.687841;47.531307
9703.4;269.2;2618774.33;1264538.96;7.687939;47.531316
9710.3;269.2;2618781.11;1264538.2;7.688029;47.531309
9717;269.2;2618787.89;1264538.11;7.688119;47.531308
9724.1;269.2;2618794.96;1264538.24;7.688213;47.531309
9731.4;269.1;2618802.19;1264538.82;7.688309;47.531314
9737.4;269.1;2618808.14;1264537.73;7.688388;47.531304
9745.6;269.2;2618816.35;1264537.64;7.688497;47.531303
9753.8;269.2;2618824.49;1264537;7.688605;47.531297
9759.5;269.2;2618830.13;1264537.69;7.68868;47.531303
9766.8;269.2;2618837.44;1264537.04;7.688777;47.531297
9772.5;269.1;2618843.09;1264536.28;7.688852;47.53129
9781.3;269;2618851.68;1264534.53;7.688966;47.531274
9788.2;268.9;2618858.53;1264533.66;7.689057;47.531266
9797.9;268.9;2618867.96;1264531.25;7.689182;47.531244
9803.9;268.9;2618873.91;1264530.82;7.689261;47.53124
9810.5;268.9;2618880.53;1264530.73;7.689349;47.531239
9817.2;269;2618887.24;1264530.2;7.689438;47.531234
9822.3;268.9;2618892.28;1264529.43;7.689505;47.531227
9828.3;269;2618898.16;1264528.56;7.689583;47.531219
9834;269;2618903.88;1264528.25;7.689659;47.531216
9839.9;269;2618909.76;1264527.71;7.689737;47.531211
9846.8;269;2618916.47;1264526.29;7.689826;47.531198
9853;269.1;2618922.64;1264526.64;7.689908;47.531201
9858.3;269.2;2618927.99;1264526.66;7.689979;47.531201
9864.3;269.2;2618934.01;1264526.79;7.690059;47.531202
9871.3;269.2;2618941.02;1264526.37;7.690152;47.531198
9875.7;269.2;2618945.38;1264525.93;7.69021;47.531194
9882.1;269.3;2618951.71;1264525.29;7.690294;47.531188
9888.4;269.3;2618958.04;1264524.86;7.690378;47.531184
9894.2;269.4;2618963.84;1264524.88;7.690455;47.531184
9899.6;269.4;2618969.18;1264525.57;7.690526;47.53119
9908.2;269.5;2618977.69;1264524.37;7.690639;47.531179
9914.1;269.6;2618983.57;1264524.17;7.690717;47.531177
9921.1;269.6;2618990.43;1264522.74;7.690808;47.531164
9926.4;269.6;2618995.7;1264522.09;7.690878;47.531158
9932.3;269.7;2619001.57;1264522;7.690956;47.531157
9939.4;269.8;2619008.73;1264522.25;7.691051;47.531159
9944.4;269.9;2619013.62;1264521.59;7.691116;47.531153
9951.7;269.8;2619020.85;1264522.51;7.691212;47.531161
9957.5;269.7;2619026.65;1264522.41;7.691289;47.53116
9964.3;269.7;2619033.5;1264522.21;7.69138;47.531158
9970.1;269.7;2619039.3;1264522.01;7.691457;47.531156
9975;269.8;2619044.04;1264522.92;7.69152;47.531164
9981.1;270;2619050.14;1264522.93;7.691601;47.531164
9987.2;270.1;2619056.24;1264523.62;7.691682;47.53117
9993.8;270.2;2619062.87;1264523.42;7.69177;47.531168
9999.7;270.4;2619068.59;1264524.77;7.691846;47.53118
10004.8;270.5;2619073.71;1264525.01;7.691914;47.531182
10010.1;270.7;2619078.9;1264525.58;7.691983;47.531187
10015.3;270.9;2619084.09;1264525.82;7.692052;47.531189
10021.6;271;2619090.42;1264525.96;7.692136;47.53119
10026.3;271;2619095.09;1264526.3;7.692198;47.531193
10031.6;271.3;2619100.44;1264525.77;7.692269;47.531188
10037.4;271.3;2619106.08;1264526.9;7.692344;47.531198
10043.8;271.5;2619112.48;1264527.14;7.692429;47.5312
10049;271.5;2619117.67;1264527.49;7.692498;47.531203
10055.2;271.6;2619123.85;1264527.4;7.69258;47.531202
10061;271.7;2619129.65;1264528.19;7.692657;47.531209
10067.1;271.8;2619135.74;1264528.55;7.692738;47.531212
10072;271.8;2619140.56;1264528.79;7.692802;47.531214
10079.3;271.9;2619147.87;1264528.81;7.692899;47.531214
10088.8;271.9;2619157.43;1264529.28;7.693026;47.531218
10095.8;272;2619164.35;1264529.97;7.693118;47.531224
10102.6;271.9;2619171.13;1264530.89;7.693208;47.531232
10109.1;271.9;2619177.6;1264531.57;7.693294;47.531238
10115.9;271.8;2619184.15;1264533.15;7.693381;47.531252
10121.5;271.8;2619189.8;1264533.61;7.693456;47.531256
10129.8;271.7;2619197.85;1264535.2;7.693563;47.53127
10137.1;271.7;2619205.15;1264535.22;7.69366;47.53127
10144.5;271.5;2619212.53;1264536.36;7.693758;47.53128
10151.8;271.5;2619219.68;1264537.94;7.693853;47.531294
10158.7;271.5;2619226.45;1264538.63;7.693943;47.5313
10166.3;271.4;2619234.13;1264538.43;7.694045;47.531298
10173.5;271.3;2619241.13;1264539.9;7.694138;47.531311
10180.8;271.3;2619248.36;1264541.14;7.694234;47.531322
10187.7;271.3;2619255.13;1264542.17;7.694324;47.531331
10195.7;271.2;2619263.03;1264543.64;7.694429;47.531344
10202.1;271.2;2619269.43;1264544.21;7.694514;47.531349
10208.7;271.2;2619275.91;1264545.12;7.6946;47.531357
10215.3;271.2;2619282.53;1264544.81;7.694688;47.531354
10221.6;271.3;2619288.7;1264546.17;7.69477;47.531366
10229.2;271.3;2619295.93;1264548.53;7.694866;47.531387
10235.5;271.4;2619302.17;1264548.99;7.694949;47.531391
10239.6;271.4;2619306.01;1264550.56;7.695;47.531405
10246.9;271.4;2619313.24;1264551.14;7.695096;47.53141
10253.5;271.5;2619319.86;1264551.16;7.695184;47.53141
10258.1;271.5;2619324.15;1264552.84;7.695241;47.531425
10264.1;271.6;2619329.94;1264554.53;7.695318;47.53144
10272.1;271.6;2619337.77;1264555.89;7.695422;47.531452
10279.1;271.7;2619344.77;1264556.69;7.695515;47.531459
10288.1;271.7;2619353.73;1264556.39;7.695634;47.531456
10296.2;271.8;2619361.86;1264556.63;7.695742;47.531458
10304.2;271.7;2619369.61;1264558.66;7.695845;47.531476
10311.6;271.8;2619376.84;1264560.02;7.695941;47.531488
10318;271.8;2619383.16;1264561.26;7.696025;47.531499
10325.5;271.8;2619390.23;1264563.51;7.696119;47.531519
10333.5;271.9;2619398.06;1264565.31;7.696223;47.531535
10340.6;271.9;2619404.75;1264567.67;7.696312;47.531556
10346.2;271.9;2619409.64;1264570.36;7.696377;47.53158
10352.5;271.9;2619415.65;1264572.38;7.696457;47.531598
10359.2;271.9;2619421.82;1264574.95;7.696539;47.531621
10366;272;2619428.14;1264577.42;7.696623;47.531643
10373.3;272;2619434.91;1264580.33;7.696713;47.531669
10379.9;272;2619441;1264582.8;7.696794;47.531691
10384.9;272;2619445.97;1264582.93;7.69686;47.531692
10392.9;272;2619453.41;1264585.95;7.696959;47.531719
10399.7;272;2619459.96;1264587.76;7.697046;47.531735
10405.2;272;2619465.38;1264588.33;7.697118;47.53174
10411;272;2619470.94;1264590.13;7.697192;47.531756
10418;272;2619477.11;1264593.37;7.697274;47.531785
10424.8;272.1;2619483.27;1264596.28;7.697356;47.531811
10432.6;272.1;2619490.42;1264599.53;7.697451;47.53184
10440;272.1;2619497.56;1264601.44;7.697546;47.531857
10446;272.1;2619503.28;1264603.02;7.697622;47.531871
10453.4;272.1;2619510.28;1264605.49;7.697715;47.531893
10460.8;272.2;2619517.35;1264607.62;7.697809;47.531912
10468.1;272.2;2619524.04;1264610.65;7.697898;47.531939
10475.2;272.2;2619530.66;1264613.23;7.697986;47.531962
10482.3;272.3;2619536.14;1264617.69;7.698059;47.532002
10488.4;272.3;2619541.71;1264620.16;7.698133;47.532024
10494.5;272.4;2619547.35;1264622.51;7.698208;47.532045
10500.7;272.4;2619553.52;1264623.31;7.69829;47.532052
10506.5;272.4;2619559.08;1264624.88;7.698364;47.532066
10513.2;272.4;2619565.48;1264627.02;7.698449;47.532085
10520.3;272.4;2619572.25;1264628.93;7.698539;47.532102
10527.7;272.5;2619579.47;1264630.62;7.698635;47.532117
10538.7;272.4;2619590.39;1264632.1;7.69878;47.53213
10545.9;272.4;2619597.31;1264634.13;7.698872;47.532148
10552.2;272.4;2619603.17;1264636.48;7.69895;47.532169
10559.6;272.4;2619610.32;1264638.17;7.699045;47.532184
10563.6;272.4;2619613.85;1264640.08;7.699092;47.532201
10570.2;272.4;2619620.17;1264641.88;7.699176;47.532217
10577.8;272.4;2619627.55;1264644.01;7.699274;47.532236
10584.6;272.4;2619633.94;1264646.04;7.699359;47.532254
10590.8;272.4;2619639.73;1264648.5;7.699436;47.532276
10598.8;272.4;2619647.18;1264651.31;7.699535;47.532301
10605.8;272.4;2619653.87;1264653.33;7.699624;47.532319
10614.5;272.3;2619662.45;1264654.47;7.699738;47.532329
10617.8;272.3;2619665.46;1264656.04;7.699778;47.532343
10624.4;272.3;2619671.78;1264657.84;7.699862;47.532359
10631.8;272.3;2619678.55;1264660.75;7.699952;47.532385
10638.5;272.4;2619684.64;1264663.66;7.700033;47.532411
10646.4;272.5;2619692.54;1264663.69;7.700138;47.532411
10653.8;272.4;2619699.54;1264665.82;7.700231;47.53243
10659.2;272.4;2619704.5;1264667.95;7.700297;47.532449
10668;272.5;2619713.23;1264669.65;7.700413;47.532464
10674.3;272.3;2619718.49;1264673.11;7.700483;47.532495
10681.4;272.3;2619725.41;1264674.58;7.700575;47.532508
10687.7;272.3;2619731.36;1264676.49;7.700654;47.532525
10693.4;272.3;2619736.85;1264678.07;7.700727;47.532539
10699.3;272.4;2619742.41;1264679.97;7.700801;47.532556
10708.1;272.4;2619750.38;1264683.89;7.700907;47.532591
10714.8;272.4;2619756.93;1264685.03;7.700994;47.532601
10721.2;272.4;2619763.1;1264686.83;7.701076;47.532617
10734.2;272.5;2619774.3;1264693.31;7.701225;47.532675
10742;272.5;2619781.67;1264696.12;7.701323;47.5327
10748.9;272.6;2619788.21;1264698.25;7.70141;47.532719
10753.5;272.5;2619792.5;1264699.93;7.701467;47.532734
10759;272.6;2619797.46;1264702.17;7.701533;47.532754
10766.3;272.6;2619804.46;1264704.2;7.701626;47.532772
10773.2;272.6;2619811.15;1264706;7.701715;47.532788
10780.1;272.6;2619817.7;1264708.36;7.701802;47.532809
10789.4;272.6;2619826.5;1264711.28;7.701919;47.532835
10795.9;272.6;2619832.82;1264712.74;7.702003;47.532848
10803.5;272.6;2619839.96;1264715.21;7.702098;47.53287
10814.7;272.7;2619850.72;1264718.36;7.702241;47.532898
10820.5;272.7;2619856.06;1264720.72;7.702312;47.532919
10826.6;272.8;2619861.77;1264722.85;7.702388;47.532938
10832.8;272.7;2619867.79;1264724.31;7.702468;47.532951
10839.4;272.7;2619874.04;1264726.45;7.702551;47.53297
10845.8;272.7;2619880.05;1264728.58;7.702631;47.532989
10852.7;272.8;2619885.54;1264732.82;7.702704;47.533027
10858.4;272.8;2619891.1;1264734.07;7.702778;47.533038
10867.6;272.8;2619899.68;1264737.43;7.702892;47.533068
10874.2;272.8;2619905.92;1264739.34;7.702975;47.533085
10880.5;272.8;2619911.94;1264741.36;7.703055;47.533103
10887.6;272.8;2619918.78;1264743.39;7.703146;47.533121
10893.7;272.8;2619924.5;1264745.41;7.703222;47.533139
10899.9;272.8;2619930.44;1264747.21;7.703301;47.533155
10905.9;272.8;2619936.01;1264749.45;7.703375;47.533175
10911.9;272.8;2619941.72;1264751.36;7.703451;47.533192
10919.1;272.9;2619948.34;1264754.05;7.703539;47.533216
10925.1;272.9;2619953.91;1264756.29;7.703613;47.533236
10931.3;272.8;2619959.92;1264757.87;7.703693;47.53325
10938.1;272.8;2619966.39;1264759.89;7.703779;47.533268
10944.2;272.8;2619972.34;1264761.47;7.703858;47.533282
10949.5;272.8;2619977.15;1264763.49;7.703922;47.5333
10955.4;272.7;2619982.64;1264765.84;7.703995;47.533321
10961.5;272.7;2619988.51;1264767.3;7.704073;47.533334
10969.8;272.7;2619996.79;1264768.33;7.704183;47.533343
10976.9;272.6;2620003.56;1264770.25;7.704273;47.53336
10982.7;272.6;2620008.97;1264772.49;7.704345;47.53338
10988.4;272.6;2620014.16;1264774.84;7.704414;47.533401
10994.6;272.5;2620019.65;1264777.64;7.704487;47.533426
11002.4;272.5;2620027.09;1264780.11;7.704586;47.533448
11009.4;272.4;2620033.94;1264781.36;7.704677;47.533459
11019.4;272.4;2620043.8;1264783.17;7.704808;47.533475
11026.6;272.3;2620050.95;1264784.31;7.704903;47.533485
11034;272.1;2620058.25;1264785.55;7.705;47.533496
11040.2;272.3;2620063.51;1264788.68;7.70507;47.533524
11047.3;272.3;2620070.13;1264791.37;7.705158;47.533548
11053.3;272.3;2620075.39;1264794.17;7.705228;47.533573
11060.8;272.2;2620082.53;1264796.42;7.705323;47.533593
11067;272.2;2620088.25;1264798.89;7.705399;47.533615
11074.2;272.1;2620095.02;1264801.24;7.705489;47.533636
11079.8;272.1;2620100.05;1264803.71;7.705556;47.533658
11085.2;272.1;2620105.02;1264805.84;7.705622;47.533677
11091.1;272.1;2620110.35;1264808.41;7.705693;47.5337
11098;272.1;2620116.97;1264810.32;7.705781;47.533717
11105.1;272.1;2620123.52;1264813.02;7.705868;47.533741
11112.1;272;2620130.21;1264815.37;7.705957;47.533762
11119.7;272;2620137.51;1264817.4;7.706054;47.53378
11126.6;272;2620143.9;1264819.87;7.706139;47.533802
11133.9;271.9;2620150.89;1264822.11;7.706232;47.533822
11140.9;272;2620157.51;1264824.36;7.70632;47.533842
11147.8;271.9;2620164.13;1264826.38;7.706408;47.53386
11154.7;271.9;2620170.75;1264828.19;7.706496;47.533876
11162;271.8;2620177.75;1264830.43;7.706589;47.533896
11169.5;271.8;2620184.74;1264832.9;7.706682;47.533918
11176.4;271.8;2620191.36;1264835.04;7.70677;47.533937
11183.2;271.8;2620197.83;1264837.06;7.706856;47.533955
11189.4;271.8;2620203.85;1264838.75;7.706936;47.53397
11198.2;271.8;2620212.35;1264840.89;7.707049;47.533989
11205.3;271.8;2620219.2;1264842.81;7.70714;47.534006
11212.6;271.9;2620226.19;1264844.94;7.707233;47.534025
11219.9;271.9;2620233.19;1264847.08;7.707326;47.534044
11227.8;271.9;2620240.79;1264849.11;7.707427;47.534062
11234.9;272;2620247.71;1264850.69;7.707519;47.534076
11241.4;272;2620253.8;1264852.82;7.7076;47.534095
11248.6;272;2620260.8;1264854.51;7.707693;47.53411
11255.7;272;2620267.72;1264856.31;7.707785;47.534126
11262.2;272.1;2620273.96;1264858.23;7.707868;47.534143
11268.5;272.1;2620279.6;1264861.02;7.707943;47.534168
11275.4;272.1;2620286.3;1264862.72;7.708032;47.534183
11282.1;272.1;2620292.54;1264864.96;7.708115;47.534203
11288.7;272.2;2620298.93;1264866.65;7.7082;47.534218
11295.6;272.2;2620305.25;1264869.34;7.708284;47.534242
11302.2;272.3;2620311.49;1264871.59;7.708367;47.534262
11311.7;272.3;2620320.59;1264874.4;7.708488;47.534287
11318.9;272.4;2620327.44;1264876.42;7.708579;47.534305
11326.2;272.4;2620334.43;1264878.67;7.708672;47.534325
11333.8;272.4;2620341.73;1264880.81;7.708769;47.534344
11340.9;272.4;2620348.35;1264883.39;7.708857;47.534367
11347.6;272.4;2620354.59;1264885.85;7.70894;47.534389
11353.8;272.4;2620360.38;1264888.1;7.709017;47.534409
11359.9;272.3;2620366.02;1264890.45;7.709092;47.53443
11366.2;272.2;2620372.19;1264891.7;7.709174;47.534441
11372;272.3;2620377.3;1264894.27;7.709242;47.534464
11379.4;272.2;2620384.29;1264896.74;7.709335;47.534486
11385.9;272.2;2620390.31;1264899.32;7.709415;47.534509
11393.1;272.1;2620397.23;1264901.23;7.709507;47.534526
11401.3;272;2620404.37;1264905.26;7.709602;47.534562
11407.6;271.9;2620410.46;1264906.84;7.709683;47.534576
11414.1;271.9;2620416.4;1264909.42;7.709762;47.534599
11423.7;271.7;2620425.96;1264910.45;7.709889;47.534608
11430.5;271.6;2620432.51;1264912.36;7.709976;47.534625
11437.5;271.6;2620439.2;1264914.28;7.710065;47.534642
11442.3;271.6;2620443.18;1264916.96;7.710118;47.534666
11446.9;271.5;2620447.39;1264918.97;7.710174;47.534684
11453.2;271.5;2620453.33;1264921;7.710253;47.534702
11460.2;271.4;2620460.18;1264922.13;7.710344;47.534712
11467.3;271.3;2620467.18;1264923.49;7.710437;47.534724
11474.5;271.2;2620474.03;1264925.63;7.710528;47.534743
11481.6;271.2;2620480.8;1264927.76;7.710618;47.534762
11487.3;271.2;2620486.06;1264930.12;7.710688;47.534783
11494.7;271.1;2620493.28;1264931.48;7.710784;47.534795
11500.9;271;2620499.3;1264933.28;7.710864;47.534811
11507.8;271;2620505.92;1264934.85;7.710952;47.534825
11513.5;271;2620511.34;1264936.76;7.711024;47.534842
11520.8;270.9;2620518.48;1264938.12;7.711119;47.534854
11527.4;270.8;2620524.95;1264939.59;7.711205;47.534867
11535.9;270.7;2620533.38;1264940.51;7.711317;47.534875
11543.2;270.7;2620540.53;1264942.2;7.711412;47.53489
11552.5;270.6;2620549.64;1264943.9;7.711533;47.534905
11559.5;270.6;2620556.48;1264945.48;7.711624;47.534919
11564.9;270.6;2620561.29;1264947.94;7.711688;47.534941
11570.3;270.6;2620566.41;1264949.74;7.711756;47.534957
11578;270.6;2620574.01;1264950.1;7.711857;47.53496
11585.6;270.6;2620581.46;1264951.91;7.711956;47.534976
11591.7;270.6;2620587.25;1264953.59;7.712033;47.534991
11599.7;270.6;2620595.23;1264954.51;7.712139;47.534999
11605.4;270.6;2620600.88;1264955.42;7.712214;47.535007
11612.1;270.7;2620607.42;1264956.67;7.712301;47.535018
11618.6;270.7;2620613.74;1264958.36;7.712385;47.535033
11625.8;270.7;2620620.82;1264959.49;7.712479;47.535043
11632.7;270.8;2620627.51;1264961.18;7.712568;47.535058
11639.6;270.8;2620634.28;1264962.65;7.712658;47.535071
11646.9;270.8;2620641.51;1264963.35;7.712754;47.535077
11653.8;270.9;2620648.28;1264964.59;7.712844;47.535088
11660.8;270.9;2620655.28;1264965.62;7.712937;47.535097
11668.5;271;2620662.81;1264967.09;7.713037;47.53511
11677.1;271.1;2620671.23;1264968.79;7.713149;47.535125
11683.4;271.1;2620677.48;1264969.25;7.713232;47.535129
11689.9;271.1;2620683.95;1264969.94;7.713318;47.535135
11696.4;271.2;2620690.27;1264971.41;7.713402;47.535148
11702.1;271.2;2620695.92;1264972.65;7.713477;47.535159
11709.2;271.3;2620702.76;1264974.34;7.713568;47.535174
11715.9;271.3;2620709.31;1264975.7;7.713655;47.535186
11722.7;271.4;2620716.01;1264977.17;7.713744;47.535199
11729.8;271.5;2620722.78;1264979.2;7.713834;47.535217
11735.9;271.4;2620728.8;1264979.99;7.713914;47.535224
11742.5;271.4;2620735.42;1264980.68;7.714002;47.53523
11749.1;271.4;2620741.97;1264980.37;7.714089;47.535227
11756;271.3;2620748.82;1264980.84;7.71418;47.535231
11762.5;271.2;2620755.38;1264980.2;7.714267;47.535225
11769.4;271.2;2620762.23;1264980.33;7.714358;47.535226
11776.7;271.2;2620769.53;1264980.36;7.714455;47.535226
11785;271.3;2620777.6;1264978.5;7.714562;47.535209
11792.5;271.5;2620785.05;1264977.19;7.714661;47.535197
11800.6;271.6;2620793.11;1264977.33;7.714768;47.535198
11808.1;271.6;2620800.56;1264977.69;7.714867;47.535201
11813.3;271.5;2620805.68;1264978.82;7.714935;47.535211
11818.4;271.5;2620810.27;1264981.06;7.714996;47.535231
11824.3;271.5;2620816.14;1264981.08;7.715074;47.535231
11830.6;271.4;2620822.46;1264980.99;7.715158;47.53523
11835.5;271.3;2620827.36;1264981.01;7.715223;47.53523
11842.4;271.3;2620834.21;1264980.14;7.715314;47.535222
11851;271.1;2620842.8;1264980.28;7.715428;47.535223
11860.2;271.2;2620851.99;1264979.54;7.71555;47.535216
11865.1;270.9;2620855.97;1264982.33;7.715603;47.535241
11871.3;270.7;2620861.83;1264984.46;7.715681;47.53526
11877.6;270.7;2620867.34;1264981.48;7.715754;47.535233
11887.8;270.5;2620877.58;1264982.07;7.71589;47.535238
11895.6;270.3;2620884.42;1264985.77;7.715981;47.535271
11904.9;270.1;2620893.39;1264983.35;7.7161;47.535249
11912.6;270;2620900.91;1264984.82;7.7162;47.535262
11919.2;269.9;2620907.53;1264985.63;7.716288;47.535269
11925.9;269.7;2620913.93;1264987.32;7.716373;47.535284
11933.7;269.5;2620921.6;1264989.01;7.716475;47.535299
11941.3;269.2;2620929.13;1264990.04;7.716575;47.535308
11951;268.8;2620938.77;1264990.52;7.716703;47.535312
11959;268.5;2620946.51;1264992.77;7.716806;47.535332
11965.9;268.3;2620953.21;1264994.13;7.716895;47.535344
11972.1;268.2;2620959.31;1264995.48;7.716976;47.535356
11986.7;268;2620973.91;1264995.53;7.71717;47.535356
11992;267.9;2620978.72;1264997.78;7.717234;47.535376
11998.6;267.8;2620985.04;1264999.8;7.717318;47.535394
12005.9;267.6;2620992.19;1265001.05;7.717413;47.535405
12017;267.3;2621002.26;1265005.64;7.717547;47.535446
12023.6;267;2621008.81;1265006.67;7.717634;47.535455
12030;266.8;2621014.52;1265009.58;7.71771;47.535481
12042;266.3;2621026.28;1265007.06;7.717866;47.535458
12055.6;265.8;2621039.83;1265007.33;7.718046;47.53546
12063.4;265.5;2621047.28;1265009.58;7.718145;47.53548
12071.6;265.1;2621055.48;1265010.5;7.718254;47.535488
12079.4;264.9;2621063.23;1265011.53;7.718357;47.535497
12088.4;264.4;2621072.11;1265013.01;7.718475;47.53551
12097.1;264.1;2621080.46;1265015.26;7.718586;47.53553
12107.3;263.8;2621090.55;1265016.63;7.71872;47.535542
12116.5;264;2621099.73;1265017.55;7.718842;47.53555
12124.3;264.3;2621107.33;1265019.47;7.718943;47.535567
12131.6;260.9;2621114.02;1265022.38;7.719032;47.535593
12138.7;260.8;2621120.87;1265024.19;7.719123;47.535609
12146.2;260.8;2621128.17;1265025.88;7.71922;47.535624
12152.9;262.2;2621134.64;1265027.46;7.719306;47.535638
12158.9;265.8;2621140.5;1265028.82;7.719384;47.53565
12165.7;266;2621147.05;1265030.51;7.719471;47.535665
12171.7;266.2;2621152.92;1265031.75;7.719549;47.535676
12178;266.3;2621159.01;1265033.66;7.71963;47.535693
12183.9;266.4;2621164.73;1265035.13;7.719706;47.535706
12188.8;266.4;2621169.16;1265037.15;7.719765;47.535724
12192.2;266.4;2621172.17;1265038.71;7.719805;47.535738
12198;266.4;2621177.43;1265041.07;7.719875;47.535759
12206;266.4;2621185.33;1265042.21;7.71998;47.535769
12210.3;266.4;2621189.09;1265044.44;7.72003;47.535789
12217.4;266.5;2621195.55;1265047.36;7.720116;47.535815
12229.7;267;2621206.76;1265052.4;7.720265;47.53586
12238;267.4;2621214.58;1265055.21;7.720369;47.535885
12245.9;267.8;2621221.79;1265058.35;7.720465;47.535913
12253.5;268.3;2621228.26;1265062.38;7.720551;47.535949
12260.2;268.6;2621233.74;1265066.18;7.720624;47.535983
12267.6;269.1;2621239.82;1265070.42;7.720705;47.536021
12274.3;269.6;2621245.46;1265074;7.72078;47.536053
12281.2;270.1;2621251.01;1265078.13;7.720854;47.53609
12288.1;270.5;2621255.51;1265083.38;7.720914;47.536137
12294.7;271;2621260.01;1265088.17;7.720974;47.53618
12301.5;271.4;2621265.12;1265092.75;7.721042;47.536221
12307.5;271.7;2621269.24;1265097.1;7.721097;47.53626
12313;272.1;2621273.37;1265100.67;7.721152;47.536292
12317.7;272.2;2621277.28;1265103.36;7.721204;47.536316
12321.6;272.6;2621279;1265106.81;7.721227;47.536347
12325.3;272.8;2621281.32;1265109.71;7.721258;47.536373
12330.5;273;2621285.68;1265112.5;7.721316;47.536398
12335.8;273.3;2621290.11;1265115.52;7.721375;47.536425
12341.7;273.6;2621294.61;1265119.21;7.721435;47.536458
12347.3;274;2621298.67;1265123.11;7.721489;47.536493
12355.4;274.5;2621304.97;1265128.25;7.721573;47.536539
12362.1;274.8;2621310.61;1265131.83;7.721648;47.536571
12368.1;275.1;2621315.64;1265135.07;7.721715;47.5366
12375.6;275.4;2621321.5;1265139.76;7.721793;47.536642
12381.2;275.7;2621325.4;1265143.78;7.721845;47.536678
12388.6;276.1;2621332.01;1265147.14;7.721933;47.536708
12394.8;276.3;2621337.19;1265150.61;7.722002;47.536739
12399.8;276.6;2621341.63;1265152.85;7.722061;47.536759
12406.1;276.9;2621346.96;1265156.2;7.722132;47.536789
12411.7;277.1;2621351.92;1265158.89;7.722198;47.536813
12416.5;277.3;2621356.36;1265160.57;7.722257;47.536828
12420.9;277.4;2621360.42;1265162.25;7.722311;47.536843
12425.2;277.6;2621364.4;1265163.94;7.722364;47.536858
12429.6;277.8;2621368.46;1265165.73;7.722418;47.536874
12434.5;278;2621373.13;1265167.08;7.72248;47.536886
12440.4;278.2;2621378.84;1265168.43;7.722556;47.536898
12445.6;278.3;2621383.73;1265170.23;7.722621;47.536914
12451.9;278.5;2621390.05;1265170.7;7.722705;47.536918
12457;278.6;2621394.94;1265172.16;7.72277;47.536931
12462;278.8;2621399.83;1265173.07;7.722835;47.536939
12466.7;278.8;2621404.42;1265173.98;7.722896;47.536947
12472.3;278.9;2621409.99;1265174.66;7.72297;47.536953
12480.3;279.1;2621417.82;1265176.47;7.723074;47.536969
12486.5;279.3;2621423.91;1265177.16;7.723155;47.536975
12492.2;279.3;2621429.56;1265178.29;7.72323;47.536985
12496.6;279.5;2621433.77;1265179.53;7.723286;47.536996
12500.8;279.6;2621437.53;1265181.43;7.723336;47.537013
12506.2;279.7;2621442.87;1265182.23;7.723407;47.53702
12511.2;279.9;2621447.76;1265183.25;7.723472;47.537029
12516;280.1;2621452.5;1265183.82;7.723535;47.537034
12522.3;280.3;2621458.67;1265185.07;7.723617;47.537045
12529.4;280.4;2621464.76;1265188.76;7.723698;47.537078
12533.8;280.5;2621468.51;1265191;7.723748;47.537098
12540.6;280.8;2621475.29;1265191.24;7.723838;47.5371
12546.3;281;2621480.63;1265193.38;7.723909;47.537119
12551;281.1;2621485.06;1265194.95;7.723968;47.537133
12555.9;281.2;2621489.58;1265196.86;7.724028;47.53715
12560.8;281.4;2621494.39;1265197.87;7.724092;47.537159
12565.1;281.5;2621498.45;1265199.22;7.724146;47.537171
12571.6;281.7;2621504.92;1265200.14;7.724232;47.537179
12576.5;281.9;2621509.36;1265202.04;7.724291;47.537196
12583.2;282;2621515.83;1265203.84;7.724377;47.537212
12587.9;282.1;2621520.19;1265205.53;7.724435;47.537227
12591;282.2;2621522.52;1265207.65;7.724466;47.537246
12595.2;282.4;2621526.35;1265209.33;7.724517;47.537261
12600.4;282.5;2621530.71;1265212.24;7.724575;47.537287
12606.5;282.7;2621536.35;1265214.37;7.72465;47.537306
12611.4;282.7;2621540.4;1265217.16;7.724704;47.537331
12616.3;282.9;2621544.53;1265219.74;7.724759;47.537354
12621.4;282.9;2621549.27;1265221.76;7.724822;47.537372
12625.9;283;2621553.48;1265223.33;7.724878;47.537386
12630.4;283.1;2621557.69;1265224.9;7.724934;47.5374
12634.8;283.1;2621561.68;1265226.69;7.724987;47.537416
12639.3;283.2;2621565.73;1265228.71;7.725041;47.537434
12643.5;283.3;2621569.64;1265230.17;7.725093;47.537447
12647.9;283.4;2621573.55;1265232.18;7.725145;47.537465
12651.3;283.5;2621576.63;1265233.75;7.725186;47.537479
12655.6;283.6;2621580.77;1265234.99;7.725241;47.53749
12661;283.7;2621586.04;1265236.12;7.725311;47.5375
12665.3;283.8;2621590.02;1265237.69;7.725364;47.537514
12670.9;283.9;2621595.44;1265239.27;7.725436;47.537528
12676.2;284.1;2621600.55;1265240.62;7.725504;47.53754
12680.8;284.1;2621604.99;1265241.75;7.725563;47.53755
12685.7;284.2;2621609.5;1265243.55;7.725623;47.537566
12689.3;284.3;2621612.96;1265244.78;7.725669;47.537577
12697.3;284.5;2621620.71;1265246.48;7.725772;47.537592
12704.2;284.6;2621627.48;1265247.73;7.725862;47.537603
12709.1;284.7;2621632.14;1265249.41;7.725924;47.537618
12718.8;284.9;2621641.39;1265252.33;7.726047;47.537644
12725.5;285;2621647.94;1265253.69;7.726134;47.537656
12731.6;285.2;2621653.96;1265254.49;7.726214;47.537663
12736;285.3;2621658.33;1265255.18;7.726272;47.537669
12740.1;285.4;2621662.39;1265255.75;7.726326;47.537674
12744.3;285.5;2621666.53;1265256.43;7.726381;47.53768
12748.2;285.6;2621670.36;1265257.22;7.726432;47.537687
12753.1;285.7;2621675.18;1265258.02;7.726496;47.537694
12758.7;285.9;2621680.67;1265258.82;7.726569;47.537701
12767;286.1;2621689.03;1265258.96;7.72668;47.537702
12772.2;286.3;2621694.07;1265260.09;7.726747;47.537712
12777.2;286.4;2621698.96;1265261.22;7.726812;47.537722
12783.1;286.6;2621704.76;1265262.13;7.726889;47.53773
12789.1;286.7;2621710.62;1265263.48;7.726967;47.537742
12794.3;286.8;2621715.74;1265264.62;7.727035;47.537752
12799.5;286.9;2621720.93;1265265.19;7.727104;47.537757
12805.5;287.1;2621726.88;1265265.77;7.727183;47.537762
12810.6;287.2;2621731.69;1265267.23;7.727247;47.537775
12816;287.3;2621736.88;1265268.92;7.727316;47.53779
12821.4;287.4;2621742;1265270.49;7.727384;47.537804
12826.5;287.6;2621747.04;1265271.73;7.727451;47.537815
12833.2;287.8;2621753.66;1265271.87;7.727539;47.537816
12838.6;287.9;2621759.08;1265272.22;7.727611;47.537819
12843.4;288;2621763.59;1265273.8;7.727671;47.537833
12851.1;288.2;2621771.19;1265275.27;7.727772;47.537846
12858;288.4;2621778.05;1265275.07;7.727863;47.537844
12862.9;288.6;2621782.94;1265274.87;7.727928;47.537842
12868.3;288.6;2621787.9;1265277;7.727994;47.537861
12873.7;288.8;2621793.24;1265277.91;7.728065;47.537869
12880.4;289;2621799.56;1265280.04;7.728149;47.537888
12884.9;289.1;2621803.92;1265281.28;7.728207;47.537899
12890.4;289.2;2621809.34;1265282.42;7.728279;47.537909
12895.9;289.3;2621814.61;1265283.88;7.728349;47.537922
12901.4;289.5;2621819.95;1265285.23;7.72842;47.537934
12907.1;289.6;2621825.52;1265286.14;7.728494;47.537942
12911.8;289.8;2621830.18;1265286.72;7.728556;47.537947
12916.7;289.9;2621835;1265287.85;7.72862;47.537957
12921.4;290;2621839.51;1265288.98;7.72868;47.537967
12925.5;290.1;2621843.5;1265290.21;7.728733;47.537978
12929.5;290.2;2621847.33;1265291.34;7.728784;47.537988
12933.3;290.4;2621851.02;1265292.35;7.728833;47.537997
12937.5;290.4;2621855;1265293.59;7.728886;47.538008
12940.6;290.5;2621857.94;1265294.6;7.728925;47.538017
12945.5;290.6;2621862.6;1265296.18;7.728987;47.538031
12951.7;290.6;2621868.31;1265298.53;7.729063;47.538052
12955.9;290.8;2621872.3;1265299.88;7.729116;47.538064
12961.9;290.9;2621878.17;1265301.13;7.729194;47.538075
12969;291;2621885.17;1265302.04;7.729287;47.538083
12980.5;291.5;2621896.61;1265302.75;7.729439;47.538089
12986.6;291.6;2621902.47;1265304.55;7.729517;47.538105
12992.3;291.7;2621907.96;1265306.02;7.72959;47.538118
12998.5;291.8;2621913.75;1265308.37;7.729667;47.538139
13004.5;292;2621919.32;1265310.51;7.729741;47.538158
13010.7;292.1;2621925.11;1265312.86;7.729818;47.538179
13016.6;292.3;2621930.6;1265314.89;7.729891;47.538197
13022.5;292.4;2621936.24;1265316.8;7.729966;47.538214
13029.1;292.5;2621942.48;1265318.93;7.730049;47.538233
13035.4;292.6;2621948.49;1265320.84;7.730129;47.53825
13041.1;292.7;2621953.6;1265323.31;7.730197;47.538272
13046.8;292.9;2621958.79;1265325.55;7.730266;47.538292
13051.8;292.9;2621963.15;1265328.02;7.730324;47.538314
13058.4;293;2621969.62;1265329.48;7.73041;47.538327
13064.9;293.1;2621975.86;1265331.29;7.730493;47.538343
13069.4;293.2;2621979.84;1265333.3;7.730546;47.538361
13079.6;293.3;2621989.47;1265336.9;7.730674;47.538393
13086.9;293.5;2621996.62;1265338.37;7.730769;47.538406
13093.5;293.6;2622003.09;1265339.5;7.730855;47.538416
13100.6;293.8;2622010.01;1265341.2;7.730947;47.538431
13107.3;293.8;2622016.4;1265343.11;7.731032;47.538448
13112.1;294;2622020.53;1265345.57;7.731087;47.53847
13117.7;294.1;2622026.03;1265346.48;7.73116;47.538478
13122.8;294;2622029.63;1265350.17;7.731208;47.538511
13128.6;294.1;2622034.96;1265352.3;7.731279;47.53853
13134.2;294.1;2622039.85;1265354.99;7.731344;47.538554
13139.6;294.2;2622044.73;1265357.34;7.731409;47.538575
13144.8;294.2;2622049.85;1265358.47;7.731477;47.538585
13156.3;294.4;2622060.91;1265361.51;7.731624;47.538612
13162.7;294.4;2622067;1265363.65;7.731705;47.538631
13170.2;294.5;2622074.14;1265365.79;7.7318;47.53865
13176.5;294.5;2622079.93;1265368.37;7.731877;47.538673
13182.9;294.4;2622085.95;1265370.28;7.731957;47.53869
13187.8;294.5;2622090.76;1265371.41;7.732021;47.5387
13196.1;294.5;2622098.89;1265373.11;7.732129;47.538715
13202.8;294.5;2622105.13;1265375.58;7.732212;47.538737
13210.8;294.6;2622112.65;1265378.27;7.732312;47.538761
13221;294.6;2622121.89;1265382.64;7.732435;47.5388
13227.3;294.6;2622127.75;1265385;7.732513;47.538821
13233.8;294.7;2622133.84;1265387.14;7.732594;47.53884
13238.7;294.7;2622138.43;1265388.71;7.732655;47.538854
13245.3;294.7;2622144.82;1265390.62;7.73274;47.538871
13251.1;294.7;2622150.16;1265392.76;7.732811;47.53889
13256.9;294.7;2622155.73;1265394.45;7.732885;47.538905
13263.1;294.8;2622161.36;1265397.13;7.73296;47.538929
13270;294.8;2622167.91;1265399.05;7.733047;47.538946
13275.9;294.8;2622173.32;1265401.63;7.733119;47.538969
13286.2;294.8;2622183.48;1265402.89;7.733254;47.53898
13291.5;294.9;2622188.59;1265404.46;7.733322;47.538994
13301.7;294.9;2622198.76;1265405.17;7.733457;47.539
13307.3;295;2622204.17;1265406.41;7.733529;47.539011
13312.8;295.1;2622209.59;1265407.66;7.733601;47.539022
13318.3;295.1;2622215.08;1265407.57;7.733674;47.539021
13324.2;295.1;2622220.96;1265408.14;7.733752;47.539026
13330.3;295.1;2622226.98;1265408.17;7.733832;47.539026
13339.1;295.1;2622235.64;1265406.2;7.733947;47.539008
13346;295;2622242.5;1265405.56;7.734038;47.539002
13352.3;294.9;2622248.75;1265405.13;7.734121;47.538998
13359.2;295;2622253.17;1265410.38;7.73418;47.539045
13363.9;295.1;2622254.89;1265414.83;7.734203;47.539085
13369.7;295;2622259.24;1265418.63;7.734261;47.539119
13376.2;294.9;2622263.97;1265423.09;7.734324;47.539159
13382.5;294.8;2622269.15;1265426.67;7.734393;47.539191
13388.8;294.7;2622274.1;1265430.58;7.734459;47.539226
13395.6;294.6;2622279.43;1265434.71;7.73453;47.539263
13401.8;294.6;2622284.46;1265438.4;7.734597;47.539296
13407.5;294.6;2622289.35;1265441.42;7.734662;47.539323
13418.1;294.6;2622298.29;1265447.02;7.734781;47.539373
13424.9;294.6;2622304.6;1265449.49;7.734865;47.539395
13430.3;294.6;2622309.49;1265451.95;7.73493;47.539417
13434.9;294.6;2622314.08;1265452.3;7.734991;47.53942
13443.6;294.6;2622322.43;1265454.67;7.735102;47.539441
13448.2;294.6;2622326.33;1265457.02;7.735154;47.539462
13456.2;294.6;2622333.93;1265459.6;7.735255;47.539485
13461.7;294.6;2622338.81;1265462.07;7.73532;47.539507
13470.6;294.6;2622346.32;1265466.88;7.73542;47.53955
13474.3;294.6;2622350.01;1265467.45;7.735469;47.539555
13478.4;294.7;2622353.24;1265469.91;7.735512;47.539577
13484.9;294.7;2622359.33;1265472.26;7.735593;47.539598
13490.8;294.7;2622364.89;1265474.29;7.735667;47.539616
13497.7;294.7;2622370.9;1265477.65;7.735747;47.539646
13503.8;294.7;2622376.77;1265479.11;7.735825;47.539659
13510.3;294.7;2622382.93;1265481.25;7.735907;47.539678
13517.4;294.8;2622389.63;1265483.72;7.735996;47.5397
13526.3;294.7;2622398.51;1265483.64;7.736114;47.539699
13533.8;294.7;2622405.88;1265485.23;7.736212;47.539713
13540.2;294.7;2622411.75;1265487.7;7.73629;47.539735
13550.5;294.8;2622421.45;1265491.07;7.736419;47.539765
13557.3;294.9;2622428.07;1265492.87;7.736507;47.539781
13564;294.9;2622434.46;1265494.79;7.736592;47.539798
13570.9;294.8;2622440.85;1265497.37;7.736677;47.539821
13574.8;294.9;2622444.23;1265499.38;7.736722;47.539839
13581.9;294.9;2622451.15;1265500.74;7.736814;47.539851
13589.3;294.9;2622458.22;1265502.99;7.736908;47.539871
13595.9;295.1;2622463.85;1265506.35;7.736983;47.539901
13601.8;295.1;2622469.34;1265508.71;7.737056;47.539922
13606.8;295.1;2622473.93;1265510.72;7.737117;47.53994
13613.2;295.2;2622479.64;1265513.41;7.737193;47.539964
13619.4;295.2;2622485.35;1265515.88;7.737269;47.539986
13624.7;295.3;2622490.01;1265518.46;7.737331;47.540009
13632.2;295.3;2622482.64;1265516.87;7.737233;47.539995
13638.5;295.2;2622488.89;1265516.67;7.737316;47.539993
13644;295.3;2622493.77;1265519.25;7.737381;47.540016
13650.4;295.3;2622500.02;1265520.5;7.737464;47.540027
13656.8;295.2;2622506.34;1265521.52;7.737548;47.540036
13663;295.2;2622512.35;1265523.21;7.737628;47.540051
13670.9;295.3;2622519.42;1265526.58;7.737722;47.540081
13677.1;295.3;2622525.51;1265528.04;7.737803;47.540094
13680.3;295.2;2622528.67;1265527.83;7.737845;47.540092
13685.8;295.2;2622533.94;1265529.3;7.737915;47.540105
13692.8;295.2;2622540.48;1265531.77;7.738002;47.540127
13698.8;295.3;2622546.19;1265533.79;7.738078;47.540145
13704.7;295.3;2622551.99;1265534.7;7.738155;47.540153
13710.8;295.2;2622558.08;1265535.17;7.738236;47.540157
13717;295.3;2622564.18;1265536.42;7.738317;47.540168
13724.5;295.3;2622571.17;1265539;7.73841;47.540191
13732.3;295.2;2622579;1265539.81;7.738514;47.540198
13740.5;295.2;2622587.13;1265540.06;7.738622;47.5402
13748.4;295.1;2622595.03;1265540.76;7.738727;47.540206
13756.8;295;2622603.39;1265540.57;7.738838;47.540204
13767.5;295;2622614.16;1265540.61;7.738981;47.540204
13774.8;294.8;2622619.97;1265536.3;7.739058;47.540165
13781.4;294.7;2622625.93;1265533.32;7.739137;47.540138
13787;294.6;2622629.78;1265529.33;7.739188;47.540102
13795.1;294.4;2622636.88;1265525.47;7.739282;47.540067
13805.3;294.4;2622646.96;1265527.4;7.739416;47.540084
13811.5;294.4;2622652.9;1265528.86;7.739495;47.540097
13817.7;294.3;2622658.99;1265530.33;7.739576;47.54011
13826.6;294.5;2622665.75;1265536.14;7.739666;47.540162
13834.5;294.5;2622672.36;1265540.5;7.739754;47.540201
13841;295.1;2622678.68;1265541.75;7.739838;47.540212
13846.2;294.5;2622682.96;1265544.77;7.739895;47.540239
13852.9;294.6;2622689.27;1265546.79;7.739979;47.540257
13861.4;294.6;2622697.24;1265549.94;7.740085;47.540285
13870.4;294.6;2622705.97;1265551.86;7.740201;47.540302
13875.8;294.6;2622711.31;1265552.66;7.740272;47.540309
13883.3;294.6;2622718.84;1265553.24;7.740372;47.540314
13890.2;294.5;2622725.76;1265553.49;7.740464;47.540316
13896;294.6;2622731.4;1265554.74;7.740539;47.540327
13903.4;294.6;2622738.78;1265554.77;7.740637;47.540327
13911;294.6;2622746.31;1265555.46;7.740737;47.540333
13916.6;294.7;2622751.8;1265556.71;7.74081;47.540344
13923;294.7;2622758.04;1265558.29;7.740893;47.540358
13931.1;294.7;2622766.1;1265558.65;7.741;47.540361
13936.8;294.7;2622771.67;1265559.67;7.741074;47.54037
13941.4;294.8;2622776.18;1265560.91;7.741134;47.540381
13945.4;294.8;2622779.79;1265562.48;7.741182;47.540395
13950.2;294.8;2622783.16;1265565.94;7.741227;47.540426
13960;294.9;2622792.88;1265565.09;7.741356;47.540418
13969.5;294.9;2622802.21;1265567.02;7.74148;47.540435
13975.9;295;2622808.61;1265566.38;7.741565;47.540429
13985.9;295;2622818.31;1265568.75;7.741694;47.54045
13993.1;295;2622825.46;1265569.44;7.741789;47.540456
14000.2;295;2622832.46;1265570.69;7.741882;47.540467
14006.1;295;2622838.33;1265571.49;7.74196;47.540474
14013.5;295;2622845.55;1265572.97;7.742056;47.540487
14022.4;295;2622854.43;1265573.89;7.742174;47.540495
14032.2;295.1;2622864.22;1265574.37;7.742304;47.540499
14038.1;292.7;2622870.01;1265575.29;7.742381;47.540507
14047.4;287.4;2622879.19;1265576.99;7.742503;47.540522
14053.6;282.1;2622885.29;1265577.9;7.742584;47.54053
14060.2;281.2;2622891.83;1265579.15;7.742671;47.540541
14066.6;283.1;2622898.15;1265579.73;7.742755;47.540546
14072.8;288;2622904.32;1265580.53;7.742837;47.540553
14081;293.5;2622912.45;1265581.45;7.742945;47.540561
14087.3;295.2;2622918.7;1265582.03;7.743028;47.540566
14093.4;295.2;2622924.79;1265582.84;7.743109;47.540573
14098.7;295.2;2622929.99;1265583.75;7.743178;47.540581
14104.6;295.2;2622935.85;1265584.77;7.743256;47.54059
14111.3;295.2;2622942.4;1265585.91;7.743343;47.5406
14118.4;295.1;2622949.09;1265588.27;7.743432;47.540621
14125;295.1;2622955.33;1265590.51;7.743515;47.540641
14131.8;295;2622962.03;1265591.43;7.743604;47.540649
14137.5;295;2622967.67;1265592.34;7.743679;47.540657
14144.4;295;2622974.52;1265593.26;7.74377;47.540665
14151.1;295;2622980.99;1265594.95;7.743856;47.54068
14157.4;295;2622987;1265596.98;7.743936;47.540698
14164.5;294.9;2622993.62;1265599.56;7.744024;47.540721
14173;294.9;2623002.05;1265600.48;7.744136;47.540729
14178.7;294.8;2623007.24;1265602.72;7.744205;47.540749
14186;294.8;2623014.3;1265604.64;7.744299;47.540766
14193;294.8;2623021;1265606.78;7.744388;47.540785
14200.7;294.7;2623028.44;1265608.48;7.744487;47.5408
14207.5;294.7;2623034.91;1265610.73;7.744573;47.54082
14214.8;294.6;2623041.91;1265612.64;7.744666;47.540837
14221;294.5;2623047.92;1265614.22;7.744746;47.540851
14228.2;294.4;2623055.07;1265615.03;7.744841;47.540858
14236;294.3;2623062.9;1265615.62;7.744945;47.540863
14242.5;294.2;2623069.3;1265616.42;7.74503;47.54087
14248.6;294.1;2623075.39;1265617.11;7.745111;47.540876
14255.3;294;2623082.01;1265618.03;7.745199;47.540884
14268.4;293.8;2623094.8;1265620.74;7.745369;47.540908
14276.2;293.8;2623101.79;1265624.22;7.745462;47.540939
14281.6;294.1;2623106.45;1265627.02;7.745524;47.540964
14286.7;294.1;2623110.73;1265629.7;7.745581;47.540988
14294.3;293.8;2623116.73;1265634.4;7.745661;47.54103
14300.2;293.6;2623121.99;1265637.08;7.745731;47.541054
14307.1;293.7;2623128.54;1265639.33;7.745818;47.541074
14314.5;293.5;2623134.84;1265643.25;7.745902;47.541109
14321.2;293.5;2623140.93;1265645.94;7.745983;47.541133
14327.4;293.5;2623146.8;1265647.97;7.746061;47.541151
14334.1;293.4;2623153.04;1265650.44;7.746144;47.541173
14341.2;293.4;2623159.5;1265653.35;7.74623;47.541199
14349.2;293.4;2623167.09;1265655.83;7.746331;47.541221
14356.4;293.3;2623173.86;1265658.41;7.746421;47.541244
14364;293.3;2623180.85;1265661.33;7.746514;47.54127
14370.7;293.3;2623187.09;1265663.91;7.746597;47.541293
14378.1;293.2;2623193.86;1265666.72;7.746687;47.541318
14385.2;293.2;2623200.55;1265669.08;7.746776;47.541339
14392.6;293.1;2623207.39;1265672.11;7.746867;47.541366
14399.2;293.1;2623213.78;1265673.69;7.746952;47.54138
14407.5;293.1;2623221.29;1265677.17;7.747052;47.541411
14414.7;293.1;2623227.45;1265680.86;7.747134;47.541444
14420.8;293.1;2623232.94;1265683.55;7.747207;47.541468
14427.8;293.1;2623239.33;1265686.36;7.747292;47.541493
14435;293.1;2623245.79;1265689.61;7.747378;47.541522
14443;293.1;2623252.85;1265693.41;7.747472;47.541556
14452.7;293.2;2623261.49;1265697.78;7.747587;47.541595
14460.9;293.3;2623268.86;1265701.26;7.747685;47.541626
14465.7;293.3;2623273.52;1265702.72;7.747747;47.541639
14472.1;293.4;2623279.16;1265705.75;7.747822;47.541666
14480.9;293.4;2623286.67;1265710.22;7.747922;47.541706
14490.1;293.5;2623294.93;1265714.37;7.748032;47.541743
14498.5;293.6;2623302.07;1265718.74;7.748127;47.541782
14506.9;293.7;2623309.81;1265721.99;7.74823;47.541811
14513;293.8;2623314.76;1265725.57;7.748296;47.541843
14519.5;293.9;2623320.25;1265729.04;7.748369;47.541874
14526.4;293.9;2623325.73;1265733.17;7.748442;47.541911
14533.9;294;2623331.81;1265737.64;7.748523;47.541951
14540.9;294.1;2623337.82;1265741.11;7.748603;47.541982
14548.3;294.3;2623344.05;1265745.14;7.748686;47.542018
14554.9;294.4;2623350.14;1265747.83;7.748767;47.542042
14562;294.5;2623356.45;1265751.08;7.748851;47.542071
14568.3;294.6;2623361.48;1265754.77;7.748918;47.542104
14576.9;294.8;2623368.76;1265759.36;7.749015;47.542145
14585.2;294.9;2623374.99;1265764.94;7.749098;47.542195
14593.5;295;2623381.22;1265770.42;7.749181;47.542244
14600;295.2;2623386.4;1265774.22;7.74925;47.542278
14606.8;294.7;2623391.95;1265778.24;7.749324;47.542314
14615.9;291.1;2623400.37;1265781.72;7.749436;47.542345
14623.6;289.5;2623406.98;1265785.64;7.749524;47.54238
14630.6;288.1;2623412.16;1265790.33;7.749593;47.542422
14637.3;287;2623417.64;1265794.24;7.749666;47.542457
14644.2;286.1;2623423.34;1265798.16;7.749742;47.542492
14651.4;285.1;2623429.05;1265802.41;7.749818;47.54253
14658.5;284.8;2623434.91;1265806.43;7.749896;47.542566
14665.4;284.8;2623440.54;1265810.46;7.749971;47.542602
14672.2;284.9;2623446.62;1265813.59;7.750052;47.54263
14678.9;284.8;2623451.73;1265817.95;7.75012;47.542669
14685.6;285.4;2623456.9;1265822.2;7.750189;47.542707
14692.4;287;2623462.31;1265826.22;7.750261;47.542743
14699.2;287.1;2623467.71;1265830.36;7.750333;47.54278
14705.5;287;2623472.97;1265833.82;7.750403;47.542811
14712.2;287;2623478.3;1265837.85;7.750474;47.542847
14717.7;286.8;2623483.03;1265840.65;7.750537;47.542872
14724.1;286.8;2623488.44;1265844.23;7.750609;47.542904
14730.4;286.8;2623493.54;1265847.92;7.750677;47.542937
14735.9;287.3;2623498.27;1265850.6;7.75074;47.542961
14741.6;287.9;2623503.38;1265853.18;7.750808;47.542984
14748.9;289.6;2623508.86;1265857.98;7.750881;47.543027
14757.3;291.4;2623516;1265862.35;7.750976;47.543066
14764.5;293;2623522.38;1265865.82;7.751061;47.543097
14773;294.7;2623530.05;1265869.41;7.751163;47.543129
14779.3;295.2;2623535.45;1265872.77;7.751235;47.543159
14786.8;295;2623541.61;1265877.02;7.751317;47.543197
14792.8;294.9;2623546.94;1265879.59;7.751388;47.54322
14798.7;294.6;2623552.43;1265881.84;7.751461;47.54324
14805.3;294.6;2623558.22;1265884.98;7.751538;47.543268
14810.5;294.5;2623563.1;1265886.89;7.751603;47.543285
14817.4;294.5;2623569.19;1265890.13;7.751684;47.543314
14824.5;294.3;2623575.65;1265892.94;7.75177;47.543339
14832.8;294.2;2623582.86;1265897.19;7.751866;47.543377
14840;294;2623589.63;1265899.67;7.751956;47.543399
14848.9;293.8;2623597.9;1265902.92;7.752066;47.543428
14853.4;293.6;2623602.34;1265903.5;7.752125;47.543433
14860.3;293.5;2623608.57;1265906.41;7.752208;47.543459
14868;293.3;2623615.79;1265909.22;7.752304;47.543484
14876.5;293.1;2623623.91;1265911.59;7.752412;47.543505
14884.3;293;2623631.2;1265914.4;7.752509;47.54353
14895;292.7;2623640.37;1265919.88;7.752631;47.543579
14904.1;292.4;2623648.71;1265923.47;7.752742;47.543611
14913.2;292;2623656.9;1265927.51;7.752851;47.543647
14921.6;291.7;2623664.72;1265930.65;7.752955;47.543675
14931;291.3;2623673.13;1265934.8;7.753067;47.543712
14941;290.9;2623682.6;1265938.06;7.753193;47.543741
14950.5;290.5;2623691.4;1265941.66;7.75331;47.543773
14960.2;289.9;2623700.11;1265945.81;7.753426;47.54381
14969.4;289.5;2623708.91;1265948.51;7.753543;47.543834
14977.7;288.9;2623716.05;1265952.88;7.753638;47.543873
14986.7;288.9;2623723.71;1265957.47;7.75374;47.543914
14995.9;288.2;2623731.82;1265961.83;7.753848;47.543953
15005.8;287.8;2623740.31;1265966.98;7.753961;47.543999
15015.5;287.3;2623748.8;1265971.69;7.754074;47.544041
15025.2;287.1;2623757.28;1265976.39;7.754187;47.544083
15034.5;286.8;2623765.17;1265981.31;7.754292;47.544127
15043.1;286.2;2623772.15;1265986.35;7.754385;47.544172
15057.3;285.7;2623785;1265992.29;7.754556;47.544225
15065.9;286;2623793.43;1265993.99;7.754668;47.54424
15075.6;285.7;2623801.91;1265998.7;7.754781;47.544282
15083.6;285.6;2623809.36;1266001.73;7.75488;47.544309
15094.4;285.3;2623818.29;1266007.77;7.754999;47.544363
15104;285;2623826.4;1266012.92;7.755107;47.544409
15114.6;284.2;2623835.56;1266018.29;7.755229;47.544457
15124.2;284.2;2623843.52;1266023.66;7.755335;47.544505
15134.6;283;2623852.08;1266029.59;7.755449;47.544558
15144.4;282.6;2623860.8;1266033.96;7.755565;47.544597
15154.2;282.2;2623868.68;1266039.77;7.75567;47.544649
15163.1;281.9;2623876.11;1266044.69;7.755769;47.544693
15172.6;281.8;2623884.3;1266049.62;7.755878;47.544737
15179.9;281.6;2623890.76;1266052.98;7.755964;47.544767
15190.1;281.5;2623900.23;1266056.8;7.75609;47.544801
15199.2;281.3;2623907.66;1266061.94;7.756189;47.544847
15205.9;281.2;2623913.67;1266064.86;7.756269;47.544873
15214;281.1;2623921.34;1266067.67;7.756371;47.544898
15220.4;281;2623927.66;1266067.47;7.756455;47.544896
15227.3;280.9;2623934.59;1266067.95;7.756547;47.5449
15237.9;281.1;2623944.89;1266070.55;7.756684;47.544923
15247.9;281.1;2623952.7;1266076.8;7.756788;47.544979
15256.1;281;2623959.07;1266081.94;7.756873;47.545025
15265.4;279.8;2623964.01;1266089.75;7.756939;47.545095
15274.4;275.4;2623968.95;1266097.33;7.757005;47.545163
15283.5;275.2;2623975.32;1266103.8;7.75709;47.545221
15291.9;275.4;2623981.85;1266109.06;7.757177;47.545268
15300.6;280.9;2623989.21;1266113.76;7.757275;47.54531
15308.7;281.2;2623995.89;1266118.34;7.757364;47.545351
15317.4;281.1;2624003.02;1266123.26;7.757459;47.545395
15325.1;281.2;2624009.63;1266127.29;7.757547;47.545431
15333.1;281.1;2624016.24;1266131.88;7.757635;47.545472
15342.9;281.2;2624024.5;1266137.03;7.757745;47.545518
15352.3;281.4;2624032.46;1266142.06;7.757851;47.545563
15361;281.4;2624039.97;1266146.54;7.757951;47.545603
15366.8;280.9;2624045.61;1266147.67;7.758026;47.545613
15374.9;281.2;2624052.44;1266152.04;7.758117;47.545652
15386.4;281.4;2624061.9;1266158.64;7.758243;47.545711
15393.7;280.7;2624068.36;1266161.89;7.758329;47.54574
15403.1;281.2;2624076.17;1266167.26;7.758433;47.545788
15413;278.6;2624084.13;1266173.07;7.758539;47.54584
15421.5;275.9;2624090.88;1266178.21;7.758629;47.545886
15438.1;275.8;2624105.3;1266186.39;7.758821;47.545959
15446.4;275.9;2624112.36;1266190.87;7.758915;47.545999
15455.5;276;2624120.1;1266195.68;7.759018;47.546042
15462;275.9;2624125.2;1266199.59;7.759086;47.546077
15471.1;275.9;2624133.01;1266204.29;7.75919;47.546119
15481.4;281.7;2624141.27;1266210.44;7.7593;47.546174
15490.9;281.6;2624149.07;1266215.81;7.759404;47.546222
15500.3;281.5;2624156.96;1266221.07;7.759509;47.546269
15509.4;281.5;2624164.54;1266226.1;7.75961;47.546314
15518.4;281.2;2624172.12;1266230.8;7.759711;47.546356
15526.8;281.2;2624179.18;1266235.5;7.759805;47.546398
15535.8;281.1;2624186.77;1266240.31;7.759906;47.546441
15543.9;280.5;2624193.98;1266243.9;7.760002;47.546473
15552.7;280.6;2624201.56;1266248.49;7.760103;47.546514
15561.5;280.1;2624209.07;1266252.97;7.760203;47.546554
15570.6;279.7;2624217.11;1266257.34;7.76031;47.546593
15580.2;280.1;2624225.98;1266260.82;7.760428;47.546624
15589.8;280;2624235.15;1266263.75;7.76055;47.54665
15601.1;279.9;2624244.38;1266270.35;7.760673;47.546709
15610.1;279.7;2624251.74;1266275.49;7.760771;47.546755
15619.5;279.4;2624257.2;1266283.08;7.760844;47.546823
15628.9;279;2624264.18;1266289.44;7.760937;47.54688
15638.4;279;2624271.91;1266294.92;7.76104;47.546929
15647.6;278.9;2624279.57;1266300.07;7.761142;47.546975
15656.3;278.7;2624287.31;1266304.1;7.761245;47.547011
15665.7;278.6;2624295.42;1266308.81;7.761353;47.547053
15674.6;278.5;2624303;1266313.4;7.761454;47.547094
15683.4;278.5;2624310.59;1266317.99;7.761555;47.547135
15691.8;278.4;2624318.02;1266321.8;7.761654;47.547169
15700.5;278.5;2624325.61;1266326.05;7.761755;47.547207
15709.6;278.4;2624333.88;1266329.87;7.761865;47.547241
15718.1;278.5;2624341.16;1266334.23;7.761962;47.54728
15726.8;278.6;2624348.75;1266338.49;7.762063;47.547318
15736.4;278.6;2624357.08;1266343.2;7.762174;47.54736
15745.4;278.6;2624364.97;1266347.56;7.762279;47.547399
15754.1;278.6;2624372.4;1266352.04;7.762378;47.547439
15762.3;278.7;2624379.39;1266356.52;7.762471;47.547479
15771.5;278.7;2624387.2;1266361.22;7.762575;47.547521
15778.5;278.7;2624393.43;1266364.58;7.762658;47.547551
15786.1;278.6;2624400.27;1266367.84;7.762749;47.54758
15793.9;278.7;2624407.18;1266371.42;7.762841;47.547612
15802.5;278.6;2624414.92;1266375.23;7.762944;47.547646
15810.7;278.6;2624422.05;1266379.16;7.763039;47.547681
15818.5;278.6;2624428.96;1266382.74;7.763131;47.547713
15826.5;278.6;2624436.18;1266386.33;7.763227;47.547745
15834.6;278.6;2624443.61;1266389.58;7.763326;47.547774
15843;278.6;2624451.28;1266393.06;7.763428;47.547805
15849.5;278.8;2624457.14;1266395.64;7.763506;47.547828
15858;278.6;2624464.88;1266399.23;7.763609;47.54786
15866.9;278.7;2624473.37;1266402.05;7.763722;47.547885
15873.4;278.7;2624479.31;1266404.63;7.763801;47.547908
15882.6;278.8;2624487.5;1266408.78;7.76391;47.547945
15891.3;279.4;2624495.85;1266411.15;7.764021;47.547966
15899.5;278.8;2624503.36;1266414.4;7.764121;47.547995
15906.9;278.7;2624508.91;1266419.43;7.764195;47.54804
15915.9;278.7;2624517.71;1266421.36;7.764312;47.548057
15921.2;278.8;2624521.31;1266425.15;7.76436;47.548091
15929.7;278.9;2624528.97;1266428.97;7.764462;47.548125
15937.3;278.8;2624536.04;1266431.55;7.764556;47.548148
15944.1;278.9;2624541.59;1266435.47;7.76463;47.548183
15952.5;278.9;2624549.18;1266439.28;7.764731;47.548217
15960.6;278.9;2624556.77;1266441.98;7.764832;47.548241
15969.3;278.9;2624565.12;1266444.24;7.764943;47.548261
15977.2;278.8;2624572.79;1266446.49;7.765045;47.548281
15985.3;278.8;2624580.3;1266449.3;7.765145;47.548306
15993;278.9;2624587.14;1266453;7.765236;47.548339
16002.1;278.7;2624596.09;1266454.37;7.765355;47.548351
16009.6;278.8;2624602.85;1266457.63;7.765445;47.54838
16016.2;278.8;2624608.41;1266461.21;7.765519;47.548412
16024.4;278.8;2624616.61;1266461.46;7.765628;47.548414
16032.3;278.8;2624623.45;1266465.38;7.765719;47.548449
16039.2;278.9;2624629.15;1266469.19;7.765795;47.548483
16044.1;278.9;2624633.81;1266470.87;7.765857;47.548498
16051.3;278.9;2624640.04;1266474.46;7.76594;47.54853
16059.3;278.9;2624647.64;1266476.94;7.766041;47.548552
16067.3;278.9;2624654.39;1266481.3;7.766131;47.548591
16074.6;278.9;2624661.08;1266484.22;7.76622;47.548617
16080.2;278.9;2624665.96;1266486.8;7.766285;47.54864
16090.9;278.9;2624675.58;1266491.51;7.766413;47.548682
16098.7;278.9;2624682.95;1266494.09;7.766511;47.548705
16106.3;278.9;2624690.39;1266495.91;7.76661;47.548721
16114.8;278.9;2624698.28;1266498.94;7.766715;47.548748
16123;278.9;2624705.95;1266501.86;7.766817;47.548774
16129.4;279;2624711.58;1266505;7.766892;47.548802
16135.5;279;2624717.45;1266506.58;7.76697;47.548816
16143.2;278.9;2624724.97;1266508.28;7.76707;47.548831
16147.7;279;2624727.81;1266511.74;7.767108;47.548862
16155.9;279;2624735.71;1266514.11;7.767213;47.548883
16165.8;279;2624745.26;1266516.7;7.76734;47.548906
16173.7;279;2624753.09;1266516.51;7.767444;47.548904
16180.1;279.1;2624759.18;1266518.43;7.767525;47.548921
16187.9;279.2;2624766.47;1266521.24;7.767622;47.548946
16194.2;279.3;2624772.33;1266523.6;7.7677;47.548967
16200.1;279.3;2624777.74;1266525.96;7.767772;47.548988
16209.4;279.1;2624786.46;1266529.33;7.767888;47.549018
16215.9;279.4;2624792.02;1266532.58;7.767962;47.549047
16219.5;279.4;2624793.81;1266535.7;7.767986;47.549075
16224;279.4;2624798.02;1266537.5;7.768042;47.549091
16231.1;279.5;2624804.1;1266540.97;7.768123;47.549122
16238.6;279.5;2624811.63;1266541.67;7.768223;47.549128
16248.7;279.7;2624821.1;1266545.26;7.768349;47.54916
16259.1;279.7;2624831.25;1266547.09;7.768484;47.549176
16266.4;279.8;2624838.32;1266549.01;7.768578;47.549193
16274.1;279.8;2624845.61;1266551.59;7.768675;47.549216
16281.6;279.9;2624852.75;1266553.85;7.76877;47.549236
16288.6;279.9;2624859.37;1266555.99;7.768858;47.549255
16294.4;280;2624865.16;1266556.79;7.768935;47.549262
16302.1;280;2624872.68;1266558.49;7.769035;47.549277
16310.1;280.1;2624880.43;1266560.52;7.769138;47.549295
16316.5;280.1;2624886.67;1266561.66;7.769221;47.549305
16323.5;280.2;2624893.36;1266563.8;7.76931;47.549324
16332.8;280.3;2624902.31;1266566.29;7.769429;47.549346
16340.6;280.3;2624909.9;1266567.99;7.76953;47.549361
16348.9;280.3;2624918.03;1266569.91;7.769638;47.549378
16358.4;280.4;2624927.28;1266572.06;7.769761;47.549397
16365.3;280.4;2624934.12;1266573.09;7.769852;47.549406
16372.8;280.4;2624941.57;1266574.01;7.769951;47.549414
16381;280.4;2624949.62;1266575.05;7.770058;47.549423
16388.8;280.3;2624957.29;1266576.86;7.77016;47.549439
16398.2;280.3;2624966.62;1266577.9;7.770284;47.549448
16405.6;280.3;2624973.92;1266578.82;7.770381;47.549456
16412.9;280.2;2624981.14;1266579.63;7.770477;47.549463
16420.5;280.2;2624988.74;1266580.77;7.770578;47.549473
16428.2;280.1;2624996.42;1266581.47;7.77068;47.549479
16436;280;2625004.09;1266582.5;7.770782;47.549488
16443.7;279.8;2625011.77;1266582.98;7.770884;47.549492
16451;279.8;2625019.07;1266583.57;7.770981;47.549497
16458.8;279.7;2625026.74;1266585.16;7.771083;47.549511
16465.9;279.6;2625033.73;1266586.19;7.771176;47.54952
16473.1;279.5;2625040.73;1266587.89;7.771269;47.549535
16480.8;279.5;2625048.25;1266589.47;7.771369;47.549549
16488.2;279.4;2625055.62;1266590.62;7.771467;47.549559
16495.6;279.3;2625062.92;1266591.65;7.771564;47.549568
16503.2;279.2;2625070.37;1266593.13;7.771663;47.549581
16510.3;279.2;2625077.21;1266594.82;7.771754;47.549596
16521;279.1;2625087.59;1266597.53;7.771892;47.54962
16528;279;2625094.43;1266599.12;7.771983;47.549634
16534.1;278.9;2625100.37;1266600.59;7.772062;47.549647
16542.6;278.8;2625108.64;1266602.18;7.772172;47.549661
16550.9;278.7;2625116.84;1266603.55;7.772281;47.549673
16556.4;278.6;2625122.11;1266605.13;7.772351;47.549687
16562.3;278.6;2625128.05;1266605.82;7.77243;47.549693
16568.2;278.5;2625133.84;1266606.63;7.772507;47.5497
16574.8;278.4;2625140.16;1266608.65;7.772591;47.549718
16581.6;278.4;2625146.78;1266610.02;7.772679;47.54973
16588.3;278.3;2625153.24;1266611.71;7.772765;47.549745
16595.1;278.2;2625159.94;1266612.96;7.772854;47.549756
16603.4;278.2;2625168.06;1266614.55;7.772962;47.54977
16610.6;278.1;2625175.05;1266616.47;7.773055;47.549787
16617.8;278.2;2625182.05;1266617.95;7.773148;47.5498
16624.6;278.1;2625188.36;1266620.53;7.773232;47.549823
16631.5;278.1;2625194.67;1266623.34;7.773316;47.549848
16638.3;278;2625201.06;1266625.81;7.773401;47.54987
16645.2;277.9;2625207.52;1266628.07;7.773487;47.54989
16650.9;277.9;2625212.56;1266630.76;7.773554;47.549914
16657.2;277.9;2625218.42;1266633.12;7.773632;47.549935
16664.2;277.9;2625224.96;1266635.48;7.773719;47.549956
16669.9;277.9;2625230.37;1266637.39;7.773791;47.549973
16677.1;277.8;2625237.21;1266639.53;7.773882;47.549992
16683.5;277.7;2625243.22;1266641.78;7.773962;47.550012
16690.3;277.7;2625249.84;1266643.37;7.77405;47.550026
16697.5;277.6;2625256.91;1266644.95;7.774144;47.55004
16705;277.6;2625264.13;1266646.76;7.77424;47.550056
16710.3;277.6;2625269.09;1266648.68;7.774306;47.550073
16716.4;277.6;2625274.72;1266650.92;7.774381;47.550093
16722.9;277.5;2625280.81;1266653.28;7.774462;47.550114
16729.2;277.5;2625286.67;1266655.53;7.77454;47.550134
16735.5;277.5;2625292.54;1266657.78;7.774618;47.550154
16740.1;277.6;2625296.52;1266660.25;7.774671;47.550176
16747.2;277.6;2625303.13;1266662.72;7.774759;47.550198
16754.4;277.7;2625309.59;1266665.97;7.774845;47.550227
16759.5;277.8;2625313.49;1266669.21;7.774897;47.550256
16770.3;277.7;2625324.25;1266669.93;7.77504;47.550262
16778.7;277.8;2625332.37;1266672.07;7.775148;47.550281
16785.5;277.9;2625338.84;1266674.21;7.775234;47.5503
16791;277.9;2625343.49;1266677.24;7.775296;47.550327
16797;278;2625348.52;1266680.48;7.775363;47.550356
16803.3;278.1;2625354.46;1266682.4;7.775442;47.550373
16809.9;278.1;2625360.85;1266684.09;7.775527;47.550388
16816.4;278.1;2625366.94;1266686.34;7.775608;47.550408
16822.2;278.1;2625372.65;1266687.48;7.775684;47.550418
16828.8;278.2;2625378.97;1266689.29;7.775768;47.550434
16835.5;278.2;2625385.21;1266691.76;7.775851;47.550456
16841.9;278.3;2625391.3;1266693.79;7.775932;47.550474
16849;278.3;2625398.06;1266695.93;7.776022;47.550493
16855.9;278.4;2625404.6;1266698.18;7.776109;47.550513
16862;278.5;2625410.24;1266700.54;7.776184;47.550534
16868.3;278.5;2625416.1;1266702.79;7.776262;47.550554
16874.2;278.6;2625421.74;1266704.48;7.776337;47.550569
16881.5;278.6;2625428.73;1266706.51;7.77643;47.550587
16887.8;278.6;2625434.59;1266708.87;7.776508;47.550608
16893;278.6;2625439.7;1266710;7.776576;47.550618
16898.3;278.5;2625444.74;1266711.47;7.776643;47.550631
16903.8;278.5;2625450;1266713.16;7.776713;47.550646
16910.2;278.5;2625456.25;1266714.63;7.776796;47.550659
16916.5;278.6;2625462.26;1266716.33;7.776876;47.550674
16924.8;278.6;2625470.3;1266718.7;7.776983;47.550695
16931.6;278.5;2625476.69;1266720.84;7.777068;47.550714
16938.5;278.6;2625483.23;1266723.2;7.777155;47.550735
16943;278.6;2625486.91;1266725.77;7.777204;47.550758
16948.8;278.8;2625492.17;1266728.13;7.777274;47.550779
16957.6;278.7;2625500.89;1266729.62;7.77739;47.550792
16968.2;278.6;2625511.43;1266729.66;7.77753;47.550792
16973.5;278.7;2625516.47;1266731.35;7.777597;47.550807
16979.7;278.7;2625522.41;1266733.27;7.777676;47.550824
16986.1;278.8;2625528.42;1266735.29;7.777756;47.550842
16993.3;278.7;2625535.65;1266735.66;7.777852;47.550845
16999.5;278.8;2625541.51;1266737.57;7.77793;47.550862
17009.1;278.9;2625551.06;1266738.84;7.778057;47.550873
17015.6;279;2625557.23;1266740.75;7.778139;47.55089
17021.2;279;2625562.8;1266740.33;7.778213;47.550886
17026.8;279;2625568.45;1266740.47;7.778288;47.550887
17035.3;279.1;2625576.64;1266742.73;7.778397;47.550907
17041.3;279.2;2625582.66;1266742.98;7.778477;47.550909
17047.3;279.3;2625588.61;1266743.45;7.778556;47.550913
17053.3;279.3;2625594.32;1266745.14;7.778632;47.550928
17064.7;279.4;2625605.68;1266746.86;7.778783;47.550943
17071.5;279.4;2625612.38;1266747.89;7.778872;47.550952
17078.4;279.6;2625618.61;1266750.8;7.778955;47.550978
17084.1;279.6;2625624.33;1266751.16;7.779031;47.550981
17091.7;279.6;2625631.93;1266751.31;7.779132;47.550982
17099.2;279.6;2625639.38;1266751.45;7.779231;47.550983
17105.3;279.7;2625645.48;1266752.14;7.779312;47.550989
17112.7;279.7;2625652.85;1266752.4;7.77941;47.550991
17118.1;279.7;2625658.27;1266752.98;7.779482;47.550996
17125.9;279.8;2625665.71;1266755.12;7.779581;47.551015
17132.4;279.8;2625672.19;1266755.6;7.779667;47.551019
17139.1;279.8;2625678.81;1266756.63;7.779755;47.551028
17146.2;279.8;2625685.8;1266757.66;7.779848;47.551037
17153.1;279.9;2625692.72;1266758.69;7.77994;47.551046
17159.3;279.9;2625698.59;1266760.49;7.780018;47.551062
17166.3;279.9;2625705.59;1266760.19;7.780111;47.551059
17173.2;279.8;2625712.44;1266759.66;7.780202;47.551054
17178.5;279.8;2625717.71;1266760.57;7.780272;47.551062
17185.2;279.8;2625724.4;1266760.94;7.780361;47.551065
17192;279.8;2625731.18;1266761.63;7.780451;47.551071
17199;279.8;2625737.94;1266763.22;7.780541;47.551085
17205.9;279.9;2625744.79;1266764.36;7.780632;47.551095
17213.5;279.8;2625752.24;1266765.73;7.780731;47.551107
17220;279.8;2625758.63;1266766.87;7.780816;47.551117
17227.9;279.7;2625766.45;1266767.9;7.78092;47.551126
17234.5;279.7;2625773.07;1266768.71;7.781008;47.551133
17241.6;279.6;2625779.99;1266769.85;7.7811;47.551143
17248.1;279.6;2625786.54;1266770.44;7.781187;47.551148
17254.8;279.5;2625793.16;1266770.58;7.781275;47.551149
17261.2;279.4;2625799.64;1266771.05;7.781361;47.551153
17267.7;279.3;2625806.03;1266771.52;7.781446;47.551157
17274.1;279.3;2625812.43;1266772.55;7.781531;47.551166
17281;279.2;2625819.2;1266773.69;7.781621;47.551176
17287;279.1;2625825.14;1266774.5;7.7817;47.551183
17293.9;279.1;2625831.99;1266775.19;7.781791;47.551189
17301;279;2625838.75;1266777.45;7.781881;47.551209
17307.7;278.9;2625845.45;1266777.59;7.78197;47.55121
17314.2;278.9;2625851.84;1266778.5;7.782055;47.551218
17321.8;278.8;2625859.44;1266779.43;7.782156;47.551226
17326.8;278.7;2625864.41;1266779.89;7.782222;47.55123
17332.5;278.7;2625870.05;1266780.47;7.782297;47.551235
17340.8;278.6;2625878.25;1266781.96;7.782406;47.551248
17347.7;278.6;2625885.1;1266782.21;7.782497;47.55125
17353.9;278.6;2625890.43;1266785.46;7.782568;47.551279
17360;278.6;2625896.45;1266786.59;7.782648;47.551289
17367;278.5;2625903.29;1266787.62;7.782739;47.551298
17374.4;278.4;2625910.75;1266787.77;7.782838;47.551299
17381.3;278.5;2625917.51;1266789.13;7.782928;47.551311
17389.3;278.4;2625925.49;1266789.95;7.783034;47.551318
17396.5;278.4;2625932.56;1266791.09;7.783128;47.551328
17403.6;278.3;2625939.02;1266794.01;7.783214;47.551354
17412.4;278.2;2625947.52;1266796.16;7.783327;47.551373
17419.4;278.2;2625954.52;1266796.86;7.78342;47.551379
17426.4;278.2;2625961.51;1266797.55;7.783513;47.551385
17433.4;278.1;2625967.52;1266801.03;7.783593;47.551416
17438.4;278.1;2625972.49;1266801.6;7.783659;47.551421
17445;278.1;2625979.11;1266801.63;7.783747;47.551421
17451.3;278.2;2625985.43;1266801.99;7.783831;47.551424
17458.4;278.2;2625992.51;1266801.47;7.783925;47.551419
17466.8;278.3;2626000.87;1266801.17;7.784036;47.551416
17475.8;278.3;2626009.9;1266801.1;7.784156;47.551415
17481.9;278.3;2626015.99;1266801.91;7.784237;47.551422
17489.5;278.4;2626023.52;1266802.38;7.784337;47.551426
17495.3;278.4;2626029.31;1266802.85;7.784414;47.55143
17501.7;278.4;2626035.71;1266802.77;7.784499;47.551429
17507.8;278.4;2626041.81;1266802.91;7.78458;47.55143
17511.4;278.4;2626044.83;1266800.92;7.78462;47.551412
17517.1;278.5;2626050.48;1266800.39;7.784695;47.551407
17524.4;278.5;2626057.78;1266799.98;7.784792;47.551403
17531.1;278.5;2626064.32;1266801.56;7.784879;47.551417
17537.9;278.5;2626070.86;1266803.37;7.784966;47.551433
17544.4;278.5;2626076.8;1266805.84;7.785045;47.551455
17552.1;278.6;2626084.09;1266808.32;7.785142;47.551477
17558.9;278.6;2626090.63;1266810.46;7.785229;47.551496
17565.5;278.6;2626097.1;1266811.38;7.785315;47.551504
17570.2;278.6;2626101.76;1266812.29;7.785377;47.551512
17575;278.7;2626106.5;1266812.65;7.78544;47.551515
17582.5;278.6;2626113.95;1266813.35;7.785539;47.551521
17586.9;278.7;2626118.24;1266814.37;7.785596;47.55153
17592.7;278.7;2626124.11;1266814.61;7.785674;47.551532
17601.6;278.7;2626132.91;1266815.65;7.785791;47.551541
17608.3;278.8;2626139.53;1266816.57;7.785879;47.551549
17613.9;278.8;2626144.94;1266817.93;7.785951;47.551561
17622.3;278.9;2626153.14;1266819.75;7.78606;47.551577
17627.5;278.9;2626158.03;1266821.77;7.786125;47.551595
17638.2;279;2626168.64;1266822.37;7.786266;47.5516
17648;279.1;2626178.42;1266823.19;7.786396;47.551607
17654.3;279.1;2626184.66;1266824.22;7.786479;47.551616
17661.8;279.1;2626192.03;1266825.59;7.786577;47.551628
17668.3;279.1;2626198.51;1266825.95;7.786663;47.551631
17675.7;279.1;2626205.72;1266827.54;7.786759;47.551645
17681.7;279.1;2626211.75;1266827.57;7.786839;47.551645
17688.6;279.1;2626218.6;1266827.6;7.78693;47.551645
17694;279.1;2626224.01;1266828.06;7.787002;47.551649
17703.1;279.1;2626232.81;1266830.22;7.787119;47.551668
17709.7;279.2;2626239.36;1266831.02;7.787206;47.551675
17717.2;279.2;2626246.88;1266831.39;7.787306;47.551678
17722.5;279.2;2626252.23;1266831.64;7.787377;47.55168
17727.7;279.2;2626257.35;1266831.21;7.787445;47.551676
17735.4;279.2;2626265.02;1266832.25;7.787547;47.551685
17744;279.2;2626273.52;1266833.18;7.78766;47.551693
17749.5;279.2;2626279.02;1266833.53;7.787733;47.551696
17755.4;279.1;2626284.5;1266835.67;7.787806;47.551715
17762.9;279;2626292.03;1266836.48;7.787906;47.551722
17769.9;279;2626298.95;1266837.4;7.787998;47.55173
17776.8;279;2626305.8;1266837.66;7.788089;47.551732
17784.6;278.9;2626313.31;1266840.02;7.788189;47.551753
17792.1;278.8;2626320.68;1266841.39;7.788287;47.551765
17796.9;278.8;2626324.74;1266843.86;7.788341;47.551787
17802.1;278.8;2626329.62;1266845.66;7.788406;47.551803
17812.1;278.7;2626339.55;1266846.81;7.788538;47.551813
17820.2;278.6;2626347.45;1266848.85;7.788643;47.551831
17825.8;278.6;2626353.02;1266848.32;7.788717;47.551826
17831.5;278.6;2626358.36;1266850.23;7.788788;47.551843
17838.3;278.5;2626363.38;1266854.81;7.788855;47.551884
17845.2;278.5;2626369.39;1266858.18;7.788935;47.551914
17849.5;278.7;2626371.7;1266861.86;7.788966;47.551947
17855.3;278.5;2626376.58;1266864.99;7.789031;47.551975
17863;278.4;2626384.04;1266863.47;7.78913;47.551961
17869.2;278.4;2626390.21;1266864.05;7.789212;47.551966
17873.9;278.4;2626394.57;1266865.85;7.78927;47.551982
17878.6;278.3;2626398.85;1266867.87;7.789327;47.552
17885.8;278.3;2626405.54;1266870.46;7.789416;47.552023
17892.1;278.4;2626411.55;1266872.37;7.789496;47.55204
17901.9;278.3;2626421.03;1266874.97;7.789622;47.552063
17910.5;278.3;2626429.6;1266875.9;7.789736;47.552071
17918.3;278.2;2626437.2;1266877.49;7.789837;47.552085
17922.3;278.2;2626440.8;1266879.18;7.789885;47.5521
17929.2;278.2;2626447.27;1266881.76;7.789971;47.552123
17936.3;278.3;2626454.34;1266882.35;7.790065;47.552128
17946.5;278.3;2626464.11;1266885.28;7.790195;47.552154
17952.4;278.4;2626469.9;1266886.42;7.790272;47.552164
17958.8;278.4;2626475.91;1266888.56;7.790352;47.552183
17962.7;278.5;2626479.07;1266890.91;7.790394;47.552204
17973.4;278.5;2626489.75;1266891.4;7.790536;47.552208
17980.6;278.4;2626496.9;1266891.66;7.790631;47.55221
17984.2;278.6;2626498.62;1266894.78;7.790654;47.552238
17990.6;278.4;2626504.87;1266893.47;7.790737;47.552226
17999.6;278.6;2626513.75;1266895.4;7.790855;47.552243
18007.9;278.6;2626522.03;1266894.77;7.790965;47.552237
18013.7;278.6;2626527.44;1266896.8;7.791037;47.552255
18018.8;278.6;2626532.49;1266896.38;7.791104;47.552251
18026.1;278.4;2626538.6;1266892.4;7.791185;47.552215
18030.3;278.4;2626539;1266888.18;7.79119;47.552177
18035;278.3;2626543.37;1266886.64;7.791248;47.552163
18046.4;278.4;2626554.73;1266887.8;7.791399;47.552173
18053.7;278.5;2626561.37;1266884.61;7.791487;47.552144
18058.6;278.6;2626566.19;1266884.41;7.791551;47.552142
18063;279;2626569.66;1266881.64;7.791597;47.552117
18068.9;278.6;2626574.62;1266884.89;7.791663;47.552146
18072.1;278.5;2626577.47;1266886.24;7.791701;47.552158
18076.1;278.6;2626581.38;1266887.26;7.791753;47.552167
18081.4;278.6;2626586.34;1266888.95;7.791819;47.552182
18084.6;278.6;2626589.42;1266890.07;7.79186;47.552192
18091.4;278.6;2626594.98;1266893.88;7.791934;47.552226
18096.2;278.7;2626599.48;1266895.45;7.791994;47.55224
18100.2;278.6;2626603.4;1266894.58;7.792046;47.552232
18104.8;278.6;2626608;1266894.38;7.792107;47.55223
18109.5;278.7;2626612.74;1266893.85;7.79217;47.552225
18114.8;278.9;2626617.04;1266890.86;7.792227;47.552198
18125.9;279;2626628.04;1266889.02;7.792373;47.552181
18134.5;279;2626636.54;1266889.84;7.792486;47.552188
18141.6;279.1;2626643.4;1266887.87;7.792577;47.55217
18151;279.2;2626652.81;1266887.47;7.792702;47.552166
18158.1;279.2;2626659.89;1266887.72;7.792796;47.552168
18165.3;279.1;2626667.04;1266888.53;7.792891;47.552175
18171;279.2;2626672.68;1266889.22;7.792966;47.552181
18177.9;279.1;2626679.45;1266890.48;7.793056;47.552192
18184.6;279.2;2626686.14;1266891.28;7.793145;47.552199
18192.2;279.1;2626693.67;1266892.21;7.793245;47.552207
18203.4;279.1;2626704.65;1266894.59;7.793391;47.552228
18213.9;279.3;2626715.11;1266894.75;7.79353;47.552229
18223;279.4;2626723.75;1266897.57;7.793645;47.552254
18229.8;279.2;2626729.31;1266901.49;7.793719;47.552289
18237.6;279.1;2626736.67;1266904.08;7.793817;47.552312
18244.9;279.3;2626742.9;1266907.89;7.7939;47.552346
18253.8;279.6;2626750.86;1266911.81;7.794006;47.552381
18262.1;280.1;2626758.07;1266915.96;7.794102;47.552418
18270.1;280.3;2626764.9;1266920.22;7.794193;47.552456
18278.9;280.5;2626771.04;1266926.47;7.794275;47.552512
18284.8;280.6;2626776.68;1266928.39;7.79435;47.552529
18292.3;280.7;2626782.84;1266932.53;7.794432;47.552566
18299.2;280.7;2626788.46;1266936.67;7.794507;47.552603
18306.4;280.7;2626794.31;1266940.81;7.794585;47.55264
18313.7;280.6;2626800.02;1266945.28;7.794661;47.55268
18321.3;280.6;2626806.17;1266949.76;7.794743;47.55272
18328.4;280.5;2626812.17;1266953.68;7.794823;47.552755
18336.6;280.4;2626819.46;1266957.38;7.79492;47.552788
18344;280.4;2626826.22;1266960.41;7.79501;47.552815
18351.2;280.3;2626832.68;1266963.44;7.795096;47.552842
18358.5;280.2;2626839.59;1266965.92;7.795188;47.552864
18365.7;280;2626846.51;1266967.95;7.79528;47.552882
18372.6;279.9;2626853.2;1266969.54;7.795369;47.552896
18379.6;279.7;2626860.12;1266970.46;7.795461;47.552904
18384.4;279.5;2626864.86;1266971.48;7.795524;47.552913
18389.4;279.4;2626869.83;1266970.84;7.79559;47.552907
18394.5;279.1;2626874.73;1266969.64;7.795655;47.552896
18397.6;279;2626877.82;1266968.98;7.795696;47.55289
18401.3;278.7;2626881.14;1266967.33;7.79574;47.552875
18405.9;280.1;2626884.09;1266963.9;7.795779;47.552844
18408.9;279.5;2626886.8;1266962.58;7.795815;47.552832
18413.8;280.2;2626891.55;1266961.49;7.795878;47.552822
18422;278.5;2626899.69;1266960.19;7.795986;47.55281
18431.3;277.6;2626908.95;1266959.12;7.796109;47.5528
18438.9;277.4;2626916.33;1266957.48;7.796207;47.552785
18449;277.3;2626926.06;1266954.86;7.796336;47.552761
18454.1;277.4;2626931.17;1266954.88;7.796404;47.552761
18461.3;277.4;2626938.32;1266955.92;7.796499;47.55277
18467.5;277.6;2626943.15;1266952.05;7.796563;47.552735
18475;277.9;2626949.72;1266948.3;7.79665;47.552701
18485.6;281.1;2626959.6;1266944.45;7.796781;47.552666
18496.2;278.4;2626966.71;1266936.7;7.796875;47.552596
18503.3;281.6;2626973.79;1266935.95;7.796969;47.552589
18516.2;279.5;2626981.36;1266925.54;7.797069;47.552495
18522.5;280.5;2626987.62;1266924.34;7.797152;47.552484
18528.2;281.2;2626992.75;1266921.92;7.79722;47.552462
18535.8;281.7;2626998.72;1266917.16;7.797299;47.552419
18543.8;281.9;2627004.91;1266912.19;7.797381;47.552374
18553.1;282.5;2627010.44;1266904.65;7.797454;47.552306
18559.8;283;2627015.28;1266900.12;7.797518;47.552265
18566;283.6;2627020.34;1266896.47;7.797585;47.552232
18572.9;284.4;2627025.1;1266891.49;7.797648;47.552187
18581.1;285.2;2627030.33;1266885.17;7.797717;47.55213
18586.2;285.4;2627035.37;1266884.2;7.797784;47.552121
18591.2;285.8;2627039.75;1266881.77;7.797842;47.552099
18596.4;286;2627044.65;1266880.01;7.797907;47.552083
18601.8;286.4;2627049.85;1266878.7;7.797976;47.552071
18607;286.9;2627054.83;1266877.28;7.798042;47.552058
18612.3;287.2;2627059.95;1266875.75;7.79811;47.552044
18617.6;287.7;2627064.93;1266874.1;7.798176;47.552029
18622.2;288.1;2627069.38;1266872.68;7.798235;47.552016
18626.4;288.5;2627073.3;1266871.36;7.798287;47.552004
18630.4;288.9;2627076.99;1266869.71;7.798336;47.551989
18634.9;289.3;2627081.07;1266867.73;7.79839;47.551971
18639.3;289.7;2627085.06;1266865.97;7.798443;47.551955
18643.7;289.9;2627089.21;1266864.43;7.798498;47.551941
18648.4;290.3;2627093.58;1266862.89;7.798556;47.551927
18653.3;290.8;2627098.33;1266861.47;7.798619;47.551914
18658.4;291.2;2627103.08;1266859.82;7.798682;47.551899
18663.2;291.5;2627107.76;1266858.4;7.798744;47.551886
18668;292;2627112.43;1266857.42;7.798806;47.551877
18672.6;292.2;2627116.95;1266856.44;7.798866;47.551868
18677.4;292.6;2627121.62;1266855.46;7.798928;47.551859
18682.2;293;2627126.29;1266854.26;7.79899;47.551848
18686.7;293.3;2627130.66;1266853.17;7.799048;47.551838
18690.7;293.5;2627134.51;1266852.29;7.799099;47.55183
18694.7;293.8;2627138.42;1266851.42;7.799151;47.551822
18699.1;294.1;2627142.57;1266850.11;7.799206;47.55181
18703.6;294.4;2627146.94;1266849.02;7.799264;47.5518
18708.4;294.6;2627151.69;1266848.04;7.799327;47.551791
18713.2;295;2627156.43;1266847.17;7.79939;47.551783
18718;295.2;2627161.11;1266846.3;7.799452;47.551775
18723.2;295.5;2627166.01;1266844.54;7.799517;47.551759
18730.3;296;2627172.42;1266841.46;7.799602;47.551731
18734.6;296.1;2627176.56;1266840.37;7.799657;47.551721
18738.2;296.4;2627180.11;1266839.49;7.799704;47.551713
18742.8;296.7;2627184.33;1266837.85;7.79976;47.551698
18746.1;296.6;2627187.49;1266838.75;7.799802;47.551706
18750.2;296.8;2627191.55;1266839.32;7.799856;47.551711
18754.2;296.9;2627195.61;1266839.23;7.79991;47.55171
18758.7;297.1;2627200.06;1266838.47;7.799969;47.551703
18763.5;297.3;2627204.8;1266837.83;7.800032;47.551697
18768.3;297.5;2627209.55;1266837.52;7.800095;47.551694
18773.3;297.6;2627214.52;1266836.98;7.800161;47.551689
18778.3;297.8;2627219.56;1266836.67;7.800228;47.551686
18783.2;297.9;2627224.38;1266836.25;7.800292;47.551682
18788.5;298.2;2627229.65;1266835.72;7.800362;47.551677
18793.4;298.3;2627234.55;1266835.52;7.800427;47.551675
18798.1;298.4;2627239.22;1266835.1;7.800489;47.551671
18803;298.6;2627244.11;1266834.79;7.800554;47.551668
18807.9;298.7;2627249.01;1266834.36;7.800619;47.551664
18812.2;298.8;2627253.3;1266833.94;7.800676;47.55166
18816;298.9;2627257.14;1266833.96;7.800727;47.55166
18819.3;299;2627260.38;1266833.75;7.80077;47.551658
18822.4;299;2627263.46;1266833.65;7.800811;47.551657
18825.7;299.1;2627266.78;1266833.44;7.800855;47.551655
18831.4;299.2;2627272.5;1266832.91;7.800931;47.55165
18835.2;299.2;2627276.26;1266832.71;7.800981;47.551648
18839.7;299.4;2627280.71;1266831.95;7.80104;47.551641
18844;299.4;2627284.93;1266831.3;7.801096;47.551635
18848.4;299.4;2627289.22;1266830.21;7.801153;47.551625
18853.6;299.8;2627294.42;1266829.68;7.801222;47.55162
18859.2;299.6;2627299.99;1266829.37;7.801296;47.551617
18864.3;299.6;2627305.04;1266828.95;7.801363;47.551613
18875.6;299.7;2627316.24;1266830.56;7.801512;47.551627
18882;299.7;2627322.64;1266831.37;7.801597;47.551634
18886.6;299.8;2627327.23;1266831.72;7.801658;47.551637
18891.8;299.8;2627332.35;1266831.97;7.801726;47.551639
18897.4;299.8;2627337.92;1266832.44;7.8018;47.551643
18900.7;299.9;2627341.23;1266832.34;7.801844;47.551642
18906.1;299.9;2627346.65;1266832.81;7.801916;47.551646
18910.6;300;2627351.09;1266832.39;7.801975;47.551642
18914.1;300.1;2627354.41;1266831.07;7.802019;47.55163
18918.6;300.2;2627358.85;1266831.09;7.802078;47.55163
18921.9;300.3;2627362.08;1266831.77;7.802121;47.551636
18925.1;300.1;2627365.24;1266832.56;7.802163;47.551643
18928.2;300;2627368.25;1266832.8;7.802203;47.551645
18931.5;300.1;2627371.64;1266832.71;7.802248;47.551644
18935;300.1;2627375.1;1266832.72;7.802294;47.551644
18938.7;300.1;2627378.79;1266832.96;7.802343;47.551646
18942.5;300.1;2627382.55;1266833.2;7.802393;47.551648
18947.4;300;2627387.36;1266834.22;7.802457;47.551657
18952.6;300;2627392.48;1266835.25;7.802525;47.551666
18964.1;299.8;2627403.6;1266838.08;7.802673;47.551691
18971.2;299.8;2627410.75;1266838.22;7.802768;47.551692
18977;299.7;2627416.47;1266838.69;7.802844;47.551696
18983.9;299.7;2627423.33;1266837.73;7.802935;47.551687
18990.8;299.6;2627430.1;1266839.09;7.803025;47.551699
18996.7;299.6;2627435.97;1266839.56;7.803103;47.551703
19006.6;299.6;2627445.74;1266841.39;7.803233;47.551719
19013.5;299.6;2627452.52;1266840.42;7.803323;47.55171
19020.6;299.6;2627459.52;1266841.9;7.803416;47.551723
19024.8;299.5;2627463.58;1266842.58;7.80347;47.551729
19027.8;299.7;2627466.44;1266841.59;7.803508;47.55172
19031.6;299.7;2627470.21;1266841.5;7.803558;47.551719
19036.4;299.6;2627474.94;1266842.52;7.803621;47.551728
19041.2;299.7;2627479.68;1266843.32;7.803684;47.551735
19048.4;299.5;2627486.83;1266844.36;7.803779;47.551744
19054.1;299.6;2627492.39;1266845.61;7.803853;47.551755
19061.3;299.6;2627499.39;1266847.31;7.803946;47.55177
19069.2;299.6;2627507.06;1266849.12;7.804048;47.551786
19077.1;299.6;2627514.8;1266850.49;7.804151;47.551798
19085.4;299.7;2627522.93;1266852.09;7.804259;47.551812
19094.1;299.8;2627531.5;1266854.02;7.804373;47.551829
19103.8;299.9;2627540.9;1266856.28;7.804498;47.551849
19114.5;300;2627551.2;1266859.11;7.804635;47.551874
19123.4;300.1;2627559.84;1266861.38;7.80475;47.551894
19132.1;300.3;2627568.42;1266862.86;7.804864;47.551907
19140.7;300.3;2627576.84;1266864.68;7.804976;47.551923
19149.3;300.4;2627585.26;1266866.39;7.805088;47.551938
19157.1;300.3;2627592.93;1266867.76;7.80519;47.55195
19165.8;300.4;2627601.43;1266869.46;7.805303;47.551965
19174.5;300.4;2627609.93;1266871.28;7.805416;47.551981
19183.1;300.5;2627618.43;1266872.77;7.805529;47.551994
19191.8;300.5;2627626.93;1266874.48;7.805642;47.552009
19200.1;300.5;2627635.2;1266875.07;7.805752;47.552014
19208.5;300.5;2627643.4;1266876.78;7.805861;47.552029
19217.5;300.6;2627652.35;1266878.15;7.80598;47.552041
19225.9;300.5;2627660.62;1266879.75;7.80609;47.552055
19234.6;300.6;2627668.89;1266882.23;7.8062;47.552077
19244.3;300.7;2627678.21;1266885.17;7.806324;47.552103
19252.9;300.6;2627686.56;1266886.99;7.806435;47.552119
19260.9;300.7;2627694.3;1266888.91;7.806538;47.552136
19269.4;300.7;2627702.65;1266890.84;7.806649;47.552153
19277.9;300.7;2627710.92;1266892.66;7.806759;47.552169
19287.9;300.8;2627720.32;1266896.15;7.806884;47.5522
19295.7;300.8;2627727.99;1266897.41;7.806986;47.552211
19304.1;300.8;2627736.18;1266899.12;7.807095;47.552226
19313.5;300.8;2627745.44;1266900.72;7.807218;47.55224
19322;300.9;2627753.63;1266902.98;7.807327;47.55226
19330.7;300.9;2627762.2;1266904.69;7.807441;47.552275
19339.8;300.9;2627771;1266907.06;7.807558;47.552296
19347.6;300.9;2627778.67;1266908.54;7.80766;47.552309
19355.6;300.9;2627786.57;1266909.58;7.807765;47.552318
19363.7;301;2627794.62;1266910.73;7.807872;47.552328
19370.8;301;2627801.38;1266912.65;7.807962;47.552345
19378.9;301;2627809.43;1266914.02;7.808069;47.552357
19386.4;301;2627816.73;1266915.5;7.808166;47.55237
19394.4;301.1;2627824.55;1266917.21;7.80827;47.552385
19403.1;301.1;2627833.2;1266918.7;7.808385;47.552398
19411.3;301.2;2627841.24;1266920.18;7.808492;47.552411
19420.1;301.2;2627849.97;1266920.78;7.808608;47.552416
19428.5;301.3;2627858.25;1266922.15;7.808718;47.552428
19437.2;301.3;2627866.74;1266924.3;7.808831;47.552447
19445;301.4;2627874.34;1266926.12;7.808932;47.552463
19453.3;301.4;2627882.46;1266927.6;7.80904;47.552476
19460.5;301.4;2627889.53;1266928.75;7.809134;47.552486
19469;301.4;2627897.95;1266929.9;7.809246;47.552496
19476.3;301.5;2627905.17;1266931.15;7.809342;47.552507
19483.4;301.5;2627912.17;1266932.19;7.809435;47.552516
19489.2;301.5;2627917.97;1266932.33;7.809512;47.552517
19497.7;301.5;2627926.24;1266934.37;7.809622;47.552535
19504.3;301.5;2627932.86;1266934.73;7.80971;47.552538
19514.1;301.5;2627942.64;1266935.44;7.80984;47.552544
19521.6;301.5;2627950.09;1266936.04;7.809939;47.552549
19527.8;301.5;2627956.03;1266937.73;7.810018;47.552564
19534.6;301.5;2627962.8;1266938.76;7.810108;47.552573
19541.8;301.6;2627969.87;1266940.13;7.810202;47.552585
19549;301.6;2627977.01;1266941.17;7.810297;47.552594
19557.5;301.6;2627985.13;1266943.54;7.810405;47.552615
19564.1;301.6;2627991.68;1266943.9;7.810492;47.552618
19571;301.7;2627998.6;1266944.38;7.810584;47.552622
19579.1;301.7;2628006.5;1266946.42;7.810689;47.55264
19586.4;301.7;2628013.72;1266947.01;7.810785;47.552645
19594;301.8;2628021.17;1266948.38;7.810884;47.552657
19602.9;301.8;2628029.81;1266950.76;7.810999;47.552678
19610.1;301.8;2628036.88;1266952.12;7.811093;47.55269
19617.8;301.8;2628044.56;1266952.05;7.811195;47.552689
19624.8;301.8;2628051.41;1266950.75;7.811286;47.552677
19631.9;301.8;2628058.49;1266951.34;7.81138;47.552682
19640.4;301.8;2628066.99;1266951.71;7.811493;47.552685
19647.6;301.8;2628074.22;1266952.3;7.811589;47.55269
19653.7;301.8;2628080.31;1266952;7.81167;47.552687
19661.6;301.9;2628088.06;1266953.37;7.811773;47.552699
19669.7;301.9;2628096.03;1266954.52;7.811879;47.552709
19677;301.9;2628103.33;1266955.22;7.811976;47.552715
19685.7;301.9;2628111.83;1266956.93;7.812089;47.55273
19694;301.9;2628120.11;1266957.86;7.812199;47.552738
19699.9;301.9;2628125.98;1266957.88;7.812277;47.552738
19708.3;302;2628134.33;1266959.26;7.812388;47.55275
19716;302;2628142;1266959.96;7.81249;47.552756
19724.5;302;2628150.43;1266960.78;7.812602;47.552763
19732;302;2628157.88;1266960.15;7.812701;47.552757
19739.3;302;2628165.18;1266960.41;7.812798;47.552759
19746.9;302;2628172.78;1266960.89;7.812899;47.552763
19746.9;302;2628181.73;1266962.26;7.813018;47.552775
19754.5;302.1;2628189.33;1266962.63;7.813119;47.552778
19762;302;2628196.86;1266962.67;7.813219;47.552778
19770;302;2628204.84;1266962.93;7.813325;47.55278
19777.4;302;2628212.22;1266963.19;7.813423;47.552782
19784.800000000003;302;2628219.59;1266963.67;7.813521;47.552786
19792.5;302.1;2628227.26;1266964.48;7.813623;47.552793
19799.7;302;2628234.41;1266965.29;7.813718;47.5528
19807;302;2628241.63;1266966.11;7.813814;47.552807
19813.9;302;2628248.56;1266966.59;7.813906;47.552811
19822.4;302.1;2628256.98;1266967.63;7.814018;47.55282
19830.5;302.1;2628265.11;1266968;7.814126;47.552823
19837.5;302;2628272.04;1266967.92;7.814218;47.552822
19844.800000000003;302;2628279.41;1266968.4;7.814316;47.552826
19854;302;2628288.59;1266969;7.814438;47.552831
19860.9;302;2628295.44;1266968.92;7.814529;47.55283
19868.600000000002;302;2628303.12;1266969.4;7.814631;47.552834
19876.2;301.9;2628310.64;1266970.22;7.814731;47.552841
19883.4;301.9;2628317.86;1266970.7;7.814827;47.552845
19890.9;301.9;2628325.31;1266971.07;7.814926;47.552848
19898.300000000003;301.8;2628332.69;1266971.66;7.815024;47.552853
19906;301.7;2628340.36;1266972.47;7.815126;47.55286
19913.7;301.6;2628348.04;1266972.95;7.815228;47.552864
19921.300000000003;301.6;2628355.72;1266972.99;7.81533;47.552864
19927.7;301.5;2628362.04;1266972.47;7.815414;47.552859
19935.5;301.4;2628369.79;1266973.39;7.815517;47.552867
19941.300000000003;301.3;2628375.59;1266973.31;7.815594;47.552866
19949.100000000002;301.2;2628383.41;1266974.01;7.815698;47.552872
19957;301.2;2628391.24;1266974.61;7.815802;47.552877
19964.7;301.1;2628398.91;1266975.2;7.815904;47.552882
19972.300000000003;301;2628406.51;1266975.46;7.816005;47.552884
19979.9;300.9;2628414.11;1266975.83;7.816106;47.552887
19987.7;300.8;2628421.87;1266975.53;7.816209;47.552884
19995.4;300.9;2628429.62;1266976.13;7.816312;47.552889
20004.2;300.9;2628438.27;1266977.61;7.816427;47.552902
20012.300000000003;300.9;2628446.4;1266977.87;7.816535;47.552904
20020.5;301.1;2628454.52;1266978.36;7.816643;47.552908
20028.9;301.1;2628462.88;1266978.95;7.816754;47.552913
20036.9;301.2;2628470.93;1266979.55;7.816861;47.552918
20045.9;301.3;2628479.88;1266979.81;7.81698;47.55292
20053.7;301.5;2628487.63;1266980.63;7.817083;47.552927
20062.2;301.6;2628496.06;1266982;7.817195;47.552939
20070.100000000002;301.7;2628503.88;1266982.71;7.817299;47.552945
20079;301.8;2628512.76;1266982.75;7.817417;47.552945
20086.600000000002;301.8;2628520.36;1266983.34;7.817518;47.55295
20095.9;301.9;2628529.54;1266984.61;7.81764;47.552961
20103.4;301.9;2628537.07;1266984.54;7.81774;47.55296
20112;302;2628545.65;1266984.69;7.817854;47.552961
20119.100000000002;302;2628552.8;1266984.84;7.817949;47.552962
20127;301.9;2628560.62;1266985.43;7.818053;47.552967
20133.800000000003;301.9;2628567.47;1266985.8;7.818144;47.55297
20140.7;301.8;2628574.33;1266985.16;7.818235;47.552964
20148.800000000003;301.7;2628582.45;1266985.76;7.818343;47.552969
20156.9;301.7;2628590.5;1266986.13;7.81845;47.552972
20164.300000000003;301.6;2628597.88;1266986.05;7.818548;47.552971
20172;301.5;2628605.63;1266986.31;7.818651;47.552973
20179.5;301.4;2628613.09;1266986.02;7.81875;47.55297
20189.600000000002;301.3;2628623.02;1266987.73;7.818882;47.552985
20198.5;301.3;2628631.89;1266988.55;7.819;47.552992
20206.800000000003;301.2;2628640.17;1266989.37;7.81911;47.552999
20215.300000000003;301;2628648.46;1266987.63;7.81922;47.552983
20224.2;301;2628657.42;1266987.68;7.819339;47.552983
20233.4;301;2628666.44;1266988.94;7.819459;47.552994
20241.800000000003;301;2628674.87;1266989.54;7.819571;47.552999
20250.100000000002;301;2628683.15;1266989.58;7.819681;47.552999
20258.600000000002;301;2628691.65;1266989.73;7.819794;47.553
20266.5;301;2628699.49;1266988.55;7.819898;47.552989
20274.7;301;2628707.69;1266988.48;7.820007;47.552988
20281.4;301.1;2628714.32;1266987.73;7.820095;47.552981
20289.100000000002;301.1;2628721.93;1266986.65;7.820196;47.552971
20295.800000000003;301.1;2628728.56;1266985.35;7.820284;47.552959
20303;301.1;2628735.64;1266983.94;7.820378;47.552946
20311.300000000003;301.2;2628743.85;1266984.31;7.820487;47.552949
20318.5;301.3;2628751;1266983.13;7.820582;47.552938
20326.4;301.3;2628758.83;1266982.72;7.820686;47.552934
20334;301.4;2628766.44;1266982.42;7.820787;47.552931
20341.5;301.4;2628773.89;1266981.46;7.820886;47.552922
20350.9;301.5;2628783.3;1266981.28;7.821011;47.55292
20358.600000000002;301.5;2628790.84;1266979.76;7.821111;47.552906
20365.5;301.6;2628797.77;1266979.24;7.821203;47.552901
20372.9;301.7;2628805.07;1266978.5;7.8213;47.552894
20380.4;301.7;2628812.53;1266977.31;7.821399;47.552883
20387.9;301.8;2628819.91;1266976.01;7.821497;47.552871
20397;302;2628829.02;1266976.17;7.821618;47.552872
20404.5;302.1;2628836.4;1266974.98;7.821716;47.552861
20412.100000000002;302.1;2628843.94;1266973.79;7.821816;47.55285
20420.100000000002;302.3;2628851.77;1266972.16;7.82192;47.552835
20427.600000000002;302.4;2628859.08;1266970.87;7.822017;47.552823
20434.7;302.5;2628866.09;1266969.57;7.82211;47.552811
20442.300000000003;302.6;2628873.62;1266968.6;7.82221;47.552802
20449.5;302.7;2628880.48;1266966.41;7.822301;47.552782
20457.2;302.8;2628888.16;1266965.56;7.822403;47.552774
20463.800000000003;302.9;2628894.64;1266964.26;7.822489;47.552762
20471;303;2628901.72;1266963.4;7.822583;47.552754
20477.4;302.9;2628907.98;1266961.99;7.822666;47.552741
20483.9;303.2;2628914.45;1266960.91;7.822752;47.552731
20490.300000000003;303.2;2628920.78;1266959.94;7.822836;47.552722
20496.9;303.3;2628927.26;1266958.75;7.822922;47.552711
20504;303.3;2628934.27;1266957.89;7.823015;47.552703
20510.600000000002;303.4;2628940.67;1266956.37;7.8231;47.552689
20517.800000000003;303.4;2628947.83;1266955.51;7.823195;47.552681
20525.100000000002;303.5;2628954.99;1266953.88;7.82329;47.552666
20532.800000000003;303.6;2628962.37;1266951.69;7.823388;47.552646
20540.300000000003;303.7;2628969.61;1266949.84;7.823484;47.552629
20547.7;303.6;2628976.99;1266949.09;7.823582;47.552622
20555;303.8;2628984.22;1266947.91;7.823678;47.552611
20561.100000000002;303.7;2628990.17;1266946.71;7.823757;47.5526
20568.100000000002;303.9;2628997.1;1266945.86;7.823849;47.552592
20575.2;303.9;2629004.18;1266944.78;7.823943;47.552582
20582.7;304.1;2629011.49;1266943.59;7.82404;47.552571
20588.5;304.1;2629017.29;1266943.84;7.824117;47.552573
20595.600000000002;304;2629024.37;1266942.88;7.824211;47.552564
20603.600000000002;303.9;2629032.27;1266943.92;7.824316;47.552573
20610.600000000002;304;2629039.34;1266943.62;7.82441;47.55257
20617.100000000002;304;2629045.75;1266942.54;7.824495;47.55256
20624.300000000003;304.1;2629052.83;1266941.79;7.824589;47.552553
20631.2;304.1;2629059.68;1266940.94;7.82468;47.552545
20638.5;304.1;2629066.98;1266940.75;7.824777;47.552543
20646.100000000002;304.1;2629074.58;1266941.46;7.824878;47.552549
20653.7;304.1;2629082.19;1266941.05;7.824979;47.552545
20658.9;304.1;2629087.38;1266941.18;7.825048;47.552546
20666.2;304.3;2629094.37;1266943.33;7.825141;47.552565
20672.9;304.3;2629101.07;1266943.7;7.82523;47.552568
20680.600000000002;304.2;2629107.93;1266940.4;7.825321;47.552538
20687.100000000002;304.3;2629114.25;1266941.98;7.825405;47.552552
20693.600000000002;304.4;2629120.8;1266942.13;7.825492;47.552553
20700.2;304.4;2629127.42;1266942.38;7.82558;47.552555
20707.100000000002;304.4;2629134.27;1266941.86;7.825671;47.55255
20714.300000000003;304.4;2629141.42;1266942.12;7.825766;47.552552
20720.4;304.5;2629147.52;1266942.48;7.825847;47.552555
20726.300000000003;304.5;2629153.47;1266942.18;7.825926;47.552552
20732.600000000002;304.5;2629159.71;1266942.87;7.826009;47.552558
20741.600000000002;304.6;2629168.52;1266941.25;7.826126;47.552543
20749.2;304.6;2629176.13;1266941.62;7.826227;47.552546
20756.800000000003;304.7;2629183.58;1266940.21;7.826326;47.552533
20763.300000000003;304.7;2629190.06;1266940.13;7.826412;47.552532
20770.2;304.6;2629196.99;1266939.61;7.826504;47.552527
20777.300000000003;304.7;2629204.06;1266939.87;7.826598;47.552529
20784.9;304.7;2629211.66;1266939.8;7.826699;47.552528
20791.600000000002;304.8;2629218.37;1266939.38;7.826788;47.552524
20800.600000000002;304.9;2629227.32;1266940.54;7.826907;47.552534
20807.5;305;2629234.17;1266940.02;7.826998;47.552529
20814.300000000003;304.9;2629240.94;1266940.16;7.827088;47.55253
20820.800000000003;304.9;2629247.49;1266940.31;7.827175;47.552531
20828.600000000002;304.9;2629255.24;1266940.46;7.827278;47.552532
20836;304.9;2629262.62;1266940.94;7.827376;47.552536
20844.4;304.8;2629271.05;1266941.31;7.827488;47.552539
20851.9;304.8;2629278.5;1266942.13;7.827587;47.552546
20860.4;304.8;2629286.92;1266943.17;7.827699;47.552555
20867.600000000002;304.8;2629294.07;1266943.98;7.827794;47.552562
20875.100000000002;304.8;2629301.52;1266944.58;7.827893;47.552567
20881.9;304.8;2629308.37;1266944.5;7.827984;47.552566
20888.100000000002;304.8;2629314.54;1266944.08;7.828066;47.552562
20894.7;304.8;2629321.09;1266944.56;7.828153;47.552566
20900.5;304.8;2629326.96;1266944.37;7.828231;47.552564
20907.9;304.7;2629334.34;1266943.63;7.828329;47.552557
20916.300000000003;304.8;2629342.69;1266944.34;7.82844;47.552563
20923.600000000002;304.8;2629349.63;1266942.15;7.828532;47.552543
20929.5;304.8;2629355.36;1266940.95;7.828608;47.552532
20937.2;304.8;2629363.11;1266940.77;7.828711;47.55253
20944;304.8;2629369.8;1266942.14;7.8288;47.552542
20951.4;304.9;2629377.02;1266943.62;7.828896;47.552555
20958.600000000002;305;2629383.1;1266947.43;7.828977;47.552589
20966.2;305;2629390.54;1266948.91;7.829076;47.552602
20973.7;305.1;2629397.76;1266950.95;7.829172;47.55262
20984.4;305.2;2629408.45;1266951.33;7.829314;47.552623
20991.4;305.2;2629415.45;1266951.37;7.829407;47.552623
20999.100000000002;305.3;2629423.12;1266952.07;7.829509;47.552629
21007.2;305.3;2629431.17;1266952.78;7.829616;47.552635
21013.4;305.3;2629437.34;1266953.48;7.829698;47.552641
21021;305.4;2629444.94;1266954.52;7.829799;47.55265
21027.5;305.4;2629451.41;1266954.88;7.829885;47.552653
21033.800000000003;305.4;2629457.58;1266955.91;7.829967;47.552662
21041.2;305.4;2629464.96;1266955.62;7.830065;47.552659
21048.2;305.5;2629471.95;1266956.65;7.830158;47.552668
21054.7;305.5;2629478.35;1266956.02;7.830243;47.552662
21063.4;305.5;2629486.93;1266957.95;7.830357;47.552679
21070.300000000003;305.5;2629493.78;1266957.87;7.830448;47.552678
21077.300000000003;305.5;2629500.78;1266957.91;7.830541;47.552678
21082.600000000002;305.6;2629506.12;1266958.05;7.830612;47.552679
21089.2;305.6;2629512.67;1266957.75;7.830699;47.552676
21095.800000000003;305.6;2629519.22;1266958.22;7.830786;47.55268
21103.5;305.7;2629526.97;1266958.48;7.830889;47.552682
21110.7;305.7;2629534.12;1266958.52;7.830984;47.552682
21117.9;305.7;2629541.27;1266959.56;7.831079;47.552691
21124.5;305.8;2629547.82;1266959.03;7.831166;47.552686
21130.9;305.8;2629554.21;1266959.06;7.831251;47.552686
21137.300000000003;305.9;2629560.61;1266959.21;7.831336;47.552687
21144.7;306;2629567.99;1266960.02;7.831434;47.552694
21150.9;305.9;2629574.23;1266959.94;7.831517;47.552693
21157.2;306.1;2629580.48;1266960.31;7.8316;47.552696
21165.5;306.2;2629588.83;1266960.24;7.831711;47.552695
21172.300000000003;306.2;2629595.53;1266960.94;7.8318;47.552701
21179.300000000003;306.3;2629602.53;1266961.2;7.831893;47.552703
21184.300000000003;306.3;2629607.5;1266961.78;7.831959;47.552708
21191.300000000003;306.4;2629614.26;1266963.81;7.832049;47.552726
21197.5;306.5;2629620.36;1266963.18;7.83213;47.55272
21204.4;306.6;2629627.13;1266964.77;7.83222;47.552734
21209.9;306.6;2629632.62;1266964.91;7.832293;47.552735
21215.5;306.7;2629638.19;1266965.38;7.832367;47.552739
21224.600000000002;306.7;2629647.23;1266964.42;7.832487;47.55273
21231.300000000003;306.8;2629653.93;1266964.34;7.832576;47.552729
21237.300000000003;306.8;2629659.87;1266965.26;7.832655;47.552737
21243.4;306.9;2629665.97;1266964.74;7.832736;47.552732
21249.2;306.9;2629671.69;1266963.88;7.832812;47.552724
21255.7;307.1;2629678.17;1266964.02;7.832898;47.552725
21260.100000000002;307.1;2629682.61;1266964.38;7.832957;47.552728
21269.7;307.3;2629692.01;1266966.09;7.833082;47.552743
21275;307.3;2629697.35;1266966.12;7.833153;47.552743
21281.5;307.4;2629703.75;1266966.48;7.833238;47.552746
21287.7;307.5;2629710;1266965.96;7.833321;47.552741
21293.9;307.6;2629716.17;1266965.88;7.833403;47.55274
21300.7;307.7;2629722.94;1266965.8;7.833493;47.552739
21306.9;307.9;2629729.12;1266965.39;7.833575;47.552735
21312.9;308.1;2629735.14;1266966.31;7.833655;47.552743
21319.4;308.2;2629741.53;1266967.01;7.83374;47.552749
21328.800000000003;308.5;2629750.94;1266967.5;7.833865;47.552753
21335.100000000002;308.7;2629757.26;1266968.09;7.833949;47.552758
21341.600000000002;308.9;2629763.73;1266968.23;7.834035;47.552759
21349.2;309.1;2629771.25;1266969.38;7.834135;47.552769
21355;309.2;2629777.05;1266969.3;7.834212;47.552768
21361.4;309.4;2629783.37;1266969.22;7.834296;47.552767
21368.2;309.6;2629789.91;1266971.25;7.834383;47.552785
21374.7;309.9;2629796.38;1266972.07;7.834469;47.552792
21381.5;310.1;2629803.08;1266972.77;7.834558;47.552798
21387.5;310.2;2629809.1;1266973.02;7.834638;47.5528
21392.300000000003;310.2;2629813.77;1266971.93;7.8347;47.55279
21398.600000000002;310.5;2629820.01;1266973.07;7.834783;47.5528
21405.100000000002;310.6;2629826.25;1266974.77;7.834866;47.552815
21411.300000000003;310.8;2629832.5;1266975.03;7.834949;47.552817
21417.600000000002;311;2629838.74;1266975.84;7.835032;47.552824
21425;311.1;2629845.96;1266977.1;7.835128;47.552835
21431.600000000002;311.3;2629852.58;1266977.46;7.835216;47.552838
21437.4;311.4;2629858.23;1266976.27;7.835291;47.552827
21443.4;311.6;2629864.18;1266977.3;7.83537;47.552836
21448.9;311.7;2629869.67;1266977.77;7.835443;47.55284
21454.600000000002;311.9;2629875.32;1266977.13;7.835518;47.552834
21461.300000000003;312.1;2629882.01;1266977.83;7.835607;47.55284
21466.2;312.2;2629886.91;1266977.75;7.835672;47.552839
21471;312.4;2629891.72;1266977.66;7.835736;47.552838
21475.7;312.5;2629896.39;1266977.8;7.835798;47.552839
21482.300000000003;312.6;2629902.94;1266978.38;7.835885;47.552844
21488.600000000002;312.8;2629909.26;1266978.42;7.835969;47.552844
21495.100000000002;313;2629915.73;1266979.12;7.836055;47.55285
21503.5;313.4;2629924.08;1266980.16;7.836166;47.552859
21510.2;313.5;2629930.78;1266980.08;7.836255;47.552858
21518;313.7;2629938.45;1266980.9;7.836357;47.552865
21524.5;314;2629944.93;1266979.82;7.836443;47.552855
21530.600000000002;314.2;2629950.96;1266979.41;7.836523;47.552851
21536;314.5;2629956.38;1266978.66;7.836595;47.552844
21542.300000000003;314.7;2629962.63;1266978.46;7.836678;47.552842
21545.9;314.9;2629966.17;1266977.59;7.836725;47.552834
21551.4;315.1;2629971.67;1266977.4;7.836798;47.552832
21556.9;315.3;2629977.09;1266977.09;7.83687;47.552829
21561.600000000002;315.5;2629981.83;1266976.78;7.836933;47.552826
21567.5;315.7;2629987.71;1266976.15;7.837011;47.55282
21573;315.9;2629993.2;1266976.17;7.837084;47.55282
21577.800000000003;316.1;2629997.94;1266976.31;7.837147;47.552821
21582.7;316.3;2630002.91;1266976.22;7.837213;47.55282
21587.7;316.5;2630007.88;1266976.25;7.837279;47.55282
21593.300000000003;316.7;2630013.45;1266976.28;7.837353;47.55282
21597.7;316.9;2630017.67;1266974.85;7.837409;47.552807
21603.300000000003;317.2;2630023.24;1266975.1;7.837483;47.552809
21608.4;317.4;2630028.36;1266975.24;7.837551;47.55281
21613.5;317.6;2630033.4;1266975.27;7.837618;47.55281
21620.100000000002;317.9;2630039.88;1266974.08;7.837704;47.552799
21625.300000000003;318.2;2630045.08;1266973.88;7.837773;47.552797
21633.7;318.3;2630053.19;1266976.37;7.837881;47.552819
21639.4;318.6;2630058.84;1266976.73;7.837956;47.552822
21646.5;318.8;2630065.91;1266977.77;7.83805;47.552831
21651.7;319;2630071.03;1266977.57;7.838118;47.552829
21657.100000000002;319.2;2630076.45;1266977.6;7.83819;47.552829
21662.600000000002;319.4;2630081.94;1266977.18;7.838263;47.552825
21668.2;319.6;2630087.59;1266977.1;7.838338;47.552824
21673.300000000003;319.8;2630092.55;1266977.9;7.838404;47.552831
21678.7;319.9;2630097.97;1266978.48;7.838476;47.552836
21683.100000000002;320.2;2630102.34;1266978.28;7.838534;47.552834
21688.600000000002;320.3;2630107.67;1266979.53;7.838605;47.552845
21693.9;320.5;2630112.94;1266980.34;7.838675;47.552852
21700.2;320.7;2630118.72;1266982.82;7.838752;47.552874
21704.9;320.9;2630123.31;1266983.95;7.838813;47.552884
21710;321.1;2630128.19;1266985.31;7.838878;47.552896
21716.300000000003;321.3;2630134.44;1266986.12;7.838961;47.552903
21721.100000000002;321.5;2630138.95;1266987.92;7.839021;47.552919
21726.2;321.7;2630143.83;1266989.39;7.839086;47.552932
21732;321.9;2630149.16;1266991.53;7.839157;47.552951
21737.4;322.2;2630154.35;1266993.12;7.839226;47.552965
21742.800000000003;322.3;2630159.54;1266994.7;7.839295;47.552979
21747.5;322.6;2630164.2;1266994.72;7.839357;47.552979
21752.800000000003;322.7;2630169.39;1266995.64;7.839426;47.552987
21758.2;322.9;2630174.58;1266997.33;7.839495;47.553002
21763.5;323;2630179.69;1266998.8;7.839563;47.553015
21769;323.2;2630184.87;1267000.61;7.839632;47.553031
21774.100000000002;323.4;2630189.68;1267002.3;7.839696;47.553046
21779.800000000003;323.5;2630195.17;1267003.55;7.839769;47.553057
21785.600000000002;323.6;2630200.73;1267005.36;7.839843;47.553073
21791.7;323.9;2630206.75;1267006.28;7.839923;47.553081
21795.2;324;2630210.21;1267007.08;7.839969;47.553088
21799.7;324.1;2630214.64;1267007.77;7.840028;47.553094
21804.600000000002;324.2;2630219.46;1267008.68;7.840092;47.553102
21809.800000000003;324.4;2630224.42;1267010.26;7.840158;47.553116
21816;324.6;2630230.2;1267012.29;7.840235;47.553134
21821.100000000002;324.7;2630235.17;1267013.43;7.840301;47.553144
21827.300000000003;324.9;2630241.03;1267015.46;7.840379;47.553162
21831.7;325;2630245.23;1267016.82;7.840435;47.553174
21836.100000000002;325;2630249.6;1267017.17;7.840493;47.553177
21840.800000000003;325.2;2630254.03;1267018.75;7.840552;47.553191
21846;325.4;2630259.07;1267020;7.840619;47.553202
21851.300000000003;325.4;2630264.33;1267021.03;7.840689;47.553211
21857.5;325.5;2630270.35;1267022.28;7.840769;47.553222
21861.800000000003;325.6;2630274.63;1267023.19;7.840826;47.55323
21868;325.7;2630280.73;1267024;7.840907;47.553237
21873.100000000002;325.7;2630285.77;1267024.7;7.840974;47.553243
21879.300000000003;325.7;2630291.86;1267025.84;7.841055;47.553253
21884.800000000003;325.9;2630297.27;1267027.09;7.841127;47.553264
21890.800000000003;325.9;2630302.75;1267029.57;7.8412;47.553286
21896.7;326;2630308.54;1267030.6;7.841277;47.553295
21903.2;326.1;2630314.78;1267032.3;7.84136;47.55331
21910;326.2;2630321.25;1267034.33;7.841446;47.553328
21916;326.3;2630327.11;1267035.81;7.841524;47.553341
21922.100000000002;326.4;2630332.9;1267037.61;7.841601;47.553357
21928.9;326.5;2630339.75;1267037.2;7.841692;47.553353
21934.9;326.6;2630345.61;1267038.35;7.84177;47.553363
21940.7;326.6;2630351.33;1267039.49;7.841846;47.553373
21946.7;326.8;2630357.04;1267041.19;7.841922;47.553388
21952.7;326.9;2630362.91;1267042.22;7.842;47.553397
21958.100000000002;327;2630368.33;1267042.24;7.842072;47.553397
21961.9;326.9;2630371.95;1267040.93;7.84212;47.553385
21967.2;327;2630377.14;1267041.51;7.842189;47.55339
21973.800000000003;327.2;2630383.6;1267043.21;7.842275;47.553405
21978.7;327.3;2630388.42;1267043.35;7.842339;47.553406
21984;327.3;2630393.68;1267043.93;7.842409;47.553411
21989.9;327.4;2630399.55;1267044.63;7.842487;47.553417
21994.100000000002;327.5;2630403.7;1267043.87;7.842542;47.55341
21999.2;327.6;2630408.73;1267045.01;7.842609;47.55342
22004.4;327.7;2630413.85;1267045.26;7.842677;47.553422
22010.9;327.8;2630420.24;1267046.51;7.842762;47.553433
22016.100000000002;327.9;2630425.2;1267048.21;7.842828;47.553448
22021.4;328;2630430.47;1267048.01;7.842898;47.553446
22026.7;328.1;2630435.74;1267048.26;7.842968;47.553448
22031.9;328.2;2630440.93;1267049.07;7.843037;47.553455
22038.300000000003;328.3;2630447.32;1267049.54;7.843122;47.553459
22043.100000000002;328.4;2630451.99;1267050.23;7.843184;47.553465
22047.5;328.6;2630456.43;1267049.7;7.843243;47.55346
22051.7;328.6;2630460.49;1267050.72;7.843297;47.553469
22055.300000000003;328.7;2630464.03;1267050.74;7.843344;47.553469
22059.9;328.8;2630468.69;1267051.21;7.843406;47.553473
22063.4;328.8;2630471.7;1267052.89;7.843446;47.553488
22069;328.9;2630477.27;1267052.59;7.84352;47.553485
22072.100000000002;329;2630479.97;1267054.16;7.843556;47.553499
22080.5;329.2;2630487.93;1267056.87;7.843662;47.553523
22087.100000000002;329.3;2630494.49;1267056.46;7.843749;47.553519
22093.300000000003;329.3;2630500.65;1267057.16;7.843831;47.553525
22097.7;329.3;2630505.1;1267057.18;7.84389;47.553525
22102.100000000002;329.3;2630509.46;1267057.42;7.843948;47.553527
22107.5;329.5;2630514.72;1267058.9;7.844018;47.55354
22112.4;329.5;2630519.46;1267060.03;7.844081;47.55355
22118.4;329.5;2630525.32;1267061.06;7.844159;47.553559
22124.5;329.5;2630531.42;1267061.65;7.84424;47.553564
22131.7;329.5;2630538.64;1267061.8;7.844336;47.553565
22136.800000000003;329.5;2630543.69;1267061.94;7.844403;47.553566
22142.5;329.5;2630549.41;1267062.08;7.844479;47.553567
22149.600000000002;329.4;2630556.32;1267063.67;7.844571;47.553581
22155.100000000002;329.3;2630561.82;1267063.03;7.844644;47.553575
22162.5;329;2630569.12;1267063.85;7.844741;47.553582
22169.300000000003;328.8;2630575.97;1267064.22;7.844832;47.553585
22175;328.5;2630581.61;1267063.91;7.844907;47.553582
22182.100000000002;328.2;2630588.76;1267064.17;7.845002;47.553584
22189.5;327.7;2630596.14;1267063.43;7.8451;47.553577
22197.300000000003;327.4;2630603.9;1267063.14;7.845203;47.553574
22205.800000000003;326.8;2630612.19;1267061.51;7.845313;47.553559
22214.300000000003;326.4;2630620.48;1267059.55;7.845423;47.553541
22222.800000000003;326.2;2630628.91;1267058.49;7.845535;47.553531
22232.300000000003;325.8;2630638.11;1267056.09;7.845657;47.553509
22242.4;325.5;2630648.2;1267055.14;7.845791;47.5535
22251.4;325.3;2630657.16;1267054.41;7.84591;47.553493
22260.4;325;2630666.05;1267053.01;7.846028;47.55348
22264.800000000003;324.9;2630669.9;1267050.92;7.846079;47.553461
22273.5;324.7;2630678.41;1267049.07;7.846192;47.553444
22281.7;324.5;2630686.11;1267046.33;7.846294;47.553419
22291.7;324.3;2630694.27;1267040.48;7.846402;47.553366
22300;324.2;2630699.27;1267033.83;7.846468;47.553306
22307;324;2630705.98;1267032.09;7.846557;47.55329
22316;323.9;2630714.87;1267030.69;7.846675;47.553277
22323.600000000002;323.9;2630722.03;1267028.17;7.84677;47.553254
22331.2;323.8;2630729.71;1267027.99;7.846872;47.553252
22338.800000000003;323.7;2630736.72;1267025.24;7.846965;47.553227
22346;323.7;2630742.84;1267021.38;7.847046;47.553192
22352.800000000003;323.7;2630749.47;1267019.97;7.847134;47.553179
22360.300000000003;323.6;2630755.89;1267016;7.847219;47.553143
22367.5;323.6;2630762.16;1267012.59;7.847302;47.553112
22374.800000000003;323.6;2630768.5;1267008.95;7.847386;47.553079
22384.300000000003;323.6;2630775.38;1267002.32;7.847477;47.553019
22391.300000000003;323.6;2630781.65;1266999.35;7.84756;47.552992
22397.5;323.6;2630786.56;1266995.48;7.847625;47.552957
22405.4;323.5;2630793.73;1266992.29;7.84772;47.552928
22412.9;323.5;2630799.4;1266987.32;7.847795;47.552883
22420.100000000002;323.4;2630806.19;1266984.91;7.847885;47.552861
22426.2;323.4;2630811.69;1266982.38;7.847958;47.552838
22432.5;323.4;2630816.38;1266978.18;7.84802;47.5528
22439.4;323.3;2630822.2;1266974.43;7.848097;47.552766
22447.800000000003;323.3;2630829.89;1266971.13;7.848199;47.552736
22455.4;323.2;2630835.87;1266966.38;7.848278;47.552693
22463.2;323.1;2630842.36;1266962.08;7.848364;47.552654
22472.9;323;2630848.65;1266954.67;7.848447;47.552587
22480.2;322.9;2630854.17;1266949.91;7.84852;47.552544
22486.7;322.9;2630859.53;1266946.27;7.848591;47.552511
22492.9;322.8;2630864.82;1266942.96;7.848661;47.552481
22499;322.8;2630869.88;1266939.54;7.848728;47.55245
22507.2;322.8;2630876.53;1266934.8;7.848816;47.552407
22514.800000000003;322.8;2630881.82;1266929.38;7.848886;47.552358
22522.9;322.9;2630887.87;1266923.96;7.848966;47.552309
22529.800000000003;322.8;2630893.84;1266920.43;7.849045;47.552277
22537;322.9;2630899.81;1266916.46;7.849124;47.552241
22543.4;322.9;2630905.32;1266913.15;7.849197;47.552211
22549.600000000002;322.8;2630910.83;1266910.29;7.84927;47.552185
22555.5;322.8;2630916.26;1266908.1;7.849342;47.552165
22561.800000000003;322.8;2630921.7;1266904.9;7.849414;47.552136
22568.300000000003;322.9;2630927.14;1266901.37;7.849486;47.552104
22576;322.9;2630933.03;1266896.29;7.849564;47.552058
22581.5;322.9;2630938.24;1266894.65;7.849633;47.552043
22588.2;323;2630944.05;1266891.23;7.84971;47.552012
22594.800000000003;323;2630949.94;1266888.37;7.849788;47.551986
22600.7;323.1;2630955.44;1266886.17;7.849861;47.551966
22606;323.2;2630959.53;1266882.86;7.849915;47.551936
22610.4;323.2;2630963.52;1266880.99;7.849968;47.551919
22614;323.9;2630966.84;1266879.67;7.850012;47.551907
22619.300000000003;323.5;2630972.04;1266878.37;7.850081;47.551895
22623.4;323.3;2630974.13;1266881.82;7.850109;47.551926
22627;323.2;2630975.4;1266885.28;7.850126;47.551957
22630;323.2;2630977.81;1266883.51;7.850158;47.551941
22633.600000000002;323.3;2630981.35;1266882.97;7.850205;47.551936
22638.600000000002;323.3;2630985.66;1266880.44;7.850262;47.551913
22644.600000000002;323.4;2630991.31;1266878.47;7.850337;47.551895
22648.100000000002;323.4;2630994.71;1266877.71;7.850382;47.551888
22652.300000000003;323.4;2630998.92;1266877.17;7.850438;47.551883
22657.600000000002;323.4;2631004.2;1266876.53;7.850508;47.551877
22663.300000000003;323.4;2631009.77;1266875.67;7.850582;47.551869
22669.7;323.4;2631015.95;1266874.04;7.850664;47.551854
22674.600000000002;323.2;2631020.69;1266875.29;7.850727;47.551865
22678.800000000003;323.3;2631024.75;1266876.42;7.850781;47.551875
22684.5;323.4;2631030.08;1266878.45;7.850852;47.551893
22691.2;321.8;2631036.56;1266876.7;7.850938;47.551877
22698.2;322.5;2631043.13;1266874.4;7.851025;47.551856
22705;322.3;2631049.76;1266872.88;7.851113;47.551842
22711.5;321.8;2631056.23;1266872.36;7.851199;47.551837
22718;321.4;2631062.79;1266871.73;7.851286;47.551831
22724.4;321.1;2631069.18;1266871.65;7.851371;47.55183
22730.5;320.8;2631075.2;1266872.01;7.851451;47.551833
22736.600000000002;320.4;2631081.22;1266873.38;7.851531;47.551845
22742.7;320.2;2631087.08;1266874.86;7.851609;47.551858
22750;319.9;2631094;1266877.34;7.851701;47.55188
22758.100000000002;319.6;2631101.05;1266881.27;7.851795;47.551915
22767;319.2;2631108.33;1266886.42;7.851892;47.551961
22775.800000000003;319;2631114.99;1266892.13;7.851981;47.552012
22784.100000000002;318.8;2631120.76;1266898.05;7.852058;47.552065
22791.100000000002;318.8;2631125.47;1266903.3;7.852121;47.552112
22801.4;318.5;2631128.66;1266913.1;7.852164;47.5522
22810.100000000002;318.3;2631131.93;1266921.12;7.852208;47.552272
22815.100000000002;318.3;2631133.49;1266925.91;7.852229;47.552315
22823.2;318.2;2631134.65;1266933.93;7.852245;47.552387
22835.100000000002;318.2;2631140.99;1266943.97;7.85233;47.552477
22842.600000000002;318.3;2631142.08;1266951.42;7.852345;47.552544
22850.800000000003;318.3;2631144.9;1266959.11;7.852383;47.552613
22857.7;318.4;2631146.67;1266965.79;7.852407;47.552673
22869.2;317;2631148.87;1266977.03;7.852437;47.552774
22874.9;318.5;2631151.71;1266981.94;7.852475;47.552818
22883.4;318.7;2631155.2;1266989.74;7.852522;47.552888
22891.100000000002;318.7;2631158.25;1266996.76;7.852563;47.552951
22900.100000000002;318.9;2631162.96;1267004.46;7.852626;47.55302
22906.9;319.1;2631166.61;1267010.26;7.852675;47.553072
22914.7;319.3;2631170.34;1267017.06;7.852725;47.553133
22921.9;319.6;2631174.68;1267022.75;7.852783;47.553184
22929.2;319.9;2631179.09;1267028.67;7.852842;47.553237
22936.2;320.2;2631183.12;1267034.36;7.852896;47.553288
22944.100000000002;320.7;2631188.36;1267040.28;7.852966;47.553341
22951.300000000003;321;2631191.79;1267046.64;7.853012;47.553398
22958.100000000002;321.4;2631195.37;1267052.33;7.85306;47.553449
22965.5;321.8;2631198.72;1267059.02;7.853105;47.553509
22971.800000000003;322;2631202.61;1267063.93;7.853157;47.553553
22978.600000000002;322.4;2631206.65;1267069.4;7.853211;47.553602
22985.9;322.7;2631210.68;1267075.54;7.853265;47.553657
22993.2;323.2;2631214.86;1267081.45;7.853321;47.55371
23000.7;323.6;2631220.1;1267086.82;7.853391;47.553758
23007.600000000002;324.1;2631225.96;1267090.41;7.853469;47.55379
23014.2;324.5;2631232.27;1267092.55;7.853553;47.553809
23020.7;324.9;2631238.13;1267095.25;7.853631;47.553833
23030.7;325.7;2631248.13;1267096.42;7.853764;47.553843
23036.5;325.8;2631253.34;1267094;7.853833;47.553821
23042.4;326.2;2631258.1;1267090.47;7.853896;47.553789
23050.5;326.4;2631264.52;1267085.61;7.853981;47.553745
23056.9;326.8;2631270.85;1267084.42;7.854065;47.553734
23063.600000000002;327.1;2631276.07;1267080.22;7.854134;47.553696
23070.4;327.4;2631282.55;1267078.14;7.85422;47.553677
23076.800000000003;327.6;2631287.91;1267074.72;7.854291;47.553646
23083;328;2631293.87;1267072.98;7.85437;47.55363
23088.800000000003;328.3;2631298.93;1267070.11;7.854437;47.553604
23095;328.6;2631304.88;1267068.36;7.854516;47.553588
23101.2;328.9;2631310.77;1267066.5;7.854594;47.553571
23107.5;329.3;2631316.57;1267063.98;7.854671;47.553548
23113.100000000002;329.5;2631321.33;1267061.11;7.854734;47.553522
23118.7;329.8;2631326.91;1267060.14;7.854808;47.553513
23124.800000000003;330.1;2631332.86;1267059.06;7.854887;47.553503
23129;330.4;2631336.93;1267057.86;7.854941;47.553492
23136;330.6;2631343.85;1267058.45;7.855033;47.553497
23141.800000000003;330.8;2631349.72;1267058.82;7.855111;47.5535
23147.2;331.1;2631354.98;1267060.07;7.855181;47.553511
23152.100000000002;331.2;2631359.64;1267061.43;7.855243;47.553523
23158.9;331.6;2631366.11;1267063.68;7.855329;47.553543
23163.600000000002;331.7;2631370.31;1267065.71;7.855385;47.553561
23168.600000000002;331.8;2631374.51;1267068.4;7.855441;47.553585
23176.4;332.1;2631381.87;1267071.11;7.855539;47.553609
23182.7;332.4;2631387.73;1267073.25;7.855617;47.553628
23188.800000000003;332.7;2631393.37;1267075.73;7.855692;47.55365
23192.600000000002;332.9;2631397.13;1267075.63;7.855742;47.553649
23196.100000000002;333;2631400.67;1267075.76;7.855789;47.55365
23200.600000000002;333.3;2631404.8;1267077.45;7.855844;47.553665
23205.9;333.3;2631409.55;1267075.14;7.855907;47.553644
23210;333.5;2631413.54;1267076.06;7.85596;47.553652
23217.300000000003;333.9;2631418.7;1267081.31;7.856029;47.553699
23221.7;334.1;2631422.84;1267082.66;7.856084;47.553711
23229;334.5;2631429.14;1267086.26;7.856168;47.553743
23233.4;334.6;2631433.27;1267087.95;7.856223;47.553758
23237.2;334.8;2631436.57;1267089.85;7.856267;47.553775
23242.7;335.1;2631441.68;1267091.88;7.856335;47.553793
23248;335.4;2631446.41;1267094.13;7.856398;47.553813
23253.300000000003;335.6;2631451.29;1267096.38;7.856463;47.553833
23258.4;335.8;2631455.95;1267098.3;7.856525;47.55385
23263.2;336.1;2631460.45;1267100.1;7.856585;47.553866
23268.600000000002;336.4;2631465.33;1267102.46;7.85665;47.553887
23274;336.6;2631470.14;1267104.71;7.856714;47.553907
23279.100000000002;336.9;2631474.87;1267106.63;7.856777;47.553924
23283.600000000002;337;2631479.15;1267108.09;7.856834;47.553937
23288;337.3;2631483.29;1267109.56;7.856889;47.55395
23292.600000000002;337.5;2631487.64;1267111.25;7.856947;47.553965
23297.4;337.8;2631492.07;1267113.05;7.857006;47.553981
23302.5;338;2631496.73;1267115.08;7.857068;47.553999
23307.7;338.2;2631501.46;1267117.33;7.857131;47.554019
23313.4;338.5;2631506.8;1267119.14;7.857202;47.554035
23320.2;338.8;2631513.41;1267120.95;7.85729;47.554051
23324.800000000003;339;2631517.69;1267122.53;7.857347;47.554065
23330.5;339.2;2631522.65;1267125.34;7.857413;47.55409
23335.5;339.5;2631527.23;1267127.36;7.857474;47.554108
23339.800000000003;339.8;2631530.98;1267129.38;7.857524;47.554126
23345.300000000003;340;2631535.86;1267131.97;7.857589;47.554149
23355.600000000002;340.4;2631545.47;1267135.8;7.857717;47.554183
23360.4;340.6;2631549.98;1267137.49;7.857777;47.554198
23366.7;340.9;2631555.23;1267140.97;7.857847;47.554229
23371.800000000003;341.1;2631559.81;1267143.21;7.857908;47.554249
23375.100000000002;341.3;2631562.89;1267144.34;7.857949;47.554259
23379.800000000003;341.5;2631567.17;1267146.14;7.858006;47.554275
23384.9;341.7;2631571.37;1267149.06;7.858062;47.554301
23393;342.1;2631578.58;1267152.88;7.858158;47.554335
23397.2;342.2;2631582.33;1267154.56;7.858208;47.55435
23401.800000000003;342.4;2631586.61;1267156.48;7.858265;47.554367
23405.2;342.4;2631589.77;1267157.61;7.858307;47.554377
23410.300000000003;342.6;2631594.5;1267159.41;7.85837;47.554393
23415.100000000002;342.8;2631598.55;1267161.99;7.858424;47.554416
23419.5;342.9;2631602.83;1267163.01;7.858481;47.554425
23423.300000000003;343.1;2631606.29;1267164.59;7.858527;47.554439
23426.800000000003;343.1;2631609.59;1267165.94;7.858571;47.554451
23433.5;343.4;2631616.13;1267167.2;7.858658;47.554462
23437.2;343.4;2631619.74;1267167.89;7.858706;47.554468
23440.7;343.5;2631623.2;1267168.35;7.858752;47.554472
23444.5;343.5;2631626.96;1267169.26;7.858802;47.55448
23448.300000000003;343.7;2631630.57;1267170.39;7.85885;47.55449
23452.300000000003;343.8;2631634.25;1267171.85;7.858899;47.554503
23456.7;343.8;2631638.31;1267173.54;7.858953;47.554518
23461.2;344;2631642.51;1267175.23;7.859009;47.554533
23466.4;344.1;2631647.32;1267177.26;7.859073;47.554551
23471.7;344.3;2631652.2;1267179.29;7.859138;47.554569
23476.600000000002;344.3;2631656.63;1267181.31;7.859197;47.554587
23481.100000000002;344.5;2631660.84;1267183;7.859253;47.554602
23485.800000000003;344.7;2631665.19;1267184.81;7.859311;47.554618
23489.5;344.7;2631668.73;1267185.72;7.859358;47.554626
23492.800000000003;344.8;2631671.96;1267186.4;7.859401;47.554632
23498.100000000002;344.7;2631677.07;1267187.98;7.859469;47.554646
23503.600000000002;344.8;2631682.18;1267189.9;7.859537;47.554663
23508.4;344.9;2631686.68;1267191.59;7.859597;47.554678
23513.300000000003;345.1;2631691.19;1267193.62;7.859657;47.554696
23517.9;345.4;2631695.47;1267195.2;7.859714;47.55471
23522.600000000002;345.6;2631699.9;1267196.89;7.859773;47.554725
23527.600000000002;345.7;2631704.41;1267198.92;7.859833;47.554743
23532.7;345.9;2631709.06;1267201.05;7.859895;47.554762
23537.600000000002;346;2631713.57;1267203.08;7.859955;47.55478
23542.5;346.2;2631718;1267205.1;7.860014;47.554798
23546.9;346.3;2631721.98;1267206.9;7.860067;47.554814
23551.5;346.5;2631726.18;1267208.71;7.860123;47.55483
23556.300000000003;346.7;2631730.61;1267210.73;7.860182;47.554848
23561.100000000002;346.8;2631735.05;1267212.65;7.860241;47.554865
23565.9;347;2631739.4;1267214.56;7.860299;47.554882
23570.800000000003;347.2;2631743.91;1267216.47;7.860359;47.554899
23575.7;347.4;2631748.49;1267218.28;7.86042;47.554915
23580.5;347.2;2631753;1267219.97;7.86048;47.55493
23585.100000000002;347.5;2631757.35;1267221.44;7.860538;47.554943
23589.9;347.7;2631761.86;1267223.02;7.860598;47.554957
23594.300000000003;347.9;2631766.07;1267224.38;7.860654;47.554969
23598.800000000003;347.9;2631770.28;1267225.84;7.86071;47.554982
23603;348.1;2631774.26;1267227.2;7.860763;47.554994
23607.300000000003;348.3;2631778.39;1267228.44;7.860818;47.555005
23611.5;348.3;2631782.45;1267229.58;7.860872;47.555015
23615.800000000003;348.5;2631786.58;1267230.71;7.860927;47.555025
23620.2;348.6;2631790.79;1267231.96;7.860983;47.555036
23624.800000000003;348.6;2631795.23;1267233.32;7.861042;47.555048
23629.5;348.8;2631799.74;1267234.56;7.861102;47.555059
23634.300000000003;348.9;2631804.4;1267235.81;7.861164;47.55507
23638.9;349;2631808.83;1267236.95;7.861223;47.55508
23643.5;349.1;2631813.27;1267237.86;7.861282;47.555088
23648.2;349.3;2631817.85;1267238.89;7.861343;47.555097
23652.800000000003;349.4;2631822.44;1267239.8;7.861404;47.555105
23657.600000000002;349.5;2631827.1;1267240.83;7.861466;47.555114
23662.4;349.6;2631831.76;1267241.74;7.861528;47.555122
23666.9;349.8;2631836.27;1267242.54;7.861588;47.555129
23671.600000000002;349.8;2631840.86;1267243.35;7.861649;47.555136
23676.300000000003;350;2631845.52;1267244.26;7.861711;47.555144
23681.2;350.1;2631850.26;1267245.18;7.861774;47.555152
23685.5;350.2;2631854.55;1267245.87;7.861831;47.555158
23689.7;350.3;2631858.76;1267246.33;7.861887;47.555162
23693.800000000003;350.4;2631862.82;1267246.69;7.861941;47.555165
23698;350.5;2631866.96;1267247.16;7.861996;47.555169
23701.9;350.6;2631870.87;1267247.51;7.862048;47.555172
23706.100000000002;350.6;2631875.01;1267247.98;7.862103;47.555176
23710.5;350.8;2631879.37;1267248.56;7.862161;47.555181
23714.9;350.9;2631883.73;1267249.25;7.862219;47.555187
23719.4;351;2631888.17;1267249.83;7.862278;47.555192
23724;351.1;2631892.76;1267250.63;7.862339;47.555199
23729;351.2;2631897.65;1267251.44;7.862404;47.555206
23733.9;351.4;2631902.54;1267252.13;7.862469;47.555212
23738.5;351.5;2631907.12;1267252.71;7.86253;47.555217
23743.2;351.6;2631911.79;1267253.29;7.862592;47.555222
23748;351.7;2631916.53;1267253.87;7.862655;47.555227
23752.600000000002;351.9;2631921.12;1267254.45;7.862716;47.555232
23757.300000000003;352;2631925.7;1267254.81;7.862777;47.555235
23761.800000000003;352.2;2631930.22;1267255.17;7.862837;47.555238
23766.300000000003;352.2;2631934.73;1267255.53;7.862897;47.555241
23770.800000000003;352.3;2631939.25;1267255.89;7.862957;47.555244
23775.4;352.5;2631943.76;1267256.02;7.863017;47.555245
23779.9;352.6;2631948.35;1267256.27;7.863078;47.555247
23784.600000000002;352.7;2631953.02;1267256.4;7.86314;47.555248
23789.4;352.8;2631957.76;1267256.65;7.863203;47.55525
23793.9;353;2631962.28;1267256.79;7.863263;47.555251
23798.4;353.1;2631966.79;1267256.92;7.863323;47.555252
23802.9;353.2;2631971.31;1267257.06;7.863383;47.555253
23807.5;353.3;2631975.9;1267257.2;7.863444;47.555254
23812.100000000002;353.4;2631980.49;1267257.33;7.863505;47.555255
23816.9;353.5;2631985.23;1267257.58;7.863568;47.555257
23821.5;353.6;2631989.89;1267257.72;7.86363;47.555258
23826.300000000003;353.7;2631994.64;1267257.96;7.863693;47.55526
23831.100000000002;353.8;2631999.45;1267258.21;7.863757;47.555262
23836;353.9;2632004.34;1267258.57;7.863822;47.555265
23840.9;354;2632009.23;1267258.71;7.863887;47.555266
23845.7;354.1;2632014.05;1267258.96;7.863951;47.555268
23850.5;354.1;2632018.79;1267259.1;7.864014;47.555269
23855.2;354.2;2632023.53;1267259.23;7.864077;47.55527
23859.9;354.3;2632028.2;1267259.37;7.864139;47.555271
23864.600000000002;354.4;2632032.94;1267259.62;7.864202;47.555273
23869.2;354.4;2632037.53;1267259.75;7.864263;47.555274
23873.800000000003;354.5;2632042.12;1267259.89;7.864324;47.555275
23878.2;354.7;2632046.56;1267260.02;7.864383;47.555276
23882.800000000003;354.8;2632051.08;1267260.27;7.864443;47.555278
23887.4;354.8;2632055.67;1267260.41;7.864504;47.555279
23891.9;354.9;2632060.26;1267260.43;7.864565;47.555279
23896.600000000002;355;2632064.92;1267260.35;7.864627;47.555278
23901.2;355.1;2632069.52;1267260.15;7.864688;47.555276
23905.9;355.2;2632074.18;1267260.17;7.86475;47.555276
23910.7;355.2;2632079;1267259.98;7.864814;47.555274
23915.2;355.3;2632083.52;1267259.89;7.864874;47.555273
23919.4;355.3;2632087.73;1267259.8;7.86493;47.555272
23924.100000000002;355.5;2632092.4;1267260.05;7.864992;47.555274
23928.800000000003;355.5;2632097.14;1267260.08;7.865055;47.555274
23934.7;355.6;2632103.01;1267260.11;7.865133;47.555274
23940.600000000002;355.7;2632108.89;1267259.92;7.865211;47.555272
23947;355.8;2632115.28;1267259.73;7.865296;47.55527
23952.7;355.9;2632121;1267259.76;7.865372;47.55527
23959.9;356;2632127.92;1267261.58;7.865464;47.555286
23964.800000000003;356.1;2632132.81;1267261.71;7.865529;47.555287
23973;356.3;2632140.8;1267259.53;7.865635;47.555267
23980.800000000003;356.5;2632148.56;1267259.35;7.865738;47.555265
23987.2;356.6;2632154.81;1267257.94;7.865821;47.555252
23993.9;356.7;2632161.44;1267257.42;7.865909;47.555247
24000.9;356.9;2632168.44;1267256.9;7.866002;47.555242
24008.2;357.1;2632175.74;1267256.72;7.866099;47.55524
24014.9;357.3;2632182.45;1267255.87;7.866188;47.555232
24021.5;357.5;2632189;1267255.79;7.866275;47.555231
24028.100000000002;357.6;2632195.62;1267255.72;7.866363;47.55523
24034.4;357.8;2632201.94;1267255.42;7.866447;47.555227
24041;358;2632208.35;1267254.23;7.866532;47.555216
24047.4;358.2;2632214.82;1267253.82;7.866618;47.555212
24054;358.4;2632221.3;1267252.97;7.866704;47.555204
24060;358.5;2632227.32;1267252.67;7.866784;47.555201
24066.4;358.7;2632233.72;1267252.81;7.866869;47.555202
24072.2;358.9;2632239.52;1267252.51;7.866946;47.555199
24078.300000000003;359;2632245.62;1267252.54;7.867027;47.555199
24084.4;359.2;2632251.71;1267252.35;7.867108;47.555197
24090.800000000003;359.4;2632257.97;1267251.28;7.867191;47.555187
24097.4;359.6;2632264.52;1267250.31;7.867278;47.555178
24103.600000000002;359.8;2632270.7;1267250.01;7.86736;47.555175
24109.7;360;2632276.79;1267249.82;7.867441;47.555173
24116;360.1;2632283.12;1267249.52;7.867525;47.55517
24122;360.2;2632289.14;1267249.22;7.867605;47.555167
24128.100000000002;360.4;2632295.24;1267248.81;7.867686;47.555163
24134.600000000002;360.5;2632301.71;1267248.74;7.867772;47.555162
24139.600000000002;360.6;2632306.68;1267248.32;7.867838;47.555158
24145.800000000003;360.7;2632312.86;1267248.46;7.86792;47.555159
24151.600000000002;360.9;2632318.65;1267248.83;7.867997;47.555162
24157.600000000002;361;2632324.67;1267249.42;7.868077;47.555167
24164;361;2632330.91;1267250.45;7.86816;47.555176
24170.2;361.1;2632337.15;1267251.04;7.868243;47.555181
24176.5;361.2;2632343.32;1267251.97;7.868325;47.555189
24182.600000000002;361.3;2632349.49;1267252.33;7.868407;47.555192
24189.5;361.3;2632356.18;1267254.04;7.868496;47.555207
24195.300000000003;361.4;2632361.9;1267254.62;7.868572;47.555212
24201.4;361.4;2632367.99;1267255.33;7.868653;47.555218
24207.300000000003;361.4;2632373.78;1267256.02;7.86873;47.555224
24213.7;361.6;2632380.18;1267256.95;7.868815;47.555232
24217.2;361.6;2632383.64;1267256.52;7.868861;47.555228
24223.5;361.6;2632389.88;1267257.22;7.868944;47.555234
24229.2;361.6;2632395.52;1267258.03;7.869019;47.555241
24235.2;361.6;2632401.31;1267259.62;7.869096;47.555255
24240.9;361.6;2632406.88;1267260.88;7.86917;47.555266
24247.800000000003;361.5;2632413.41;1267263.02;7.869257;47.555285
24254.4;361.3;2632419.8;1267264.62;7.869342;47.555299
24261.100000000002;361.2;2632426.26;1267266.65;7.869428;47.555317
24267.100000000002;361.1;2632431.74;1267269.02;7.869501;47.555338
24277.4;360.9;2632441.59;1267271.96;7.869632;47.555364
24284.2;360.7;2632447.75;1267274.89;7.869714;47.55539
24289.4;360.6;2632452.55;1267276.8;7.869778;47.555407
24297.9;360.4;2632460.51;1267279.74;7.869884;47.555433
24302.600000000002;360.3;2632464.95;1267281.43;7.869943;47.555448
24308.7;360.1;2632470.58;1267283.68;7.870018;47.555468
24315.9;360;2632477.19;1267286.72;7.870106;47.555495
24324.600000000002;359.9;2632484.99;1267290.44;7.87021;47.555528
24332;359.8;2632492.06;1267292.59;7.870304;47.555547
24339.600000000002;359.7;2632499.12;1267295.52;7.870398;47.555573
24346.2;359.6;2632505.51;1267297.11;7.870483;47.555587
24354.300000000003;359.6;2632513.02;1267300.15;7.870583;47.555614
24362.300000000003;359.4;2632520.38;1267303.19;7.870681;47.555641
24368.800000000003;359.3;2632526.69;1267305.01;7.870765;47.555657
24376.600000000002;359.3;2632534.05;1267307.38;7.870863;47.555678
24383.800000000003;359.2;2632540.97;1267309.31;7.870955;47.555695
24390;359.1;2632547.13;1267310.12;7.871037;47.555702
24397.4;359;2632554.27;1267312.05;7.871132;47.555719
24404.100000000002;359;2632560.97;1267312.54;7.871221;47.555723
24411.600000000002;358.9;2632568.34;1267314.02;7.871319;47.555736
24419.2;358.8;2632575.78;1267315.4;7.871418;47.555748
24427.9;358.7;2632584.12;1267318;7.871529;47.555771
24436.4;358.7;2632592.32;1267320.16;7.871638;47.55579
24443.7;358.6;2632599.46;1267321.64;7.871733;47.555803
24450.9;358.5;2632606.53;1267322.9;7.871827;47.555814
24457.5;358.5;2632613.15;1267323.61;7.871915;47.55582
24464.600000000002;358.4;2632620.22;1267324.54;7.872009;47.555828
24471.300000000003;358.4;2632626.84;1267325.13;7.872097;47.555833
24478.100000000002;358.4;2632633.53;1267326.28;7.872186;47.555843
24485;358.3;2632640.38;1267326.87;7.872277;47.555848
24492;358.2;2632647.45;1267327.24;7.872371;47.555851
24499;358.1;2632654.37;1267327.62;7.872463;47.555854
24506.600000000002;358.1;2632661.97;1267328.55;7.872564;47.555862
24514.5;357.9;2632669.8;1267327.92;7.872668;47.555856
24519.7;357.8;2632674.7;1267326.06;7.872733;47.555839
24525.100000000002;357.7;2632679.98;1267325.09;7.872803;47.55583
24531.600000000002;357.5;2632686.24;1267323.23;7.872886;47.555813
24537.300000000003;357.4;2632691.59;1267321.37;7.872957;47.555796
24543.9;357.2;2632698.14;1267320.3;7.873044;47.555786
24550.2;357.1;2632704.39;1267319.78;7.873127;47.555781
24557.300000000003;357.1;2632711.25;1267318.03;7.873218;47.555765
24564.300000000003;356.9;2632718.18;1267317.18;7.87331;47.555757
24571.100000000002;356.7;2632724.67;1267314.88;7.873396;47.555736
24578.2;356.6;2632731.45;1267313.03;7.873486;47.555719
24585.4;356.5;2632738.39;1267310.96;7.873578;47.5557
24591.9;356.5;2632744.87;1267310.22;7.873664;47.555693
24599.9;356.3;2632752.11;1267306.92;7.87376;47.555663
24607.600000000002;356.2;2632759.28;1267304.18;7.873855;47.555638
24614.9;356;2632766.36;1267302.33;7.873949;47.555621
24622.2;356;2632773.52;1267300.92;7.874044;47.555608
24629.300000000003;355.9;2632780.16;1267298.4;7.874132;47.555585
24635.7;355.8;2632786.12;1267295.99;7.874211;47.555563
24643;355.7;2632792.39;1267292.24;7.874294;47.555529
24650.100000000002;355.6;2632799.02;1267289.83;7.874382;47.555507
24657.4;355.5;2632805.66;1267286.76;7.87447;47.555479
24664;355.5;2632811.77;1267284.34;7.874551;47.555457
24671;355.5;2632818.26;1267281.6;7.874637;47.555432
24678.2;355.4;2632824.75;1267278.52;7.874723;47.555404
24684.9;355.4;2632831.09;1267276.34;7.874807;47.555384
24692;355.5;2632837.21;1267272.7;7.874888;47.555351
24697.5;355.5;2632842.11;1267270.28;7.874953;47.555329
24703.4;355.5;2632847.54;1267267.86;7.875025;47.555307
24710.9;355.6;2632854.11;1267264.34;7.875112;47.555275
24716.9;355.6;2632859.84;1267262.37;7.875188;47.555257
24723.800000000003;355.7;2632865.88;1267259.18;7.875268;47.555228
24730.600000000002;355.7;2632871.85;1267255.88;7.875347;47.555198
24737.5;355.8;2632878.26;1267253.25;7.875432;47.555174
24744.2;355.9;2632884.45;1267250.72;7.875514;47.555151
24750;355.9;2632889.73;1267248.42;7.875584;47.55513
24756.600000000002;356.1;2632895.02;1267244.33;7.875654;47.555093
24763;356.2;2632901.05;1267242.26;7.875734;47.555074
24768.800000000003;356.3;2632906.56;1267240.62;7.875807;47.555059
24774.7;356.5;2632912.14;1267238.54;7.875881;47.55504
24782.4;356.6;2632918.93;1267234.9;7.875971;47.555007
24788.7;356.8;2632924.96;1267233.16;7.876051;47.554991
24794.7;357;2632930.25;1267230.41;7.876121;47.554966
24801.300000000003;357.3;2632936.36;1267227.77;7.876202;47.554942
24808.300000000003;357.5;2632942.85;1267225.25;7.876288;47.554919
24813.4;357.7;2632947.38;1267222.94;7.876348;47.554898
24820.5;358.1;2632953.79;1267219.87;7.876433;47.55487
24826.9;358.3;2632960.27;1267219.79;7.876519;47.554869
24834.5;358.5;2632967.43;1267217.38;7.876614;47.554847
24841.9;358.9;2632974.37;1267214.75;7.876706;47.554823
24849.600000000002;359.3;2632981.31;1267211.57;7.876798;47.554794
24858.2;359.6;2632989.68;1267209.5;7.876909;47.554775
24862.600000000002;359.8;2632994.05;1267209.3;7.876967;47.554773
24869.100000000002;360;2633000.53;1267208.12;7.877053;47.554762
24876.600000000002;360.3;2633007.84;1267206.6;7.87715;47.554748
24881.5;360.6;2633012.66;1267205.96;7.877214;47.554742
24888.2;360.8;2633019.36;1267205.55;7.877303;47.554738
24895.600000000002;361.1;2633026.59;1267204.15;7.877399;47.554725
24901.7;361.5;2633032.47;1267202.51;7.877477;47.55471
24908.5;361.7;2633039.24;1267203.11;7.877567;47.554715
24914.100000000002;361.9;2633044.82;1267202.47;7.877641;47.554709
24920.100000000002;362;2633050.84;1267202.06;7.877721;47.554705
24927.300000000003;362.3;2633057.92;1267200.54;7.877815;47.554691
24934.100000000002;362.4;2633064.62;1267200.8;7.877904;47.554693
24940.9;362.5;2633071.48;1267200.29;7.877995;47.554688
24948.100000000002;362.5;2633078.62;1267200.44;7.87809;47.554689
24954.300000000003;362.5;2633084.87;1267200.25;7.878173;47.554687
24960.100000000002;362.5;2633090.67;1267199.73;7.87825;47.554682
24964.7;362.5;2633095.26;1267199.86;7.878311;47.554683
24970.300000000003;362.4;2633100.83;1267200.12;7.878385;47.554685
24976.600000000002;362.3;2633107.15;1267200.15;7.878469;47.554685
24982.7;362.1;2633113.17;1267200.52;7.878549;47.554688
24988.4;362;2633118.89;1267201.22;7.878625;47.554694
24994.600000000002;361.7;2633124.98;1267201.81;7.878706;47.554699
25000.5;361.4;2633130.93;1267202.62;7.878785;47.554706
25007.2;361.2;2633137.47;1267203.77;7.878872;47.554716
25014.800000000003;360.7;2633144.91;1267205.37;7.878971;47.55473
25022.300000000003;360.4;2633152.28;1267206.85;7.879069;47.554743
25029.5;360;2633159.19;1267208.89;7.879161;47.554761
25037;359.6;2633166.48;1267210.71;7.879258;47.554777
25044.800000000003;359.3;2633173.77;1267213.31;7.879355;47.5548
25051.9;359;2633180.53;1267215.57;7.879445;47.55482
25059.800000000003;358.6;2633188.05;1267217.84;7.879545;47.55484
25067.100000000002;358.3;2633195.19;1267219.66;7.87964;47.554856
25075.800000000003;357.8;2633203.38;1267222.6;7.879749;47.554882
25085.2;357.3;2633212.24;1267225.65;7.879867;47.554909
25094.2;356.8;2633220.73;1267228.59;7.87998;47.554935
25104.100000000002;356.4;2633229.97;1267232.2;7.880103;47.554967
25113.2;355.8;2633238.53;1267235.14;7.880217;47.554993
25122.2;355.4;2633247.02;1267238.19;7.88033;47.55502
25130.9;355;2633255.36;1267240.68;7.880441;47.555042
25139;354.5;2633262.95;1267243.5;7.880542;47.555067
25145.100000000002;354.2;2633268.81;1267245.2;7.88062;47.555082
25152;353.9;2633275.58;1267246.69;7.88071;47.555095
25161.300000000003;353.3;2633284.83;1267247.18;7.880833;47.555099
25168.600000000002;352.9;2633290.88;1267242.99;7.880913;47.555061
25175.2;352.8;2633294.89;1267237.79;7.880966;47.555014
25182.2;352.9;2633297.64;1267231.35;7.881002;47.554956
25187.600000000002;353.1;2633298.95;1267226.14;7.881019;47.554909
25191.300000000003;353.2;2633300.92;1267223.03;7.881045;47.554881
25194.5;353.1;2633304.09;1267222.61;7.881087;47.554877
25199.2;352.9;2633307.46;1267225.96;7.881132;47.554907
25203;352.9;2633303.84;1267227.05;7.881084;47.554917
25208.300000000003;353;2633298.71;1267228.36;7.881016;47.554929
25212.100000000002;353.1;2633294.95;1267228.67;7.880966;47.554932
25215.800000000003;353.2;2633291.18;1267228.32;7.880916;47.554929
25219.600000000002;353.4;2633287.5;1267227.74;7.880867;47.554924
25223;353.4;2633284.12;1267226.94;7.880822;47.554917
25228.300000000003;353.8;2633279;1267225.8;7.880754;47.554907
25231.600000000002;354;2633276.36;1267227.79;7.880719;47.554925
25235.2;354.1;2633273.19;1267229.55;7.880677;47.554941
25238.5;354;2633275.46;1267227.12;7.880707;47.554919
25241.9;353.8;2633278.26;1267225.24;7.880744;47.554902
25246.2;353.9;2633281.88;1267222.93;7.880792;47.554881
25249.800000000003;353.8;2633285.05;1267221.28;7.880834;47.554866
25253.300000000003;353.7;2633288.44;1267220.29;7.880879;47.554857
25256.800000000003;353.7;2633291.91;1267220.2;7.880925;47.554856
25260.4;353.6;2633295.37;1267221.11;7.880971;47.554864
25264.7;353.3;2633298.96;1267223.47;7.881019;47.554885
25269.5;352.9;2633302.56;1267226.71;7.881067;47.554914
25273.5;352.6;2633304.35;1267230.28;7.881091;47.554946
25277.600000000002;352.4;2633305.23;1267234.29;7.881103;47.554982
25281.7;352.2;2633305.58;1267238.4;7.881108;47.555019
25285.4;352.1;2633305.94;1267242.08;7.881113;47.555052
25289.300000000003;352;2633306.82;1267245.86;7.881125;47.555086
25293.600000000002;351.9;2633309.05;1267249.54;7.881155;47.555119
25298.300000000003;351.8;2633312.65;1267252.56;7.881203;47.555146
25302.9;351.6;2633316.86;1267254.48;7.881259;47.555163
25307.600000000002;351.4;2633321.44;1267255.62;7.88132;47.555173
25319.800000000003;350.9;2633333.48;1267257.02;7.88148;47.555185
25329;350.6;2633342.34;1267259.74;7.881598;47.555209
25336;350.3;2633349.27;1267259;7.88169;47.555202
25344.100000000002;350;2633357.33;1267258.93;7.881797;47.555201
25349.800000000003;349.6;2633362.68;1267256.85;7.881868;47.555182
25359.300000000003;349.1;2633372.1;1267255.79;7.881993;47.555172
25367.300000000003;348.8;2633380.01;1267254.61;7.882098;47.555161
25376.300000000003;348.6;2633388.88;1267256.44;7.882216;47.555177
25385.100000000002;348.2;2633397.32;1267254.15;7.882328;47.555156
25394.100000000002;347.7;2633406.21;1267252.87;7.882446;47.555144
25400.7;347.4;2633412.32;1267250.24;7.882527;47.55512
25410.600000000002;347;2633421.97;1267248.29;7.882655;47.555102
25420.2;346.5;2633431.53;1267247.12;7.882782;47.555091
25430.9;345.9;2633442.08;1267245.51;7.882922;47.555076
25441;345.5;2633452.1;1267244.35;7.883055;47.555065
25450.7;345.2;2633461.74;1267242.62;7.883183;47.555049
25460.600000000002;344.7;2633471.39;1267240.67;7.883311;47.555031
25471.300000000003;344.3;2633481.86;1267238.29;7.88345;47.555009
25482.2;343.7;2633492.56;1267236.24;7.883592;47.55499
25493;343.3;2633502.97;1267233.51;7.88373;47.554965
25501;342.9;2633510.73;1267231.45;7.883833;47.554946
25510;342.5;2633519.55;1267229.49;7.88395;47.554928
25520.2;342;2633529.13;1267226.1;7.884077;47.554897
25529.800000000003;341.4;2633538.47;1267223.93;7.884201;47.554877
25540.7;341;2633549.1;1267221.43;7.884342;47.554854
25551.100000000002;340.6;2633559.42;1267220.05;7.884479;47.554841
25562.300000000003;340;2633570.42;1267217.89;7.884625;47.554821
25572.4;339.5;2633580.3;1267215.94;7.884756;47.554803
25581.5;339.1;2633588.97;1267213.1;7.884871;47.554777
25592.300000000003;338.7;2633599.44;1267210.82;7.88501;47.554756
25602.100000000002;338.2;2633609.23;1267209.99;7.88514;47.554748
25612.5;337.6;2633619.48;1267207.94;7.885276;47.554729
25622.300000000003;337.2;2633629.13;1267206.21;7.885404;47.554713
25632;336.7;2633638.55;1267203.82;7.885529;47.554691
25642.300000000003;336.3;2633648.64;1267202.21;7.885663;47.554676
25653.800000000003;335.8;2633660.02;1267200.49;7.885814;47.55466
25663.4;335.4;2633669.59;1267199.1;7.885941;47.554647
25673.600000000002;335;2633679.68;1267198.05;7.886075;47.554637
25684.4;334.5;2633690.01;1267194.99;7.886212;47.554609
25695.2;334.1;2633700.41;1267192.05;7.88635;47.554582
25707.2;333.6;2633712.02;1267189.12;7.886504;47.554555
25717.4;333.1;2633722.05;1267186.95;7.886637;47.554535
25729.800000000003;332.6;2633733.51;1267182.34;7.886789;47.554493
25739.5;332.2;2633743.01;1267180.06;7.886915;47.554472
25748.9;331.8;2633752.2;1267178.11;7.887037;47.554454
25758.300000000003;330.7;2633761.25;1267175.72;7.887157;47.554432
25766.2;331.1;2633769.16;1267175.32;7.887262;47.554428
25776;330.8;2633778.73;1267173.37;7.887389;47.55441
25785.9;330.4;2633788.52;1267171.65;7.887519;47.554394
25796.800000000003;330;2633799.37;1267170.27;7.887663;47.554381
25807.7;329.5;2633810.07;1267168.22;7.887805;47.554362
25817.100000000002;329.2;2633819.41;1267167.16;7.887929;47.554352
25826.9;328.8;2633828.91;1267165.1;7.888055;47.554333
25835.600000000002;328.5;2633837.42;1267163.37;7.888168;47.554317
25845.9;328.1;2633847.3;1267160.42;7.888299;47.55429
25855.4;327.6;2633856.64;1267158.59;7.888423;47.554273
25864.9;327.3;2633865.99;1267156.64;7.888547;47.554255
25873.5;327;2633874.57;1267156.24;7.888661;47.554251
25881.4;326.6;2633882.33;1267154.62;7.888764;47.554236
25891.100000000002;326.3;2633891.83;1267152.78;7.88889;47.554219
25900.9;325.9;2633901.25;1267150.06;7.889015;47.554194
25910.2;325.4;2633910.37;1267148.44;7.889136;47.554179
25919.800000000003;325.1;2633919.86;1267146.83;7.889262;47.554164
25929.2;324.7;2633929.13;1267145.1;7.889385;47.554148
25937;324.4;2633936.67;1267143.14;7.889485;47.55413
25946;324.1;2633945.63;1267142.31;7.889604;47.554122
25956.7;323.6;2633955.96;1267139.7;7.889741;47.554098
25966.2;323.3;2633965.3;1267137.97;7.889865;47.554082
25977.4;322.8;2633976.52;1267137.59;7.890014;47.554078
25985.800000000003;322.5;2633984.88;1267136.64;7.890125;47.554069
25995.300000000003;322.2;2633993.93;1267133.91;7.890245;47.554044
26004.5;321.9;2634002.97;1267132.07;7.890365;47.554027
26013.7;321.5;2634012.02;1267130.23;7.890485;47.55401
26022.100000000002;321.3;2634020.23;1267128.61;7.890594;47.553995
26031.7;321;2634029.65;1267126.89;7.890719;47.553979
26039.9;320.9;2634037.64;1267125.04;7.890825;47.553962
26048.7;320.6;2634046.23;1267122.98;7.890939;47.553943
26057.9;320.5;2634055.2;1267121.25;7.891058;47.553927
26068.100000000002;320.4;2634065.15;1267118.87;7.89119;47.553905
26078.7;320.2;2634075.55;1267116.7;7.891328;47.553885
26087.7;320.1;2634084.29;1267114.75;7.891444;47.553867
26097.800000000003;320;2634094.17;1267112.47;7.891575;47.553846
26107.9;319.8;2634104.04;1267110.42;7.891706;47.553827
26117.800000000003;319.7;2634113.76;1267108.36;7.891835;47.553808
26128.100000000002;319.5;2634123.78;1267106.19;7.891968;47.553788
26137.7;319.4;2634133.2;1267104.25;7.892093;47.55377
26148.100000000002;319.2;2634143.38;1267101.86;7.892228;47.553748
26158.100000000002;319;2634153.03;1267099.47;7.892356;47.553726
26167.9;318.8;2634162.53;1267097.19;7.892482;47.553705
26177.9;318.7;2634172.25;1267094.69;7.892611;47.553682
26187.100000000002;318.5;2634181.22;1267092.52;7.89273;47.553662
26196.5;318.4;2634190.34;1267090.46;7.892851;47.553643
26205.9;318.3;2634199.54;1267088.29;7.892973;47.553623
26215.5;318.2;2634208.96;1267086.34;7.893098;47.553605
26225;318.1;2634218.08;1267083.83;7.893219;47.553582
26234;318;2634226.68;1267081.33;7.893333;47.553559
26243.600000000002;317.9;2634236.17;1267079.71;7.893459;47.553544
26252.5;317.8;2634244.91;1267078.1;7.893575;47.553529
26262;317.5;2634254.03;1267075.37;7.893696;47.553504
26271.100000000002;317.4;2634262.63;1267072.42;7.89381;47.553477
26279.800000000003;317;2634270.85;1267069.68;7.893919;47.553452
26288.7;316.8;2634279.37;1267066.84;7.894032;47.553426
26298;316.4;2634287.98;1267063.45;7.894146;47.553395
26306.300000000003;316.1;2634296.11;1267061.83;7.894254;47.55338
26313.800000000003;315.9;2634303.2;1267059.31;7.894348;47.553357
26322;315.7;2634309.93;1267054.68;7.894437;47.553315
26330.100000000002;315.4;2634316.28;1267049.6;7.894521;47.553269
26339.4;315.2;2634322.2;1267042.41;7.894599;47.553204
26347.600000000002;315;2634328.92;1267037.78;7.894688;47.553162
26355.9;314.7;2634336.1;1267033.48;7.894783;47.553123
26363.600000000002;314.6;2634343.49;1267031.63;7.894881;47.553106
26373.100000000002;314.5;2634352.81;1267033.47;7.895005;47.553122
26380.5;314.4;2634360.26;1267033.84;7.895104;47.553125
26389.100000000002;314.2;2634368.63;1267031.89;7.895215;47.553107
26399.100000000002;314;2634377.54;1267027.27;7.895333;47.553065
26408.300000000003;313.8;2634385.47;1267022.76;7.895438;47.553024
26417.800000000003;313.6;2634394.52;1267019.7;7.895558;47.552996
26427;313.5;2634403.04;1267016.3;7.895671;47.552965
26436.800000000003;313.4;2634411.95;1267012.24;7.895789;47.552928
26446.600000000002;313.3;2634420.78;1267007.95;7.895906;47.552889
26455.2;313.2;2634428.41;1267004;7.896007;47.552853
26463.7;313.2;2634436.18;1267000.59;7.89611;47.552822
26472.5;313.2;2634443.96;1266996.41;7.896213;47.552784
26481.5;313.1;2634452.03;1266992.46;7.89632;47.552748
26490.4;313.1;2634459.81;1266988.17;7.896423;47.552709
26499.5;313;2634467.67;1266983.65;7.896527;47.552668
26508.7;312.9;2634475.6;1266978.92;7.896632;47.552625
26517;312.9;2634482.7;1266974.51;7.896726;47.552585
26525.800000000003;312.8;2634489.95;1266969.66;7.896822;47.552541
26534.600000000002;312.8;2634497.51;1266965.04;7.896922;47.552499
26543;312.9;2634504.53;1266960.52;7.897015;47.552458
26551.600000000002;312.8;2634511.12;1266955;7.897102;47.552408
26560.9;312.8;2634518.15;1266948.81;7.897195;47.552352
26570.300000000003;312.8;2634524.81;1266942.29;7.897283;47.552293
26579.2;312.7;2634531.02;1266935.88;7.897365;47.552235
26587.600000000002;312.7;2634537.08;1266930.02;7.897445;47.552182
26596.100000000002;312.6;2634543.36;1266924.39;7.897528;47.552131
26604.7;312.6;2634549.27;1266918.08;7.897606;47.552074
26613.5;312.6;2634555.78;1266912.23;7.897692;47.552021
26622.5;312.5;2634562.14;1266905.82;7.897776;47.551963
26630.7;312.5;2634568.42;1266900.52;7.897859;47.551915
26638.800000000003;312.4;2634574.32;1266894.99;7.897937;47.551865
26647.2;312.4;2634580.53;1266889.36;7.898019;47.551814
26655.600000000002;312.4;2634586.96;1266883.84;7.898104;47.551764
26664.2;312.3;2634594.06;1266878.98;7.898198;47.55172
26673.100000000002;312.2;2634600.94;1266873.47;7.898289;47.55167
26682.100000000002;312.1;2634608.65;1266868.73;7.898391;47.551627
26690.5;312.1;2634615.45;1266863.88;7.898481;47.551583
26699.100000000002;312;2634622.93;1266859.58;7.89858;47.551544
26707.600000000002;312;2634629.74;1266854.4;7.89867;47.551497
26715;311.9;2634635.86;1266850.32;7.898751;47.55146
26724.100000000002;311.6;2634644.68;1266848.04;7.898868;47.551439
26732.5;311.5;2634652.75;1266845.75;7.898975;47.551418
26741;311.3;2634660.67;1266842.57;7.89908;47.551389
26750.100000000002;311.2;2634669.12;1266839.4;7.899192;47.55136
26758.5;311;2634677.26;1266837.33;7.8993;47.551341
26766.100000000002;310.7;2634684.79;1266836.04;7.8994;47.551329
26776.100000000002;310.5;2634694.22;1266832.87;7.899525;47.5513
26785;310.3;2634702.89;1266830.48;7.89964;47.551278
26793.300000000003;310.1;2634710.96;1266828.74;7.899747;47.551262
26801.600000000002;309.8;2634719.24;1266828.24;7.899857;47.551257
26811.600000000002;309.5;2634729.26;1266827.52;7.89999;47.55125
26821.800000000003;309.2;2634739.28;1266826.02;7.900123;47.551236
26831.2;308.8;2634748.55;1266824.29;7.900246;47.55122
26841.4;308.5;2634758.57;1266822.46;7.900379;47.551203
26852.2;308.1;2634769.41;1266822.53;7.900523;47.551203
26860.2;307.8;2634777.32;1266821.57;7.900628;47.551194
26871.600000000002;307.4;2634788.6;1266822.97;7.900778;47.551206
26881.4;306.9;2634798.38;1266823.92;7.900908;47.551214
26890.600000000002;306.6;2634807.48;1266824.98;7.901029;47.551223
26900.7;306.2;2634817.57;1266825.81;7.901163;47.55123
26909.300000000003;305.8;2634826.14;1266827.09;7.901277;47.551241
26918;305.1;2634834.72;1266828.25;7.901391;47.551251
26930.100000000002;304.7;2634846.33;1266824.76;7.901545;47.551219
26941.2;304.2;2634857.32;1266823.71;7.901691;47.551209
26952.2;303.6;2634868.32;1266822.89;7.901837;47.551201
26963.4;303.1;2634879.32;1266820.84;7.901983;47.551182
26973.9;302.6;2634889.86;1266821.01;7.902123;47.551183
26984.7;302;2634900.63;1266820.85;7.902266;47.551181
26995.9;301.4;2634911.56;1266818.36;7.902411;47.551158
27007.300000000003;300.7;2634922.49;1266815.2;7.902556;47.551129
27017.600000000002;300.3;2634932.81;1266814.48;7.902693;47.551122
27029.300000000003;299.5;2634944.19;1266811.88;7.902844;47.551098
27040.100000000002;299;2634954.82;1266809.72;7.902985;47.551078
27050.600000000002;298.5;2634965.14;1266807.78;7.903122;47.55106
27061;298.1;2634975.38;1266806.51;7.903258;47.551048
27071.5;297.7;2634985.85;1266805.35;7.903397;47.551037
27082.600000000002;297.2;2634996.63;1266802.85;7.90354;47.551014
27093.800000000003;296.8;2635007.57;1266800.14;7.903685;47.550989
27104.100000000002;296.4;2635017.44;1266797.42;7.903816;47.550964
27114.9;295.9;2635027.48;1266793.36;7.903949;47.550927
27124.4;295.6;2635036.68;1266790.86;7.904071;47.550904
27134.800000000003;295.3;2635046.56;1266787.58;7.904202;47.550874
27147.100000000002;295;2635057.51;1266782.09;7.904347;47.550824
27156.7;294.8;2635066.56;1266778.81;7.904467;47.550794
27166.4;294.6;2635075.83;1266776.19;7.90459;47.55077
27177.100000000002;294.4;2635085.94;1266772.47;7.904724;47.550736
27187.600000000002;294.1;2635095.08;1266767.41;7.904845;47.55069
27200;293.8;2635104.61;1266759.46;7.904971;47.550618
27209.100000000002;293.8;2635113.51;1266757.62;7.905089;47.550601
27217.600000000002;293.8;2635121.95;1266756.23;7.905201;47.550588
27226.800000000003;293.7;2635129.65;1266751.27;7.905303;47.550543
27235;293.7;2635137.5;1266748.76;7.905407;47.55052
27245.2;293.7;2635146.78;1266744.7;7.90553;47.550483
27255.2;293.7;2635155.99;1266740.75;7.905652;47.550447
27263.800000000003;293.7;2635163.17;1266736.01;7.905747;47.550404
27272.5;293.7;2635171.02;1266732.28;7.905851;47.55037
27279.9;293.6;2635177.74;1266729.1;7.90594;47.550341
27288.600000000002;293.6;2635185.66;1266725.47;7.906045;47.550308
27298.5;293.6;2635194.5;1266720.97;7.906162;47.550267
27307;293.6;2635202.64;1266718.57;7.90627;47.550245
27315.9;293.6;2635210.49;1266714.39;7.906374;47.550207
27324.2;293.6;2635218.41;1266711.88;7.906479;47.550184
27333.300000000003;293.6;2635226.27;1266707.37;7.906583;47.550143
27342;293.6;2635234.12;1266703.64;7.906687;47.550109
27351;293.6;2635242.05;1266699.35;7.906792;47.55007
27359.9;293.6;2635250.42;1266696.28;7.906903;47.550042
27368.600000000002;293.6;2635258.35;1266692.77;7.907008;47.55001
27377.4;293.6;2635266.57;1266689.71;7.907117;47.549982
27386.5;293.6;2635274.88;1266685.98;7.907227;47.549948
27394.600000000002;293.6;2635282.2;1266682.35;7.907324;47.549915
27403;293.6;2635290.12;1266679.51;7.907429;47.549889
27412.100000000002;293.7;2635298.57;1266676.22;7.907541;47.549859
27420;293.6;2635305.74;1266672.93;7.907636;47.549829
27428.9;293.5;2635313.89;1266669.42;7.907744;47.549797
27437.600000000002;293.4;2635321.89;1266665.91;7.90785;47.549765
27446.7;293.3;2635330.27;1266662.4;7.907961;47.549733
27454.7;293.3;2635337.74;1266659.44;7.90806;47.549706
27462.800000000003;293.3;2635344.99;1266655.82;7.908156;47.549673
27470.800000000003;293.3;2635352.46;1266652.97;7.908255;47.549647
27479.4;293.2;2635360.16;1266649.13;7.908357;47.549612
27488;293.2;2635367.79;1266645.28;7.908458;47.549577
27496.300000000003;293.2;2635375.56;1266642.21;7.908561;47.549549
27504.4;293.1;2635383.1;1266639.37;7.908661;47.549523
27512.600000000002;293;2635390.65;1266636.19;7.908761;47.549494
27520.300000000003;292.9;2635397.82;1266633.23;7.908856;47.549467
27528.800000000003;292.8;2635405.44;1266629.61;7.908957;47.549434
27537.2;292.7;2635413.37;1266626.76;7.909062;47.549408
27544.800000000003;292.6;2635420.24;1266623.58;7.909153;47.549379
27554.300000000003;292.5;2635428.47;1266618.85;7.909262;47.549336
27563.600000000002;292.4;2635436.63;1266614.34;7.90937;47.549295
27573.300000000003;292.3;2635445.38;1266610.16;7.909486;47.549257
27581.7;292.2;2635453.01;1266606.65;7.909587;47.549225
27590.100000000002;292.1;2635460.78;1266603.36;7.90969;47.549195
27598.9;292;2635468.78;1266599.85;7.909796;47.549163
27607.800000000003;291.9;2635477.16;1266596.68;7.909907;47.549134
27616.2;291.8;2635484.86;1266593.28;7.910009;47.549103
27623.9;291.7;2635492.1;1266590.76;7.910105;47.54908
27632.300000000003;291.7;2635499.87;1266587.47;7.910208;47.54905
27640.600000000002;291.6;2635507.49;1266584.18;7.910309;47.54902
27647.7;291.7;2635513.91;1266581.22;7.910394;47.548993
27655.300000000003;291.6;2635521.08;1266578.71;7.910489;47.54897
27663.300000000003;291.6;2635528.1;1266574.86;7.910582;47.548935
27671.100000000002;291.6;2635535.27;1266571.9;7.910677;47.548908
27679.300000000003;291.5;2635542.82;1266568.61;7.910777;47.548878
27687;291.4;2635549.91;1266565.65;7.910871;47.548851
27694.800000000003;291.4;2635557.01;1266562.47;7.910965;47.548822
27703.100000000002;291.4;2635564.48;1266558.73;7.911064;47.548788
27711.7;291.3;2635572.63;1266556.22;7.911172;47.548765
27719.4;291.3;2635579.65;1266552.93;7.911265;47.548735
27727.2;291.2;2635586.67;1266549.64;7.911358;47.548705
27735.600000000002;291.1;2635594.52;1266546.46;7.911462;47.548676
27744.300000000003;291.1;2635602.15;1266542.39;7.911563;47.548639
27752.300000000003;291;2635608.8;1266537.98;7.911651;47.548599
27760.4;291;2635615.45;1266533.35;7.911739;47.548557
27768.9;291;2635622.93;1266529.28;7.911838;47.54852
27777.2;291;2635630.03;1266524.99;7.911932;47.548481
27785.2;291;2635637.13;1266521.25;7.912026;47.548447
27792.800000000003;290.9;2635643.7;1266517.4;7.912113;47.548412
27800.4;290.9;2635650.35;1266513.66;7.912201;47.548378
27809;290.9;2635657.68;1266509.26;7.912298;47.548338
27817.7;290.8;2635666.12;1266507.31;7.91241;47.54832
27825.300000000003;290.8;2635672.99;1266504.01;7.912501;47.54829
27833.7;290.9;2635680.91;1266501.17;7.912606;47.548264
27841.300000000003;290.8;2635687.78;1266497.99;7.912697;47.548235
27848.5;290.8;2635694.57;1266495.36;7.912787;47.548211
27855.7;290.8;2635701.21;1266492.62;7.912875;47.548186
27862.9;290.8;2635707.78;1266489.66;7.912962;47.548159
27869.600000000002;290.7;2635713.75;1266486.58;7.913041;47.548131
27877;290.8;2635720.54;1266483.84;7.913131;47.548106
27883.800000000003;290.7;2635726.8;1266481.21;7.913214;47.548082
27891.600000000002;290.6;2635734.35;1266478.92;7.913314;47.548061
27899.5;290.7;2635740.77;1266474.4;7.913399;47.54802
27907.5;290.7;2635747.5;1266470.1;7.913488;47.547981
27915.300000000003;290.7;2635754.37;1266466.36;7.913579;47.547947
27922.5;290.7;2635760.57;1266462.62;7.913661;47.547913
27930.9;290.6;2635768.71;1266460.67;7.913769;47.547895
27938;290.6;2635774.9;1266457.26;7.913851;47.547864
27945.300000000003;290.6;2635781.62;1266454.3;7.91394;47.547837
27952.2;290.6;2635787.89;1266451.56;7.914023;47.547812
27959.600000000002;290.6;2635793.71;1266446.92;7.9141;47.54777
27967.2;290.6;2635800.28;1266443.18;7.914187;47.547736
27974.300000000003;290.6;2635806.7;1266440.11;7.914272;47.547708
27981.600000000002;290.5;2635812.97;1266436.25;7.914355;47.547673
27988.4;290.5;2635818.56;1266432.51;7.914429;47.547639
27996;290.5;2635825.21;1266428.77;7.914517;47.547605
28003.100000000002;290.5;2635830.96;1266424.58;7.914593;47.547567
28010.300000000003;290.4;2635837.67;1266422.06;7.914682;47.547544
28017.9;290.4;2635844.4;1266418.54;7.914771;47.547512
28025;290.3;2635850.89;1266415.69;7.914857;47.547486
28032.600000000002;290.3;2635857.39;1266411.73;7.914943;47.54745
28040.300000000003;290.2;2635863.14;1266406.65;7.915019;47.547404
28048.2;290.2;2635870.68;1266404.14;7.915119;47.547381
28055.9;290.2;2635877.7;1266401.06;7.915212;47.547353
28063.2;290.1;2635884.34;1266397.88;7.9153;47.547324
28071;290.1;2635891.07;1266393.92;7.915389;47.547288
28079.5;290.1;2635899.36;1266392.3;7.915499;47.547273
28086.9;290;2635905.18;1266387.67;7.915576;47.547231
28095;290;2635912.66;1266384.6;7.915675;47.547203
28102.300000000003;289.9;2635919.08;1266381.08;7.91576;47.547171
28110;289.8;2635926.02;1266377.9;7.915852;47.547142
28117.4;289.8;2635932.67;1266374.6;7.91594;47.547112
28125.4;289.6;2635939.62;1266370.64;7.916032;47.547076
28133.100000000002;289.6;2635946.19;1266366.57;7.916119;47.547039
28139.7;289.5;2635952.23;1266364.05;7.916199;47.547016
28146.7;289.4;2635958.35;1266360.64;7.91628;47.546985
28154;289.3;2635965.07;1266357.68;7.916369;47.546958
28161.4;289.2;2635971.64;1266354.38;7.916456;47.546928
28168.5;289;2635978.2;1266351.53;7.916543;47.546902
28175.800000000003;288.9;2635984.77;1266348.45;7.91663;47.546874
28182.9;288.9;2635991.48;1266346.16;7.916719;47.546853
28190.9;288.8;2635998.66;1266342.54;7.916814;47.54682
28198.100000000002;288.8;2636005.45;1266340.24;7.916904;47.546799
28206.100000000002;288.7;2636013.29;1266338.29;7.917008;47.546781
28213.9;288.6;2636020.53;1266335.55;7.917104;47.546756
28220.9;288.6;2636027.1;1266333.03;7.917191;47.546733
28227.7;288.6;2636033.44;1266330.63;7.917275;47.546711
28235.100000000002;288.5;2636040.01;1266327.22;7.917362;47.54668
28242.2;288.4;2636046.35;1266324.03;7.917446;47.546651
28250.2;288.4;2636054.04;1266321.75;7.917548;47.54663
28258.2;288.4;2636061.96;1266320.46;7.917653;47.546618
28267.100000000002;288.3;2636069.51;1266315.84;7.917753;47.546576
28275;288.2;2636077.27;1266314.44;7.917856;47.546563
28284;288.2;2636085.65;1266311.04;7.917967;47.546532
28291.800000000003;288.1;2636092.52;1266307.53;7.918058;47.5465
28298.800000000003;288;2636099.01;1266304.79;7.918144;47.546475
28306.600000000002;288;2636106.33;1266302.05;7.918241;47.54645
28313.800000000003;287.9;2636113.2;1266299.87;7.918332;47.54643
28320.600000000002;287.9;2636119.46;1266297.35;7.918415;47.546407
28326.9;287.8;2636125.42;1266295.16;7.918494;47.546387
28334.5;287.8;2636132.59;1266292.65;7.918589;47.546364
28341.9;287.7;2636139.61;1266290.25;7.918682;47.546342
28348.2;287.6;2636145.79;1266289.28;7.918764;47.546333
28356;287.4;2636152.88;1266285.99;7.918858;47.546303
28363.2;287.2;2636159.75;1266283.81;7.918949;47.546283
28371.2;287;2636167.14;1266280.85;7.919047;47.546256
28378.7;287;2636174.16;1266278.11;7.91914;47.546231
28387.100000000002;286.9;2636182.01;1266275.05;7.919244;47.546203
28394.2;286.9;2636188.79;1266273.2;7.919334;47.546186
28402.4;286.8;2636196.49;1266270.25;7.919436;47.546159
28410.5;286.8;2636204.26;1266268.07;7.919539;47.546139
28417.800000000003;286.8;2636211.35;1266266.11;7.919633;47.546121
28425.5;286.7;2636218.81;1266264.16;7.919732;47.546103
28433.2;286.7;2636226.28;1266262.53;7.919831;47.546088
28441.300000000003;286.6;2636234.19;1266260.8;7.919936;47.546072
28450.100000000002;286.6;2636242.93;1266259.52;7.920052;47.54606
28458.7;286.6;2636251.37;1266258.02;7.920164;47.546046
28466.7;286.5;2636259.21;1266256.18;7.920268;47.546029
28475;286.4;2636267.21;1266254.11;7.920374;47.54601
28483.600000000002;286.3;2636275.43;1266251.6;7.920483;47.545987
28492.5;286.2;2636284.17;1266250.1;7.920599;47.545973
28501.2;286.2;2636292.62;1266247.93;7.920711;47.545953
28508.9;286.1;2636300.15;1266246.2;7.920811;47.545937
28516.9;286.1;2636307.85;1266244.24;7.920913;47.545919
28524.4;286.2;2636315.38;1266243.51;7.921013;47.545912
28531.9;286.2;2636322.76;1266242.11;7.921111;47.545899
28538.7;286.3;2636329.32;1266240.59;7.921198;47.545885
28546;286.4;2636336.63;1266239.75;7.921295;47.545877
28552.7;286.4;2636342.97;1266237.79;7.921379;47.545859
28560.100000000002;286.5;2636350.35;1266237.28;7.921477;47.545854
28568.9;286.5;2636359.16;1266236.44;7.921594;47.545846
28577.2;286.6;2636367.3;1266235.05;7.921702;47.545833
28584.600000000002;286.6;2636374.54;1266233.53;7.921798;47.545819
28591.300000000003;286.7;2636380.88;1266231.13;7.921882;47.545797
28598.600000000002;286.7;2636388.11;1266230.28;7.921978;47.545789
28605.7;286.8;2636394.53;1266227.32;7.922063;47.545762
28613.5;286.8;2636402.21;1266225.81;7.922165;47.545748
28619.9;286.9;2636407.95;1266222.95;7.922241;47.545722
28627.4;286.9;2636415.34;1266221.89;7.922339;47.545712
28635.800000000003;286.8;2636423.7;1266221.38;7.92245;47.545707
28642.5;286.7;2636430.18;1266219.75;7.922536;47.545692
28649.600000000002;286.7;2636437.27;1266218.58;7.92263;47.545681
28658;286.4;2636444.3;1266214.06;7.922723;47.54564
28666;286.4;2636451.91;1266211.55;7.922824;47.545617
28674.4;286.2;2636460.06;1266209.6;7.922932;47.545599
28683.5;286.1;2636469.1;1266208.54;7.923052;47.545589
28691.800000000003;286.3;2636477.38;1266207.93;7.923162;47.545583
28700.5;286.5;2636486.04;1266208.42;7.923277;47.545587
28708.600000000002;286.6;2636493.88;1266206.36;7.923381;47.545568
28716.800000000003;287;2636502.02;1266205.41;7.923489;47.545559
28724.600000000002;287.3;2636509.78;1266204.46;7.923592;47.54555
28733.4;287.9;2636518.59;1266203.73;7.923709;47.545543
28740.800000000003;288.1;2636525.75;1266202.11;7.923804;47.545528
28748.2;288.5;2636533.2;1266202.04;7.923903;47.545527
28756.100000000002;288.8;2636541.04;1266201.54;7.924007;47.545522
28762.9;289;2636547.89;1266201.47;7.924098;47.545521
28768.7;289.2;2636553.25;1266199.39;7.924169;47.545502
28777.2;289.3;2636561.75;1266199.33;7.924282;47.545501
28784.100000000002;289.4;2636568.46;1266197.81;7.924371;47.545487
28792.300000000003;289.4;2636576.01;1266194.41;7.924471;47.545456
28799.100000000002;289.4;2636582.79;1266194.46;7.924561;47.545456
28806;289.5;2636589.63;1266195.28;7.924652;47.545463
28813;289.5;2636596.64;1266195.1;7.924745;47.545461
28821.100000000002;289.6;2636604.69;1266195.48;7.924852;47.545464
28828.4;289.6;2636611.92;1266194.75;7.924948;47.545457
28835.5;289.6;2636619.08;1266194.24;7.925043;47.545452
28841.9;289.6;2636625.33;1266192.94;7.925126;47.54544
28849.9;289.7;2636633.31;1266193.43;7.925232;47.545444
28857.5;289.7;2636640.92;1266192.93;7.925333;47.545439
28865.600000000002;289.7;2636648.97;1266193.09;7.92544;47.54544
28871.300000000003;289.8;2636654.62;1266192.12;7.925515;47.545431
28878.5;289.8;2636661.78;1266191.5;7.92561;47.545425
28885.9;289.8;2636669.09;1266190.65;7.925707;47.545417
28893.100000000002;289.8;2636676.17;1266189.36;7.925801;47.545405
28900.2;289.8;2636683.18;1266188.3;7.925894;47.545395
28906.9;289.8;2636689.96;1266187.89;7.925984;47.545391
28912.800000000003;289.8;2636695.76;1266187.26;7.926061;47.545385
28919.600000000002;289.8;2636702.54;1266187.41;7.926151;47.545386
28926;289.8;2636709.01;1266187.79;7.926237;47.545389
28933.2;289.7;2636716.16;1266187.72;7.926332;47.545388
28941.300000000003;289.7;2636724.29;1266187.44;7.92644;47.545385
28949;289.7;2636731.73;1266189.37;7.926539;47.545402
28956.2;289.7;2636738.89;1266188.97;7.926634;47.545398
28963.9;289.7;2636746.56;1266189.69;7.926736;47.545404
28972.800000000003;289.6;2636755.21;1266191.97;7.926851;47.545424
28980;289.6;2636762.29;1266191.01;7.926945;47.545415
28987;289.7;2636769.22;1266189.94;7.927037;47.545405
28994.800000000003;289.5;2636776.51;1266192.66;7.927134;47.545429
29001.100000000002;289.6;2636782.76;1266191.8;7.927217;47.545421
29008.100000000002;289.5;2636789.68;1266192.85;7.927309;47.54543
29015.300000000003;289.4;2636796.75;1266194.45;7.927403;47.545444
29023.9;289.4;2636804.86;1266197.28;7.927511;47.545469
29030.600000000002;289.3;2636811.49;1266196.88;7.927599;47.545465
29038.2;289.3;2636818.73;1266194.36;7.927695;47.545442
29044.5;289.3;2636824.98;1266194.85;7.927778;47.545446
29050.800000000003;289.3;2636831.23;1266194.22;7.927861;47.54544
29057.800000000003;289.3;2636838.15;1266195.26;7.927953;47.545449
29064.2;289.2;2636844.46;1266196.64;7.928037;47.545461
29071.300000000003;289.2;2636851.54;1266197.46;7.928131;47.545468
29077.800000000003;289.2;2636857.93;1266198.5;7.928216;47.545477
29084.800000000003;289.2;2636864.93;1266197.99;7.928309;47.545472
29091.300000000003;289.2;2636871.33;1266198.69;7.928394;47.545478
29097.7;289.2;2636877.65;1266199.51;7.928478;47.545485
29104.4;289.1;2636884.34;1266200.67;7.928567;47.545495
29110.800000000003;289.1;2636890.66;1266201.71;7.928651;47.545504
29117.300000000003;289.1;2636897.05;1266202.41;7.928736;47.54551
29124.100000000002;289.1;2636903.82;1266203.34;7.928826;47.545518
29131.100000000002;289;2636910.82;1266203.17;7.928919;47.545516
29138.5;289;2636918.12;1266204.21;7.929016;47.545525
29146;289;2636925.65;1266204.48;7.929116;47.545527
29153.300000000003;288.9;2636932.88;1266204.19;7.929212;47.545524
29160.5;288.9;2636939.94;1266205.68;7.929306;47.545537
29167.4;288.9;2636946.79;1266206.73;7.929397;47.545546
29176.2;288.8;2636954.67;1266210.56;7.929502;47.54558
29185.5;288.9;2636962.85;1266215.05;7.929611;47.54562
29192.100000000002;288.9;2636969.4;1266215.32;7.929698;47.545622
29199;288.8;2636976.32;1266214.8;7.92979;47.545617
29207.100000000002;288.8;2636984.22;1266216.63;7.929895;47.545633
29214;288.7;2636990.85;1266214.9;7.929983;47.545617
29221.4;288.7;2636998.31;1266214.72;7.930082;47.545615
29228.2;288.7;2637005.08;1266214.76;7.930172;47.545615
29234.800000000003;288.6;2637011.71;1266214.58;7.93026;47.545613
29242.100000000002;288.6;2637018.39;1266217.4;7.930349;47.545638
29249.800000000003;288.7;2637025.53;1266220.34;7.930444;47.545664
29256.7;288.6;2637032.37;1266221.49;7.930535;47.545674
29265.9;287.9;2637040.32;1266226.1;7.930641;47.545715
29272.4;288.2;2637046.72;1266226.92;7.930726;47.545722
29278.7;288.6;2637052.97;1266225.74;7.930809;47.545711
29285.2;288.6;2637059.37;1266225.11;7.930894;47.545705
29292.100000000002;288.5;2637066.3;1266225.15;7.930986;47.545705
29299.800000000003;288.5;2637073.97;1266225.87;7.931088;47.545711
29307;288.4;2637081.2;1266225.91;7.931184;47.545711
29313.600000000002;288.3;2637086.79;1266222.5;7.931258;47.54568
29321.600000000002;288.3;2637094.46;1266224.88;7.93136;47.545701
29328.7;288.2;2637101.39;1266223.37;7.931452;47.545687
29336;288.2;2637108.61;1266224.53;7.931548;47.545697
29343.600000000002;288.1;2637116.15;1266223.69;7.931648;47.545689
29350.800000000003;288.1;2637123.3;1266224.18;7.931743;47.545693
29357.600000000002;288;2637130.15;1266224.22;7.931834;47.545693
29365.5;288;2637137.58;1266226.71;7.931933;47.545715
29372.100000000002;287.9;2637144.07;1266225.31;7.932019;47.545702
29379.5;288;2637151.13;1266227.46;7.932113;47.545721
29387.4;288.1;2637158.64;1266230.07;7.932213;47.545744
29394.9;288.1;2637165.86;1266231.89;7.932309;47.54576
29402.600000000002;287.8;2637171.84;1266227.04;7.932388;47.545716
29410.4;287.9;2637179.35;1266229.31;7.932488;47.545736
29417.600000000002;287.9;2637186.51;1266228.58;7.932583;47.545729
29425;287.9;2637193.88;1266229.51;7.932681;47.545737
29432.2;287.9;2637201.03;1266229.22;7.932776;47.545734
29439.600000000002;287.9;2637208.25;1266230.83;7.932872;47.545748
29448.2;287.8;2637216.21;1266234.1;7.932978;47.545777
29456;287.8;2637223.96;1266234.15;7.933081;47.545777
29463.2;287.9;2637230.61;1266231.19;7.933169;47.54575
29470.300000000003;287.9;2637237.68;1266231.12;7.933263;47.545749
29477.7;287.7;2637243.96;1266227.27;7.933346;47.545714
29484.800000000003;287.6;2637250.89;1266225.65;7.933438;47.545699
29491.9;287.6;2637257.97;1266225.69;7.933532;47.545699
29497.9;287.7;2637263.99;1266226.4;7.933612;47.545705
29505.800000000003;287.8;2637271.82;1266226.22;7.933716;47.545703
29514.100000000002;287.6;2637279.59;1266223.16;7.933819;47.545675
29521.300000000003;287.6;2637286.75;1266222.42;7.933914;47.545668
29528.5;287.5;2637293.84;1266221.02;7.934008;47.545655
29535.9;287.4;2637300.48;1266217.95;7.934096;47.545627
29544;287.5;2637308.47;1266216.56;7.934202;47.545614
29552;287.5;2637316.46;1266215.38;7.934308;47.545603
29559.5;287.5;2637323.25;1266212.43;7.934398;47.545576
29567.100000000002;287.4;2637330.34;1266209.69;7.934492;47.545551
29573.9;287.5;2637337.13;1266208.51;7.934582;47.54554
29580.800000000003;287.6;2637343.84;1266206.88;7.934671;47.545525
29588.800000000003;287.5;2637351.16;1266203.82;7.934768;47.545497
29596.600000000002;287.6;2637358.48;1266201.2;7.934865;47.545473
29604.4;287.7;2637365.87;1266198.46;7.934963;47.545448
29612;287.8;2637373.19;1266196.51;7.93506;47.54543
29618.5;287.9;2637379.52;1266194.99;7.935144;47.545416
29625.5;288.1;2637386.24;1266193.03;7.935233;47.545398
29632.4;288.2;2637392.87;1266191.29;7.935321;47.545382
29640.7;288.4;2637400.65;1266188.23;7.935424;47.545354
29648.2;288.5;2637407.37;1266184.94;7.935513;47.545324
29655.4;288.7;2637414.45;1266183.87;7.935607;47.545314
29662.4;288.8;2637421.09;1266181.47;7.935695;47.545292
29669.7;289;2637427.81;1266178.84;7.935784;47.545268
29677.300000000003;289.1;2637434.6;1266175.32;7.935874;47.545236
29685;289.3;2637441.48;1266171.92;7.935965;47.545205
29692;289.4;2637447.89;1266169.07;7.93605;47.545179
29699.100000000002;289.6;2637454.24;1266166;7.936134;47.545151
29706.4;289.7;2637460.73;1266162.48;7.93622;47.545119
29712.800000000003;289.9;2637466.62;1266159.96;7.936298;47.545096
29719.300000000003;290.1;2637472.95;1266158.78;7.936382;47.545085
29726.4;290.2;2637479.3;1266155.48;7.936466;47.545055
29733.800000000003;290.3;2637485.35;1266151.3;7.936546;47.545017
29740.300000000003;290.5;2637491.39;1266148.78;7.936626;47.544994
29747.4;290.6;2637497.43;1266145.03;7.936706;47.54496
29754.4;290.8;2637503.4;1266141.4;7.936785;47.544927
29762.9;292.2;2637509.02;1266135.1;7.936859;47.54487
29769.4;292.7;2637514.53;1266131.58;7.936932;47.544838
29775.800000000003;292.3;2637519.98;1266128.16;7.937004;47.544807
29783;294.2;2637525.35;1266123.42;7.937075;47.544764
29789.7;294.4;2637531.02;1266119.9;7.93715;47.544732
29796.2;293.6;2637536.84;1266116.93;7.937227;47.544705
29803.300000000003;293.8;2637542.58;1266112.85;7.937303;47.544668
29810.100000000002;294.1;2637548.63;1266109.67;7.937383;47.544639
29816.600000000002;293.3;2637554.59;1266107.15;7.937462;47.544616
29823.100000000002;292;2637560.48;1266104.29;7.93754;47.54459
29830;292.1;2637566.67;1266101.22;7.937622;47.544562
29837.100000000002;292.2;2637572.72;1266097.48;7.937702;47.544528
29843.7;292.2;2637578.24;1266093.84;7.937775;47.544495
29849.9;292.3;2637584.12;1266091.99;7.937853;47.544478
29856.2;292.3;2637589.49;1266088.69;7.937924;47.544448
29863.600000000002;292.3;2637595.61;1266084.5;7.938005;47.54441
29869.4;292.4;2637600.9;1266082.31;7.938075;47.54439
29877.300000000003;292.4;2637607.03;1266077.24;7.938156;47.544344
29884.600000000002;292.5;2637613.3;1266073.61;7.938239;47.544311
29889.800000000003;292.6;2637617.83;1266070.97;7.938299;47.544287
29896.4;292.6;2637623.58;1266067.78;7.938375;47.544258
29903.5;292.7;2637629.85;1266064.48;7.938458;47.544228
29910.9;292.7;2637635.82;1266060.07;7.938537;47.544188
29917.800000000003;292.7;2637642.02;1266056.89;7.938619;47.544159
29924.5;292.8;2637647.76;1266053.59;7.938695;47.544129
29931.800000000003;292.8;2637653.96;1266049.74;7.938777;47.544094
29938.4;292.8;2637659.55;1266046.21;7.938851;47.544062
29945.100000000002;292.9;2637664.92;1266042.25;7.938922;47.544026
29953.4;293;2637671.95;1266037.73;7.939015;47.543985
29960;293.1;2637677.4;1266033.99;7.939087;47.543951
29966.7;293.1;2637682.84;1266030.13;7.939159;47.543916
29973;293.1;2637688.51;1266027.39;7.939234;47.543891
29978.9;293.1;2637693.87;1266024.97;7.939305;47.543869
29985.100000000002;293.1;2637699.45;1266022.23;7.939379;47.543844
29991.5;293.2;2637704.9;1266018.82;7.939451;47.543813
29998.600000000002;293.3;2637710.79;1266014.96;7.939529;47.543778
30005.2;293.3;2637716.39;1266011.44;7.939603;47.543746
30012.100000000002;293.3;2637722.58;1266008.26;7.939685;47.543717
30019.4;293.4;2637728.48;1266004.07;7.939763;47.543679
30026.5;293.5;2637734.75;1266000.66;7.939846;47.543648
30033.2;293.6;2637740.72;1265997.59;7.939925;47.54362
30039.800000000003;293.6;2637746.68;1265994.73;7.940004;47.543594
30047.100000000002;293.7;2637753.25;1265991.66;7.940091;47.543566
30052.5;293.6;2637758.46;1265990.25;7.94016;47.543553
30059.100000000002;293.6;2637764.94;1265988.85;7.940246;47.54354
30066.300000000003;293.7;2637771.44;1265985.66;7.940332;47.543511
30072.9;293.8;2637777.18;1265982.59;7.940408;47.543483
30079.800000000003;293.8;2637783.67;1265980.07;7.940494;47.54346
30087.100000000002;293.9;2637790.46;1265977.33;7.940584;47.543435
30092.9;293.8;2637796.19;1265976.59;7.94066;47.543428
30100.600000000002;293.9;2637802.69;1265972.52;7.940746;47.543391
30107.100000000002;294;2637808.95;1265970.89;7.940829;47.543376
30113.9;294;2637815.51;1265968.82;7.940916;47.543357
30120.600000000002;294;2637822.07;1265967.42;7.941003;47.543344
30128.4;294.1;2637829.24;1265964.35;7.941098;47.543316
30134.9;294.1;2637835.36;1265962.17;7.941179;47.543296
30141.5;294.2;2637841.47;1265959.76;7.94126;47.543274
30148.5;294.2;2637848.26;1265958.02;7.94135;47.543258
30154.800000000003;294.3;2637854.22;1265956.17;7.941429;47.543241
30161.800000000003;295;2637860.71;1265953.43;7.941515;47.543216
30167.300000000003;294.4;2637866.06;1265952.13;7.941586;47.543204
30173.600000000002;294.4;2637872.31;1265951.62;7.941669;47.543199
30179.7;294.4;2637878.27;1265950.32;7.941748;47.543187
30185.9;294.5;2637884.45;1265949.36;7.94183;47.543178
30192.7;294.5;2637891.16;1265948.51;7.941919;47.54317
30199.800000000003;294.5;2637898.24;1265947.56;7.942013;47.543161
30206.300000000003;294.5;2637904.57;1265946.04;7.942097;47.543147
30212.9;294.7;2637910.83;1265944.08;7.94218;47.543129
30219.7;294.8;2637917.62;1265943.23;7.94227;47.543121
30226.9;294.9;2637924.77;1265943.06;7.942365;47.543119
30233.5;294.9;2637931.32;1265942.32;7.942452;47.543112
30240;295;2637937.66;1265940.92;7.942536;47.543099
30246.300000000003;295.1;2637943.91;1265940.07;7.942619;47.543091
30252.600000000002;295.3;2637950.17;1265939.33;7.942702;47.543084
30258.7;295.4;2637956.12;1265938.14;7.942781;47.543073
30265;295.6;2637962.08;1265936.07;7.94286;47.543054
30271.300000000003;295.7;2637968.19;1265934.55;7.942941;47.54304
30278.4;297.1;2637975.2;1265933.15;7.943034;47.543027
30285.5;296.6;2637982.21;1265932.31;7.943127;47.543019
30291.800000000003;296.1;2637988.53;1265932.01;7.943211;47.543016
30298.7;297;2637995.17;1265930.28;7.943299;47.543
30305.300000000003;298.1;2638001.8;1265929.76;7.943387;47.542995
30312.4;297.6;2638008.88;1265929.48;7.943481;47.542992
30318.9;297.3;2638015.36;1265928.96;7.943567;47.542987
30325.600000000002;296.7;2638021.97;1265930.23;7.943655;47.542998
30331.800000000003;296.9;2638028.14;1265930.71;7.943737;47.543002
30338.4;297;2638034.62;1265929.86;7.943823;47.542994
30345.100000000002;297.1;2638041.33;1265929.35;7.943912;47.542989
30351.7;297.1;2638047.95;1265929.39;7.944;47.542989
30358.300000000003;297.3;2638054.51;1265928.66;7.944087;47.542982
30365;297.4;2638061.21;1265929.15;7.944176;47.542986
30371.5;297.3;2638067.54;1265927.74;7.94426;47.542973
30377.600000000002;297.3;2638073.49;1265926.67;7.944339;47.542963
30383.9;297.4;2638079.75;1265925.82;7.944422;47.542955
30390.4;297.4;2638086.3;1265925.64;7.944509;47.542953
30396.5;297.5;2638092.33;1265925.01;7.944589;47.542947
30402.4;297.4;2638097.91;1265923.16;7.944663;47.54293
30408.5;297.5;2638104.08;1265923.31;7.944745;47.542931
30415.300000000003;297.5;2638110.86;1265923.46;7.944835;47.542932
30421.9;297.5;2638117.26;1265922.17;7.94492;47.54292
30427.7;297.4;2638123.14;1265922.21;7.944998;47.54292
30434.600000000002;297.4;2638129.99;1265921.92;7.945089;47.542917
30440.800000000003;297.3;2638136.17;1265921.07;7.945171;47.542909
30446.600000000002;297.3;2638141.96;1265921.33;7.945248;47.542911
30453;297.2;2638148.36;1265921.81;7.945333;47.542915
30459.800000000003;297.1;2638154.98;1265922.97;7.945421;47.542925
30466.4;297;2638161.53;1265922.23;7.945508;47.542918
30473.100000000002;296.9;2638168.24;1265921.38;7.945597;47.54291
30479.9;296.9;2638174.88;1265919.76;7.945685;47.542895
30486.300000000003;296.8;2638181.2;1265919.47;7.945769;47.542892
30493.2;296.7;2638188.05;1265920.29;7.94586;47.542899
30499.800000000003;296.7;2638194.6;1265919.44;7.945947;47.542891
30506.5;296.7;2638201.14;1265921.15;7.946034;47.542906
30512.300000000003;296.7;2638206.8;1265920.08;7.946109;47.542896
30519.300000000003;296.7;2638213.56;1265921.68;7.946199;47.54291
30525.800000000003;296.7;2638220.11;1265921.83;7.946286;47.542911
30532.300000000003;296.6;2638226.58;1265922.54;7.946372;47.542917
30539.5;296.5;2638233.19;1265925.36;7.94646;47.542942
30547.600000000002;296.5;2638241;1265927.41;7.946564;47.54296
30554.2;296.5;2638247.56;1265926.57;7.946651;47.542952
30561;296.3;2638254.33;1265927.5;7.946741;47.54296
30568.2;296.5;2638261.01;1265930.21;7.94683;47.542984
30575.300000000003;296.3;2638267.85;1265931.92;7.946921;47.542999
30581.800000000003;296.2;2638274.01;1265933.97;7.947003;47.543017
30589.2;296.4;2638281;1265936.35;7.947096;47.543038
30596.2;296.4;2638287.53;1265938.95;7.947183;47.543061
30604.100000000002;296.3;2638294.59;1265942.55;7.947277;47.543093
30611;296.3;2638300.51;1265946.15;7.947356;47.543125
30617.2;296.5;2638306.37;1265948.19;7.947434;47.543143
30624.4;296.4;2638312.9;1265951.23;7.947521;47.54317
30631.600000000002;296.5;2638318.67;1265955.38;7.947598;47.543207
30637.9;296.6;2638324.15;1265958.64;7.947671;47.543236
30644.800000000003;296.8;2638329.69;1265962.68;7.947745;47.543272
30652.600000000002;297;2638335.45;1265967.94;7.947822;47.543319
30659.5;297.2;2638341.15;1265971.76;7.947898;47.543353
30666.2;297.4;2638346.47;1265975.91;7.947969;47.54339
30672.100000000002;297.6;2638351.34;1265979.17;7.948034;47.543419
30677.600000000002;297.7;2638355.61;1265982.75;7.948091;47.543451
30684.5;297.9;2638360.78;1265987.23;7.94816;47.543491
30691;298;2638365.34;1265991.93;7.948221;47.543533
30696.7;298.2;2638369.61;1265995.74;7.948278;47.543567
30703.2;298.3;2638374.55;1265999.89;7.948344;47.543604
30709.5;298.4;2638379.49;1266003.81;7.94841;47.543639
30714.4;298.5;2638383.69;1266006.28;7.948466;47.543661
30721.100000000002;298.6;2638388.18;1266011.32;7.948526;47.543706
30728.5;298.7;2638392.81;1266017.02;7.948588;47.543757
30734.600000000002;298.8;2638397.45;1266021.05;7.94865;47.543793
30740.9;298.9;2638401.79;1266025.64;7.948708;47.543834
30746.5;299;2638405.9;1266029.44;7.948763;47.543868
30752.800000000003;299.1;2638410.39;1266033.81;7.948823;47.543907
30759.9;299.2;2638414.72;1266039.4;7.948881;47.543957
30766.7;299.3;2638419.73;1266043.99;7.948948;47.543998
30773.2;299.4;2638423.84;1266049.13;7.949003;47.544044
30779.4;299.4;2638427.88;1266053.83;7.949057;47.544086
30786.800000000003;299.5;2638432.21;1266059.75;7.949115;47.544139
30792;299.6;2638435.72;1266063.66;7.949162;47.544174
30796.800000000003;299.6;2638439.16;1266067.02;7.949208;47.544204
30802.7;299.7;2638442.74;1266071.6;7.949256;47.544245
30809.5;299.7;2638447.98;1266076.08;7.949326;47.544285
30814.600000000002;299.7;2638451.35;1266079.89;7.949371;47.544319
30820.600000000002;299.8;2638455.46;1266084.25;7.949426;47.544358
30826.100000000002;299.8;2638458.74;1266088.61;7.94947;47.544397
30831.300000000003;299.8;2638462.26;1266092.52;7.949517;47.544432
30837.7;299.8;2638465.99;1266097.66;7.949567;47.544478
30844.9;299.9;2638470.47;1266103.25;7.949627;47.544528
30851;299.9;2638474.88;1266107.5;7.949686;47.544566
30857.4;299.9;2638479.22;1266112.2;7.949744;47.544608
30864.100000000002;299.9;2638482.8;1266117.9;7.949792;47.544659
30868.800000000003;299.8;2638486.09;1266121.25;7.949836;47.544689
30874.600000000002;299.9;2638489.9;1266125.61;7.949887;47.544728
30880.600000000002;299.9;2638494.16;1266129.87;7.949944;47.544766
30887.800000000003;299.9;2638498.57;1266135.57;7.950003;47.544817
30895;299.8;2638503.05;1266141.16;7.950063;47.544867
30901.800000000003;299.8;2638507.08;1266146.63;7.950117;47.544916
30907.4;299.8;2638510.81;1266150.77;7.950167;47.544953
30912.800000000003;299.7;2638514.48;1266154.8;7.950216;47.544989
30919.300000000003;299.7;2638518.43;1266159.94;7.950269;47.545035
30924.9;299.7;2638522.17;1266164.07;7.950319;47.545072
30930.9;299.7;2638525.83;1266168.88;7.950368;47.545115
30936.800000000003;299.6;2638529.79;1266173.24;7.950421;47.545154
30942.9;299.6;2638533.98;1266177.72;7.950477;47.545194
30948.600000000002;299.6;2638537.71;1266181.97;7.950527;47.545232
30954.100000000002;299.5;2638541.22;1266186.21;7.950574;47.54527
30959.100000000002;299.6;2638543.98;1266190.35;7.950611;47.545307
30966.300000000003;299.6;2638548.16;1266196.27;7.950667;47.54536
30972.100000000002;299.6;2638551.29;1266201.18;7.950709;47.545404
30979.4;299.6;2638556.07;1266206.66;7.950773;47.545453
30986;299.6;2638559.88;1266212.02;7.950824;47.545501
30991.7;299.6;2638563.23;1266216.71;7.950869;47.545543
30998.7;299.7;2638567.72;1266222.08;7.950929;47.545591
31005.4;299.6;2638571.97;1266227.22;7.950986;47.545637
31013.2;299.6;2638576.83;1266233.37;7.951051;47.545692
31020.9;299.7;2638581.15;1266239.62;7.951109;47.545748
31028.2;299.7;2638585.03;1266245.88;7.951161;47.545804
31034.9;299.8;2638588.75;1266251.46;7.951211;47.545854
31041.800000000003;299.9;2638593.24;1266256.71;7.951271;47.545901
31048.7;299.9;2638597.57;1266262.08;7.951329;47.545949
31056.7;299.9;2638602.35;1266268.45;7.951393;47.546006
31063.800000000003;299.9;2638606.75;1266274.04;7.951452;47.546056
31070.100000000002;299.9;2638610.33;1266279.18;7.9515;47.546102
31076.9;299.9;2638614.44;1266284.65;7.951555;47.546151
31083.7;300;2638618.39;1266290.12;7.951608;47.5462
31090.5;299.9;2638622.5;1266295.6;7.951663;47.546249
31096.9;299.9;2638626.15;1266300.85;7.951712;47.546296
31103.5;300;2638629.27;1266306.65;7.951754;47.546348
31110.4;300;2638633.15;1266312.35;7.951806;47.546399
31116.7;299.9;2638636.58;1266317.71;7.951852;47.546447
31123.5;299.9;2638640.68;1266323.07;7.951907;47.546495
31131;299.9;2638645.01;1266329.22;7.951965;47.54655
31136.9;299.9;2638646.71;1266334.9;7.951988;47.546601
31144.300000000003;299.8;2638651.71;1266340.27;7.952055;47.546649
31150.5;299.8;2638655.98;1266344.74;7.952112;47.546689
31157.100000000002;299.7;2638660.08;1266350;7.952167;47.546736
31165.4;299.7;2638665.08;1266356.59;7.952234;47.546795
31172.5;299.8;2638669.26;1266362.29;7.95229;47.546846
31179.300000000003;299.7;2638673.44;1266367.65;7.952346;47.546894
31186;299.7;2638678.31;1266372.35;7.952411;47.546936
31193;299.8;2638682.79;1266377.72;7.952471;47.546984
31200;299.8;2638687.04;1266383.31;7.952528;47.547034
31205.800000000003;299.8;2638691;1266387.45;7.952581;47.547071
31212.100000000002;299.8;2638694.13;1266392.92;7.952623;47.54712
31217.7;299.9;2638697.87;1266397.05;7.952673;47.547157
31222.300000000003;299.9;2638700.17;1266401.07;7.952704;47.547193
31228.300000000003;299.9;2638703.68;1266405.99;7.952751;47.547237
31235.4;299.9;2638707.78;1266411.8;7.952806;47.547289
31241.7;299.9;2638710.91;1266417.26;7.952848;47.547338
31248.2;299.9;2638714.79;1266422.41;7.9529;47.547384
31257.5;299.9;2638721.14;1266429.23;7.952985;47.547445
31264.600000000002;299.8;2638725.55;1266434.82;7.953044;47.547495
31270.300000000003;299.7;2638729.44;1266438.96;7.953096;47.547532
31281;299.8;2638733.59;1266448.77;7.953152;47.54762
31287.5;299.7;2638737.7;1266453.91;7.953207;47.547666
31294.7;299.7;2638741.95;1266459.72;7.953264;47.547718
31300.9;299.7;2638746.14;1266464.2;7.95332;47.547758
31307.5;299.7;2638750.24;1266469.45;7.953375;47.547805
31314.100000000002;299.7;2638754.27;1266474.7;7.953429;47.547852
31320.600000000002;299.7;2638759.44;1266478.52;7.953498;47.547886
31326.5;299.7;2638762.8;1266483.43;7.953543;47.54793
31334.600000000002;299.8;2638768.63;1266489.03;7.953621;47.54798
31342.4;299.8;2638772.73;1266495.61;7.953676;47.548039
31348.9;299.8;2638776.53;1266500.98;7.953727;47.548087
31355.100000000002;299.9;2638780.34;1266505.78;7.953778;47.54813
31361.5;300;2638784.9;1266510.26;7.953839;47.54817
31368.2;300;2638789.69;1266514.96;7.953903;47.548212
31375;300;2638794.25;1266520.11;7.953964;47.548258
31381.5;300.1;2638798.21;1266525.25;7.954017;47.548304
31388.600000000002;300.1;2638802.54;1266530.84;7.954075;47.548354
31395.600000000002;300.1;2638806.79;1266536.42;7.954132;47.548404
31402.100000000002;300;2638810.9;1266541.45;7.954187;47.548449
31408.4;300;2638815.01;1266546.26;7.954242;47.548492
31413.600000000002;300.1;2638818.67;1266549.95;7.954291;47.548525
31419.800000000003;300;2638822.63;1266554.65;7.954344;47.548567
31425.9;300.1;2638826.74;1266559.13;7.954399;47.548607
31432.600000000002;300.1;2638831.07;1266564.27;7.954457;47.548653
31438.800000000003;300.1;2638835.26;1266568.85;7.954513;47.548694
31446;300.1;2638839.89;1266574.33;7.954575;47.548743
31453.2;300.3;2638844.67;1266579.81;7.954639;47.548792
31459.600000000002;300.2;2638849.01;1266584.51;7.954697;47.548834
31466.800000000003;300.3;2638853.26;1266590.32;7.954754;47.548886
31473.100000000002;300.3;2638857.44;1266595.02;7.95481;47.548928
31479.7;300.3;2638861.93;1266599.83;7.95487;47.548971
31486.5;300.3;2638866.64;1266604.75;7.954933;47.549015
31492.7;300.3;2638870.07;1266609.89;7.954979;47.549061
31499.4;300.4;2638874.25;1266615.14;7.955035;47.549108
31506.2;300.5;2638878.81;1266620.18;7.955096;47.549153
31512.5;300.5;2638883.3;1266624.54;7.955156;47.549192
31518.5;300.5;2638887.41;1266628.91;7.955211;47.549231
31524.9;300.5;2638891.97;1266633.5;7.955272;47.549272
31531.7;300.5;2638896.68;1266638.31;7.955335;47.549315
31538.2;300.5;2638901.17;1266643.12;7.955395;47.549358
31544.2;300.5;2638905.51;1266647.26;7.955453;47.549395
31551.5;300.5;2638910.44;1266652.63;7.955519;47.549443
31559.7;300.5;2638915.67;1266658.89;7.955589;47.549499
31565.600000000002;300.5;2638919.86;1266663.03;7.955645;47.549536
31572.600000000002;300.5;2638924.41;1266668.4;7.955706;47.549584
31580.600000000002;300.5;2638929.57;1266674.44;7.955775;47.549638
31587.600000000002;300.5;2638934.43;1266679.47;7.95584;47.549683
31595.5;300.6;2638939.96;1266685.18;7.955914;47.549734
31602.2;300.6;2638944.67;1266689.88;7.955977;47.549776
31609.2;300.7;2638949.68;1266694.81;7.956044;47.54982
31615.9;300.6;2638954.09;1266699.84;7.956103;47.549865
31621.7;300.7;2638958.28;1266703.87;7.956159;47.549901
31628.300000000003;300.7;2638963.52;1266707.91;7.956229;47.549937
31634.9;300.8;2638968.08;1266712.72;7.95629;47.54998
31641.5;300.8;2638972.95;1266717.09;7.956355;47.550019
31647.800000000003;300.8;2638977.89;1266721.01;7.956421;47.550054
31655;300.9;2638982.98;1266726.16;7.956489;47.5501
31661.300000000003;300.9;2638987.61;1266730.42;7.956551;47.550138
31668;300.9;2638992.1;1266735.34;7.956611;47.550182
31675;300.8;2638996.81;1266740.49;7.956674;47.550228
31681.9;300.8;2639001.89;1266745.19;7.956742;47.55027
31688.600000000002;300.8;2639006.68;1266749.89;7.956806;47.550312
31695.4;300.8;2639011.09;1266755.03;7.956865;47.550358
31702.800000000003;300.7;2639016.55;1266760.07;7.956938;47.550403
31709.600000000002;300.7;2639021.79;1266764.33;7.957008;47.550441
31716.4;300.7;2639027.19;1266768.48;7.95708;47.550478
31723.100000000002;300.6;2639032.28;1266772.85;7.957148;47.550517
31729.4;300.6;2639037.44;1266776.56;7.957217;47.55055
31736.100000000002;300.6;2639042.61;1266780.82;7.957286;47.550588
31743;300.6;2639048.61;1266784.19;7.957366;47.550618
31750.100000000002;300.5;2639054.68;1266787.9;7.957447;47.550651
31757.4;300.6;2639060.6;1266792.17;7.957526;47.550689
31764.300000000003;300.6;2639066.07;1266796.32;7.957599;47.550726
31770.9;300.5;2639071.92;1266799.36;7.957677;47.550753
31777.5;300.6;2639077.39;1266803.06;7.95775;47.550786
31784;300.6;2639083.02;1266806.32;7.957825;47.550815
31791.100000000002;300.6;2639088.86;1266810.36;7.957903;47.550851
31798.100000000002;300.6;2639094.71;1266814.3;7.957981;47.550886
31804.7;300.6;2639100.87;1266816.45;7.958063;47.550905
31810;300.6;2639105.52;1266819.04;7.958125;47.550928
31818;300.6;2639112.34;1266823.31;7.958216;47.550966
31825.4;300.6;2639119.02;1266826.35;7.958305;47.550993
31832.300000000003;300.6;2639124.94;1266829.95;7.958384;47.551025
31839.4;300.5;2639130.94;1266833.66;7.958464;47.551058
31845.9;300.6;2639136.49;1266837.14;7.958538;47.551089
31852.5;300.7;2639142.26;1266840.41;7.958615;47.551118
31861.2;300.8;2639148.62;1266846.23;7.9587;47.55117
31868.5;300.8;2639154.77;1266850.16;7.958782;47.551205
31875.7;300.8;2639161.22;1266853.54;7.958868;47.551235
31881.9;300.8;2639166.77;1266856.14;7.958942;47.551258
31889.9;300.9;2639173.21;1266860.96;7.959028;47.551301
31897.300000000003;301;2639179.59;1266864.78;7.959113;47.551335
31903.800000000003;301;2639185.29;1266867.82;7.959189;47.551362
31910.600000000002;301;2639191.98;1266869.2;7.959278;47.551374
31917.800000000003;301;2639198.05;1266872.91;7.959359;47.551407
31924.5;301.1;2639203.67;1266876.62;7.959434;47.55144
31930.7;301.1;2639209.53;1266878.55;7.959512;47.551457
31936;301.1;2639214.49;1266880.58;7.959578;47.551475
31941.9;301.1;2639219.74;1266883.28;7.959648;47.551499
31948.4;301.1;2639225.82;1266885.55;7.959729;47.551519
31955.800000000003;301.2;2639231.89;1266889.7;7.95981;47.551556
31963.5;301.2;2639238.33;1266893.97;7.959896;47.551594
31969;301.2;2639243.75;1266894.9;7.959968;47.551602
31974.300000000003;301.2;2639248.78;1266896.71;7.960035;47.551618
31980.9;301.2;2639255.24;1266897.97;7.960121;47.551629
31989.5;301.2;2639263.74;1266899.14;7.960234;47.551639
31995.800000000003;301.1;2639269.99;1266899.85;7.960317;47.551645
32001.5;301.1;2639275.7;1266900.33;7.960393;47.551649
32006.9;301.1;2639281.04;1266900.92;7.960464;47.551654
32012.7;301.1;2639286.84;1266901.19;7.960541;47.551656
32025.800000000003;300.8;2639298.47;1266895.15;7.960695;47.551601
32032.2;300.8;2639304.8;1266894.52;7.960779;47.551595
32039.9;300.8;2639312.16;1266896.8;7.960877;47.551615
32046.9;300.8;2639318.46;1266899.84;7.960961;47.551642
32052.800000000003;301;2639322.12;1266904.53;7.96101;47.551684
32059.4;301.1;2639326.08;1266909.79;7.961063;47.551731
32066.2;301.3;2639331.16;1266914.38;7.961131;47.551772
32069.9;301.2;2639334.85;1266914.4;7.96118;47.551772
32078.4;301.3;2639342.89;1266916.9;7.961287;47.551794
32085.2;301.4;2639349.5;1266918.73;7.961375;47.55181
32092.5;301.3;2639356.74;1266917.66;7.961471;47.5518
32099.2;301.3;2639363.44;1266917.6;7.96156;47.551799
32105.800000000003;301.3;2639369.98;1266917.75;7.961647;47.5518
32113.2;301.3;2639377.12;1266919.69;7.961742;47.551817
32120.2;301.3;2639384.12;1266919.73;7.961835;47.551817
32127.100000000002;301.4;2639391.04;1266920.56;7.961927;47.551824
32134.2;301.4;2639398.12;1266920.61;7.962021;47.551824
32141.100000000002;301.4;2639405.04;1266920.65;7.962113;47.551824
32147.7;301.4;2639411.59;1266921.59;7.9622;47.551832
32154.600000000002;301.5;2639418.43;1266922.19;7.962291;47.551837
32161.4;301.5;2639425.21;1266922.23;7.962381;47.551837
32168.2;301.5;2639431.99;1266921.39;7.962471;47.551829
32174.600000000002;301.5;2639438.38;1266921.76;7.962556;47.551832
32181.300000000003;301.5;2639445;1266922.36;7.962644;47.551837
32187.800000000003;301.5;2639451.56;1266921.96;7.962731;47.551833
32194.800000000003;301.5;2639458.48;1266922.45;7.962823;47.551837
32200.800000000003;301.6;2639464.42;1266923.49;7.962902;47.551846
32207.800000000003;301.5;2639471.35;1266922.32;7.962994;47.551835
32214.2;301.5;2639477.67;1266923.25;7.963078;47.551843
32221;301.6;2639484.44;1266923.52;7.963168;47.551845
32227.4;301.6;2639490.83;1266924.12;7.963253;47.55185
32233.7;301.6;2639497.08;1266924.71;7.963336;47.551855
32240.5;301.6;2639503.85;1266925.43;7.963426;47.551861
32246.600000000002;301.7;2639509.87;1266926.02;7.963506;47.551866
32252.9;301.7;2639516.19;1266925.95;7.96359;47.551865
32258.9;301.7;2639522.21;1266926.1;7.96367;47.551866
32265.300000000003;301.7;2639528.4;1266924.37;7.963752;47.55185
32272;301.8;2639534.63;1266926.74;7.963835;47.551871
32277.7;301.7;2639540.28;1266925.78;7.96391;47.551862
32284.600000000002;301.8;2639547.13;1266926.16;7.964001;47.551865
32292.100000000002;301.7;2639554.58;1266925.54;7.9641;47.551859
32299.4;301.7;2639561.88;1266925.81;7.964197;47.551861
32305.5;301.7;2639567.98;1266925.97;7.964278;47.551862
32312;301.8;2639574.53;1266926.12;7.964365;47.551863
32319;301.8;2639581.37;1266927.39;7.964456;47.551874
32326.300000000003;301.9;2639588.68;1266926.77;7.964553;47.551868
32333.4;301.9;2639595.68;1266925.71;7.964646;47.551858
32340;301.9;2639602.31;1266925.97;7.964734;47.55186
32346.5;301.9;2639608.71;1266925.35;7.964819;47.551854
32352.9;301.9;2639615.04;1266924.28;7.964903;47.551844
32359.9;301.9;2639622.03;1266924.99;7.964996;47.55185
32367.600000000002;301.9;2639629.71;1266924.71;7.965098;47.551847
32373.600000000002;301.9;2639635.74;1266924.31;7.965178;47.551843
32379.7;301.9;2639641.69;1266923.12;7.965257;47.551832
32387.300000000003;301.9;2639649.22;1266922.62;7.965357;47.551827
32394.2;301.8;2639656.15;1266922.22;7.965449;47.551823
32400.5;301.9;2639662.41;1266921.48;7.965532;47.551816
32407.5;301.8;2639669.41;1266921.09;7.965625;47.551812
32414;301.9;2639675.89;1266920.57;7.965711;47.551807
32420.100000000002;302;2639681.99;1266919.95;7.965792;47.551801
32427.4;302;2639689.22;1266919;7.965888;47.551792
32434.300000000003;302;2639696;1266918.26;7.965978;47.551785
32440.7;302;2639702.47;1266918.31;7.966064;47.551785
32447.4;302.1;2639709.1;1266918.02;7.966152;47.551782
32454.2;302.2;2639715.81;1266916.95;7.966241;47.551772
32460.9;302.3;2639722.51;1266916.33;7.96633;47.551766
32467.4;302.3;2639729.06;1266916.26;7.966417;47.551765
32474;302.4;2639735.61;1266915.97;7.966504;47.551762
32481.100000000002;302.5;2639742.69;1266915.35;7.966598;47.551756
32487.4;302.6;2639748.94;1266915.28;7.966681;47.551755
32494.100000000002;302.7;2639755.64;1266914.77;7.96677;47.55175
32500.7;302.9;2639762.2;1266914.04;7.966857;47.551743
32507.5;302.9;2639768.98;1266913.08;7.966947;47.551734
32514.4;303;2639775.83;1266912.13;7.967038;47.551725
32520.800000000003;303.2;2639782.23;1266912.17;7.967123;47.551725
32527.300000000003;303.2;2639788.71;1266911.55;7.967209;47.551719
32533.800000000003;303.3;2639795.19;1266911.15;7.967295;47.551715
32540.4;303.4;2639801.74;1266910.86;7.967382;47.551712
32547.2;303.6;2639808.51;1266910.57;7.967472;47.551709
32554;303.6;2639815.29;1266910.5;7.967562;47.551708
32560.5;303.7;2639821.84;1266910.66;7.967649;47.551709
32567.100000000002;303.8;2639828.39;1266910.26;7.967736;47.551705
32573.4;303.9;2639834.72;1266909.63;7.96782;47.551699
32580.7;303.9;2639841.95;1266908.68;7.967916;47.55169
32587.5;304;2639848.65;1266908.06;7.968005;47.551684
32594.4;304;2639855.58;1266907.44;7.968097;47.551678
32601.4;304.1;2639862.51;1266906.93;7.968189;47.551673
32608.100000000002;304.2;2639869.29;1266906.86;7.968279;47.551672
32614.7;304.2;2639875.84;1266906.46;7.968366;47.551668
32621.100000000002;304.3;2639882.24;1266906.17;7.968451;47.551665
32627.7;304.3;2639888.79;1266906.11;7.968538;47.551664
32634.300000000003;304.4;2639895.41;1266906.15;7.968626;47.551664
32640.9;304.4;2639902.04;1266905.86;7.968714;47.551661
32647.7;304.4;2639908.81;1266905.8;7.968804;47.55166
32654.100000000002;304.5;2639915.21;1266905.62;7.968889;47.551658
32660.9;304.5;2639922.06;1266905.66;7.96898;47.551658
32668.300000000003;304.5;2639929.37;1266905.27;7.969077;47.551654
32675.5;304.5;2639936.6;1266904.87;7.969173;47.55165
32682.5;304.5;2639943.6;1266905.14;7.969266;47.551652
32689.300000000003;304.5;2639950.45;1266904.97;7.969357;47.55165
32696.2;304.5;2639957.3;1266905.23;7.969448;47.551652
32703;304.6;2639964.07;1266905.39;7.969538;47.551653
32710.100000000002;304.6;2639971.22;1266905.33;7.969633;47.551652
32717.100000000002;304.6;2639978.22;1266905.71;7.969726;47.551655
32724.5;304.5;2639985.52;1266905.31;7.969823;47.551651
32731.100000000002;304.6;2639992.15;1266905.47;7.969911;47.551652
32738.2;304.6;2639999.22;1266905.41;7.970005;47.551651
32745.100000000002;304.5;2640006.15;1266905.23;7.970097;47.551649
32751.600000000002;304.5;2640012.7;1266905.28;7.970184;47.551649
32758.300000000003;304.5;2640019.4;1266905.43;7.970273;47.55165
32765.5;304.5;2640026.55;1266905.26;7.970368;47.551648
32771.8;304.5;2640032.87;1266905.3;7.970452;47.551648
32779.4;304.5;2640040.47;1266906.02;7.970553;47.551654
32786.3;304.5;2640047.24;1266907.4;7.970643;47.551666
32791.600000000006;304.5;2640052.5;1266907.55;7.970713;47.551667
32798.9;304.4;2640059.72;1266908.82;7.970809;47.551678
32805.100000000006;304.4;2640065.89;1266909.3;7.970891;47.551682
32811.2;304.4;2640071.99;1266909.24;7.970972;47.551681
32818.2;304.4;2640078.99;1266909.28;7.971065;47.551681
32824.600000000006;304.3;2640085.39;1266909.66;7.97115;47.551684
32831;304.4;2640091.71;1266909.81;7.971234;47.551685
32837.3;304.4;2640098.03;1266909.97;7.971318;47.551686
32843.100000000006;304.4;2640103.82;1266910.23;7.971395;47.551688
32848.7;304.4;2640109.4;1266909.82;7.971469;47.551684
32855.3;304.5;2640116.03;1266909.2;7.971557;47.551678
32861.8;304.5;2640122.5;1266908.91;7.971643;47.551675
32867.8;304.6;2640128.52;1266909.17;7.971723;47.551677
32874.7;304.6;2640135.29;1266909.89;7.971813;47.551683
32881.100000000006;304.6;2640141.69;1266910.38;7.971898;47.551687
32888.100000000006;304.6;2640148.77;1266910.09;7.971992;47.551684
32894.9;304.7;2640155.54;1266910.14;7.972082;47.551684
32901.7;304.7;2640162.31;1266910.29;7.972172;47.551685
32908.4;304.8;2640169.01;1266910.45;7.972261;47.551686
32915.3;304.8;2640175.86;1266910.38;7.972352;47.551685
32921.7;304.8;2640182.34;1266910.54;7.972438;47.551686
32928.600000000006;304.9;2640189.19;1266910.48;7.972529;47.551685
32935.100000000006;304.9;2640195.66;1266910.41;7.972615;47.551684
32941.3;304.9;2640201.91;1266909.67;7.972698;47.551677
32948.4;304.9;2640208.99;1266909.16;7.972792;47.551672
32955.4;304.9;2640215.92;1266909.1;7.972884;47.551671
32961.7;304.9;2640222.24;1266909.25;7.972968;47.551672
32968.3;305;2640228.86;1266909.19;7.973056;47.551671
32974.4;304.9;2640234.96;1266909.56;7.973137;47.551674
32981.600000000006;305;2640242.11;1266909.95;7.973232;47.551677
32988.9;305;2640249.34;1266909.22;7.973328;47.55167
32995.3;305;2640255.74;1266909.71;7.973413;47.551674
33001.9;305;2640262.36;1266909.64;7.973501;47.551673
33008.4;305;2640268.91;1266909.35;7.973588;47.55167
33015.5;305.1;2640275.59;1266911.62;7.973677;47.55169
33021.3;305;2640281.25;1266910.32;7.973752;47.551678
33028;305;2640287.94;1266911.04;7.973841;47.551684
33034.8;305.1;2640294.72;1266911.3;7.973931;47.551686
33041.8;305;2640301.72;1266911.24;7.974024;47.551685
33048.9;305;2640308.79;1266911.62;7.974118;47.551688
33056.2;305;2640316.02;1266910.89;7.974214;47.551681
33062.5;305;2640322.34;1266911.27;7.974298;47.551684
33069.2;305;2640329.04;1266911.76;7.974387;47.551688
33075.4;305;2640335.21;1266912.03;7.974469;47.55169
33082;305;2640341.75;1266912.85;7.974556;47.551697
33088.2;305;2640347.93;1266912.89;7.974638;47.551697
33095.4;305;2640355.15;1266913.27;7.974734;47.5517
33102.100000000006;305;2640361.85;1266913.54;7.974823;47.551702
33108.4;305.1;2640368.17;1266913.7;7.974907;47.551703
33114.600000000006;305.1;2640374.34;1266913.85;7.974989;47.551704
33120.9;305.1;2640380.66;1266914.45;7.975073;47.551709
33127.8;305.2;2640387.51;1266914.72;7.975164;47.551711
33133.9;305.2;2640393.6;1266914.98;7.975245;47.551713
33140.100000000006;305.2;2640399.77;1266915.69;7.975327;47.551719
33147.100000000006;305.2;2640406.7;1266915.18;7.975419;47.551714
33153.9;305.2;2640413.55;1266915.23;7.97551;47.551714
33160.600000000006;305.2;2640420.25;1266915.72;7.975599;47.551718
33168.3;305.3;2640427.84;1266916.55;7.9757;47.551725
33174.600000000006;305.3;2640434.09;1266917.59;7.975783;47.551734
33181.3;305.3;2640440.78;1266918.2;7.975872;47.551739
33188.2;305.3;2640447.64;1266917.24;7.975963;47.55173
33194.8;305.3;2640454.19;1266917.29;7.97605;47.55173
33201.7;305.3;2640461.03;1266917.89;7.976141;47.551735
33208.600000000006;305.3;2640467.96;1266918.05;7.976233;47.551736
33216.100000000006;305.3;2640475.4;1266918.77;7.976332;47.551742
33223;305.3;2640482.33;1266918.81;7.976424;47.551742
33229.600000000006;305.3;2640488.95;1266919.08;7.976512;47.551744
33236.100000000006;305.2;2640495.42;1266919.13;7.976598;47.551744
33242.600000000006;305.2;2640501.97;1266919.39;7.976685;47.551746
33249.600000000006;305.2;2640508.9;1266919.66;7.976777;47.551748
33256.4;305.2;2640515.74;1266919.82;7.976868;47.551749
33263.3;305.2;2640522.59;1266919.98;7.976959;47.55175
33269.5;305.2;2640528.84;1266920.36;7.977042;47.551753
33276.4;305.2;2640535.69;1266920.74;7.977133;47.551756
33283.3;305.2;2640542.61;1266920.78;7.977225;47.551756
33290.2;305.1;2640549.46;1266921.16;7.977316;47.551759
33296.8;305.1;2640556.08;1266921.21;7.977404;47.551759
33303.7;305.1;2640563.01;1266921.59;7.977496;47.551762
33310.8;305.2;2640570;1266922.19;7.977589;47.551767
33317.7;305.1;2640576.93;1266921.46;7.977681;47.55176
33324.4;305.2;2640583.63;1266922.07;7.97777;47.551765
33331.2;305.2;2640590.4;1266922.33;7.97786;47.551767
33338;305.1;2640597.18;1266922.27;7.97795;47.551766
33344.9;305.1;2640604.02;1266922.54;7.978041;47.551768
33352.2;305.1;2640611.32;1266922.92;7.978138;47.551771
33359;305;2640618.17;1266923.19;7.978229;47.551773
33365.9;305;2640625.02;1266923.46;7.97832;47.551775
33372.8;305;2640631.95;1266923.51;7.978412;47.551775
33379.9;305;2640639.02;1266923.89;7.978506;47.551778
33386.4;304.9;2640645.28;1266922.16;7.978589;47.551762
33393.5;304.9;2640652.43;1266922.32;7.978684;47.551763
33400.600000000006;304.9;2640659.51;1266922.03;7.978778;47.55176
33407.2;304.8;2640666.13;1266921.74;7.978866;47.551757
33413.5;304.8;2640672.38;1266921.56;7.978949;47.551755
33420.3;304.7;2640679.23;1266921.61;7.97904;47.551755
33427;304.8;2640685.93;1266921.77;7.979129;47.551756
33432.4;304.9;2640691.28;1266921.36;7.9792;47.551752
33439.3;304.7;2640698.2;1266921.19;7.979292;47.55175
33446.3;304.7;2640705.12;1266922.23;7.979384;47.551759
33453.100000000006;304.7;2640711.9;1266922.39;7.979474;47.55176
33459.8;304.7;2640718.59;1266922.55;7.979563;47.551761
33466.2;304.7;2640724.99;1266922.7;7.979648;47.551762
33474.100000000006;304.7;2640732.73;1266924.31;7.979751;47.551776
33480.4;304.7;2640738.98;1266924.25;7.979834;47.551775
33488;304.7;2640746.58;1266924.97;7.979935;47.551781
33495.7;304.7;2640754.26;1266925.02;7.980037;47.551781
33503.4;304.6;2640761.94;1266924.63;7.980139;47.551777
33510.600000000006;304.6;2640769.17;1266924.56;7.980235;47.551776
33517.4;304.6;2640775.94;1266924.61;7.980325;47.551776
33525.2;304.6;2640783.77;1266925.11;7.980429;47.55178
33532.4;304.5;2640790.92;1266924.38;7.980524;47.551773
33539.9;304.4;2640798.37;1266924.32;7.980623;47.551772
33547.8;304.3;2640806.35;1266924.71;7.980729;47.551775
33554.600000000006;304.2;2640813.13;1266924.87;7.980819;47.551776
33562;304;2640820.5;1266925.36;7.980917;47.55178
33569.8;303.7;2640828.33;1266924.97;7.981021;47.551776
33579;303.5;2640837.2;1266927.15;7.981139;47.551795
33586.8;303.3;2640844.94;1266928.2;7.981242;47.551804
33595.600000000006;303.1;2640853.75;1266928.6;7.981359;47.551807
33603.4;302.8;2640861.5;1266928.76;7.981462;47.551808
33612.2;302.5;2640870.3;1266929.27;7.981579;47.551812
33620.9;302.3;2640879.03;1266929.88;7.981695;47.551817
33629.600000000006;302;2640887.69;1266930.28;7.98181;47.55182
33638.4;301.7;2640896.49;1266930.89;7.981927;47.551825
33647.2;301.4;2640905.14;1266932.29;7.982042;47.551837
33656.100000000006;301.2;2640914.09;1266932.68;7.982161;47.55184
33664.600000000006;300.9;2640922.6;1266932.63;7.982274;47.551839
33673.600000000006;300.7;2640931.47;1266933.47;7.982392;47.551846
33682.5;300.4;2640940.43;1266933.42;7.982511;47.551845
33691.4;300.1;2640949.31;1266934.15;7.982629;47.551851
33701.2;299.8;2640959.01;1266935.11;7.982758;47.551859
33710.5;299.6;2640968.35;1266934.95;7.982882;47.551857
33720;299.3;2640977.75;1266935.9;7.983007;47.551865
33728.3;299;2640986.1;1266936.41;7.983118;47.551869
33738;298.7;2640995.73;1266937.47;7.983246;47.551878
33746.7;298.5;2641004.38;1266938.31;7.983361;47.551885
33754.600000000006;298.1;2641012.22;1266937.48;7.983465;47.551877
33762.2;298;2641019.68;1266935.86;7.983564;47.551862
33770.2;297.8;2641027.59;1266935.03;7.983669;47.551854
33778.600000000006;297.5;2641034.77;1266930.63;7.983764;47.551814
33786.600000000006;297.2;2641040.61;1266925.22;7.983841;47.551765
33794.600000000006;296.9;2641046.29;1266919.59;7.983916;47.551714
33803.2;296.8;2641048.46;1266911.26;7.983944;47.551639
33815.100000000006;296.4;2641046.88;1266899.47;7.983922;47.551533
33825.2;296.1;2641047.86;1266889.36;7.983934;47.551442
33836.7;296;2641050.19;1266878.14;7.983964;47.551341
33846.5;295.7;2641051.92;1266868.48;7.983986;47.551254
33856;295.6;2641053.56;1266859.15;7.984007;47.55117
33863.4;295.5;2641054.74;1266851.82;7.984022;47.551104
33872.3;295.4;2641055.78;1266842.93;7.984035;47.551024
33881.5;295.3;2641057.05;1266833.82;7.984051;47.550942
33890.7;295.2;2641058.09;1266824.71;7.984064;47.55086
33899.5;295.2;2641059.66;1266816.05;7.984084;47.550782
33908.2;295.1;2641061.45;1266807.5;7.984107;47.550705
33918.600000000006;295;2641062.42;1266797.17;7.984119;47.550612
33928.8;295;2641064.52;1266787.18;7.984146;47.550522
33938.3;294.9;2641067.07;1266778.08;7.984179;47.55044
33947.4;295;2641068.41;1266769.08;7.984196;47.550359
33955.7;295.1;2641070.73;1266761.09;7.984226;47.550287
33962.5;295;2641071.6;1266754.31;7.984237;47.550226
33971;295;2641074.89;1266746.55;7.98428;47.550156
33978.100000000006;294.8;2641077.27;1266739.79;7.984311;47.550095
33985.2;294.8;2641078.53;1266732.79;7.984327;47.550032
33993.3;294.7;2641082.12;1266725.59;7.984374;47.549967
34000.4;294.7;2641086.82;1266720.28;7.984436;47.549919
34009.7;294.6;2641091.77;1266712.42;7.984501;47.549848
34019;294.6;2641096.79;1266704.56;7.984567;47.549777
34026.3;294.6;2641100.75;1266698.36;7.984619;47.549721
34034.100000000006;294.6;2641105.31;1266692.06;7.984679;47.549664
34041.7;294.5;2641109.12;1266685.52;7.984729;47.549605
34048.600000000006;294.4;2641112.77;1266679.66;7.984777;47.549552
34056.8;294.4;2641117.34;1266672.9;7.984837;47.549491
34066.7;294.6;2641122.21;1266664.27;7.984901;47.549413
34072.600000000006;294.5;2641125.56;1266659.4;7.984945;47.549369
34078.5;294.6;2641128.76;1266654.41;7.984987;47.549324
34084.4;294.6;2641129.7;1266648.64;7.984999;47.549272
34090;294.7;2641129.51;1266642.97;7.984996;47.549221
34095.5;294.8;2641124.71;1266640.38;7.984932;47.549198
34098.5;294.9;2641122.7;1266638.14;7.984905;47.549178
34101.7;294.9;2641121.82;1266635.02;7.984893;47.54915
34105.9;294.8;2641122.75;1266630.91;7.984905;47.549113
34109.7;294.9;2641123.38;1266627.25;7.984913;47.54908
34113.8;294.9;2641122.58;1266623.24;7.984902;47.549044
34117;294.9;2641122.97;1266620.02;7.984907;47.549015
34120.5;295;2641125.55;1266617.59;7.984941;47.548993
34123.600000000006;295;2641126.85;1266614.82;7.984958;47.548968
34127.100000000006;294.9;2641126.07;1266618.26;7.984948;47.548999
34130.5;294.9;2641124.7;1266621.36;7.98493;47.549027
34133.600000000006;294.8;2641125.13;1266624.37;7.984936;47.549054
34137.600000000006;294.8;2641126.08;1266628.27;7.984949;47.549089
34141;294.9;2641122.69;1266628.35;7.984904;47.54909
34144.100000000006;295;2641119.99;1266626.67;7.984868;47.549075
34147.8;295;2641119.06;1266630.22;7.984856;47.549107
34151.3;295;2641118.36;1266633.66;7.984847;47.549138
34155.100000000006;294.9;2641121.59;1266635.68;7.98489;47.549156
34160.100000000006;294.8;2641126.47;1266636.27;7.984955;47.549161
34165.600000000006;294.7;2641131.97;1266635.65;7.985028;47.549155
34171.7;294.7;2641137.78;1266633.8;7.985105;47.549138
34178.4;294.7;2641143.08;1266629.72;7.985175;47.549101
34191.2;294.3;2641147.53;1266617.74;7.985233;47.548993
34196.9;294.5;2641150.88;1266613.09;7.985277;47.548951
34203.100000000006;294.5;2641153.47;1266607.44;7.985311;47.5489
34209.4;294.5;2641156.97;1266602.24;7.985357;47.548853
34215;294.6;2641160.09;1266597.59;7.985398;47.548811
34220.8;294.7;2641163.21;1266592.72;7.985439;47.548767
34227.5;294.8;2641167.39;1266587.41;7.985494;47.548719
34233.600000000006;294.8;2641170.36;1266582.1;7.985533;47.548671
34240.4;294.8;2641174.84;1266577.01;7.985592;47.548625
34246.9;294.9;2641178.72;1266571.7;7.985643;47.548577
34253.7;295.1;2641182.52;1266566.17;7.985693;47.548527
34260.2;295.2;2641186.09;1266560.75;7.98574;47.548478
34266.100000000006;295.2;2641189.52;1266555.88;7.985785;47.548434
34273.100000000006;295.3;2641193.32;1266550.01;7.985835;47.548381
34279.600000000006;295.4;2641196.82;1266544.48;7.985881;47.548331
34286.4;295.4;2641200.78;1266539.06;7.985933;47.548282
34292.5;295.5;2641204.12;1266533.85;7.985977;47.548235
34299.3;295.5;2641208.3;1266528.54;7.986032;47.548187
34305.600000000006;295.4;2641212.92;1266524.24;7.986093;47.548148
34312.4;295.5;2641216.35;1266518.37;7.986138;47.548095
34319.9;295.6;2641220.16;1266511.95;7.986188;47.548037
34326;295.6;2641223.73;1266506.97;7.986235;47.547992
34332.5;295.6;2641227.08;1266501.43;7.986279;47.547942
34340.3;295.6;2641232.1;1266495.46;7.986345;47.547888
34346.9;295.7;2641235.22;1266489.59;7.986386;47.547835
34353.9;295.7;2641238.73;1266483.61;7.986432;47.547781
34360.2;295.8;2641242.23;1266478.3;7.986478;47.547733
34367.600000000006;295.8;2641246.93;1266472.66;7.98654;47.547682
34374.4;295.8;2641251.41;1266467.47;7.986599;47.547635
34381.7;295.8;2641255.67;1266461.6;7.986655;47.547582
34389.100000000006;295.8;2641260.68;1266456.08;7.986721;47.547532
34395.7;295.8;2641264.63;1266450.77;7.986773;47.547484
34403.5;295.9;2641268.36;1266444.01;7.986822;47.547423
34409.7;295.9;2641271.86;1266438.81;7.986868;47.547376
34416.2;295.9;2641274.99;1266433.16;7.986909;47.547325
34423;295.9;2641278.64;1266427.41;7.986957;47.547273
34430.3;296;2641283.27;1266421.77;7.987018;47.547222
34437;296.1;2641286.78;1266416.01;7.987064;47.54717
34445.8;296.6;2641281.71;1266408.86;7.986996;47.547106
34452.600000000006;296.4;2641285.06;1266402.99;7.98704;47.547053
34459.8;296.3;2641289.92;1266397.57;7.987104;47.547004
34466.8;296.2;2641292.97;1266391.37;7.987144;47.546948
34473.4;296.5;2641297.15;1266386.17;7.987199;47.546901
34479.2;296.9;2641298.99;1266380.74;7.987223;47.546852
34485.9;297.4;2641301.75;1266374.64;7.987259;47.546797
34492.9;297.6;2641305.25;1266368.55;7.987305;47.546742
34500.2;298.4;2641307.41;1266361.56;7.987333;47.546679
34507.100000000006;298.7;2641309.64;1266355.02;7.987362;47.54662
34513.7;299.1;2641311.94;1266348.8;7.987392;47.546564
34520.5;298;2641315.14;1266342.82;7.987434;47.54651
34527.100000000006;298;2641317.52;1266336.72;7.987465;47.546455
34531.3;299;2641317.78;1266332.5;7.987468;47.546417
34538.7;299.5;2641318.43;1266325.17;7.987476;47.546351
34545.9;299.6;2641320.88;1266318.4;7.987508;47.54629
34551.7;300.8;2641321.68;1266312.62;7.987518;47.546238
34559;301;2641323.61;1266305.52;7.987543;47.546174
34565.4;299;2641327.34;1266300.32;7.987592;47.546127
34572.4;297.5;2641331.07;1266294.45;7.987641;47.546074
34579.2;296.8;2641334.49;1266288.59;7.987686;47.546021
34586.4;297.2;2641335.6;1266281.48;7.9877;47.545957
34593.4;297;2641336.77;1266274.59;7.987715;47.545895
34600.5;296.9;2641338.78;1266267.71;7.987741;47.545833
34607.5;297.1;2641339.96;1266260.83;7.987756;47.545771
34615.4;297.1;2641340.92;1266253.05;7.987768;47.545701
34622.4;297.3;2641341.57;1266246.05;7.987776;47.545638
34629.100000000006;297.3;2641343.57;1266239.61;7.987802;47.54558
34635.8;298.5;2641341.73;1266233.15;7.987777;47.545522
34642.8;297.7;2641343.89;1266226.5;7.987805;47.545462
34650.3;297.5;2641345.82;1266219.28;7.98783;47.545397
34657.3;297.7;2641347.82;1266212.62;7.987856;47.545337
34663.3;297.9;2641350.12;1266207.08;7.987886;47.545287
34670.8;298;2641348.97;1266199.62;7.98787;47.54522
34676.9;298.1;2641349.01;1266193.51;7.98787;47.545165
34683.4;298.3;2641351.39;1266187.52;7.987901;47.545111
34689.3;298.5;2641352.03;1266181.63;7.987909;47.545058
34695.9;298.6;2641352.15;1266175.07;7.98791;47.544999
34701;298.6;2641351.13;1266170.06;7.987896;47.544954
34708.8;298.8;2641351.04;1266162.28;7.987894;47.544884
34716.8;298.9;2641349.21;1266154.48;7.987869;47.544814
34724.7;299.1;2641349.49;1266146.59;7.987872;47.544743
34730.9;299.2;2641347.42;1266140.68;7.987844;47.54469
34735.600000000006;299.4;2641348.58;1266136.13;7.987859;47.544649
34743.4;299.6;2641346.6;1266128.56;7.987832;47.544581
34750.600000000006;299.7;2641345.83;1266121.43;7.987821;47.544517
34755.9;300;2641346.16;1266116.1;7.987825;47.544469
34762.2;300.1;2641345.76;1266109.87;7.987819;47.544413
34770.2;300.4;2641345.06;1266101.86;7.987809;47.544341
34777.8;300.6;2641344.21;1266094.29;7.987797;47.544273
34783.100000000006;300.8;2641345.37;1266089.18;7.987812;47.544227
34792.9;301;2641341.14;1266080.37;7.987755;47.544148
34796.7;301.1;2641342;1266076.6;7.987766;47.544114
34800.5;301.3;2641341.95;1266072.82;7.987765;47.54408
34806;301.5;2641341.08;1266067.36;7.987753;47.544031
34812;301.6;2641338.11;1266062.23;7.987713;47.543985
34817.9;301.8;2641337.85;1266056.33;7.987709;47.543932
34822.7;302;2641337.21;1266051.55;7.9877;47.543889
34828.5;302.3;2641336.94;1266045.76;7.987696;47.543837
34834.100000000006;302.4;2641335.7;1266040.3;7.987679;47.543788
34840.5;302.6;2641333.11;1266034.39;7.987644;47.543735
34849.2;303;2641331.14;1266025.93;7.987617;47.543659
34854.8;303.1;2641329.21;1266020.69;7.987591;47.543612
34861.5;303.3;2641327.91;1266014.12;7.987573;47.543553
34867.7;303.6;2641326.14;1266008.21;7.987549;47.5435
34873.9;303.9;2641325.43;1266001.98;7.987539;47.543444
34879.7;304.1;2641324.11;1265996.41;7.987521;47.543394
34886;304.4;2641323.48;1265990.07;7.987512;47.543337
34892.2;304.8;2641323;1265983.95;7.987505;47.543282
34898.600000000006;305.1;2641321.91;1265977.61;7.98749;47.543225
34904.600000000006;305.4;2641321.28;1265971.71;7.987481;47.543172
34910.100000000006;305.6;2641319.88;1265966.36;7.987462;47.543124
34916;305.8;2641320.15;1265960.47;7.987465;47.543071
34922.2;306.1;2641318.46;1265954.46;7.987442;47.543017
34927.4;306.4;2641317.82;1265949.34;7.987433;47.542971
34933.5;306.6;2641317.48;1265943.22;7.987428;47.542916
34939.3;306.9;2641317.37;1265937.44;7.987426;47.542864
34944.7;307.2;2641317.34;1265931.99;7.987425;47.542815
34950.3;307.3;2641316.77;1265926.42;7.987417;47.542765
34956.100000000006;307.6;2641315.16;1265920.85;7.987395;47.542715
34962.3;307.8;2641314.22;1265914.73;7.987382;47.54266
34967.100000000006;308;2641313.2;1265910.05;7.987368;47.542618
34971.9;308.2;2641312.63;1265905.27;7.98736;47.542575
34976.100000000006;308.3;2641311.91;1265901.15;7.98735;47.542538
34980.100000000006;308.5;2641311.1;1265897.25;7.987339;47.542503
34983.8;308.6;2641310.45;1265893.58;7.98733;47.54247
34987.4;308.7;2641309.8;1265890.02;7.987321;47.542438
34990.8;308.9;2641309.3;1265886.68;7.987314;47.542408
34993.9;309;2641309.24;1265883.56;7.987313;47.54238
34999.3;309.1;2641308.83;1265878.22;7.987307;47.542332
35004.2;309.3;2641308.18;1265873.33;7.987298;47.542288
35009;309.5;2641307.46;1265868.65;7.987288;47.542246
35014;309.7;2641307.95;1265863.65;7.987294;47.542201
35018.600000000006;309.8;2641307.76;1265859.09;7.987291;47.54216
35021.7;310;2641305.74;1265856.63;7.987264;47.542138
35025.2;309.9;2641302.79;1265858.39;7.987225;47.542154
35028.5;310;2641302.29;1265855.05;7.987218;47.542124
35032.100000000006;310.2;2641302.39;1265851.49;7.987219;47.542092
35036.600000000006;310.3;2641303.1;1265847.05;7.987228;47.542052
35042;310.6;2641304.56;1265841.83;7.987247;47.542005
35048;310.7;2641306.49;1265836.18;7.987272;47.541954
35054.4;310.8;2641310.59;1265831.2;7.987326;47.541909
35064.8;310.7;2641320.77;1265829.05;7.987461;47.541889
35071.5;310.6;2641327.25;1265827.76;7.987547;47.541877
35079.4;310.4;2641335.16;1265827.37;7.987652;47.541873
35087.100000000006;310.1;2641342.84;1265826.87;7.987754;47.541868
35097;309.7;2641352.27;1265823.82;7.987879;47.54184
35107.3;309.5;2641362.08;1265820.78;7.988009;47.541812
35116;309.3;2641370.53;1265818.72;7.988121;47.541793
35124.8;309.1;2641379.2;1265817.11;7.988236;47.541778
35129.9;309;2641384.24;1265817.93;7.988303;47.541785
35138.600000000006;308.9;2641392.9;1265816.88;7.988418;47.541775
35146.8;308.7;2641401.04;1265815.82;7.988526;47.541765
35155.7;308.5;2641409.35;1265812.54;7.988636;47.541735
35165.4;308.4;2641418.9;1265813.83;7.988763;47.541746
35173.3;308.3;2641426.81;1265813.11;7.988868;47.541739
35182.100000000006;308.1;2641435.48;1265811.73;7.988983;47.541726
35191.100000000006;308;2641444.37;1265810.45;7.989101;47.541714
35199.600000000006;307.8;2641452.81;1265809.62;7.989213;47.541706
35208.4;307.7;2641461.55;1265808.35;7.989329;47.541694
35218.100000000006;307.6;2641470.83;1265805.64;7.989452;47.541669
35227;307.5;2641479.21;1265802.58;7.989563;47.541641
35235.5;307.5;2641487.36;1265800.08;7.989671;47.541618
35243;307.5;2641494.67;1265798.47;7.989768;47.541603
35250.600000000006;307.5;2641502.21;1265797.3;7.989868;47.541592
35259.5;307.5;2641510.29;1265793.68;7.989975;47.541559
35265.8;307.6;2641516.33;1265791.83;7.990055;47.541542
35274.2;307.7;2641524.47;1265789.89;7.990163;47.541524
35283.600000000006;307.8;2641533.23;1265786.51;7.990279;47.541493
35292.600000000006;307.8;2641541.91;1265783.9;7.990394;47.541469
35300.8;308;2641549.76;1265781.4;7.990498;47.541446
35309.5;308.2;2641558.35;1265780.12;7.990612;47.541434
35317.100000000006;308.4;2641565.67;1265778.17;7.990709;47.541416
35324.8;305.5;2641573.13;1265776.33;7.990808;47.541399
35332.4;303.7;2641580.08;1265773.27;7.9909;47.541371
35339.9;301.6;2641587.53;1265773.77;7.990999;47.541375
35348;301.4;2641595.15;1265771.04;7.9911;47.54135
35356.100000000006;303.6;2641602.41;1265767.42;7.991196;47.541317
35362.3;306.4;2641608.52;1265766.02;7.991277;47.541304
35370.2;309.4;2641615.69;1265762.85;7.991372;47.541275
35377.3;309.5;2641622.34;1265760.22;7.99146;47.541251
35384.4;309.6;2641629.13;1265758.05;7.99155;47.541231
35391.9;309.8;2641636.29;1265756.1;7.991645;47.541213
35398.9;309.8;2641642.86;1265753.7;7.991732;47.541191
35405.9;309.9;2641649.21;1265750.74;7.991816;47.541164
35413.2;310;2641656;1265748.01;7.991906;47.541139
35419.9;310.1;2641662.34;1265745.72;7.99199;47.541118
35427.100000000006;310.1;2641669.06;1265743.1;7.992079;47.541094
35434.600000000006;310.2;2641676.08;1265740.59;7.992172;47.541071
35442.2;310.2;2641683.18;1265737.75;7.992266;47.541045
35449.4;310.2;2641689.97;1265735.46;7.992356;47.541024
35457.2;310.2;2641697.37;1265732.95;7.992454;47.541001
35464.9;310.3;2641704.69;1265730.56;7.992551;47.540979
35471.9;310.4;2641711.25;1265728.16;7.992638;47.540957
35480.3;310.4;2641719.55;1265726.66;7.992748;47.540943
35487.600000000006;310.5;2641726.49;1265724.49;7.99284;47.540923
35495;310.5;2641733.58;1265722.42;7.992934;47.540904
35501.9;310.5;2641740.15;1265720.25;7.993021;47.540884
35509.5;310.5;2641747.54;1265718.74;7.993119;47.54087
35516.7;310.5;2641754.48;1265716.68;7.993211;47.540851
35526.100000000006;309.9;2641762.19;1265711.4;7.993313;47.540803
35532.8;310.4;2641768.9;1265710.55;7.993402;47.540795
35539.4;310.2;2641775.24;1265708.82;7.993486;47.540779
35547.4;310.4;2641783.29;1265708.77;7.993593;47.540778
35554;310.3;2641789.48;1265706.59;7.993675;47.540758
35561.4;310.2;2641796.72;1265705.19;7.993771;47.540745
35568.2;309.9;2641803.43;1265703.9;7.99386;47.540733
35575.4;310.1;2641810.59;1265702.95;7.993955;47.540724
35583.600000000006;309.8;2641818.59;1265701.12;7.994061;47.540707
35591.3;309.9;2641826.2;1265700.17;7.994162;47.540698
35598.8;309.6;2641833.66;1265699.23;7.994261;47.540689
35606.600000000006;309.9;2641841.25;1265700.84;7.994362;47.540703
35614.100000000006;309.8;2641848.78;1265701;7.994462;47.540704
35622.4;309.7;2641856.99;1265700.06;7.994571;47.540695
35630.100000000006;309.7;2641864.59;1265701.56;7.994672;47.540708
35638;309.4;2641870.19;1265707.16;7.994747;47.540758
35645.8;309.3;2641877.79;1265708.66;7.994848;47.540771
35653.3;309.3;2641885.16;1265709.93;7.994946;47.540782
35661.2;309.3;2641893.14;1265709.88;7.995052;47.540781
35668.4;309.2;2641900.29;1265710.48;7.995147;47.540786
35675.7;309.2;2641907.51;1265711.65;7.995243;47.540796
35682.8;309.1;2641914.5;1265712.59;7.995336;47.540804
35690.3;308.7;2641920.42;1265717.19;7.995415;47.540845
35697.4;308.6;2641927.33;1265718.79;7.995507;47.540859
35703.8;308.5;2641933.65;1265720.17;7.995591;47.540871
35711.8;308.5;2641940.7;1265723.78;7.995685;47.540903
35719.600000000006;308.7;2641948.21;1265725.94;7.995785;47.540922
35727.8;308.6;2641955.41;1265730;7.995881;47.540958
35735.600000000006;308.5;2641963.16;1265730.61;7.995984;47.540963
35744;308.6;2641971.05;1265733.45;7.996089;47.540988
35749.5;308.5;2641976.54;1265733.48;7.996162;47.540988
35757;308.5;2641983.84;1265735.09;7.996259;47.541002
35765.600000000006;308.5;2641991.54;1265731.26;7.996361;47.540967
35774.9;308.5;2642000.52;1265728.87;7.99648;47.540945
35782.5;308.4;2642007.73;1265731.48;7.996576;47.540968
35791.4;307.8;2642016.47;1265729.88;7.996692;47.540953
35799.7;308.1;2642024.21;1265732.82;7.996795;47.540979
35807.2;308.1;2642031.5;1265734.65;7.996892;47.540995
35815.5;308.1;2642039.31;1265737.49;7.996996;47.54102
35822.4;308.2;2642045.92;1265739.2;7.997084;47.541035
35830.5;308.2;2642053.58;1265742.04;7.997186;47.54106
35838.3;308.1;2642061.1;1265743.98;7.997286;47.541077
35846.9;308;2642069.52;1265745.93;7.997398;47.541094
35853.7;307.9;2642076.05;1265747.76;7.997485;47.54111
35860.7;307.9;2642082.82;1265749.7;7.997575;47.541127
35869.9;308;2642091.45;1265752.65;7.99769;47.541153
35878.100000000006;308;2642099.5;1265754.26;7.997797;47.541167
35887.2;307.9;2642108.21;1265756.77;7.997913;47.541189
35894.3;307.7;2642115.28;1265757.93;7.998007;47.541199
35902.7;307.8;2642123.32;1265760.44;7.998114;47.541221
35910;307.7;2642130.46;1265761.6;7.998209;47.541231
35918.7;307.7;2642138.96;1265763.55;7.998322;47.541248
35926.600000000006;307.7;2642146.7;1265765.16;7.998425;47.541262
35933.8;307.7;2642153.77;1265766.43;7.998519;47.541273
35942.100000000006;307.6;2642162.04;1265767.61;7.998629;47.541283
35949.2;307.7;2642169.04;1265768.43;7.998722;47.54129
35956.5;307.6;2642176.26;1265769.6;7.998818;47.5413
35964.100000000006;307.6;2642183.86;1265770.1;7.998919;47.541304
35971.100000000006;307.6;2642190.86;1265770.26;7.999012;47.541305
35978.100000000006;307.6;2642197.86;1265770.86;7.999105;47.54131
35986;307.5;2642205.61;1265771.92;7.999208;47.541319
35993.600000000006;307.6;2642213.21;1265772.53;7.999309;47.541324
36000.2;307.6;2642219.83;1265773.24;7.999397;47.54133
36008.3;307.6;2642227.8;1265774.19;7.999503;47.541338
36015;307.6;2642234.58;1265774.24;7.999593;47.541338
36022.7;307.5;2642242.26;1265774.29;7.999695;47.541338
36028.5;307.5;2642247.97;1265774.89;7.999771;47.541343
36036;307.4;2642255.51;1265774.5;7.999871;47.541339
36042.2;307.4;2642261.68;1265773.88;7.999953;47.541333
36049.7;307.4;2642269.13;1265774.71;8.000052;47.54134
36056.4;307.4;2642275.76;1265775.09;8.00014;47.541343
36064.3;307.4;2642283.74;1265774.7;8.000246;47.541339
36072;307.3;2642291.34;1265775.31;8.000347;47.541344
36080.3;307.3;2642299.61;1265776.59;8.000457;47.541355
36088.3;307.3;2642307.51;1265777.1;8.000562;47.541359
36096.5;307.2;2642315.64;1265778.15;8.00067;47.541368
36103.8;307.2;2642322.86;1265779.32;8.000766;47.541378
36111.100000000006;307.2;2642330.23;1265779.59;8.000864;47.54138
36117.2;307.2;2642336.26;1265778.86;8.000944;47.541373
36124.9;307.2;2642343.94;1265779.25;8.001046;47.541376
36132.3;307.1;2642351.24;1265780.08;8.001143;47.541383
36139.4;307.2;2642358.32;1265779.57;8.001237;47.541378
36146.7;307.2;2642365.62;1265779.4;8.001334;47.541376
36155.100000000006;307.2;2642373.97;1265780.46;8.001445;47.541385
36163.100000000006;307.2;2642381.95;1265780.74;8.001551;47.541387
36170.600000000006;307.2;2642389.48;1265781.24;8.001651;47.541391
36179.2;307.1;2642398.05;1265782.19;8.001765;47.541399
36186.7;307.1;2642405.51;1265782.02;8.001864;47.541397
36193.7;307.1;2642412.43;1265783.07;8.001956;47.541406
36202.5;307.1;2642421.23;1265783.69;8.002073;47.541411
36210.2;307.1;2642428.91;1265783.86;8.002175;47.541412
36218.600000000006;307.1;2642437.26;1265784.7;8.002286;47.541419
36227.100000000006;307;2642445.77;1265784.54;8.002399;47.541417
36234;307.1;2642452.7;1265784.7;8.002491;47.541418
36241;307.1;2642459.7;1265784.86;8.002584;47.541419
36248.600000000006;307.1;2642467.3;1265785.47;8.002685;47.541424
36256.5;307.1;2642475.13;1265785.64;8.002789;47.541425
36262;307.1;2642480.31;1265787.45;8.002858;47.541441
36268.600000000006;307.1;2642486.93;1265787.39;8.002946;47.54144
36278;307;2642496.26;1265788.23;8.00307;47.541447
36285.4;307;2642503.64;1265788.62;8.003168;47.54145
36292.4;307.1;2642510.5;1265787.22;8.003259;47.541437
36299.7;307.1;2642517.88;1265787.5;8.003357;47.541439
36309;307;2642527.13;1265788.57;8.00348;47.541448
36317.100000000006;307;2642535.18;1265789.07;8.003587;47.541452
36326.600000000006;307;2642544.58;1265790.36;8.003712;47.541463
36333.9;306.9;2642551.89;1265790.08;8.003809;47.54146
36341.600000000006;306.9;2642559.57;1265790.47;8.003911;47.541463
36350;306.9;2642567.92;1265791.2;8.004022;47.541469
36357.2;306.9;2642575.15;1265790.91;8.004118;47.541466
36364.7;306.9;2642582.6;1265790.97;8.004217;47.541466
36374;306.9;2642591.93;1265791.81;8.004341;47.541473
36381.3;306.8;2642599.16;1265792.31;8.004437;47.541477
36388.100000000006;306.8;2642605.93;1265793.25;8.004527;47.541485
36396.7;306.8;2642614.51;1265793.42;8.004641;47.541486
36404.5;306.9;2642622.26;1265793.7;8.004744;47.541488
36412;306.8;2642629.78;1265794.64;8.004844;47.541496
36420.3;306.8;2642638.06;1265794.93;8.004954;47.541498
36428.2;306.8;2642645.96;1265795.43;8.005059;47.541502
36437.2;306.8;2642654.92;1265795.6;8.005178;47.541503
36444.8;306.8;2642662.53;1265795.55;8.005279;47.541502
36452.5;306.7;2642670.2;1265796.27;8.005381;47.541508
36459.2;306.8;2642676.83;1265795.76;8.005469;47.541503
36467.100000000006;306.7;2642684.65;1265796.93;8.005573;47.541513
36475.4;306.7;2642693.01;1265797.1;8.005684;47.541514
36481.9;306.7;2642699.49;1265796.48;8.00577;47.541508
36487.4;306.8;2642704.91;1265796.07;8.005842;47.541504
36494.600000000006;306.9;2642712.07;1265795.68;8.005937;47.5415
36501.3;306.9;2642718.84;1265795.73;8.006027;47.5415
36508.4;306.8;2642725.84;1265796.34;8.00612;47.541505
36515.5;306.9;2642732.91;1265797.06;8.006214;47.541511
36524.3;307;2642741.72;1265797.9;8.006331;47.541518
36532.2;306.9;2642749.38;1265799.73;8.006433;47.541534
36539.5;306.9;2642756.6;1265801.01;8.006529;47.541545
36547.2;306.9;2642764.12;1265802.4;8.006629;47.541557
36552.3;307;2642769.24;1265802.54;8.006697;47.541558
36559.5;307;2642776.23;1265804.48;8.00679;47.541575
36564.4;307;2642780.89;1265805.74;8.006852;47.541586
36570;307;2642786.45;1265806.89;8.006926;47.541596
36580.9;307;2642796.82;1265810.08;8.007064;47.541624
36586.8;307.1;2642802.45;1265811.9;8.007139;47.54164
36593;307.1;2642808.54;1265812.95;8.00722;47.541649
36599.7;307.1;2642815.08;1265814.66;8.007307;47.541664
36605.3;307;2642820.49;1265815.7;8.007379;47.541673
36612.9;307.1;2642827.01;1265819.64;8.007466;47.541708
36617.600000000006;307.1;2642831.6;1265820.9;8.007527;47.541719
36627.2;307.1;2642839.62;1265826.18;8.007634;47.541766
36633.8;307.2;2642845.24;1265829.67;8.007709;47.541797
36642.8;307.1;2642852.58;1265834.73;8.007807;47.541842
36651.100000000006;307.1;2642859.93;1265838.56;8.007905;47.541876
36658.7;307.1;2642866.53;1265842.39;8.007993;47.54191
36668.100000000006;307;2642873.63;1265848.55;8.008088;47.541965
36675.5;306.9;2642879.47;1265853.16;8.008166;47.542006
36682.5;306.9;2642885.4;1265856.76;8.008245;47.542038
36690.600000000006;307;2642892.29;1265861.03;8.008337;47.542076
36698;307.1;2642898.44;1265865.19;8.008419;47.542113
36705.7;307.1;2642905.34;1265868.58;8.008511;47.542143
36711.9;307.3;2642911.12;1265870.84;8.008588;47.542163
36719.4;307.4;2642917.41;1265874.89;8.008672;47.542199
36726;307.4;2642922.35;1265879.26;8.008738;47.542238
36730.3;307.4;2642925.79;1265881.96;8.008784;47.542262
36737.9;307.4;2642932.16;1265886.01;8.008869;47.542298
36743.4;307.5;2642936.58;1265889.37;8.008928;47.542328
36749.4;307.5;2642941.15;1265893.19;8.008989;47.542362
36757.5;307.5;2642947.36;1265898.46;8.009072;47.542409
36765.2;307.6;2642953.35;1265903.17;8.009152;47.542451
36773;307.7;2642959.33;1265908.22;8.009232;47.542496
36781;307.7;2642965.17;1265913.71;8.00931;47.542545
36788.8;307.7;2642970.55;1265919.31;8.009382;47.542595
36795.8;307.7;2642975.63;1265924.24;8.00945;47.542639
36804.7;307.6;2642981.91;1265930.51;8.009534;47.542695
36812.2;307.8;2642987.22;1265935.77;8.009605;47.542742
36819.9;307.8;2642993.74;1265939.83;8.009692;47.542778
36828;307.8;2642999.87;1265945.21;8.009774;47.542826
36837.600000000006;307.9;2643006.98;1265951.6;8.009869;47.542883
36845.7;307.9;2643013.49;1265956.43;8.009956;47.542926
36854.4;307.9;2643019.7;1265962.59;8.010039;47.542981
36860.5;308;2643024.71;1265966.07;8.010106;47.543012
36866.3;308;2643029.05;1265969.77;8.010164;47.543045
36874;308;2643033.98;1265975.7;8.01023;47.543098
36881;308.1;2643039.67;1265979.85;8.010306;47.543135
36889.3;308.1;2643045.58;1265985.68;8.010385;47.543187
36896.3;308.1;2643050.59;1265990.61;8.010452;47.543231
36902.8;308.1;2643055.45;1265994.87;8.010517;47.543269
36910.5;308.2;2643060.98;1266000.25;8.010591;47.543317
36918.5;308.2;2643066.74;1266005.85;8.010668;47.543367
36925.600000000006;308.2;2643071.37;1266011.22;8.01073;47.543415
36932.8;308.2;2643076.6;1266016.15;8.0108;47.543459
36940;308.3;2643082.29;1266020.53;8.010876;47.543498
36947.5;308.3;2643088.51;1266024.8;8.010959;47.543536
36954.4;308.4;2643093.75;1266029.28;8.011029;47.543576
36961.4;308.4;2643098.83;1266034.1;8.011097;47.543619
36968.4;308.5;2643104.52;1266038.04;8.011173;47.543654
36975.5;308.5;2643109.83;1266042.86;8.011244;47.543697
36982.600000000006;308.5;2643114.61;1266048;8.011308;47.543743
36989.5;308.5;2643120.08;1266052.27;8.011381;47.543781
36996.8;308.5;2643125.46;1266057.2;8.011453;47.543825
37004.100000000006;308.5;2643131;1266061.91;8.011527;47.543867
37010.9;308.5;2643136.39;1266066.18;8.011599;47.543905
37016.2;308.5;2643140.2;1266069.76;8.01165;47.543937
37022.4;308.6;2643144.46;1266074.35;8.011707;47.543978
37029.8;308.6;2643149.77;1266079.39;8.011778;47.544023
37036.9;308.6;2643154.85;1266084.44;8.011846;47.544068
37043.600000000006;308.6;2643159.71;1266089.03;8.011911;47.544109
37049.7;308.6;2643164.2;1266093.18;8.011971;47.544146
37057.9;308.5;2643171.02;1266097.67;8.012062;47.544186
37064.2;308.4;2643176.03;1266101.49;8.012129;47.54422
37071.8;308.5;2643181.49;1266106.76;8.012202;47.544267
37080.9;308.4;2643188.75;1266112.37;8.012299;47.544317
37087.9;308.3;2643195.06;1266115.31;8.012383;47.544343
37096.600000000006;308.1;2643202.48;1266119.81;8.012482;47.544383
37104.5;308.2;2643209.15;1266124.08;8.012571;47.544421
37111.2;308.1;2643214.92;1266127.46;8.012648;47.544451
37118.600000000006;308;2643221.67;1266130.51;8.012738;47.544478
37125.7;308;2643227.14;1266135;8.012811;47.544518
37133.8;307.9;2643233.65;1266139.94;8.012898;47.544562
37142.8;307.9;2643241.07;1266145;8.012997;47.544607
37151.3;307.9;2643248.11;1266149.72;8.013091;47.544649
37157.8;307.9;2643253.73;1266152.98;8.013166;47.544678
37165;307.8;2643260.03;1266156.48;8.01325;47.544709
37170.3;307.7;2643265.14;1266157.85;8.013318;47.544721
37175.3;307.8;2643269.18;1266160.77;8.013372;47.544747
37181.3;307.8;2643274.74;1266163.15;8.013446;47.544768
37188.8;307.8;2643281.11;1266167.08;8.013531;47.544803
37196.4;307.7;2643287.7;1266170.8;8.013619;47.544836
37203.5;307.7;2643294.16;1266173.85;8.013705;47.544863
37214.4;307.7;2643302.99;1266180.14;8.013823;47.544919
37223.8;307.7;2643310.78;1266185.54;8.013927;47.544967
37230.5;307.5;2643316.48;1266188.91;8.014003;47.544997
37236.2;307.3;2643319.68;1266193.61;8.014046;47.545039
37248.5;307.5;2643331.09;1266198.25;8.014198;47.54508
37256.4;307.6;2643337.46;1266202.97;8.014283;47.545122
37266.5;307.6;2643345.17;1266209.47;8.014386;47.54518
37274.3;307.7;2643351.76;1266213.75;8.014474;47.545218
37282.3;307.7;2643357.82;1266218.91;8.014555;47.545264
37290.3;308;2643364.41;1266223.4;8.014643;47.545304
37298.9;308.1;2643370.16;1266229.89;8.01472;47.545362
37306.2;308.1;2643375.55;1266234.82;8.014792;47.545406
37312.9;308.3;2643380.86;1266238.87;8.014863;47.545442
37320.100000000006;308.4;2643385.41;1266244.46;8.014924;47.545492
37328.100000000006;308.6;2643390.64;1266250.5;8.014994;47.545546
37335.3;308.7;2643395.27;1266255.98;8.015056;47.545595
37342.600000000006;308.9;2643399.51;1266261.91;8.015113;47.545648
37350.9;309;2643403.83;1266269.06;8.015171;47.545712
37358.2;309.2;2643408.45;1266274.65;8.015233;47.545762
37365.5;309.4;2643412.1;1266281.01;8.015282;47.545819
37373.100000000006;309.5;2643415.96;1266287.49;8.015334;47.545877
37380.100000000006;309.7;2643418.47;1266294.07;8.015368;47.545936
37388.7;310;2643422.03;1266301.88;8.015416;47.546006
37395.9;310.2;2643424.99;1266308.46;8.015456;47.546065
37402.9;310.3;2643427.58;1266314.93;8.015491;47.546123
37410.5;310.6;2643431.3;1266321.63;8.015541;47.546183
37419.100000000006;310.9;2643434.63;1266329.55;8.015586;47.546254
37427;311.3;2643438.19;1266336.58;8.015634;47.546317
37434.600000000006;311.4;2643441.37;1266343.5;8.015677;47.546379
37442.2;311.8;2643444.49;1266350.41;8.015719;47.546441
37450.4;312.1;2643448.05;1266357.78;8.015767;47.546507
37458.5;312.4;2643450.25;1266365.58;8.015797;47.546577
37465.9;312.7;2643453.36;1266372.27;8.015839;47.546637
37473.9;313;2643456.62;1266379.64;8.015883;47.546703
37480.9;313.2;2643459.43;1266385.99;8.015921;47.54676
37488.5;313.5;2643462.01;1266393.13;8.015956;47.546824
37495.7;313.7;2643464.83;1266399.82;8.015994;47.546884
37504.2;314;2643468.84;1266407.3;8.016048;47.546951
37512.100000000006;314.2;2643471.87;1266414.55;8.016089;47.547016
37519.7;314.3;2643475.58;1266421.25;8.016139;47.547076
37526.5;314.4;2643478.47;1266427.39;8.016178;47.547131
37534.2;314.5;2643482.04;1266434.19;8.016226;47.547192
37541;314.6;2643484.02;1266440.66;8.016253;47.54725
37547.4;314.6;2643486.77;1266446.46;8.01629;47.547302
37554.2;312.8;2643489.13;1266452.82;8.016322;47.547359
37561.2;309.5;2643491.94;1266459.29;8.01636;47.547417
37568.2;307.7;2643494.91;1266465.65;8.0164;47.547474
37574.9;307.5;2643497.8;1266471.67;8.016439;47.547528
37582;307.4;2643500.31;1266478.25;8.016473;47.547587
37589.2;307.9;2643503.35;1266484.83;8.016514;47.547646
37596;311.3;2643506.46;1266490.86;8.016556;47.5477
37603.4;314.6;2643509.96;1266497.33;8.016603;47.547758
37610.3;314.4;2643513;1266503.58;8.016644;47.547814
37617.4;314.3;2643516.11;1266509.94;8.016686;47.547871
37624.3;314.3;2643518.92;1266516.3;8.016724;47.547928
37631.7;314.1;2643522.34;1266522.78;8.01677;47.547986
37639.100000000006;314;2643525.6;1266529.47;8.016814;47.548046
37647.4;313.7;2643529.61;1266536.73;8.016868;47.548111
37654.9;313.4;2643532.5;1266543.64;8.016907;47.548173
37662.8;313.1;2643536.36;1266550.57;8.016959;47.548235
37671.100000000006;312.8;2643540.3;1266557.82;8.017012;47.5483
37679.100000000006;312.5;2643544.09;1266564.86;8.017063;47.548363
37687.5;312.1;2643548.17;1266572.23;8.017118;47.548429
37694.600000000006;311.9;2643550.68;1266578.92;8.017152;47.548489
37703.3;311.6;2643554.69;1266586.62;8.017206;47.548558
37711.600000000006;311.2;2643558.93;1266593.76;8.017263;47.548622
37720.5;311;2643562.56;1266601.91;8.017312;47.548695
37729.4;310.7;2643566.19;1266609.94;8.017361;47.548767
37738;310.5;2643569.67;1266617.86;8.017408;47.548838
37746.5;310.2;2643573.38;1266625.45;8.017458;47.548906
37754.4;309.9;2643576.86;1266632.59;8.017505;47.54897
37763.100000000006;309.8;2643581.1;1266640.18;8.017562;47.549038
37771.8;309.6;2643585.56;1266647.67;8.017622;47.549105
37780.5;309.5;2643591.38;1266654.16;8.0177;47.549163
37790.5;309.4;2643599.17;1266660.44;8.017804;47.549219
37799.2;309.5;2643606.2;1266665.5;8.017898;47.549264
37808.4;309.6;2643615.39;1266665.68;8.01802;47.549265
37818.2;309.5;2643625.09;1266666.86;8.018149;47.549275
37827.3;309.7;2643634.2;1266666.59;8.01827;47.549272
37834.600000000006;309.8;2643641.36;1266665.2;8.018365;47.549259
37844.3;309.9;2643651.07;1266665.38;8.018494;47.54926
37853;309.9;2643659.81;1266664.89;8.01861;47.549255
37860.4;310;2643667.12;1266663.95;8.018707;47.549246
37869.4;310;2643676.15;1266664.01;8.018827;47.549246
37878.100000000006;310;2643684.74;1266662.74;8.018941;47.549234
37885.600000000006;310.1;2643692.13;1266661.68;8.019039;47.549224
37894.600000000006;310.1;2643701.16;1266661.64;8.019159;47.549223
37902.7;310.1;2643709.29;1266661.48;8.019267;47.549221
37910.9;310;2643717.42;1266662.32;8.019375;47.549228
37919.600000000006;310;2643725.86;1266660.49;8.019487;47.549211
37927.3;310;2643733.62;1266659.77;8.01959;47.549204
37935.100000000006;309.9;2643741.24;1266658.27;8.019691;47.54919
37942;309.9;2643748.16;1266658.76;8.019783;47.549194
37949.5;309.9;2643755.61;1266658.37;8.019882;47.54919
37956.4;309.8;2643762.46;1266658.87;8.019973;47.549194
37964.2;309.8;2643770.28;1266659.71;8.020077;47.549201
37971.7;309.7;2643777.73;1266659.76;8.020176;47.549201
37979.7;309.7;2643785.65;1266658.82;8.020281;47.549192
37987.9;309.7;2643793.85;1266659.55;8.02039;47.549198
37995.600000000006;309.7;2643801.52;1266659.71;8.020492;47.549199
38003.8;309.6;2643809.73;1266659.89;8.020601;47.5492
38012.4;309.5;2643818.31;1266660.28;8.020715;47.549203
38019.4;309.5;2643825.31;1266660.34;8.020808;47.549203
38027.100000000006;309.5;2643832.98;1266661.5;8.02091;47.549213
38035.600000000006;309.4;2643841.49;1266661.23;8.021023;47.54921
38042;309.4;2643847.81;1266661.28;8.021107;47.54921
38048.5;309.4;2643854.36;1266661.22;8.021194;47.549209
38056.100000000006;309.4;2643861.97;1266660.72;8.021295;47.549204
38063.7;309.3;2643869.49;1266660.55;8.021395;47.549202
38073.5;309.3;2643879.28;1266661.4;8.021525;47.549209
38081.3;309.2;2643887.11;1266661.02;8.021629;47.549205
38088.600000000006;309.2;2643894.41;1266660.63;8.021726;47.549201
38096.8;309.1;2643902.46;1266662.24;8.021833;47.549215
38104.5;309.1;2643910.06;1266662.63;8.021934;47.549218
38113.5;309;2643919.01;1266663.59;8.022053;47.549226
38119.3;309;2643924.72;1266664.85;8.022129;47.549237
38128.100000000006;309;2643933.53;1266664.36;8.022246;47.549232
38135.3;308.9;2643940.68;1266664.42;8.022341;47.549232
38143.100000000006;308.9;2643948.51;1266664.92;8.022445;47.549236
38148.600000000006;308.9;2643953.92;1266665.74;8.022517;47.549243
38156.5;308.9;2643961.61;1266664.02;8.022619;47.549227
38163.4;308.9;2643968.53;1266664.62;8.022711;47.549232
38172.3;308.9;2643977.35;1266663.35;8.022828;47.54922
38181.8;308.9;2643986.84;1266662.87;8.022954;47.549215
38189.4;308.9;2643994.37;1266662.7;8.023054;47.549213
38198.3;308.8;2644003.26;1266662.1;8.023172;47.549207
38208.600000000006;308.9;2644013.33;1266664.29;8.023306;47.549226
38216.7;308.9;2644021.3;1266665.79;8.023412;47.549239
38223.600000000006;308.8;2644028.22;1266665.73;8.023504;47.549238
38233.7;309;2644037.84;1266668.7;8.023632;47.549264
38242.2;309;2644046.1;1266670.54;8.023742;47.54928
38249.9;309;2644053.7;1266671.82;8.023843;47.549291
38258.4;309.1;2644062.12;1266672.99;8.023955;47.549301
38264.5;309.1;2644068.29;1266673.15;8.024037;47.549302
38271.7;309.1;2644075.44;1266673.31;8.024132;47.549303
38280.5;309.2;2644084.01;1266675.49;8.024246;47.549322
38285.4;309.2;2644088.9;1266675.19;8.024311;47.549319
38291.8;309.2;2644095.3;1266675.35;8.024396;47.54932
38300.3;309.2;2644103.65;1266676.64;8.024507;47.549331
38307.8;309.2;2644111.17;1266677.47;8.024607;47.549338
38311.5;309.2;2644114.49;1266675.83;8.024651;47.549323
38319;309.2;2644121.94;1266676.22;8.02475;47.549326
38326;309.2;2644128.94;1266676.6;8.024843;47.549329
38332.100000000006;309.2;2644135.04;1266676.09;8.024924;47.549324
38337.4;309;2644140.31;1266675.69;8.024994;47.54932
38348.7;309.4;2644151.13;1266678.77;8.025138;47.549347
38357.5;309.4;2644159.78;1266680.5;8.025253;47.549362
38363;309.4;2644165.27;1266680.55;8.025326;47.549362
38371.9;309.4;2644174.07;1266681.95;8.025443;47.549374
38382.600000000006;309.5;2644184.59;1266683.8;8.025583;47.54939
38387.7;309.5;2644189.64;1266683.17;8.02565;47.549384
38396.7;309.5;2644198.59;1266684.13;8.025769;47.549392
38402.2;309.4;2644204.09;1266683.5;8.025842;47.549386
38412.100000000006;309.5;2644213.87;1266685.02;8.025972;47.549399
38421.2;309.5;2644222.97;1266685.54;8.026093;47.549403
38430.2;309.5;2644231.94;1266685.05;8.026212;47.549398
38438.9;309.6;2644240.12;1266688;8.026321;47.549424
38447.3;309.4;2644248.12;1266685.5;8.026427;47.549401
38456.3;309.7;2644256.52;1266688.68;8.026539;47.549429
38461.600000000006;309.7;2644261.87;1266688.94;8.02661;47.549431
38469.100000000006;309.6;2644269.32;1266689.44;8.026709;47.549435
38479.600000000006;309.7;2644279.15;1266693.18;8.02684;47.549468
38486.7;309.7;2644286.22;1266694.13;8.026934;47.549476
38494.5;309.5;2644293.9;1266693.29;8.027036;47.549468
38501.8;309.4;2644301.21;1266693.35;8.027133;47.549468
38509.3;309.4;2644308.73;1266694.07;8.027233;47.549474
38518.2;309.2;2644317.21;1266696.8;8.027346;47.549498
38526;308.9;2644323.94;1266692.85;8.027435;47.549462
38534.3;308.6;2644332.15;1266693.36;8.027544;47.549466
38541.8;308.4;2644339.68;1266692.75;8.027644;47.54946
38549.4;308.1;2644347.28;1266692.36;8.027745;47.549456
38560.2;307.8;2644358.06;1266691.33;8.027888;47.549446
38567.7;307.6;2644365.37;1266689.72;8.027985;47.549431
38574.9;307.5;2644372.53;1266689.32;8.02808;47.549427
38582.4;307.3;2644379.77;1266687.38;8.028176;47.549409
38592.600000000006;305.3;2644389.93;1266686.9;8.028311;47.549404
38601;306.1;2644397.93;1266684.29;8.028417;47.54938
38608.5;307.3;2644405.46;1266684.9;8.028517;47.549385
38618.9;307.4;2644415.77;1266684.76;8.028654;47.549383
38627.100000000006;307.5;2644423.97;1266685.04;8.028763;47.549385
38636.5;307.6;2644433.38;1266685.11;8.028888;47.549385
38643.9;307.7;2644440.76;1266685.28;8.028986;47.549386
38655.3;307.9;2644452.19;1266686.48;8.029138;47.549396
38661.100000000006;308;2644457.99;1266686.63;8.029215;47.549397
38669.2;308.1;2644465.96;1266687.47;8.029321;47.549404
38675.9;308.1;2644472.67;1266686.63;8.02941;47.549396
38681.3;308.2;2644478.02;1266685.89;8.029481;47.549389
38686.7;308.1;2644481.06;1266681.47;8.029521;47.549349
38695;308.1;2644489.34;1266681.75;8.029631;47.549351
38702.8;308.2;2644497.17;1266681.92;8.029735;47.549352
38713.5;308.5;2644507.86;1266682.23;8.029877;47.549354
38721.3;308.5;2644515.68;1266682.4;8.029981;47.549355
38728.7;308.6;2644523.06;1266682.56;8.030079;47.549356
38737.600000000006;308.7;2644531.94;1266682.85;8.030197;47.549358
38746.3;308.8;2644540.59;1266683.69;8.030312;47.549365
38752.8;308.9;2644547.14;1266683.52;8.030399;47.549363
38762;309;2644556.24;1266684.81;8.03052;47.549374
38769.2;309.1;2644563.39;1266684.76;8.030615;47.549373
38776.4;309.2;2644570.55;1266684.25;8.03071;47.549368
38784.9;309.2;2644579.05;1266685.21;8.030823;47.549376
38794.2;309.3;2644588.31;1266684.72;8.030946;47.549371
38799;309.4;2644592.99;1266683.76;8.031008;47.549362
38805.8;309.5;2644599.77;1266683.14;8.031098;47.549356
38811.3;309.5;2644605.27;1266682.18;8.031171;47.549347
38816.9;309.6;2644610.77;1266681.67;8.031244;47.549342
38823.9;309.7;2644617.7;1266680.38;8.031336;47.54933
38833;309.8;2644626.74;1266679.9;8.031456;47.549325
38839.3;309.8;2644633.07;1266679.39;8.03154;47.54932
38844.5;309.8;2644637.08;1266676.08;8.031593;47.54929
38852.7;310.9;2644645.29;1266675.81;8.031702;47.549287
38859.2;309.8;2644651.68;1266676.64;8.031787;47.549294
38866.7;309.8;2644659.21;1266676.47;8.031887;47.549292
38875.100000000006;309.9;2644667.64;1266676.87;8.031999;47.549295
38882.5;309.9;2644674.95;1266676.04;8.032096;47.549287
38894.4;309.8;2644686.6;1266678.35;8.032251;47.549307
38903.3;309.8;2644695.48;1266678.19;8.032369;47.549305
38910.9;309.7;2644703.08;1266679.14;8.03247;47.549313
38919.100000000006;309.7;2644711.21;1266679.76;8.032578;47.549318
38926.100000000006;304.5;2644718.21;1266679.81;8.032671;47.549318
38934.3;309.5;2644726.41;1266680.43;8.03278;47.549323
38942;309.4;2644734;1266681.49;8.032881;47.549332
38949.600000000006;309.4;2644741.6;1266681.65;8.032982;47.549333
38957.2;309.3;2644749.21;1266681.93;8.033083;47.549335
38964.600000000006;309.2;2644756.66;1266681.99;8.033182;47.549335
38972.2;309.1;2644764.18;1266682.83;8.033282;47.549342
38979.8;309;2644771.78;1266683.11;8.033383;47.549344
38986.8;308.9;2644778.78;1266683.27;8.033476;47.549345
38994.600000000006;308.7;2644786.53;1266684.33;8.033579;47.549354
39000.100000000006;308.6;2644792.02;1266684.93;8.033652;47.549359
39008.600000000006;308.5;2644800.44;1266685.77;8.033764;47.549366
39015.8;308.4;2644807.59;1266685.71;8.033859;47.549365
39023.7;308.2;2644815.49;1266686.77;8.033964;47.549374
39032.2;308.2;2644823.91;1266687.73;8.034076;47.549382
39040.600000000006;308;2644832.18;1266689.12;8.034186;47.549394
39049.100000000006;307.9;2644840.37;1266691.52;8.034295;47.549415
39056.4;307.8;2644847.44;1266693.24;8.034389;47.54943
39064.4;307.8;2644855.25;1266694.97;8.034493;47.549445
39071.9;307.7;2644862.62;1266696.14;8.034591;47.549455
39079.7;307.8;2644870.29;1266697.75;8.034693;47.549469
39086.9;307.8;2644877.43;1266698.36;8.034788;47.549474
39093.600000000006;307.9;2644884.05;1266699.41;8.034876;47.549483
39100.2;307.8;2644889.9;1266702.57;8.034954;47.549511
39108.5;307.9;2644898.02;1266704.19;8.035062;47.549525
39116.7;308.1;2644906.06;1266705.81;8.035169;47.549539
39124.4;308.2;2644913.26;1266708.42;8.035265;47.549562
39132.9;308.3;2644921.3;1266711.37;8.035372;47.549588
39140.3;308.5;2644928.28;1266713.65;8.035465;47.549608
39148.600000000006;308.5;2644935.94;1266716.82;8.035567;47.549636
39153.9;308.7;2644941.2;1266717.97;8.035637;47.549646
39161.4;308.9;2644948.18;1266720.47;8.03573;47.549668
39170.7;309.2;2644956.89;1266723.76;8.035846;47.549697
39178.7;309.4;2644964.16;1266727.26;8.035943;47.549728
39185.5;309.7;2644970.62;1266729.43;8.036029;47.549747
39191.8;309.9;2644976.4;1266731.69;8.036106;47.549767
39199;310.1;2644983.23;1266734.19;8.036197;47.549789
39207.5;310.3;2644991.03;1266737.36;8.036301;47.549817
39213.9;310.6;2644996.58;1266740.63;8.036375;47.549846
39221;310.8;2645002.8;1266744.01;8.036458;47.549876
39227.7;311;2645008.95;1266746.84;8.03654;47.549901
39235.9;311.3;2645016.08;1266750.79;8.036635;47.549936
39242.8;311.6;2645022.3;1266753.84;8.036718;47.549963
39249.4;311.7;2645028;1266757.1;8.036794;47.549992
39254.5;312;2645032.49;1266759.47;8.036854;47.550013
39261.5;312.2;2645038.64;1266762.86;8.036936;47.550043
39268;312.4;2645044.57;1266765.57;8.037015;47.550067
39274;312.6;2645049.97;1266768.17;8.037087;47.55009
39280.100000000006;312.8;2645055.67;1266770.21;8.037163;47.550108
39286.7;313;2645061.37;1266773.7;8.037239;47.550139
39293.4;313.2;2645067.37;1266776.64;8.037319;47.550165
39300.100000000006;313.4;2645073.14;1266780.02;8.037396;47.550195
39307;313.6;2645079.14;1266783.51;8.037476;47.550226
39313.100000000006;313.7;2645084.31;1266786.67;8.037545;47.550254
39319.100000000006;313.8;2645089.4;1266789.82;8.037613;47.550282
39326.100000000006;314;2645095.32;1266793.64;8.037692;47.550316
39332.5;314.2;2645100.79;1266796.8;8.037765;47.550344
39338.600000000006;314.3;2645106.19;1266799.73;8.037837;47.55037
39344.4;314.5;2645111.21;1266802.66;8.037904;47.550396
39349.9;311.9;2645116.08;1266805.14;8.037969;47.550418
39357.5;308.6;2645122.83;1266808.64;8.038059;47.550449
39364.100000000006;308.8;2645128.3;1266812.35;8.038132;47.550482
39370.4;312.2;2645133.62;1266815.73;8.038203;47.550512
39377.5;315.2;2645139.76;1266819.22;8.038285;47.550543
39383.2;315.2;2645144.79;1266821.93;8.038352;47.550567
39389.2;315.4;2645149.96;1266824.97;8.038421;47.550594
39396.100000000006;315.5;2645156.03;1266828.24;8.038502;47.550623
39402.5;315.5;2645161.65;1266831.29;8.038577;47.55065
39409.2;315.6;2645167.42;1266834.78;8.038654;47.550681
39415.3;315.7;2645172.82;1266837.71;8.038726;47.550707
39422.5;315.8;2645179.12;1266841.21;8.03881;47.550738
39429.4;315.9;2645185.04;1266844.7;8.038889;47.550769
39435.3;315.9;2645190.36;1266847.19;8.03896;47.550791
39441.100000000006;315.9;2645195.46;1266849.89;8.039028;47.550815
39447.3;316;2645200.93;1266852.94;8.039101;47.550842
39453.2;316;2645206.1;1266855.76;8.03917;47.550867
39459.8;316.1;2645211.8;1266859.03;8.039246;47.550896
39465.600000000006;316.1;2645216.97;1266861.62;8.039315;47.550919
39472.3;316.1;2645222.75;1266865;8.039392;47.550949
39479.4;316.2;2645228.89;1266868.72;8.039474;47.550982
39484.9;316.2;2645233.54;1266871.53;8.039536;47.551007
39490.8;316.3;2645238.71;1266874.46;8.039605;47.551033
39497.4;316.3;2645244.33;1266877.84;8.03968;47.551063
39503.2;316.4;2645249.42;1266880.66;8.039748;47.551088
39509.100000000006;316.4;2645254.44;1266883.81;8.039815;47.551116
39515.4;316.5;2645259.91;1266886.97;8.039888;47.551144
39522.100000000006;316.5;2645265.69;1266890.35;8.039965;47.551174
39530.100000000006;316.5;2645272.58;1266894.4;8.040057;47.55121
39537.7;316.5;2645279.1;1266898.23;8.040144;47.551244
39542.9;316.5;2645283.6;1266900.83;8.040204;47.551267
39549.4;316.6;2645289.14;1266904.21;8.040278;47.551297
39554.600000000006;316.6;2645293.56;1266906.91;8.040337;47.551321
39560.7;316.7;2645298.96;1266909.84;8.040409;47.551347
39567.4;316.7;2645304.81;1266913.11;8.040487;47.551376
39573.7;316.7;2645310.35;1266916.15;8.040561;47.551403
39589;316.7;2645324.23;1266922.6;8.040746;47.55146
39594.100000000006;316.8;2645328.04;1266925.96;8.040797;47.55149
39599.8;316.8;2645333.37;1266927.89;8.040868;47.551507
39606.2;316.8;2645338.92;1266931.05;8.040942;47.551535
39611.600000000006;316.9;2645343.64;1266933.76;8.041005;47.551559
39618.2;316.9;2645349.49;1266936.91;8.041083;47.551587
39624.5;317;2645354.88;1266940.07;8.041155;47.551615
39632.3;317;2645361.48;1266944.23;8.041243;47.551652
39641.3;317;2645369.19;1266948.96;8.041346;47.551694
39645.9;317;2645372.78;1266951.77;8.041394;47.551719
39651.8;317;2645377.96;1266954.7;8.041463;47.551745
39658.5;317;2645383.65;1266958.08;8.041539;47.551775
39663.9;317.1;2645388.53;1266960.56;8.041604;47.551797
39673.2;317.1;2645396.39;1266965.4;8.041709;47.55184
39678.9;317.1;2645401.57;1266967.89;8.041778;47.551862
39687.3;317.1;2645408.99;1266971.84;8.041877;47.551897
39693.600000000006;317.2;2645414.31;1266975.22;8.041948;47.551927
39701.3;317.2;2645420.9;1266979.05;8.042036;47.551961
39708.100000000006;317.2;2645426.75;1266982.54;8.042114;47.551992
39715.100000000006;317.2;2645432.67;1266986.25;8.042193;47.552025
39721.100000000006;317.1;2645438.14;1266988.74;8.042266;47.552047
39727.7;317.2;2645443.84;1266992.12;8.042342;47.552077
39734.7;317.1;2645450.06;1266995.39;8.042425;47.552106
39741.2;317.1;2645455.83;1266998.33;8.042502;47.552132
39748.2;317.1;2645461.98;1267001.6;8.042584;47.552161
39755.100000000006;317.1;2645468.05;1267004.87;8.042665;47.55219
39761.8;317.1;2645474.05;1267008.03;8.042745;47.552218
39768.5;317.1;2645479.97;1267011.19;8.042824;47.552246
39776.3;317.1;2645487.02;1267014.47;8.042918;47.552275
39783.100000000006;317.1;2645492.95;1267017.74;8.042997;47.552304
39789.3;317.1;2645498.19;1267021.12;8.043067;47.552334
39796.2;317.1;2645504.26;1267024.39;8.043148;47.552363
39803.7;317.1;2645510.32;1267028.77;8.043229;47.552402
39810.8;317.2;2645516.47;1267032.38;8.043311;47.552434
39817.5;317.1;2645522.47;1267035.31;8.043391;47.55246
39825.600000000006;317.2;2645529.21;1267039.7;8.043481;47.552499
39831.7;317.2;2645534.53;1267042.86;8.043552;47.552527
39836.2;317.2;2645538.66;1267044.44;8.043607;47.552541
39843.8;317.3;2645545.1;1267048.5;8.043693;47.552577
39854.5;317.4;2645554.78;1267053.13;8.043822;47.552618
39865.7;317.4;2645564.52;1267058.65;8.043952;47.552667
39873.7;317.5;2645571.56;1267062.49;8.044046;47.552701
39884.600000000006;317.6;2645580.7;1267068.34;8.044168;47.552753
39891.600000000006;317.7;2645586.32;1267072.5;8.044243;47.55279
39899.3;317.8;2645592.91;1267076.55;8.044331;47.552826
39906.3;317.9;2645598.75;1267080.49;8.044409;47.552861
39913.7;317.9;2645605.12;1267084.21;8.044494;47.552894
39921.7;318;2645611.94;1267088.37;8.044585;47.552931
39929;318.1;2645618.08;1267092.31;8.044667;47.552966
39936.100000000006;318.1;2645624.38;1267095.48;8.044751;47.552994
39942.3;318.2;2645629.93;1267098.41;8.044825;47.55302
39950;318.3;2645636.9;1267101.58;8.044918;47.553048
39957.100000000006;318.4;2645642.74;1267105.62;8.044996;47.553084
39964.7;318.5;2645649.41;1267109.23;8.045085;47.553116
39971;318.5;2645654.89;1267112.39;8.045158;47.553144
39975.7;318.5;2645659.16;1267114.42;8.045215;47.553162
39981.9;318.6;2645664.4;1267117.69;8.045285;47.553191
39989.600000000006;318.7;2645671.23;1267121.3;8.045376;47.553223
39997;318.8;2645677.75;1267124.8;8.045463;47.553254
40003.7;318.9;2645683.52;1267128.18;8.04554;47.553284
40010.600000000006;319;2645689.28;1267132;8.045617;47.553318
40019.600000000006;319;2645697;1267136.51;8.04572;47.553358
40026.3;319.1;2645702.92;1267139.78;8.045799;47.553387
40034.8;319.2;2645709.81;1267144.73;8.045891;47.553431
40041.7;319.3;2645715.65;1267148.44;8.045969;47.553464
40054.2;319.4;2645725.61;1267155.86;8.046102;47.55353
40057.9;319.5;2645729.29;1267156.77;8.046151;47.553538
40065.4;319.6;2645735.81;1267160.38;8.046238;47.55357
40071.9;319.6;2645741.66;1267163.21;8.046316;47.553595
40078.3;319.7;2645747.13;1267166.48;8.046389;47.553624
40083.5;319.7;2645751.7;1267168.96;8.04645;47.553646
40090.600000000006;319.8;2645758.46;1267171.12;8.04654;47.553665
40095.3;319.8;2645763.04;1267172.49;8.046601;47.553677
40104.5;319.9;2645771.06;1267176.89;8.046708;47.553716
40111;320;2645776.68;1267180.27;8.046783;47.553746
40118.3;320.1;2645782.82;1267184.21;8.046865;47.553781
40127.2;320.2;2645790.62;1267188.49;8.046969;47.553819
40134.5;320.3;2645796.84;1267192.21;8.047052;47.553852
40141.3;320.3;2645802.99;1267195.15;8.047134;47.553878
40148.9;320.3;2645810.04;1267197.99;8.047228;47.553903
40154.7;320.4;2645815.29;1267200.47;8.047298;47.553925
40161.600000000006;320.5;2645821.21;1267203.96;8.047377;47.553956
40169;320.6;2645827.73;1267207.46;8.047464;47.553987
40175.7;320.7;2645833.88;1267210.18;8.047546;47.554011
40181.8;320.7;2645839.74;1267211.78;8.047624;47.554025
40188;320.8;2645845.6;1267213.94;8.047702;47.554044
40195.2;320.8;2645852.12;1267216.88;8.047789;47.55407
40202.4;320.9;2645858.57;1267220.04;8.047875;47.554098
40208.100000000006;321;2645863.9;1267222.2;8.047946;47.554117
40215.9;321;2645871.25;1267224.81;8.048044;47.55414
40222.600000000006;321.1;2645877.41;1267227.53;8.048126;47.554164
40229.100000000006;321.2;2645883.18;1267230.46;8.048203;47.55419
40235.8;321.3;2645889.33;1267232.96;8.048285;47.554212
40244.8;321.4;2645897.66;1267236.47;8.048396;47.554243
40251.8;321.4;2645904.04;1267239.3;8.048481;47.554268
40258.8;321.5;2645910.49;1267242.02;8.048567;47.554292
40262.9;321.5;2645914.63;1267242.05;8.048622;47.554292
40267.4;321.5;2645919.07;1267242.53;8.048681;47.554296
40273.3;321.5;2645924.85;1267243.8;8.048758;47.554307
40279.7;321.6;2645930.93;1267245.85;8.048839;47.554325
40288.100000000006;321.7;2645938.2;1267250.02;8.048936;47.554362
40298.8;321.8;2645948.65;1267252.32;8.049075;47.554382
40308.600000000006;322;2645955.37;1267259.49;8.049165;47.554446
40314.600000000006;322.1;2645961.15;1267260.98;8.049242;47.554459
40323.3;322.1;2645969.33;1267263.94;8.049351;47.554485
40330.600000000006;322.1;2645976.32;1267265.99;8.049444;47.554503
40338.7;322.1;2645984.21;1267267.94;8.049549;47.55452
40344.600000000006;322.1;2645989.99;1267268.99;8.049626;47.554529
40347.8;322;2645990.09;1267265.77;8.049627;47.5545
40353.2;322;2645995.43;1267266.36;8.049698;47.554505
40356.4;322;2645998.67;1267266.72;8.049741;47.554508
40369.2;321.9;2646010.45;1267271.71;8.049898;47.554552
40375.8;321.9;2646016.68;1267273.87;8.049981;47.554571
40386.2;321.9;2646026.44;1267277.28;8.050111;47.554601
40390.5;321.9;2646030.64;1267278.2;8.050167;47.554609
40393.8;321.8;2646033.11;1267280.44;8.0502;47.554629
40400.3;321.8;2646039.11;1267283.05;8.05028;47.554652
40407.4;321.7;2646045.87;1267285.1;8.05037;47.55467
40413.2;321.7;2646051.27;1267287.15;8.050442;47.554688
40420.9;321.6;2646058.63;1267289.54;8.05054;47.554709
40427.4;321.6;2646064.94;1267290.92;8.050624;47.554721
40434.7;321.5;2646071.77;1267293.64;8.050715;47.554745
40441.8;321.4;2646078.3;1267296.47;8.050802;47.55477
40449;321.3;2646084.9;1267299.19;8.05089;47.554794
40456.9;321.3;2646092.33;1267301.92;8.050989;47.554818
40464.9;321.2;2646099.76;1267304.87;8.051088;47.554844
40472.7;321.1;2646107.04;1267307.82;8.051185;47.55487
40480;321;2646113.56;1267310.98;8.051272;47.554898
40486.3;321;2646119.57;1267313.03;8.051352;47.554916
40494.9;320.8;2646127.37;1267316.65;8.051456;47.554948
40501.7;320.7;2646133.29;1267319.92;8.051535;47.554977
40510.3;320.5;2646140.71;1267324.2;8.051634;47.555015
40517.7;320.4;2646147.08;1267328.03;8.051719;47.555049
40526;320.2;2646154.2;1267332.2;8.051814;47.555086
40532.8;320.1;2646159.96;1267335.81;8.051891;47.555118
40540;319.9;2646165.88;1267340.08;8.05197;47.555156
40549.600000000006;319.7;2646173.74;1267345.59;8.052075;47.555205
40557.2;319.5;2646179.65;1267350.3;8.052154;47.555247
40563.8;319.3;2646184.73;1267354.46;8.052222;47.555284
40571.600000000006;319.1;2646190.79;1267359.4;8.052303;47.555328
40579.7;318.9;2646196.69;1267364.89;8.052382;47.555377
40587.4;318.7;2646202;1267370.49;8.052453;47.555427
40596.2;318.5;2646209.03;1267375.77;8.052547;47.555474
40606.3;318.2;2646216.88;1267382.17;8.052652;47.555531
40616;317.9;2646223.83;1267388.9;8.052745;47.555591
40624.3;317.7;2646230.79;1267393.51;8.052838;47.555632
40632.8;317.5;2646237.38;1267398.79;8.052926;47.555679
40640.9;317.3;2646243.81;1267403.73;8.053012;47.555723
40649.600000000006;317;2646250.39;1267409.46;8.0531;47.555774
40657.5;316.8;2646256.45;1267414.62;8.053181;47.55582
40665.100000000006;316.7;2646262.51;1267419.11;8.053262;47.55586
40672.7;316.7;2646268.42;1267423.94;8.053341;47.555903
40680.600000000006;316.6;2646273.94;1267429.54;8.053415;47.555953
40688.7;316.5;2646279.92;1267435.04;8.053495;47.556002
40696.3;316.3;2646284.92;1267440.75;8.053562;47.556053
40704.8;316.3;2646290.52;1267447.13;8.053637;47.55611
40713.4;316.3;2646296.56;1267453.29;8.053718;47.556165
40721.9;316.2;2646301.63;1267460.12;8.053786;47.556226
40729.600000000006;316.2;2646306.25;1267466.27;8.053848;47.556281
40737.3;316.2;2646310.64;1267472.53;8.053907;47.556337
40744.7;316.2;2646315.03;1267478.57;8.053966;47.556391
40751.4;316.2;2646319.21;1267483.71;8.054022;47.556437
40759;316.3;2646323.98;1267489.65;8.054086;47.55649
40767.100000000006;316.3;2646328.67;1267496.24;8.054149;47.556549
40775;316.4;2646333.29;1267502.73;8.054211;47.556607
40782.8;316.5;2646338.43;1267508.55;8.05428;47.556659
40789.9;316.6;2646342.68;1267514.25;8.054337;47.55671
40798;316.6;2646347.52;1267520.74;8.054402;47.556768
40805.4;316.7;2646352.07;1267526.56;8.054463;47.55682
40812.5;316.7;2646356.46;1267532.15;8.054522;47.55687
40819.8;316.8;2646360.71;1267538.08;8.054579;47.556923
40827.2;316.8;2646365.18;1267544.01;8.054639;47.556976
40834.8;316.9;2646370.02;1267549.83;8.054704;47.557028
40842.100000000006;317;2646374.57;1267555.53;8.054765;47.557079
40850;317;2646379.34;1267561.91;8.054829;47.557136
40857.7;317.1;2646383.5;1267568.28;8.054885;47.557193
40865;317.1;2646387.06;1267574.76;8.054933;47.557251
40872.5;317.3;2646390.78;1267581.24;8.054983;47.557309
40879.5;317.4;2646394.19;1267587.38;8.055029;47.557364
40886.8;317.4;2646397.83;1267593.63;8.055078;47.55742
40894.3;317.6;2646401.69;1267600.11;8.05513;47.557478
40901.4;317.7;2646404.58;1267606.58;8.055169;47.557536
40908.4;317.8;2646407.99;1267612.73;8.055215;47.557591
40915.9;318;2646411.7;1267619.2;8.055265;47.557649
40923.2;318.1;2646414.51;1267625.9;8.055303;47.557709
40930.100000000006;318.2;2646417.17;1267632.26;8.055339;47.557766
40937.3;318.2;2646420.43;1267638.73;8.055383;47.557824
40944.100000000006;318.4;2646423.4;1267644.87;8.055423;47.557879
40950.9;318.5;2646425.98;1267651.12;8.055458;47.557935
40957.7;318.5;2646428.72;1267657.37;8.055495;47.557991
40964.9;318.6;2646431.6;1267663.95;8.055534;47.55805
40964.9;318.7;2646434.18;1267670.31;8.055569;47.558107
40971.9;318.7;2646437.3;1267676.56;8.055611;47.558163
40978.4;318.7;2646440.34;1267682.36;8.055652;47.558215
40985.1;318.8;2646443.53;1267688.17;8.055695;47.558267
40991.700000000004;318.8;2646446.72;1267693.98;8.055738;47.558319
40998.6;318.8;2646449.98;1267700.12;8.055782;47.558374
41005.1;318.8;2646453.55;1267705.49;8.05583;47.558422
41011.5;318.8;2646457.05;1267710.85;8.055877;47.55847
41018.3;318.8;2646460.69;1267716.66;8.055926;47.558522
41025.3;318.9;2646464.94;1267722.14;8.055983;47.558571
41032.5;318.9;2646469.26;1267727.96;8.056041;47.558623
41039.8;318.8;2646473.96;1267733.44;8.056104;47.558672
41046.200000000004;318.9;2646478.06;1267738.37;8.056159;47.558716
41053;318.9;2646481.78;1267744.07;8.056209;47.558767
41059.9;318.9;2646486.4;1267749.22;8.056271;47.558813
41066.3;318.9;2646490.43;1267754.26;8.056325;47.558858
41073.6;318.9;2646495.43;1267759.52;8.056392;47.558905
41080.4;319;2646499.83;1267764.67;8.056451;47.558951
41086.700000000004;319;2646504.76;1267768.6;8.056517;47.558986
41094.5;318.9;2646510.6;1267773.76;8.056595;47.559032
41102;318.9;2646516.73;1267778.15;8.056677;47.559071
41108.4;318.9;2646521.97;1267781.86;8.056747;47.559104
41116.3;319;2646527.65;1267787.24;8.056823;47.559152
41123.200000000004;318.9;2646533.26;1267791.29;8.056898;47.559188
41130;318.9;2646538.73;1267795.33;8.056971;47.559224
41137.4;318.8;2646544.56;1267799.94;8.057049;47.559265
41144.4;318.8;2646550.1;1267804.21;8.057123;47.559303
41150.700000000004;318.7;2646555.57;1267807.25;8.057196;47.55933
41157.700000000004;318.7;2646561.25;1267811.41;8.057272;47.559367
41165;318.7;2646567.32;1267815.46;8.057353;47.559403
41172;318.6;2646573.39;1267818.96;8.057434;47.559434
41178.700000000004;318.6;2646579.54;1267821.56;8.057516;47.559457
41185.4;318.6;2646585.38;1267824.83;8.057594;47.559486
41192.5;318.5;2646591.91;1267827.77;8.057681;47.559512
41199.6;318.5;2646598.36;1267830.72;8.057767;47.559538
41206.4;318.4;2646604.66;1267833.21;8.057851;47.55956
41214.200000000004;318.4;2646611.94;1267836.05;8.057948;47.559585
41221.6;318.4;2646618.61;1267839.22;8.058037;47.559613
41229.4;318.3;2646626.04;1267841.61;8.058136;47.559634
41236.3;318.3;2646632.58;1267843.77;8.058223;47.559653
41243.8;318.3;2646639.63;1267846.5;8.058317;47.559677
41251.8;318.3;2646647.29;1267848.78;8.058419;47.559697
41259.4;318.3;2646654.73;1267850.29;8.058518;47.55971
41266.1;318.3;2646660.88;1267852.89;8.0586;47.559733
41274;318.2;2646668.15;1267856.06;8.058697;47.559761
41280.6;318.2;2646674.15;1267858.78;8.058777;47.559785
41286.9;318.2;2646680.24;1267860.16;8.058858;47.559797
41293.8;318.2;2646686.69;1267862.66;8.058944;47.559819
41300.200000000004;318.2;2646692.77;1267864.82;8.059025;47.559838
41307;318.1;2646698.92;1267867.65;8.059107;47.559863
41313.4;318.1;2646705.08;1267869.36;8.059189;47.559878
41321.6;318.1;2646712.58;1267872.65;8.059289;47.559907
41327.9;318.1;2646718.66;1267874.36;8.05937;47.559922
41337.9;318.1;2646727.97;1267877.88;8.059494;47.559953
41348.5;318;2646737.8;1267881.85;8.059625;47.559988
41357.5;316.5;2646746.2;1267885.14;8.059737;47.560017
41363.6;317.9;2646751.83;1267887.52;8.059812;47.560038
41369.1;317.9;2646756.85;1267889.79;8.059879;47.560058
41375.700000000004;317.4;2646763.24;1267891.4;8.059964;47.560072
41382.4;317.8;2646769.69;1267893.23;8.06005;47.560088
41391.200000000004;316.5;2646778.03;1267895.96;8.060161;47.560112
41399.8;317.8;2646785.9;1267899.36;8.060266;47.560142
41406.4;316.5;2646792.13;1267901.74;8.060349;47.560163
41411.200000000004;317.9;2646795.95;1267904.55;8.0604;47.560188
41419.5;317.8;2646803.68;1267907.62;8.060503;47.560215
41425.700000000004;317.8;2646809.45;1267909.89;8.06058;47.560235
41434;317.9;2646816.8;1267913.84;8.060678;47.56027
41442.6;317.8;2646824.52;1267917.68;8.060781;47.560304
41451;317.8;2646832.02;1267921.41;8.060881;47.560337
41458.1;317.8;2646839.01;1267922.57;8.060974;47.560347
41465.3;317.8;2646846.15;1267923.63;8.061069;47.560356
41474.4;317.8;2646854.7;1267926.7;8.061183;47.560383
41483.9;317.7;2646863.56;1267930;8.061301;47.560412
41491.6;317.7;2646870.53;1267933.28;8.061394;47.560441
41498.1;317.7;2646876.23;1267936.54;8.06147;47.56047
41503.9;317.6;2646881.94;1267937.26;8.061546;47.560476
41509.4;317.6;2646887.12;1267939.19;8.061615;47.560493
41514.700000000004;317.6;2646891.84;1267941.45;8.061678;47.560513
41519.4;317.5;2646896.58;1267941.71;8.061741;47.560515
41526.1;317.5;2646902.5;1267944.87;8.06182;47.560543
41535.700000000004;317.5;2646911.97;1267946.5;8.061946;47.560557
41545.5;317.5;2646920.9;1267950.58;8.062065;47.560593
41552.5;317.5;2646927.5;1267952.85;8.062153;47.560613
41560.200000000004;317.5;2646934.32;1267956.35;8.062244;47.560644
41567.700000000004;317.4;2646940.92;1267959.96;8.062332;47.560676
41576.6;317.4;2646948.79;1267964.14;8.062437;47.560713
41583.700000000004;317.4;2646955.78;1267965.53;8.06253;47.560725
41591.4;317.4;2646963.21;1267967.15;8.062629;47.560739
41599.1;317.4;2646970.34;1267970.09;8.062724;47.560765
41607;317.3;2646977.69;1267973.15;8.062822;47.560792
41614.6;317.3;2646984.67;1267976.1;8.062915;47.560818
41622.4;317.2;2646991.95;1267978.83;8.063012;47.560842
41629.700000000004;317.2;2646998.85;1267981.22;8.063104;47.560863
41637.4;317.2;2647006.36;1267983.06;8.063204;47.560879
41644.5;317.2;2647013.05;1267985.33;8.063293;47.560899
41653.4;317.2;2647021.53;1267988.07;8.063406;47.560923
41660.8;317.1;2647028.43;1267990.68;8.063498;47.560946
41669;317.1;2647036.09;1267993.63;8.0636;47.560972
41676.1;317.1;2647042.76;1267996.13;8.063689;47.560994
41683.4;317;2647049.9;1267997.75;8.063784;47.561008
41692.8;317;2647058.76;1268000.82;8.063902;47.561035
41701.3;316.9;2647066.79;1268003.66;8.064009;47.56106
41709.9;316.9;2647074.66;1268007.06;8.064114;47.56109
41716.9;316.9;2647081.35;1268009.01;8.064203;47.561107
41724.200000000004;316.9;2647088.25;1268011.62;8.064295;47.56113
41732.200000000004;316.8;2647095.83;1268013.9;8.064396;47.56115
41739;316.8;2647102.21;1268016.4;8.064481;47.561172
41746.6;316.8;2647109.19;1268019.35;8.064574;47.561198
41754.4;316.8;2647116.31;1268022.52;8.064669;47.561226
41762.5;316.8;2647123.97;1268025.25;8.064771;47.56125
41769.5;316.7;2647130.65;1268027.3;8.06486;47.561268
41776.6;316.7;2647137.25;1268029.8;8.064948;47.56129
41784;316.7;2647143.92;1268033.08;8.065037;47.561319
41791.9;316.7;2647151.35;1268035.92;8.065136;47.561344
41799.1;316.7;2647158.18;1268038.08;8.065227;47.561363
41806.6;316.6;2647165.16;1268040.7;8.06532;47.561386
41813.9;316.5;2647172.14;1268042.98;8.065413;47.561406
41822.5;316.5;2647180.17;1268045.93;8.06552;47.561432
41830.5;316.5;2647187.91;1268048.22;8.065623;47.561452
41838.1;316.4;2647195.27;1268050.17;8.065721;47.561469
41845.4;316.4;2647201.71;1268053.55;8.065807;47.561499
41852.4;316.3;2647208.55;1268054.83;8.065898;47.56151
41860.200000000004;316.2;2647216.14;1268056.89;8.065999;47.561528
41870;316.2;2647225.6;1268059.41;8.066125;47.56155
41881;316.1;2647236.11;1268062.39;8.066265;47.561576
41890.200000000004;316.1;2647245.13;1268064.57;8.066385;47.561595
41899.6;315.9;2647254.45;1268065.87;8.066509;47.561606
41908.1;315.9;2647262.64;1268067.94;8.066618;47.561624
41916;315.9;2647270.07;1268070.67;8.066717;47.561648
41925.200000000004;315.8;2647279.24;1268071.85;8.066839;47.561658
41934.6;315.8;2647288.56;1268072.82;8.066963;47.561666
41943.3;315.7;2647297.13;1268074.44;8.067077;47.56168
41951.5;315.6;2647305.33;1268074.51;8.067186;47.56168
41959.5;315.6;2647313.3;1268075.24;8.067292;47.561686
41968.200000000004;315.4;2647321.96;1268075.75;8.067407;47.56169
41975.700000000004;315.4;2647329.4;1268076.26;8.067506;47.561694
41983.700000000004;315.3;2647337.46;1268076.1;8.067613;47.561692
41992;315.1;2647345.74;1268075.83;8.067723;47.561689
42000.200000000004;315;2647353.87;1268075.67;8.067831;47.561687
42008.3;314.8;2647362;1268074.96;8.067939;47.56168
42016.6;314.7;2647370.29;1268074.14;8.068049;47.561672
42024.9;314.6;2647378.43;1268072.87;8.068157;47.56166
42033.3;314.4;2647386.64;1268071.16;8.068266;47.561644
42041.1;314.2;2647394.26;1268069.55;8.068367;47.561629
42049.4;314;2647402.33;1268067.28;8.068474;47.561608
42057.9;313.8;2647410.33;1268064.56;8.06858;47.561583
42066;313.6;2647418.03;1268061.96;8.068682;47.561559
42074.4;313.5;2647425.95;1268059.13;8.068787;47.561533
42083.5;313.3;2647434.41;1268055.97;8.068899;47.561504
42091.9;313.2;2647442.33;1268052.92;8.069004;47.561476
42101.1;313;2647451.01;1268050.1;8.069119;47.56145
42109.5;312.8;2647458.86;1268047.16;8.069223;47.561423
42118;312.6;2647466.79;1268044;8.069328;47.561394
42126.700000000004;312.4;2647475.02;1268041.29;8.069437;47.561369
42135.200000000004;312.3;2647483.09;1268038.57;8.069544;47.561344
42143.6;312.1;2647491.02;1268035.74;8.069649;47.561318
42152.3;311.9;2647499.02;1268032.36;8.069755;47.561287
42160.700000000004;311.7;2647506.95;1268029.53;8.06986;47.561261
42169.200000000004;311.6;2647514.87;1268026.49;8.069965;47.561233
42177.6;311.4;2647522.8;1268023.77;8.07007;47.561208
42185.8;311.3;2647530.57;1268020.94;8.070173;47.561182
42194.1;311.1;2647538.35;1268018.11;8.070276;47.561156
42202.5;310.9;2647546.2;1268015.17;8.07038;47.561129
42210.9;310.8;2647553.98;1268012.01;8.070483;47.5611
42219.1;310.6;2647561.82;1268009.63;8.070587;47.561078
42227.4;310.5;2647569.67;1268007.02;8.070691;47.561054
42235.9;310.4;2647577.75;1268004.31;8.070798;47.561029
42243.700000000004;310.1;2647585.07;1268001.7;8.070895;47.561005
42251.700000000004;310;2647592.62;1267998.87;8.070995;47.560979
42259.700000000004;309.9;2647600.09;1267996.15;8.071094;47.560954
42267.9;309.8;2647607.79;1267993.21;8.071196;47.560927
42276;309.7;2647615.27;1267990.16;8.071295;47.560899
42285;309.6;2647623.5;1267986.44;8.071404;47.560865
42293;309.4;2647631.05;1267983.72;8.071504;47.56084
42301.1;309.3;2647638.6;1267981;8.071604;47.560815
42309;309.3;2647646.14;1267978.62;8.071704;47.560793
42316.700000000004;309.2;2647653.39;1267975.9;8.0718;47.560768
42323.8;309.1;2647660.18;1267973.73;8.07189;47.560748
42331.200000000004;309.1;2647667.13;1267971.23;8.071982;47.560725
42338.9;309.1;2647674.37;1267968.84;8.072078;47.560703
42346.3;309;2647681.39;1267966.34;8.072171;47.56068
42354;308.9;2647688.64;1267963.62;8.072267;47.560655
42362.4;308.9;2647696.49;1267960.68;8.072371;47.560628
42371;308.8;2647704.56;1267957.85;8.072478;47.560602
42379.5;308.8;2647712.64;1267955.03;8.072585;47.560576
42388.200000000004;308.8;2647720.5;1267951.42;8.072689;47.560543
42396.5;308.9;2647727.31;1267946.69;8.072779;47.5605
42404.6;308.9;2647734.27;1267942.41;8.072871;47.560461
42412.3;308.8;2647741.29;1267939.47;8.072964;47.560434
42420.700000000004;308.6;2647749.58;1267937.76;8.073074;47.560418
42429.6;308.4;2647758.25;1267935.82;8.073189;47.5604
42437.9;308.4;2647766.1;1267933.22;8.073293;47.560376
42446.4;308.4;2647774.33;1267930.84;8.073402;47.560354
42454.9;308.3;2647782.4;1267928.24;8.073509;47.56033
42463;308.2;2647789.88;1267925.18;8.073608;47.560302
42470.4;308.2;2647796.75;1267922.46;8.073699;47.560277
42478.200000000004;308.2;2647803.92;1267919.4;8.073794;47.560249
42486.1;308.2;2647811.32;1267916.57;8.073892;47.560223
42493.9;308.1;2647818.57;1267913.74;8.073988;47.560197
42502;308.1;2647826.12;1267910.91;8.074088;47.560171
42509.6;308.1;2647833.29;1267908.3;8.074183;47.560147
42517.4;308;2647840.54;1267905.47;8.074279;47.560121
42525.5;308;2647847.94;1267902.19;8.074377;47.560091
42532.9;307.9;2647854.81;1267899.47;8.074468;47.560066
42540.5;307.9;2647861.76;1267896.3;8.07456;47.560037
42548.6;307.8;2647868.79;1267892.24;8.074653;47.56
42557;307.8;2647876.5;1267888.86;8.074755;47.559969
42564.200000000004;307.7;2647882.77;1267885.35;8.074838;47.559937
42571.5;307.6;2647889.2;1267881.95;8.074923;47.559906
42579.5;307.6;2647896.01;1267877.67;8.075013;47.559867
42586.8;307.6;2647902.14;1267873.72;8.075094;47.559831
42594.5;307.5;2647908.79;1267869.99;8.075182;47.559797
42602;307.5;2647915.29;1267866.15;8.075268;47.559762
42609.4;307.4;2647921.35;1267861.87;8.075348;47.559723
42617;307.4;2647927.56;1267857.58;8.07543;47.559684
42624.1;307.3;2647933.31;1267853.29;8.075506;47.559645
42631.700000000004;307.3;2647939.67;1267849.12;8.07559;47.559607
42638.700000000004;307.3;2647945.27;1267844.94;8.075664;47.559569
42645.8;307.2;2647950.88;1267840.65;8.075738;47.55953
42652.9;307.2;2647956.41;1267836.13;8.075811;47.559489
42659.5;307.1;2647961.41;1267831.84;8.075877;47.55945
42667.3;307.2;2647967.17;1267826.66;8.075953;47.559403
42674.3;307.1;2647972.4;1267822.03;8.076022;47.559361
42681.3;307.1;2647977.78;1267817.51;8.076093;47.55932
42688.8;307.1;2647983.62;1267812.78;8.07617;47.559277
42696.1;307;2647988.93;1267807.71;8.07624;47.559231
42703.200000000004;307.1;2647994.31;1267803.19;8.076311;47.55919
42710.200000000004;307;2647999.61;1267798.57;8.076381;47.559148
42717.4;306.9;2648005.15;1267793.94;8.076454;47.559106
42724.5;306.9;2648010.53;1267789.31;8.076525;47.559064
42731.4;306.9;2648015.83;1267784.91;8.076595;47.559024
42738.9;306.8;2648021.52;1267780.06;8.07667;47.55898
42745.9;306.8;2648026.82;1267775.44;8.07674;47.558938
42753.200000000004;306.8;2648032.58;1267771.04;8.076816;47.558898
42759.9;306.7;2648037.96;1267766.97;8.076887;47.558861
42766.700000000004;306.7;2648043.33;1267762.78;8.076958;47.558823
42773.8;306.6;2648048.64;1267758.05;8.077028;47.55878
42780.8;306.6;2648053.87;1267753.42;8.077097;47.558738
42788;306.5;2648059.48;1267748.91;8.077171;47.558697
42795.1;306.4;2648064.71;1267744.17;8.07724;47.558654
42802.200000000004;306.4;2648069.94;1267739.32;8.077309;47.55861
42808.8;306.4;2648075.09;1267735.13;8.077377;47.558572
42816;306.4;2648080.7;1267730.73;8.077451;47.558532
42823.1;306.3;2648086.45;1267726.55;8.077527;47.558494
42830.5;306.3;2648091.91;1267721.59;8.077599;47.558449
42838;306.2;2648097.82;1267716.97;8.077677;47.558407
42845;306.2;2648103.13;1267712.34;8.077747;47.558365
42851.6;306.1;2648108.13;1267708.05;8.077813;47.558326
42858.700000000004;306.1;2648113.29;1267703.2;8.077881;47.558282
42865.9;306;2648118.82;1267698.57;8.077954;47.55824
42872.700000000004;306;2648124.2;1267694.39;8.078025;47.558202
42877.1;305.9;2648128.28;1267692.76;8.078079;47.558187
42884.5;305.9;2648133.51;1267687.57;8.078148;47.55814
42891.200000000004;305.9;2648138.82;1267683.39;8.078218;47.558102
42897.700000000004;305.8;2648144.19;1267679.77;8.078289;47.558069
42904.5;305.8;2648149.64;1267675.7;8.078361;47.558032
42910.700000000004;305.7;2648154.56;1267671.96;8.078426;47.557998
42917.200000000004;305.7;2648159.49;1267667.66;8.078491;47.557959
42923.8;305.7;2648164.94;1267663.92;8.078563;47.557925
42931;305.6;2648170.18;1267659.07;8.078632;47.557881
42937.6;305.6;2648174.95;1267654.44;8.078695;47.557839
42943.9;305.6;2648180.1;1267650.93;8.078763;47.557807
42950.8;305.6;2648185.7;1267646.86;8.078837;47.55777
42957.700000000004;305.5;2648191.31;1267642.79;8.078911;47.557733
42964.700000000004;305.5;2648197.36;1267639.28;8.078991;47.557701
42971.4;305.4;2648202.81;1267635.32;8.079063;47.557665
42977.9;305.4;2648208.18;1267631.7;8.079134;47.557632
42984.8;305.4;2648213.93;1267627.96;8.07921;47.557598
42992.1;305.3;2648219.69;1267623.45;8.079286;47.557557
42999.1;305.3;2648225.59;1267619.72;8.079364;47.557523
43006.4;305.2;2648231.8;1267615.77;8.079446;47.557487
43013.1;305.2;2648237.17;1267611.81;8.079517;47.557451
43020.3;305.1;2648242.93;1267607.52;8.079593;47.557412
43027.6;305.1;2648249.28;1267603.79;8.079677;47.557378
43034.700000000004;305;2648255.04;1267599.72;8.079753;47.557341
43042;305;2648261.31;1267595.99;8.079836;47.557307
43049;305;2648267.14;1267592.15;8.079913;47.557272
43056.200000000004;304.9;2648273.42;1267588.64;8.079996;47.55724
43063.3;304.8;2648279.54;1267584.91;8.080077;47.557206
43069.700000000004;304.9;2648285.36;1267582.29;8.080154;47.557182
43076.3;304.8;2648291.26;1267579.34;8.080232;47.557155
43083.200000000004;304.7;2648297.23;1267575.94;8.080311;47.557124
43090;304.7;2648303.2;1267572.65;8.08039;47.557094
43096.9;304.6;2648309.25;1267569.25;8.08047;47.557063
43103.3;304.6;2648315.51;1267568.3;8.080553;47.557054
43110.3;304.6;2648321.93;1267565.47;8.080638;47.557028
43117.8;304.6;2648328.21;1267561.4;8.080721;47.556991
43124;304.6;2648333.65;1267558.33;8.080793;47.556963
43130.4;304.5;2648339.62;1267556.05;8.080872;47.556942
43137.700000000004;304.5;2648346.19;1267552.88;8.080959;47.556913
43143.6;304.4;2648351.78;1267551.03;8.081033;47.556896
43150.700000000004;304.4;2648358.2;1267547.97;8.081118;47.556868
43157.200000000004;304.3;2648364.24;1267545.57;8.081198;47.556846
43164.4;304.3;2648370.52;1267542.07;8.081281;47.556814
43171.9;304.3;2648377.32;1267538.9;8.081371;47.556785
43179.6;304.3;2648384.42;1267535.84;8.081465;47.556757
43185.9;304.3;2648390.31;1267533.56;8.081543;47.556736
43192.4;304.3;2648395.76;1267530.15;8.081615;47.556705
43200.700000000004;304.9;2648401.52;1267524.2;8.081691;47.556651
43207.8;305.1;2648408.17;1267521.58;8.081779;47.556627
43215.200000000004;305.1;2648414.97;1267518.64;8.081869;47.5566
43221.9;304.8;2648421.53;1267517.24;8.081956;47.556587
43229.6;304.3;2648428.85;1267514.86;8.082053;47.556565
43236.8;304.3;2648435.93;1267513.92;8.082147;47.556556
43243.9;304.1;2648442.58;1267511.3;8.082235;47.556532
43250.8;304.1;2648449.36;1267510.25;8.082325;47.556522
43257.5;304.1;2648455.7;1267507.96;8.082409;47.556501
43263.9;304.1;2648461.81;1267506.01;8.08249;47.556483
43270.5;304.2;2648467.64;1267502.95;8.082567;47.556455
43277.1;304.1;2648473.83;1267500.77;8.082649;47.556435
43285.3;304.1;2648482.04;1267499.95;8.082758;47.556427
43292.5;304.1;2648488.76;1267497.34;8.082847;47.556403
43299.9;304.1;2648495.7;1267494.84;8.082939;47.55638
43306.8;304.1;2648502.49;1267493.78;8.083029;47.55637
43314.6;304.1;2648509.37;1267489.94;8.08312;47.556335
43320.9;304.1;2648515.18;1267487.66;8.083197;47.556314
43328.4;304.1;2648522.71;1267487.5;8.083297;47.556312
43336.200000000004;304.1;2648530.25;1267485.78;8.083397;47.556296
43343.8;304.1;2648537.42;1267483.06;8.083492;47.556271
43349.9;304.1;2648542.64;1267479.99;8.083561;47.556243
43358.1;304.1;2648550.56;1267477.94;8.083666;47.556224
43366.9;304.2;2648559.23;1267476.45;8.083781;47.55621
43374.5;304.2;2648566.84;1267475.96;8.083882;47.556205
43380.9;304.1;2648573.1;1267474.35;8.083965;47.55619
43388;304.1;2648580.18;1267473.85;8.084059;47.556185
43394.6;304.1;2648586.51;1267472.34;8.084143;47.556171
43403.700000000004;304.1;2648595.62;1267472.75;8.084264;47.556174
43410.9;304.1;2648602.77;1267471.92;8.084359;47.556166
43417.9;304.1;2648609.56;1267470.31;8.084449;47.556151
43423.1;304.1;2648614.54;1267468.79;8.084515;47.556137
43430.200000000004;304.2;2648621.55;1267467.29;8.084608;47.556123
43436.3;304.3;2648625.96;1267463.1;8.084666;47.556085
43443.5;304.3;2648633.18;1267462.83;8.084762;47.556082
43450.1;304.3;2648639.52;1267461.1;8.084846;47.556066
43457.1;304.4;2648646.38;1267459.71;8.084937;47.556053
43464;304.4;2648653.24;1267458.77;8.085028;47.556044
43472.3;304.5;2648661.45;1267457.95;8.085137;47.556036
43479.1;304.4;2648668.16;1267456.89;8.085226;47.556026
43486.1;304.4;2648675.09;1267456.06;8.085318;47.556018
43492.3;304.5;2648681.27;1267455;8.0854;47.556008
43498;304.6;2648686.56;1267452.93;8.08547;47.555989
43504.8;304.6;2648693.34;1267452.32;8.08556;47.555983
43515.700000000004;304.6;2648704.16;1267453.85;8.085704;47.555996
43522.8;304.7;2648710.58;1267451.01;8.085789;47.55597
43531.1;304.7;2648718.94;1267450.86;8.0859;47.555968
43538.4;304.8;2648726.24;1267450.7;8.085997;47.555966
43547;304.8;2648734.82;1267451.44;8.086111;47.555972
43553.3;304.8;2648741.07;1267450.93;8.086194;47.555967
43560.5;304.9;2648748.3;1267450.55;8.08629;47.555963
43567.5;305;2648755.23;1267449.94;8.086382;47.555957
43574.8;304.9;2648762.53;1267450.33;8.086479;47.55596
43581.1;305;2648768.85;1267450.27;8.086563;47.555959
43587.8;305.1;2648775.48;1267449.66;8.086651;47.555953
43594.5;305.1;2648781.94;1267451.49;8.086737;47.555969
43600.200000000004;305.1;2648787.58;1267452.09;8.086812;47.555974
43607.1;305.2;2648794.43;1267451.48;8.086903;47.555968
43615.4;305.3;2648802.47;1267453.77;8.08701;47.555988
43622.6;305.3;2648809.61;1267454.28;8.087105;47.555992
43630.3;305.4;2648817.12;1267456.23;8.087205;47.556009
43637.8;305.5;2648824.58;1267456.07;8.087304;47.556007
43646.700000000004;305.5;2648832.91;1267459.36;8.087415;47.556036
43654.3;305.5;2648840.27;1267460.87;8.087513;47.556049
43660.5;305.7;2648846.52;1267460.25;8.087596;47.556043
43665.5;305.7;2648851.49;1267460.41;8.087662;47.556044
43672.3;305.9;2648858.1;1267461.68;8.08775;47.556055
43678.3;305.8;2648863.96;1267463.07;8.087828;47.556067
43685.3;305.9;2648870.87;1267464.46;8.08792;47.556079
43692.200000000004;306;2648877.72;1267464.74;8.088011;47.556081
43697.5;306.1;2648882.98;1267465.56;8.088081;47.556088
43704;306.2;2648889.29;1267467.28;8.088165;47.556103
43709;306.3;2648894.26;1267467.32;8.088231;47.556103
43714.3;306.3;2648899.44;1267468.59;8.0883;47.556114
43721.6;306.4;2648906.58;1267470.09;8.088395;47.556127
43728.5;306.5;2648913.19;1267472.04;8.088483;47.556144
43735.700000000004;306.7;2648920.1;1267473.98;8.088575;47.556161
43742.700000000004;306.6;2648926.62;1267476.59;8.088662;47.556184
43751.4;306.8;2648934.81;1267479.44;8.088771;47.556209
43757.5;301.6;2648940.59;1267481.38;8.088848;47.556226
43764.5;301.3;2648946.96;1267484.21;8.088933;47.556251
43772.200000000004;303.8;2648953.78;1267487.94;8.089024;47.556284
43778.8;306.9;2648960.01;1267489.99;8.089107;47.556302
43785.8;307;2648966.38;1267492.82;8.089192;47.556327
43793.700000000004;307;2648973.28;1267496.66;8.089284;47.556361
43800.700000000004;307;2648979.73;1267499.5;8.08937;47.556386
43807.4;307;2648985.65;1267502.55;8.089449;47.556413
43814.3;307.1;2648991.72;1267505.93;8.08953;47.556443
43820.6;307.1;2648997.34;1267508.65;8.089605;47.556467
43827.200000000004;307.2;2649003.41;1267511.26;8.089686;47.55649
43834.1;307.1;2649009.41;1267514.75;8.089766;47.556521
43841.3;307.1;2649015.78;1267518.14;8.089851;47.556551
43848.1;307.2;2649021.62;1267521.52;8.089929;47.556581
43855.6;307.1;2649027.6;1267526.02;8.090009;47.556621
43862.700000000004;307.1;2649033.29;1267530.29;8.090085;47.556659
43869.8;307;2649039.2;1267534.24;8.090164;47.556694
43877.5;307;2649045.41;1267538.85;8.090247;47.556735
43884.9;307;2649051.86;1267542.46;8.090333;47.556767
43891.8;306.9;2649057.54;1267546.29;8.090409;47.556801
43899.200000000004;306.9;2649063.76;1267550.34;8.090492;47.556837
43906.5;306.8;2649069.59;1267554.72;8.09057;47.556876
43913.5;306.8;2649075.28;1267558.89;8.090646;47.556913
43920.9;306.8;2649081.11;1267563.38;8.090724;47.556953
43928.1;306.7;2649086.95;1267567.55;8.090802;47.55699
43934.9;306.7;2649092.71;1267571.26;8.090879;47.557023
43941.9;306.6;2649098.1;1267575.75;8.090951;47.557063
43948.700000000004;306.5;2649103.78;1267579.47;8.091027;47.557096
43954.9;306.5;2649108.57;1267583.4;8.091091;47.557131
43961.8;306.4;2649114.49;1267586.9;8.09117;47.557162
43967.9;306.4;2649119.58;1267590.28;8.091238;47.557192
43975.1;306.3;2649125.49;1267594.44;8.091317;47.557229
43981.200000000004;306.3;2649130.65;1267597.71;8.091386;47.557258
43988.200000000004;306.3;2649136.57;1267601.43;8.091465;47.557291
43995.700000000004;306.2;2649142.86;1267605.37;8.091549;47.557326
44002.5;306.2;2649148.85;1267608.76;8.091629;47.557356
44009.1;306.2;2649154.7;1267611.81;8.091707;47.557383
44016.1;306.1;2649160.23;1267616.08;8.091781;47.557421
44023.9;306.1;2649166.59;1267620.58;8.091866;47.557461
44031.5;306.1;2649173.19;1267624.41;8.091954;47.557495
44038.4;306.1;2649179.1;1267627.8;8.092033;47.557525
44045.700000000004;306.1;2649185.32;1267631.63;8.092116;47.557559
44053.1;306.1;2649191.84;1267635.24;8.092203;47.557591
44061.1;306.1;2649198.27;1267639.97;8.092289;47.557633
44068.6;306;2649204.41;1267644.24;8.092371;47.557671
44075.4;306;2649210.25;1267647.74;8.092449;47.557702
44082.8;306.1;2649216.69;1267651.46;8.092535;47.557735
44089.9;306.1;2649222.76;1267655.07;8.092616;47.557767
44096.9;306.1;2649228.75;1267658.68;8.092696;47.557799
44104;306.1;2649234.59;1267662.73;8.092774;47.557835
44110.1;306.1;2649239.75;1267666;8.092843;47.557864
44117.1;306.1;2649245.29;1267670.27;8.092917;47.557902
44123.700000000004;306.1;2649250.37;1267674.54;8.092985;47.55794
44130.5;306.1;2649255.98;1267678.37;8.09306;47.557974
44136.8;306.2;2649261.07;1267682.08;8.093128;47.558007
44144;306.2;2649266.98;1267686.24;8.093207;47.558044
44149.8;306.2;2649271.7;1267689.62;8.09327;47.558074
44156.4;306.2;2649277.16;1267693.33;8.093343;47.558107
44164;306.2;2649283.14;1267697.94;8.093423;47.558148
44171.1;306.2;2649289.06;1267701.88;8.093502;47.558183
44178.1;306.2;2649294.89;1267705.82;8.09358;47.558218
44185.1;306.2;2649300.58;1267709.76;8.093656;47.558253
44191.700000000004;306.1;2649306.12;1267713.48;8.09373;47.558286
44198.5;306.2;2649311.58;1267717.52;8.093803;47.558322
44205.1;306.2;2649316.74;1267721.57;8.093872;47.558358
44212.200000000004;306.2;2649322.73;1267725.4;8.093952;47.558392
44219;306.2;2649328.57;1267728.78;8.09403;47.558422
44226.1;306.1;2649334.41;1267732.95;8.094108;47.558459
44233;306.1;2649340.1;1267736.89;8.094184;47.558494
44239.3;306.2;2649345.34;1267740.38;8.094254;47.558525
44245.6;306.1;2649350.35;1267744.2;8.094321;47.558559
44252.9;306.2;2649356.33;1267748.36;8.094401;47.558596
44260;306.1;2649362.25;1267752.31;8.09448;47.558631
44267.5;306.1;2649368.08;1267756.91;8.094558;47.558672
44273.9;306.2;2649373.01;1267761.07;8.094624;47.558709
44281.5;306.1;2649379.3;1267765.35;8.094708;47.558747
44288.6;306.1;2649384.68;1267769.95;8.09478;47.558788
44295.700000000004;306.2;2649389.98;1267774.66;8.094851;47.55883
44301.4;306.1;2649394.62;1267777.93;8.094913;47.558859
44307.8;306.2;2649399.48;1267782.08;8.094978;47.558896
44313.6;306.2;2649404.27;1267785.46;8.095042;47.558926
44320.3;306.2;2649409.73;1267789.28;8.095115;47.55896
44323.5;306.2;2649411.82;1267791.75;8.095143;47.558982
44329.5;306.1;2649415.01;1267796.78;8.095186;47.559027
44334.200000000004;306;2649417.39;1267800.91;8.095218;47.559064
44338.700000000004;306;2649418.1;1267805.26;8.095228;47.559103
44342;305.8;2649417.47;1267808.59;8.09522;47.559133
44346.9;306;2649412.66;1267807.88;8.095156;47.559127
44350.1;306.2;2649411.48;1267804.87;8.09514;47.5591
44353.8;306;2649412.72;1267801.43;8.095156;47.559069
44358.5;306.1;2649414.03;1267796.88;8.095173;47.559028
44361.5;306.2;2649416.08;1267794.67;8.0952;47.559008
44366.1;306.1;2649420.6;1267794.82;8.09526;47.559009
44371.9;306.6;2649426.07;1267796.98;8.095333;47.559028
44378.1;306;2649431.01;1267800.69;8.095399;47.559061
44385;306.1;2649436.17;1267805.18;8.095468;47.559101
44392.200000000004;306.1;2649441.55;1267810.01;8.09554;47.559144
44399.9;306.1;2649447.91;1267814.4;8.095625;47.559183
44406.200000000004;306.1;2649452.77;1267818.44;8.09569;47.559219
44412.9;306.1;2649458.69;1267821.61;8.095769;47.559247
44418.9;306.1;2649462.26;1267826.42;8.095817;47.55929
44427.200000000004;306.1;2649468.38;1267832.03;8.095899;47.55934
44433.200000000004;306.2;2649473.32;1267835.29;8.095965;47.559369
44440.6;306.2;2649480.15;1267838.24;8.096056;47.559395
44447.5;306.2;2649485.68;1267842.29;8.09613;47.559431
44452.5;306.3;2649490.26;1267844.33;8.096191;47.559449
44462;306.2;2649497.28;1267850.73;8.096285;47.559506
44469.1;306.2;2649502.35;1267855.77;8.096353;47.559551
44475.8;306.2;2649507.59;1267859.93;8.096423;47.559588
44480.9;306.2;2649511.25;1267863.52;8.096472;47.55962
44487.200000000004;306.2;2649516.03;1267867.56;8.096536;47.559656
44493.1;306.2;2649520.51;1267871.38;8.096596;47.55969
44501.3;306.2;2649527.17;1267876.22;8.096685;47.559733
44508.5;306.1;2649532.47;1267881.05;8.096756;47.559776
44514.9;306.1;2649537.41;1267885.2;8.096822;47.559813
44521.4;306.2;2649542.64;1267888.91;8.096892;47.559846
44528.700000000004;306.2;2649549.01;1267892.64;8.096977;47.559879
44535.3;306.3;2649554.4;1267896.35;8.097049;47.559912
44542.3;306.3;2649560.01;1267900.51;8.097124;47.559949
44548.8;306.3;2649565.02;1267904.78;8.097191;47.559987
44556.200000000004;306.3;2649570.24;1267909.94;8.097261;47.560033
44563.1;306.3;2649575.47;1267914.54;8.097331;47.560074
44568.5;306.4;2649580.11;1267917.25;8.097393;47.560098
44575.8;306.6;2649586.18;1267921.3;8.097474;47.560134
44581.700000000004;306.4;2649591.04;1267924.68;8.097539;47.560164
44588.8;306.8;2649596.27;1267929.39;8.097609;47.560206
44595.9;306.3;2649601.19;1267934.55;8.097675;47.560252
44603.4;306.5;2649606.8;1267939.6;8.09775;47.560297
44610.3;306.3;2649611.95;1267944.09;8.097819;47.560337
44616.8;306.4;2649616.5;1267948.8;8.09788;47.560379
44623.4;306.4;2649621.59;1267952.96;8.097948;47.560416
44629.1;306.4;2649625.77;1267956.88;8.098004;47.560451
44636;306.6;2649630.85;1267961.48;8.098072;47.560492
44642.1;306.5;2649634.95;1267965.97;8.098127;47.560532
44648.700000000004;306.4;2649639.58;1267970.79;8.098189;47.560575
44654.9;306.4;2649644.28;1267974.72;8.098252;47.56061
44661.9;306.4;2649648.6;1267980.2;8.09831;47.560659
44670.3;306.4;2649655.56;1267984.93;8.098403;47.560701
44676.9;306.9;2649660.57;1267989.2;8.09847;47.560739
44683.6;306.4;2649665.35;1267994.02;8.098534;47.560782
44690.9;306.9;2649670.04;1267999.51;8.098597;47.560831
44698.700000000004;306.4;2649675.87;1268004.78;8.098675;47.560878
44706.700000000004;306.4;2649681.62;1268010.28;8.098752;47.560927
44713.5;307.1;2649686.01;1268015.54;8.098811;47.560974
44720.3;306.4;2649690.79;1268020.36;8.098875;47.561017
44727.6;306.4;2649695.64;1268025.74;8.09894;47.561065
44733.8;306.4;2649699.51;1268030.67;8.098992;47.561109
44740.4;306.6;2649704.06;1268035.38;8.099053;47.561151
44747.6;306.4;2649709.36;1268040.31;8.099124;47.561195
44755.1;306.9;2649714.97;1268045.25;8.099199;47.561239
44761.4;306.9;2649719.44;1268049.74;8.099259;47.561279
44769.700000000004;306.6;2649724.81;1268056.01;8.099331;47.561335
44775.9;306.7;2649728.53;1268061.05;8.099381;47.56138
44783.5;306.4;2649733;1268067.09;8.099441;47.561434
44790.200000000004;306.4;2649737.02;1268072.46;8.099495;47.561482
44796.700000000004;306.5;2649740.88;1268077.72;8.099547;47.561529
44803.8;306.4;2649745.2;1268083.42;8.099605;47.56158
44811.1;306.4;2649749.9;1268088.91;8.099668;47.561629
44819.1;306.5;2649754.74;1268095.29;8.099733;47.561686
44824.9;306.9;2649758.77;1268099.44;8.099787;47.561723
44832.200000000004;306.9;2649762.85;1268105.48;8.099842;47.561777
44840.3;306.8;2649767.92;1268111.86;8.09991;47.561834
44847.1;307.6;2649772.24;1268117.12;8.099968;47.561881
44853.6;306.9;2649775.13;1268122.93;8.100007;47.561933
44862.200000000004;306.5;2649779.96;1268130.08;8.100072;47.561997
44870.5;307.7;2649784.79;1268136.8;8.100137;47.562057
44877.9;307.9;2649788.12;1268143.39;8.100182;47.562116
44885.200000000004;306.7;2649790.7;1268150.19;8.100217;47.562177
44892.200000000004;306.5;2649793.96;1268156.44;8.100261;47.562233
44899.1;306.6;2649796.99;1268162.59;8.100302;47.562288
44905.9;306.5;2649799.8;1268168.84;8.10034;47.562344
44913.4;306.6;2649802.98;1268175.65;8.100383;47.562405
44921.3;307.1;2649806.08;1268182.9;8.100425;47.56247
44928.200000000004;306.6;2649809.04;1268189.15;8.100465;47.562526
44934.700000000004;306.5;2649812;1268194.85;8.100505;47.562577
44941.1;307;2649814.13;1268200.98;8.100534;47.562632
44947.8;306.6;2649816.56;1268207.23;8.100567;47.562688
44955.9;306.5;2649819.36;1268214.81;8.100605;47.562756
44963.3;306.4;2649821.78;1268221.73;8.100638;47.562818
44970.700000000004;306.4;2649824.36;1268228.75;8.100673;47.562881
44978;306.4;2649827.01;1268235.56;8.100709;47.562942
44984.9;306.4;2649829.59;1268241.92;8.100744;47.562999
44991.8;306.4;2649832.25;1268248.28;8.10078;47.563056
44998.4;306.4;2649833.85;1268254.63;8.100802;47.563113
45005.200000000004;306.4;2649836.28;1268260.99;8.100835;47.56317
45012.4;306.4;2649838.63;1268267.79;8.100867;47.563231
45019.3;306.4;2649841.13;1268274.26;8.100901;47.563289
45025.8;306.4;2649842.66;1268280.61;8.100922;47.563346
45032.8;306.4;2649845.01;1268287.19;8.100954;47.563405
45039.9;306.4;2649847.52;1268293.77;8.100988;47.563464
45046.700000000004;306.5;2649849.19;1268300.46;8.101011;47.563524
45053.6;306.5;2649851.02;1268307.04;8.101036;47.563583
45063.8;306.5;2649855.15;1268316.41;8.101092;47.563667
45070.4;306.5;2649857.66;1268322.55;8.101126;47.563722
45077.700000000004;306.5;2649860.54;1268329.24;8.101165;47.563782
45083.6;306.5;2649862.75;1268334.71;8.101195;47.563831
45090.9;306.5;2649865.63;1268341.41;8.101234;47.563891
45097.700000000004;306.5;2649867.61;1268347.87;8.101261;47.563949
45105;306.5;2649870.56;1268354.57;8.101301;47.564009
45112;306.5;2649873.29;1268361.04;8.101338;47.564067
45119.1;306.5;2649875.64;1268367.73;8.10137;47.564127
45126.1;306.5;2649878.3;1268374.2;8.101406;47.564185
45133;306.5;2649879.97;1268380.89;8.101429;47.564245
45140.5;306.5;2649882.77;1268387.81;8.101467;47.564307
45147.5;306.6;2649884.97;1268394.5;8.101497;47.564367
45156.700000000004;306.6;2649889.35;1268402.54;8.101556;47.564439
45164.3;306.5;2649892.07;1268409.68;8.101593;47.564503
45170.8;306.6;2649894.05;1268415.81;8.10162;47.564558
45177.5;306.6;2649896.18;1268422.17;8.101649;47.564615
45183.200000000004;306.6;2649898.09;1268427.63;8.101675;47.564664
45190.4;306.5;2649901.12;1268434.11;8.101716;47.564722
45196.3;306.5;2649903.79;1268439.36;8.101752;47.564769
45202.6;306.5;2649906.37;1268445.16;8.101787;47.564821
45209.4;306.5;2649908.88;1268451.41;8.101821;47.564877
45216.5;306.5;2649911.23;1268458.1;8.101853;47.564937
45223.6;306.5;2649913.88;1268464.68;8.101889;47.564996
45231.700000000004;306.5;2649916.98;1268472.16;8.101931;47.565063
45239.200000000004;306.5;2649919.78;1268479.19;8.101969;47.565126
45246.700000000004;306.4;2649922.96;1268486;8.102012;47.565187
45253.1;306.5;2649925.17;1268492.02;8.102042;47.565241
45261.200000000004;306.5;2649929.25;1268498.95;8.102097;47.565303
45270.6;306.7;2649933.69;1268507.21;8.102157;47.565377
45277.8;308.5;2649936.34;1268513.91;8.102193;47.565437
45284.700000000004;307.9;2649939.08;1268520.27;8.10223;47.565494
45291.5;307.3;2649941.2;1268526.74;8.102259;47.565552
45298.8;306.5;2649943.78;1268533.54;8.102294;47.565613
45308.6;308.6;2649948.75;1268542.03;8.102361;47.565689
45316.8;308.6;2649950.94;1268549.95;8.102391;47.56576
45323.1;308.5;2649953.3;1268555.75;8.102423;47.565812
45330.8;308.8;2649956.02;1268563;8.10246;47.565877
45337;308.8;2649958.69;1268568.58;8.102496;47.565927
45343.8;308.7;2649960.29;1268575.16;8.102518;47.565986
45351.3;308.5;2649962.11;1268582.4;8.102543;47.566051
45358.9;308.5;2649965.43;1268589.32;8.102588;47.566113
45365.6;308.5;2649967.03;1268595.78;8.10261;47.566171
45371.6;306.6;2649967.13;1268601.79;8.102612;47.566225
45379.1;306.6;2649969.03;1268609.03;8.102638;47.56629
45384.5;306.5;2649969.28;1268614.48;8.102642;47.566339
45390.8;306.5;2649970.66;1268620.61;8.102661;47.566394
45397.1;306.6;2649972.49;1268626.63;8.102686;47.566448
45404.1;306.5;2649974.47;1268633.32;8.102713;47.566508
45412.4;306.5;2649977.34;1268641.13;8.102752;47.566578
45419.4;306.6;2649978.86;1268647.92;8.102773;47.566639
45426;306.5;2649979.86;1268654.49;8.102787;47.566698
45430.8;306.5;2649979.82;1268659.27;8.102787;47.566741
45437.4;306.5;2649981.65;1268665.62;8.102812;47.566798
45446.1;306.5;2649982.93;1268674.2;8.10283;47.566875
45452.4;306.5;2649984.46;1268680.33;8.102851;47.56693
45460;306.5;2649986.12;1268687.79;8.102874;47.566997
45466.9;306.4;2649987.72;1268694.48;8.102896;47.567057
45474.700000000004;306.5;2649989.92;1268701.94;8.102926;47.567124
45481.6;306.5;2649990.61;1268708.84;8.102936;47.567186
45489.9;306.4;2649991.82;1268716.97;8.102953;47.567259
45498.200000000004;306.4;2649992.96;1268725.21;8.102969;47.567333
45505.4;306.4;2649994.18;1268732.34;8.102986;47.567397
45511.700000000004;306.4;2649995.25;1268738.57;8.103001;47.567453
45519.4;306.4;2649997.07;1268746.04;8.103026;47.56752
45526.700000000004;306.5;2649998.66;1268753.17;8.103048;47.567584
45534.200000000004;306.4;2649999.88;1268760.52;8.103065;47.56765
45540.8;306.4;2650000.96;1268767.09;8.10308;47.567709
45547.9;306.5;2650002.1;1268774.1;8.103096;47.567772
45554.700000000004;306.4;2650003.25;1268780.78;8.103112;47.567832
45563.200000000004;306.4;2650005.44;1268789.03;8.103142;47.567906
45570.6;306.4;2650006.65;1268796.27;8.103159;47.567971
45578.8;306.5;2650008.09;1268804.4;8.103179;47.568044
45586;306.5;2650008.56;1268811.52;8.103186;47.568108
45592.3;306.4;2650008.73;1268817.86;8.103189;47.568165
45599.1;306.4;2650010.03;1268824.54;8.103207;47.568225
45606.8;306.4;2650010.86;1268832.22;8.103219;47.568294
45614;306.4;2650011.18;1268839.34;8.103224;47.568358
45620.5;306.4;2650011.05;1268845.9;8.103223;47.568417
45627.9;306.3;2650011.74;1268853.24;8.103233;47.568483
45634.1;306.4;2650012.74;1268859.36;8.103247;47.568538
45641.4;306.4;2650014.11;1268866.49;8.103266;47.568602
45647;306.4;2650016.02;1268871.73;8.103292;47.568649
45653.700000000004;306.4;2650016.64;1268878.41;8.103301;47.568709
45661;307.1;2650018.01;1268885.65;8.10332;47.568774
45667.6;306.5;2650018.41;1268892.21;8.103326;47.568833
45674.1;306.4;2650018.81;1268898.67;8.103332;47.568891
45680.700000000004;306.4;2650018.9;1268905.34;8.103334;47.568951
45687.5;306.4;2650019.37;1268912.13;8.103341;47.569012
45694.6;306.4;2650020.44;1268919.14;8.103356;47.569075
45701.200000000004;306.3;2650021.13;1268925.71;8.103366;47.569134
45708.8;306.2;2650020.54;1268933.26;8.103359;47.569202
45715.3;306.2;2650020.56;1268939.71;8.10336;47.56926
45722.1;306.1;2650020.21;1268946.49;8.103356;47.569321
45729.6;306.1;2650019.92;1268954.05;8.103353;47.569389
45737.5;306;2650019.25;1268961.94;8.103345;47.56946
45745.200000000004;305.9;2650019.71;1268969.62;8.103352;47.569529
45752.5;305.9;2650019.5;1268976.84;8.10335;47.569594
45759.5;305.8;2650019.81;1268983.85;8.103355;47.569657
45765.8;305.6;2650021.65;1268989.87;8.10338;47.569711
45772.4;305.5;2650021.59;1268996.54;8.10338;47.569771
45779.6;305.4;2650021.53;1269003.66;8.10338;47.569835
45786.6;305.1;2650022.97;1269010.56;8.1034;47.569897
45793.9;305.1;2650022.99;1269017.9;8.103401;47.569963
45802.1;304.9;2650023.9;1269026.03;8.103414;47.570036
45809.8;304.7;2650026.32;1269033.27;8.103447;47.570101
45817.200000000004;304.6;2650028.67;1269040.3;8.103479;47.570164
45824.3;304.5;2650031.62;1269046.77;8.103519;47.570222
45831.4;304.4;2650034.88;1269053.14;8.103563;47.570279
45839;304.3;2650038.74;1269059.62;8.103615;47.570337
45845.8;304.2;2650042.6;1269065.21;8.103667;47.570387
45851.5;304.2;2650046.1;1269069.69;8.103714;47.570427
45858.4;304.3;2650049.82;1269075.5;8.103764;47.570479
45863.8;304.4;2650051.28;1269080.74;8.103784;47.570526
45869.700000000004;304.3;2650053.94;1269085.99;8.10382;47.570573
45877.9;304.4;2650060.22;1269091.27;8.103904;47.57062
45885.5;304.4;2650066.12;1269096.1;8.103983;47.570663
45892.9;304.6;2650071.8;1269100.82;8.104059;47.570705
45898.700000000004;304.7;2650075.22;1269105.52;8.104105;47.570747
45904.700000000004;304.9;2650077.89;1269110.88;8.104141;47.570795
45911.6;305.1;2650080.62;1269117.24;8.104178;47.570852
45917.8;305.3;2650083.66;1269122.6;8.104219;47.5709
45922.9;305.6;2650086.86;1269126.63;8.104262;47.570936
45929.8;305.8;2650088.98;1269133.21;8.104291;47.570995
45935.6;306.2;2650091.42;1269138.46;8.104324;47.571042
45943.3;306.5;2650095.13;1269145.16;8.104374;47.571102
45949.200000000004;306.8;2650098.47;1269150.08;8.104419;47.571146
45955.8;306.9;2650102.57;1269155.23;8.104474;47.571192
45962.6;307.2;2650106.28;1269160.93;8.104524;47.571243
45969.200000000004;307.3;2650108.56;1269167.07;8.104555;47.571298
45974.8;307.7;2650108.29;1269172.74;8.104552;47.571349
45980.4;308;2650106.66;1269178.06;8.104531;47.571397
45986.4;308.1;2650104.66;1269183.72;8.104505;47.571448
45992;308.2;2650104.01;1269189.27;8.104497;47.571498
45997.200000000004;308.4;2650104.12;1269194.5;8.104499;47.571545
46002.6;308.5;2650104.67;1269199.84;8.104507;47.571593
46008.200000000004;308.8;2650105.53;1269205.41;8.104519;47.571643
46014.4;308.9;2650105.7;1269211.52;8.104522;47.571698
46019;309.1;2650106.64;1269216.09;8.104535;47.571739
46022.5;309.2;2650107.59;1269219.43;8.104548;47.571769
46030.1;309.4;2650107.83;1269227;8.104552;47.571837
46035.3;309.5;2650107.71;1269232.22;8.104551;47.571884
46040.4;309.6;2650107.21;1269237.33;8.104545;47.57193
46046.3;309.7;2650107.62;1269243.23;8.104551;47.571983
46052;309.8;2650107.72;1269248.9;8.104553;47.572034
46058.6;309.8;2650107.51;1269255.46;8.104551;47.572093
46063.5;309.9;2650107.62;1269260.35;8.104553;47.572137
46067.8;309.9;2650107.28;1269264.69;8.104549;47.572176
46076.1;310;2650107.97;1269272.92;8.104559;47.57225
46086.5;310.1;2650104.65;1269282.79;8.104516;47.572339
46092;310.1;2650104.67;1269288.35;8.104517;47.572389
46095.1;310.1;2650105.03;1269291.35;8.104522;47.572416
46105.700000000004;310;2650103.36;1269301.9;8.104501;47.572511
46113.8;310;2650102.31;1269309.9;8.104488;47.572583
46121.200000000004;310.1;2650101.72;1269317.23;8.104481;47.572649
46128.3;310;2650100.83;1269324.34;8.10447;47.572713
46135.700000000004;310;2650100.17;1269331.68;8.104462;47.572779
46141.700000000004;310.1;2650099.37;1269337.67;8.104452;47.572833
46147.8;310.1;2650099.31;1269343.68;8.104452;47.572887
46154.5;310.1;2650099.48;1269350.46;8.104455;47.572948
46161.5;310.2;2650098.82;1269357.35;8.104447;47.57301
46172.8;310.3;2650099.18;1269368.69;8.104453;47.573112
46180.200000000004;310.3;2650098.89;1269376.03;8.10445;47.573178
46188.4;310.4;2650098.07;1269384.25;8.10444;47.573252
46196.200000000004;310.5;2650097.25;1269392.03;8.10443;47.573322
46201.6;310.5;2650097.35;1269397.37;8.104432;47.57337
46208.1;310.5;2650096.1;1269403.81;8.104416;47.573428
46214.200000000004;310.6;2650095.22;1269409.8;8.104405;47.573482
46221.9;310.8;2650093.65;1269417.35;8.104385;47.57355
46228.8;310.9;2650092.99;1269424.24;8.104377;47.573612
46236.9;311.1;2650091.64;1269432.23;8.10436;47.573684
46242.3;311.1;2650092.42;1269437.58;8.104371;47.573732
46250.1;311.3;2650091.98;1269445.36;8.104366;47.573802
46255.1;311.4;2650090.66;1269450.13;8.104349;47.573845
46259.8;311.4;2650090.92;1269454.8;8.104353;47.573887
46266.1;311.5;2650091.32;1269461.14;8.104359;47.573944
46273.1;311.6;2650091.71;1269468.15;8.104365;47.574007
46279;311.7;2650090.76;1269473.92;8.104353;47.574059
46285.5;311.8;2650090.1;1269480.37;8.104345;47.574117
46291.3;312;2650089.6;1269486.15;8.104339;47.574169
46297.8;312.1;2650089.17;1269492.7;8.104334;47.574228
46304.200000000004;312.2;2650089.19;1269499.04;8.104335;47.574285
46308.9;312.2;2650090.74;1269503.5;8.104356;47.574325
46314;312.3;2650090.69;1269508.62;8.104356;47.574371
46319.1;312.4;2650090.65;1269513.73;8.104356;47.574417
46324.700000000004;312.5;2650090.23;1269519.29;8.104351;47.574467
46330;312.6;2650090.63;1269524.63;8.104357;47.574515
46336.5;312.7;2650090.65;1269531.08;8.104358;47.574573
46343.6;312.9;2650091.8;1269538.09;8.104374;47.574636
46348.700000000004;313;2650091.9;1269543.21;8.104376;47.574682
46353.6;313;2650092.24;1269548.1;8.104381;47.574726
46358.4;313.1;2650093.86;1269552.56;8.104403;47.574766
46363.5;313.2;2650093.89;1269557.68;8.104404;47.574812
46369.8;313.2;2650095.34;1269563.81;8.104424;47.574867
46376.6;313.3;2650096.56;1269570.49;8.104441;47.574927
46382.9;313.5;2650097.86;1269576.73;8.104459;47.574983
46388.8;313.7;2650098.87;1269582.52;8.104473;47.575035
46396.3;314;2650100.61;1269589.76;8.104497;47.5751
46404.5;314;2650100.99;1269597.99;8.104503;47.575174
46412.1;314.3;2650102.21;1269605.45;8.10452;47.575241
46418;314.4;2650103.59;1269611.25;8.104539;47.575293
46424.6;314.6;2650105.34;1269617.6;8.104563;47.57535
46430.5;314.7;2650106.42;1269623.39;8.104578;47.575402
46435.9;314.9;2650107.58;1269628.63;8.104594;47.575449
46441.9;315.1;2650109.49;1269634.31;8.10462;47.5755
46447.700000000004;315.2;2650111.25;1269639.89;8.104644;47.57555
46453.4;315.3;2650112.86;1269645.35;8.104666;47.575599
46459;315.5;2650114.92;1269650.59;8.104694;47.575646
46465.700000000004;315.6;2650117.5;1269656.73;8.104729;47.575701
46472.6;315.7;2650120.23;1269663.09;8.104766;47.575758
46478.1;315.8;2650122.3;1269668.11;8.104794;47.575803
46484.1;315.9;2650124.35;1269673.8;8.104822;47.575854
46489.4;316;2650126.34;1269678.71;8.104849;47.575898
46495.9;316.1;2650128.93;1269684.63;8.104884;47.575951
46502.3;316.2;2650131.13;1269690.65;8.104914;47.576005
46508.3;316.4;2650133.57;1269696.12;8.104947;47.576054
46515.200000000004;316.4;2650136.07;1269702.59;8.104981;47.576112
46521.5;316.6;2650138.51;1269708.39;8.105014;47.576164
46527.4;316.6;2650140.87;1269713.86;8.105046;47.576213
46534.1;316.8;2650143.07;1269720.1;8.105076;47.576269
46541.8;316.9;2650145.95;1269727.25;8.105115;47.576333
46547.1;316.9;2650147.18;1269732.48;8.105132;47.57638
46553;317;2650149.17;1269737.95;8.105159;47.576429
46558.8;317.1;2650150.47;1269743.63;8.105177;47.57648
46564.700000000004;317.1;2650152.46;1269749.21;8.105204;47.57653
46569.1;317.2;2650153.7;1269753.44;8.105221;47.576568
46575.6;317.2;2650156.21;1269759.47;8.105255;47.576622
46581.700000000004;317.2;2650158.27;1269765.16;8.105283;47.576673
46587.4;317.2;2650160.33;1269770.51;8.105311;47.576721
46592.4;317.2;2650162.4;1269774.98;8.105339;47.576761
46598.200000000004;317.3;2650164.38;1269780.44;8.105366;47.57681
46603.4;317.3;2650165.99;1269785.46;8.105388;47.576855
46608.200000000004;317.3;2650167.46;1269790.03;8.105408;47.576896
46613.1;317.4;2650168.7;1269794.71;8.105425;47.576938
46618.6;317.4;2650170.69;1269799.84;8.105452;47.576984
46625.5;317.5;2650173.34;1269806.2;8.105488;47.577041
46631.8;317.5;2650175.4;1269812.23;8.105516;47.577095
46637.8;317.5;2650177.91;1269817.58;8.10555;47.577143
46643.1;317.5;2650180.28;1269822.39;8.105582;47.577186
46650.4;317.5;2650182.17;1269829.41;8.105608;47.577249
46656.3;317.6;2650184.08;1269834.98;8.105634;47.577299
46662.9;317.6;2650186.89;1269841.01;8.105672;47.577353
46669.4;317.6;2650189.25;1269847.04;8.105704;47.577407
46675.3;317.7;2650191.46;1269852.5;8.105734;47.577456
46682.6;317.7;2650194.56;1269859.09;8.105776;47.577515
46688.1;317.7;2650197.3;1269863.89;8.105813;47.577558
46693.9;317.7;2650200.42;1269868.81;8.105855;47.577602
46699.700000000004;317.8;2650202.63;1269874.17;8.105885;47.57765
46703.200000000004;317.7;2650204.19;1269877.3;8.105906;47.577678
46709.700000000004;317.9;2650207.75;1269882.66;8.105954;47.577726
46716.3;317.9;2650211.24;1269888.25;8.106001;47.577776
46722.8;317.9;2650215.11;1269893.51;8.106053;47.577823
46729.4;317.9;2650219.05;1269898.88;8.106106;47.577871
46734.3;318;2650221.95;1269902.8;8.106145;47.577906
46741.3;318.1;2650225.97;1269908.5;8.106199;47.577957
46747.200000000004;318.1;2650228.93;1269913.64;8.106239;47.578003
46753.5;318.2;2650232.43;1269918.9;8.106286;47.57805
46759.6;318.2;2650236.45;1269923.38;8.10634;47.57809
46765.8;318.3;2650240.09;1269928.42;8.106389;47.578135
46771.9;318.3;2650244.42;1269932.68;8.106447;47.578173
46779.200000000004;318.4;2650248.89;1269938.5;8.106507;47.578225
46785.6;318.5;2650253.89;1269942.54;8.106574;47.578261
46791.9;318.5;2650258.22;1269947.14;8.106632;47.578302
46798.1;318.5;2650262.7;1269951.4;8.106692;47.57834
46804.4;318.5;2650267.63;1269955.23;8.106758;47.578374
46811.6;318.6;2650273.16;1269959.83;8.106832;47.578415
46817.1;318.6;2650277.57;1269963.21;8.106891;47.578445
46823;318.7;2650282.28;1269966.8;8.106954;47.578477
46830.8;318.8;2650287.34;1269972.74;8.107022;47.57853
46837.4;318.8;2650292.73;1269976.57;8.107094;47.578564
46842.1;318.8;2650296.47;1269979.27;8.107144;47.578588
46851.200000000004;318.8;2650304.79;1269983.01;8.107255;47.578621
46856.5;318.9;2650308.67;1269986.71;8.107307;47.578654
46864.3;318.9;2650314.34;1269991.98;8.107383;47.578701
46870.200000000004;319;2650319.2;1269995.36;8.107448;47.578731
46876.3;319;2650324.06;1269998.96;8.107513;47.578763
46882.8;319.1;2650328.99;1270003.34;8.107579;47.578802
46890.4;319.1;2650335.28;1270007.51;8.107663;47.578839
46896;319.2;2650339.76;1270010.88;8.107723;47.578869
46901.6;319.3;2650344.32;1270014.14;8.107784;47.578898
46906.5;319.3;2650348.29;1270017.07;8.107837;47.578924
46912.8;319.3;2650352.84;1270021.33;8.107898;47.578962
46921.4;319.4;2650358.35;1270027.94;8.107972;47.579021
46929;319.5;2650364.63;1270032.33;8.108056;47.57906
46936.1;319.5;2650369.78;1270037.16;8.108125;47.579103
46941.3;319.5;2650373.97;1270040.19;8.108181;47.57913
46947.8;319.6;2650379.28;1270044.02;8.108252;47.579164
46953.3;319.6;2650383.77;1270047.17;8.108312;47.579192
46959.5;319.7;2650388.7;1270050.88;8.108378;47.579225
46965;319.7;2650393.42;1270053.81;8.108441;47.579251
46970.6;319.7;2650397.9;1270057.08;8.108501;47.57928
46976.9;319.8;2650402.53;1270061.34;8.108563;47.579318
46982.6;319.8;2650406.94;1270065.05;8.108622;47.579351
46988.6;319.8;2650411.49;1270068.98;8.108683;47.579386
46994.8;319.9;2650416.35;1270072.69;8.108748;47.579419
47000.3;319.9;2650420.54;1270076.28;8.108804;47.579451
47007.3;319.9;2650425.99;1270080.78;8.108877;47.579491
47013.6;320;2650431.53;1270083.72;8.108951;47.579517
47021.4;320;2650437.66;1270088.55;8.109033;47.57956
47026.700000000004;320.1;2650442.38;1270090.82;8.109096;47.57958
47032.4;320.2;2650447.09;1270094.08;8.109159;47.579609
47037.9;320.3;2650452.12;1270096.24;8.109226;47.579628
47043.1;320.3;2650456.61;1270098.94;8.109286;47.579652
47048.4;320.3;2650461.32;1270101.43;8.109349;47.579674
47052.8;320.3;2650465.37;1270103.13;8.109403;47.579689
47057.700000000004;320.3;2650469.41;1270105.83;8.109457;47.579713
47064.6;320.4;2650474.49;1270110.55;8.109525;47.579755
47071.200000000004;320.4;2650479.57;1270114.82;8.109593;47.579793
47077.700000000004;320.5;2650484.96;1270118.31;8.109665;47.579824
47081.9;320.5;2650488.09;1270121.23;8.109707;47.57985
47089.700000000004;320.6;2650494.07;1270126.17;8.109787;47.579894
47096;320.6;2650498.85;1270130.33;8.109851;47.579931
47100.9;320.7;2650502.89;1270133.03;8.109905;47.579955
47104.6;320.6;2650506.57;1270133.62;8.109954;47.57996
47108.8;320.7;2650509.63;1270136.42;8.109995;47.579985
47117.1;320.7;2650516.21;1270141.59;8.110083;47.580031
47124.200000000004;320.8;2650520.9;1270146.86;8.110146;47.580078
47129;320.8;2650525.25;1270149.01;8.110204;47.580097
47135.8;320.9;2650530.86;1270152.84;8.110279;47.580131
47143.3;320.9;2650536.23;1270158;8.110351;47.580177
47148.9;321;2650540.79;1270161.26;8.110412;47.580206
47155.6;321;2650546.1;1270165.42;8.110483;47.580243
47164;321.1;2650552.52;1270170.7;8.110569;47.58029
47168.3;321.1;2650556.04;1270173.29;8.110616;47.580313
47173.200000000004;321.1;2650560.61;1270175;8.110677;47.580328
47180.4;321.2;2650566.37;1270179.38;8.110754;47.580367
47186.200000000004;321.2;2650571;1270182.76;8.110816;47.580397
47192;321.3;2650575.64;1270186.36;8.110878;47.580429
47197.3;321.3;2650580.2;1270188.95;8.110939;47.580452
47204.6;321.3;2650586.26;1270193.01;8.11102;47.580488
47210.700000000004;321.4;2650591.2;1270196.61;8.111086;47.58052
47216.200000000004;321.4;2650595.61;1270199.98;8.111145;47.58055
47222;321.4;2650600.4;1270203.14;8.111209;47.580578
47229.5;321.5;2650606.38;1270207.64;8.111289;47.580618
47235.1;321.5;2650611.09;1270210.68;8.111352;47.580645
47240.700000000004;321.6;2650615.57;1270214.05;8.111412;47.580675
47246.8;321.5;2650620.28;1270217.87;8.111475;47.580709
47253.5;321.6;2650626.04;1270221.37;8.111552;47.58074
47259.3;321.6;2650630.91;1270224.64;8.111617;47.580769
47266.6;321.7;2650636.21;1270229.58;8.111688;47.580813
47273.8;321.8;2650641.96;1270233.85;8.111765;47.580851
47279.8;321.8;2650647.05;1270237.01;8.111833;47.580879
47285.4;321.9;2650651.76;1270240.16;8.111896;47.580907
47292.3;322;2650657.37;1270244.21;8.111971;47.580943
47298.9;322;2650662.76;1270248.04;8.112043;47.580977
47305.4;322;2650668.37;1270251.31;8.112118;47.581006
47310.700000000004;322;2650673.17;1270253.47;8.112182;47.581025
47316.700000000004;322;2650678.79;1270255.63;8.112257;47.581044
47323.200000000004;322;2650684.25;1270259.12;8.11233;47.581075
47329.5;322.2;2650689.8;1270262.17;8.112404;47.581102
47336.200000000004;322.2;2650695.48;1270265.67;8.11248;47.581133
47342.5;322.2;2650701.03;1270268.6;8.112554;47.581159
47348.6;322.3;2650706.65;1270271.1;8.112629;47.581181
47355.5;322.3;2650712.79;1270274.15;8.112711;47.581208
47360.700000000004;322.3;2650717.05;1270277.19;8.112768;47.581235
47366.700000000004;322.4;2650722.6;1270279.46;8.112842;47.581255
47372.700000000004;322.5;2650727.84;1270282.4;8.112912;47.581281
47377.5;322.5;2650732.58;1270283.11;8.112975;47.581287
47383.8;322.5;2650738.58;1270284.94;8.113055;47.581303
47389.8;322.5;2650744.13;1270287.21;8.113129;47.581323
47395.5;322.6;2650748.99;1270290.14;8.113194;47.581349
47400.8;322.6;2650754.02;1270291.97;8.113261;47.581365
47406.9;322.7;2650759.56;1270294.46;8.113335;47.581387
47413.4;322.7;2650765.71;1270296.51;8.113417;47.581405
47418.9;322.7;2650770.81;1270298.67;8.113485;47.581424
47424.5;322.8;2650776.14;1270300.38;8.113556;47.581439
47430.8;322.9;2650782.14;1270302.1;8.113636;47.581454
47435.8;322.9;2650786.79;1270304.15;8.113698;47.581472
47442.5;323;2650793.17;1270306.2;8.113783;47.58149
47448;322.9;2650798.58;1270307.14;8.113855;47.581498
47453.700000000004;323;2650803.9;1270308.96;8.113926;47.581514
47459;323;2650809.16;1270309.56;8.113996;47.581519
47464.6;323.1;2650814.57;1270311.06;8.114068;47.581532
47470.5;323.1;2650820.35;1270312.22;8.114145;47.581542
47475.8;323.1;2650825.61;1270313.15;8.114215;47.58155
47481.9;323.2;2650831.62;1270314.43;8.114295;47.581561
47487.700000000004;323.2;2650837.25;1270315.7;8.11437;47.581572
47493.5;323.3;2650842.88;1270317.19;8.114445;47.581585
47499.3;323.4;2650848.43;1270318.57;8.114519;47.581597
47504.700000000004;323.4;2650853.69;1270319.84;8.114589;47.581608
47510.5;323.5;2650859.24;1270321.67;8.114663;47.581624
47515.9;323.5;2650864.57;1270322.49;8.114734;47.581631
47522.3;323.6;2650870.81;1270323.66;8.114817;47.581641
47528.4;323.6;2650876.82;1270324.82;8.114897;47.581651
47533.8;323.6;2650882.23;1270325.09;8.114969;47.581653
47539.5;323.7;2650887.79;1270326.36;8.115043;47.581664
47545.8;323.8;2650893.87;1270328.08;8.115124;47.581679
47551.1;323.8;2650899.05;1270329.02;8.115193;47.581687
47557.3;323.9;2650904.98;1270330.74;8.115272;47.581702
47562.1;323.9;2650909.71;1270332;8.115335;47.581713
47568.3;324.1;2650915.56;1270334.05;8.115413;47.581731
47574;324.1;2650921.12;1270334.99;8.115487;47.581739
47579.700000000004;324.1;2650926.75;1270335.82;8.115562;47.581746
47585.6;324.2;2650932.69;1270336.09;8.115641;47.581748
47591.6;324.2;2650938.71;1270336.25;8.115721;47.581749
47596.200000000004;324.2;2650943.23;1270336.07;8.115781;47.581747
47601.1;324.6;2650948.03;1270337;8.115845;47.581755
47606.9;324.3;2650953.74;1270338.27;8.115921;47.581766
47612.6;324.3;2650958.99;1270340.43;8.115991;47.581785
47619.700000000004;324.4;2650965.28;1270343.71;8.116075;47.581814
47625.700000000004;324.5;2650971.29;1270344.54;8.116155;47.581821
47631.9;324.5;2650977.3;1270345.93;8.116235;47.581833
47637.200000000004;324.5;2650982.48;1270346.86;8.116304;47.581841
47642.1;324.5;2650987.37;1270347.13;8.116369;47.581843
47648.4;324.6;2650993.37;1270349.07;8.116449;47.58186
47654;324.5;2650999.01;1270349.34;8.116524;47.581862
47659.700000000004;324.6;2651004.65;1270350.17;8.116599;47.581869
47665.1;324.6;2651009.98;1270350.88;8.11667;47.581875
47670.4;324.5;2651015.25;1270351.37;8.11674;47.581879
47676.1;324.5;2651020.96;1270352.09;8.116816;47.581885
47681.5;324.3;2651026.22;1270353.02;8.116886;47.581893
47687.200000000004;324.5;2651031.77;1270354.51;8.11696;47.581906
47693.5;324.3;2651037.85;1270355.9;8.117041;47.581918
47699.1;324.4;2651043.41;1270356.51;8.117115;47.581923
47705.700000000004;324.3;2651049.95;1270357.34;8.117202;47.58193
47711.6;324.4;2651055.81;1270358.39;8.11728;47.581939
47717.4;324.3;2651061.44;1270359.55;8.117355;47.581949
47723.6;324.3;2651067.53;1270360.72;8.117436;47.581959
47729.6;324.5;2651073.38;1270362.32;8.117514;47.581973
47735.4;324.4;2651079.09;1270363.04;8.11759;47.581979
47741.200000000004;324.3;2651084.88;1270363.65;8.117667;47.581984
47747.4;324.4;2651090.96;1270365.03;8.117748;47.581996
47753.1;324.4;2651096.52;1270365.86;8.117822;47.582003
47758.9;324.5;2651102.39;1270366.02;8.1179;47.582004
47765.3;324.5;2651108.7;1270367.08;8.117984;47.582013
47771;324.5;2651114.26;1270367.9;8.118058;47.58202
47776.8;324.6;2651120.05;1270368.51;8.118135;47.582025
47783.4;324.5;2651126.59;1270369.35;8.118222;47.582032
47789.8;324.5;2651132.98;1270369.85;8.118307;47.582036
47795.4;324.5;2651138.62;1270369.78;8.118382;47.582035
47800.5;324.5;2651143.74;1270369.83;8.11845;47.582035
47806.3;324.5;2651149.46;1270369.65;8.118526;47.582033
47811.700000000004;324.5;2651154.88;1270369.37;8.118598;47.58203
47817.6;324.6;2651160.75;1270368.75;8.118676;47.582024
47823.8;324.6;2651166.92;1270368.47;8.118758;47.582021
47830;324.6;2651173.17;1270368.08;8.118841;47.582017
47835.4;324.5;2651178.52;1270367.35;8.118912;47.58201
47841.1;324.5;2651184.16;1270366.84;8.118987;47.582005
47847.1;324.5;2651190.11;1270366;8.119066;47.581997
47852.9;324.5;2651195.69;1270364.5;8.11914;47.581983
47859;325.3;2651201.79;1270363.88;8.119221;47.581977
47865.1;324.8;2651207.82;1270363.49;8.119301;47.581973
47871.200000000004;324.5;2651213.91;1270362.99;8.119382;47.581968
47876.8;324.4;2651219.49;1270362.48;8.119456;47.581963
47882.6;324.4;2651225.35;1270362.53;8.119534;47.581963
47888.700000000004;324.5;2651231.45;1270362.69;8.119615;47.581964
47894.700000000004;324.5;2651237.32;1270361.85;8.119693;47.581956
47900;324.4;2651242.6;1270360.9;8.119763;47.581947
47906.200000000004;324.4;2651248.76;1270361.17;8.119845;47.581949
47911.4;324.9;2651253.74;1270359.77;8.119911;47.581936
47917.6;324.6;2651259.99;1270359.16;8.119994;47.58193
47924.8;324.3;2651267.06;1270359.89;8.120088;47.581936
47930.9;324.4;2651273.23;1270359.72;8.12017;47.581934
47937;324.3;2651279.18;1270358.66;8.120249;47.581924
47942.9;324.3;2651285.05;1270358.04;8.120327;47.581918
47948.3;324.3;2651290.33;1270356.98;8.120397;47.581908
47953.9;324.3;2651295.97;1270357.03;8.120472;47.581908
47958.9;324.9;2651300.87;1270355.96;8.120537;47.581898
47964.4;324.3;2651306.36;1270356.12;8.12061;47.581899
47970.4;324.3;2651312.38;1270355.72;8.12069;47.581895
47976.700000000004;324.3;2651318.49;1270354.33;8.120771;47.581882
47982.6;324.7;2651324.36;1270353.83;8.120849;47.581877
47988.8;324.4;2651330.53;1270353.55;8.120931;47.581874
47994.200000000004;324.3;2651335.81;1270352.15;8.121001;47.581861
47999.9;324.2;2651341.45;1270352.64;8.121076;47.581865
48006.1;324.2;2651347.63;1270352.03;8.121158;47.581859
48012.6;324.2;2651354.09;1270352.86;8.121244;47.581866
48017.3;324.2;2651358.76;1270352.23;8.121306;47.58186
48025.3;324.3;2651366.73;1270352.53;8.121412;47.581862
48031;324.2;2651372.38;1270351.91;8.121487;47.581856
48037.200000000004;324.2;2651378.62;1270351.85;8.12157;47.581855
48042.6;324.2;2651383.96;1270351.9;8.121641;47.581855
48047.9;324.2;2651389.24;1270351.39;8.121711;47.58185
48055.6;324.2;2651396.84;1270350.12;8.121812;47.581838
48062.4;324.2;2651403.69;1270350.07;8.121903;47.581837
48068.5;324.2;2651409.64;1270349.12;8.121982;47.581828
48074.8;324.2;2651415.97;1270348.4;8.122066;47.581821
48080.200000000004;324.1;2651421.1;1270346.77;8.122134;47.581806
48088;324.1;2651428.76;1270347.95;8.122236;47.581816
48095.1;324.1;2651435.91;1270347.46;8.122331;47.581811
48098.6;324.1;2651439.38;1270347.49;8.122377;47.581811
48105.6;324.1;2651446.3;1270346.77;8.122469;47.581804
48113.200000000004;324;2651453.69;1270344.94;8.122567;47.581787
48118.8;324.4;2651459.19;1270343.77;8.12264;47.581776
48124.4;324;2651464.69;1270342.93;8.122713;47.581768
48130.700000000004;323.9;2651471.02;1270342.43;8.122797;47.581763
48137.3;323.9;2651477.57;1270342.15;8.122884;47.58176
48142.9;324;2651483.14;1270341.53;8.122958;47.581754
48148.3;325.9;2651487.31;1270338.01;8.123013;47.581722
48155.1;326.1;2651494.08;1270337.29;8.123103;47.581715
48161.3;325;2651500.26;1270336.68;8.123185;47.581709
48166.700000000004;324.7;2651505.6;1270337.17;8.123256;47.581713
48173.4;324.2;2651512.3;1270336.78;8.123345;47.581709
48179.3;325;2651518.1;1270335.94;8.123422;47.581701
48185.4;324.6;2651523.98;1270334.33;8.1235;47.581686
48191.5;325.9;2651530.08;1270333.93;8.123581;47.581682
48197.4;325.2;2651535.81;1270332.43;8.123657;47.581668
48204.6;324.3;2651542.87;1270333.49;8.123751;47.581677
48209;323.5;2651547.23;1270334.31;8.123809;47.581684
48215.700000000004;323.5;2651553.76;1270335.7;8.123896;47.581696
48222.8;323.5;2651560.91;1270335.09;8.123991;47.58169
48229.1;323.6;2651567.16;1270334.7;8.124074;47.581686
48236.5;323.5;2651574.45;1270335.99;8.124171;47.581697
48242.200000000004;323.5;2651580.09;1270335.48;8.124246;47.581692
48247.5;323.4;2651585.22;1270333.97;8.124314;47.581678
48253.3;323.5;2651591.02;1270333.58;8.124391;47.581674
48260.1;323.5;2651597.79;1270333.97;8.124481;47.581677
48265.4;323.6;2651602.97;1270335.01;8.12455;47.581686
48269.8;323.6;2651607.34;1270334.61;8.124608;47.581682
48275.5;323.5;2651612.97;1270335.44;8.124683;47.581689
48280.700000000004;323.5;2651618.17;1270335.04;8.124752;47.581685
48287.6;323.5;2651624.85;1270336.87;8.124841;47.581701
48294.700000000004;323.5;2651631.92;1270336.49;8.124935;47.581697
48300.700000000004;323.5;2651637.94;1270335.99;8.125015;47.581692
48307.200000000004;323.4;2651642.5;1270331.47;8.125075;47.581651
48312.9;323.5;2651648.13;1270332.41;8.12515;47.581659
48319.200000000004;323.4;2651654.46;1270331.8;8.125234;47.581653
48326.4;323.4;2651661.61;1270331.41;8.125329;47.581649
48333.6;323.4;2651668.83;1270331.25;8.125425;47.581647
48339.8;323.4;2651674.93;1270330.53;8.125506;47.58164
48345.5;323.4;2651680.65;1270330.58;8.125582;47.58164
48351.200000000004;323.3;2651686.36;1270331.41;8.125658;47.581647
48356.6;323.3;2651691.71;1270330.79;8.125729;47.581641
48361.700000000004;323.3;2651696.68;1270330.05;8.125795;47.581634
48368;323.1;2651702.68;1270332.22;8.125875;47.581653
48374.6;323;2651709.22;1270332.27;8.125962;47.581653
48379.700000000004;323.1;2651714.13;1270330.65;8.126027;47.581638
48384.6;323.1;2651718.8;1270329.36;8.126089;47.581626
48390.6;323.1;2651724.39;1270327.07;8.126163;47.581605
48397.9;323;2651731.53;1270328.58;8.126258;47.581618
48402.9;323.1;2651736.43;1270327.51;8.126323;47.581608
48412;322.8;2651744.98;1270330.48;8.126437;47.581634
48418.200000000004;322.8;2651751.22;1270330.97;8.12652;47.581638
48427.3;322.6;2651760.08;1270332.83;8.126638;47.581654
48433.8;322.6;2651766.46;1270334;8.126723;47.581664
48439.700000000004;322.6;2651772.33;1270334.61;8.126801;47.581669
48448.3;322.5;2651780.66;1270336.57;8.126912;47.581686
48455.1;322.5;2651787.42;1270337.52;8.127002;47.581694
48461.200000000004;322.4;2651792.97;1270340.12;8.127076;47.581717
48466.200000000004;322.4;2651797.85;1270341.06;8.127141;47.581725
48471.1;322.5;2651802.66;1270341.88;8.127205;47.581732
48477.8;322.3;2651808.96;1270344.27;8.127289;47.581753
48484.4;322.3;2651815.18;1270346.55;8.127372;47.581773
48488.4;322.3;2651818.78;1270348.13;8.12742;47.581787
48494.3;322.3;2651824.33;1270350.3;8.127494;47.581806
48500.4;322.4;2651830.26;1270351.57;8.127573;47.581817
48506.5;322.4;2651836.03;1270353.51;8.12765;47.581834
48512.6;322.3;2651841.58;1270356.12;8.127724;47.581857
48520.5;322.3;2651847.1;1270361.84;8.127798;47.581908
48526.200000000004;322.2;2651852.27;1270364.11;8.127867;47.581928
48533.4;322.2;2651858.1;1270368.27;8.127945;47.581965
48538.1;322.2;2651862.29;1270370.42;8.128001;47.581984
48543.700000000004;322.1;2651867.24;1270373.02;8.128067;47.582007
48551.6;322.1;2651873.66;1270377.64;8.128153;47.582048
48559.8;322;2651881.23;1270380.93;8.128254;47.582077
48566.8;321.9;2651887.45;1270384.1;8.128337;47.582105
48577;321.8;2651896.74;1270388.29;8.128461;47.582142
48583.5;321.9;2651901.82;1270392.34;8.128529;47.582178
48589.9;321.7;2651907.82;1270394.51;8.128609;47.582197
48597;321.7;2651914.04;1270398.01;8.128692;47.582228
48604.8;321.6;2651920.62;1270402.18;8.12878;47.582265
48611.9;321.6;2651927.14;1270404.91;8.128867;47.582289
48617.5;321.5;2651932.24;1270407.29;8.128935;47.58231
48625.6;321.5;2651939.66;1270410.58;8.129034;47.582339
48633.700000000004;321.4;2651947.62;1270412.09;8.12914;47.582352
48640.4;321.2;2651954.23;1270413.26;8.129228;47.582362
48647.3;321.2;2651960.75;1270415.43;8.129315;47.582381
48657.200000000004;321.2;2651969.98;1270419.07;8.129438;47.582413
48664.4;321.1;2651977.04;1270420.36;8.129532;47.582424
48672.1;321;2651984.79;1270420.2;8.129635;47.582422
48677.9;321.8;2651990.42;1270421.59;8.12971;47.582434
48684.6;320.8;2651997.03;1270422.53;8.129798;47.582442
48691.5;321.6;2652003.87;1270423.26;8.129889;47.582448
48698.6;320.7;2652010.86;1270424.32;8.129982;47.582457
48707.200000000004;320.7;2652019.34;1270426.07;8.130095;47.582472
48713.4;320.6;2652025.51;1270426.34;8.130177;47.582474
48721.3;320.5;2652033.41;1270426.63;8.130282;47.582476
48727.9;320.4;2652040.03;1270426.25;8.13037;47.582472
48733.9;321.8;2652045.98;1270425.97;8.130449;47.582469
48742.8;320.2;2652054.76;1270427.71;8.130566;47.582484
48749.6;320.2;2652061.54;1270427.44;8.130656;47.582481
48757.1;320.2;2652068.98;1270428.39;8.130755;47.582489
48763.9;320.1;2652075.75;1270427.9;8.130845;47.582484
48769.200000000004;320.1;2652081.02;1270427.61;8.130915;47.582481
48775.8;320;2652087.64;1270427.78;8.131003;47.582482
48781.9;320;2652093.66;1270427.05;8.131083;47.582475
48788.1;320;2652099.77;1270426.11;8.131164;47.582466
48795;319.9;2652106.62;1270425.06;8.131255;47.582456
48801.6;319.9;2652113.17;1270424.56;8.131342;47.582451
48808.1;319.8;2652119.29;1270422.17;8.131423;47.582429
48815.1;319.7;2652126.29;1270421.89;8.131516;47.582426
48822.3;319.7;2652133.37;1270421.07;8.13161;47.582418
48828;319.7;2652139;1270422.34;8.131685;47.582429
48835.4;319.6;2652146.23;1270420.96;8.131781;47.582416
48841.8;319.5;2652152.56;1270419.9;8.131865;47.582406
48848.9;319.5;2652159.56;1270419.07;8.131958;47.582398
48855.6;319.4;2652166.27;1270418.24;8.132047;47.58239
48862.9;319.4;2652172.86;1270421.19;8.132135;47.582416
48869.9;319.3;2652179.72;1270419.7;8.132226;47.582402
48876.700000000004;319.3;2652186.21;1270417.53;8.132312;47.582382
48882.9;319.2;2652192.3;1270418.58;8.132393;47.582391
48889.6;319.1;2652198.99;1270418.31;8.132482;47.582388
48895.4;319;2652204.7;1270419.25;8.132558;47.582396
48902.9;318.9;2652212.14;1270420.09;8.132657;47.582403
48908.700000000004;318.9;2652217.94;1270419.7;8.132734;47.582399
48916.700000000004;318.9;2652225.85;1270418.55;8.132839;47.582388
48923.9;318.8;2652233.07;1270418.61;8.132935;47.582388
48930.6;318.9;2652239.48;1270416.78;8.13302;47.582371
48937.6;318.9;2652246.34;1270415.39;8.133111;47.582358
48944.1;318.8;2652252.88;1270415.78;8.133198;47.582361
48950.5;318.8;2652259.19;1270416.84;8.133282;47.58237
48958.6;318.7;2652267.08;1270418.8;8.133387;47.582387
48969.700000000004;318.7;2652278.13;1270419.12;8.133534;47.582389
48975.1;318.7;2652283.47;1270419.72;8.133605;47.582394
48982;318.6;2652290.3;1270421.01;8.133696;47.582405
48988.5;318.5;2652296.69;1270422.18;8.133781;47.582415
48995.700000000004;318.6;2652303.91;1270422.57;8.133877;47.582418
49001.9;320.3;2652309.99;1270423.63;8.133958;47.582427
49008.8;318.5;2652316.83;1270424.36;8.134049;47.582433
49020.700000000004;318.3;2652327.93;1270428.57;8.134197;47.58247
49027.6;318.2;2652334.69;1270430.07;8.134287;47.582483
49034.200000000004;318.2;2652341.07;1270431.91;8.134372;47.582499
49041.200000000004;318.1;2652347.74;1270433.86;8.134461;47.582516
49048.200000000004;318.1;2652354.68;1270432.7;8.134553;47.582505
49055.200000000004;319.9;2652361.51;1270433.98;8.134644;47.582516
49062.9;322;2652369.19;1270433.16;8.134746;47.582508
49069.9;323.4;2652376.18;1270433.67;8.134839;47.582512
49077.6;321.3;2652382.77;1270437.62;8.134927;47.582547
49086.3;317.5;2652388.05;1270444.56;8.134998;47.582609
49093.6;317.5;2652394.95;1270447.07;8.13509;47.582631
49100.9;317.5;2652402.24;1270447.35;8.135187;47.582633
49109.1;317.4;2652409.43;1270451.31;8.135283;47.582668
49115.6;317.3;2652415.74;1270452.59;8.135367;47.582679
49121.6;317.4;2652421.62;1270451.19;8.135445;47.582666
49128.4;317.4;2652428.15;1270452.92;8.135532;47.582681
49135;317.3;2652434.3;1270455.42;8.135614;47.582703
49142.5;317.2;2652441.19;1270458.37;8.135706;47.582729
49149.200000000004;317.1;2652447.18;1270461.32;8.135786;47.582755
49156.3;317.1;2652453.86;1270463.71;8.135875;47.582776
49162.3;317.1;2652459.64;1270465.21;8.135952;47.582789
49169.4;316.9;2652465.55;1270469.15;8.136031;47.582824
49175.5;316.9;2652471.24;1270471.54;8.136107;47.582845
49182;316.8;2652476.78;1270474.92;8.136181;47.582875
49189.2;316.6;2652483.15;1270478.32;8.136266;47.582905
49195.9;316.6;2652489.14;1270481.26;8.136346;47.582931
49203;316.5;2652495.66;1270483.99;8.136433;47.582955
49210.5;316.5;2652502.32;1270487.38;8.136522;47.582985
49218.100000000006;316.4;2652508.91;1270491.22;8.13661;47.583019
49225.2;316.2;2652515.05;1270494.72;8.136692;47.58305
49232.4;316.2;2652521.57;1270497.78;8.136779;47.583077
49237.3;316.1;2652526.29;1270499.38;8.136842;47.583091
49244;316.1;2652532.44;1270501.99;8.136924;47.583114
49251.9;316;2652539.17;1270506.17;8.137014;47.583151
49259.8;315.9;2652546.52;1270508.9;8.137112;47.583175
49269.3;315.8;2652553.61;1270515.19;8.137207;47.583231
49277.100000000006;315.7;2652560.35;1270519.26;8.137297;47.583267
49284.3;315.6;2652566.79;1270522.43;8.137383;47.583295
49289.4;315.5;2652571.36;1270524.69;8.137444;47.583315
49295.8;315.5;2652577.43;1270526.64;8.137525;47.583332
49301.9;315.4;2652582.37;1270530.24;8.137591;47.583364
49309.3;315.3;2652588.27;1270534.74;8.13767;47.583404
49315.8;315.3;2652594.5;1270536.46;8.137753;47.583419
49322.9;315.2;2652600.87;1270539.63;8.137838;47.583447
49328.9;315.1;2652606.57;1270541.68;8.137914;47.583465
49336.4;315;2652613.31;1270544.75;8.138004;47.583492
49344.4;315;2652620.19;1270548.81;8.138096;47.583528
49352.4;314.9;2652627.92;1270551.1;8.138199;47.583548
49359.600000000006;314.8;2652634.29;1270554.5;8.138284;47.583578
49367.600000000006;314.8;2652642.09;1270556.34;8.138388;47.583594
49375.100000000006;314.7;2652648.84;1270559.52;8.138478;47.583622
49382.7;314.6;2652655.5;1270563.14;8.138567;47.583654
49387;314.6;2652659.71;1270564.06;8.138623;47.583662
49394.4;314.6;2652666.37;1270567.24;8.138712;47.58369
49400.9;314.5;2652672.29;1270569.96;8.138791;47.583714
49405.5;314.4;2652676.03;1270572.66;8.138841;47.583738
49414;314.3;2652683.29;1270577.06;8.138938;47.583777
49420.8;314.3;2652689.12;1270580.56;8.139016;47.583808
49428.7;314.2;2652696.24;1270583.96;8.139111;47.583838
49434.8;314.2;2652702.17;1270585.35;8.13919;47.58385
49441.600000000006;314.1;2652707.7;1270589.29;8.139264;47.583885
49448.2;314;2652713.62;1270592.34;8.139343;47.583912
49455.5;314;2652719.6;1270596.51;8.139423;47.583949
49462.5;314;2652725.74;1270599.9;8.139505;47.583979
49468.8;313.8;2652730.98;1270603.28;8.139575;47.584009
49475.2;313.8;2652736.44;1270606.78;8.139648;47.58404
49481.2;313.6;2652742.14;1270608.61;8.139724;47.584056
49487.4;313.6;2652747.53;1270611.55;8.139796;47.584082
49497.8;313.4;2652754.99;1270618.84;8.139896;47.584147
49505.5;313.3;2652760.96;1270623.68;8.139976;47.58419
49512.2;313.2;2652766.72;1270627.18;8.140053;47.584221
49519.4;313.1;2652772.55;1270631.34;8.140131;47.584258
49525.9;313;2652778.17;1270634.62;8.140206;47.584287
49533.4;313;2652784.6;1270638.45;8.140292;47.584321
49539.9;313;2652789.91;1270642.17;8.140363;47.584354
49547.600000000006;312.9;2652796.65;1270645.9;8.140453;47.584387
49555.7;312.8;2652803.45;1270650.3;8.140544;47.584426
49560.7;312.8;2652807.95;1270652.56;8.140604;47.584446
49567.7;312.7;2652813.25;1270657.06;8.140675;47.584486
49573.5;312.7;2652817.81;1270660.77;8.140736;47.584519
49578.8;312.6;2652822.22;1270663.7;8.140795;47.584545
49587.4;312.5;2652830.09;1270666.99;8.1409;47.584574
49596.4;312.4;2652838.41;1270670.51;8.141011;47.584605
49603;312.4;2652844.02;1270674.01;8.141086;47.584636
49607.7;312.3;2652848.06;1270676.49;8.14114;47.584658
49614.2;312.3;2652853.29;1270680.32;8.14121;47.584692
49621.9;312.3;2652859.57;1270684.71;8.141294;47.584731
49629.3;312.3;2652865.85;1270688.66;8.141378;47.584766
49636.4;312.2;2652871.69;1270692.72;8.141456;47.584802
49644.5;312.2;2652877.88;1270697.89;8.141539;47.584848
49650;312.1;2652882.9;1270700.27;8.141606;47.584869
49656.7;312;2652888.82;1270703.32;8.141685;47.584896
49663.9;312;2652895.11;1270706.83;8.141769;47.584927
49671.600000000006;311.9;2652901.31;1270711.44;8.141852;47.584968
49677.9;311.9;2652906.85;1270714.27;8.141926;47.584993
49683.7;311.8;2652911.86;1270717.32;8.141993;47.58502
49689.8;311.8;2652917.1;1270720.37;8.142063;47.585047
49696;311.7;2652922.72;1270722.98;8.142138;47.58507
49704.2;311.7;2652929.53;1270727.6;8.142229;47.585111
49711.100000000006;311.6;2652935.29;1270731.32;8.142306;47.585144
49718.9;311.6;2652942.25;1270734.94;8.142399;47.585176
49726.8;311.6;2652948.68;1270739.55;8.142485;47.585217
49734.9;311.5;2652954.95;1270744.61;8.142569;47.585262
49743.9;311.4;2652962.58;1270749.35;8.142671;47.585304
49749.7;311.4;2652967.29;1270752.73;8.142734;47.585334
49755.7;311.3;2652972.76;1270755.34;8.142807;47.585357
49763;311.3;2652978.97;1270759.06;8.14289;47.58539
49768.4;311.2;2652983.69;1270761.77;8.142953;47.585414
49775.600000000006;311.2;2652989.29;1270766.38;8.143028;47.585455
49782.5;311.2;2652994.51;1270770.77;8.143098;47.585494
49789;311.1;2653000.13;1270774.15;8.143173;47.585524
49794.5;311.1;2653004.92;1270776.75;8.143237;47.585547
49802.7;311;2653012.1;1270780.82;8.143333;47.585583
49806.8;311;2653016.08;1270781.52;8.143386;47.585589
49811.7;311;2653019.74;1270784.89;8.143435;47.585619
49816.9;310.9;2653024.61;1270786.71;8.1435;47.585635
49822.2;310.9;2653029.64;1270788.2;8.143567;47.585648
49825.8;310.9;2653032.4;1270790.45;8.143604;47.585668
49829.4;310.9;2653035.77;1270791.93;8.143649;47.585681
49832.4;310.9;2653038.7;1270792.62;8.143688;47.585687
49836.8;311.2;2653037.24;1270788.5;8.143668;47.58565
49840.2;310.9;2653033.92;1270788.8;8.143624;47.585653
49843.8;310.9;2653034.72;1270792.36;8.143635;47.585685
49849.600000000006;310.9;2653039.35;1270795.85;8.143697;47.585716
49856.8;310.9;2653045.64;1270799.36;8.143781;47.585747
49862.4;310.8;2653050.58;1270801.96;8.143847;47.58577
49868.9;310.8;2653056.5;1270804.79;8.143926;47.585795
49875.9;310.9;2653062.64;1270808.07;8.144008;47.585824
49882.7;310.8;2653068.4;1270811.68;8.144085;47.585856
49891.8;310.8;2653076.03;1270816.64;8.144187;47.5859
49898.3;310.8;2653081.11;1270820.69;8.144255;47.585936
49905.5;310.8;2653087.85;1270823.31;8.144345;47.585959
49912.5;310.8;2653094.07;1270826.48;8.144428;47.585987
49918.9;310.8;2653099.84;1270829.2;8.144505;47.586011
49925.4;310.8;2653105.3;1270832.7;8.144578;47.586042
49933.2;310.7;2653111.88;1270836.87;8.144666;47.586079
49940.8;310.7;2653119;1270839.6;8.144761;47.586103
49946.7;310.7;2653124.32;1270842.21;8.144832;47.586126
49953.3;310.7;2653130.16;1270845.15;8.14491;47.586152
49960.8;310.6;2653137.05;1270848.1;8.145002;47.586178
49968.9;310.7;2653144.62;1270851.17;8.145103;47.586205
49977;310.6;2653152.27;1270853.8;8.145205;47.586228
49984.100000000006;310.6;2653158.72;1270856.75;8.145291;47.586254
49992.4;310.6;2653165.9;1270860.82;8.145387;47.58629
49997.600000000006;310.6;2653170.39;1270863.41;8.145447;47.586313
50004.7;310.6;2653176.68;1270866.92;8.145531;47.586344
50011.9;310.6;2653183.2;1270869.87;8.145618;47.58637
50019.9;310.6;2653190.47;1270873.16;8.145715;47.586399
50026.3;310.6;2653196.08;1270876.32;8.14579;47.586427
50032.100000000006;310.6;2653201.4;1270878.59;8.145861;47.586447
50039.5;310.6;2653207.99;1270881.99;8.145949;47.586477
50045.9;310.6;2653213.6;1270885.04;8.146024;47.586504
50052.8;310.5;2653219.29;1270888.87;8.1461;47.586538
50059.7;310.5;2653225.58;1270891.82;8.146184;47.586564
50065.9;310.5;2653231.28;1270894.21;8.14626;47.586585
50072.9;310.5;2653237.49;1270897.38;8.146343;47.586613
50078.9;310.5;2653242.58;1270900.65;8.146411;47.586642
50085.7;310.5;2653248.72;1270903.59;8.146493;47.586668
50092.7;310.5;2653255.16;1270906.32;8.146579;47.586692
50099.600000000006;310.5;2653261.31;1270909.38;8.146661;47.586719
50106.2;310.5;2653267.37;1270912.1;8.146742;47.586743
50113.2;310.5;2653273.67;1270915.05;8.146826;47.586769
50120.600000000006;310.5;2653280.26;1270918.33;8.146914;47.586798
50128.2;310.4;2653287.3;1270921.4;8.147008;47.586825
50135.4;310.4;2653293.59;1270924.9;8.147092;47.586856
50143.3;310.4;2653300.55;1270928.52;8.147185;47.586888
50150.5;310.4;2653306.91;1270932.03;8.14727;47.586919
50158;310.4;2653313.73;1270934.98;8.147361;47.586945
50165.2;310.4;2653320.1;1270938.49;8.147446;47.586976
50172.4;310.4;2653326.54;1270941.66;8.147532;47.587004
50178.8;310.4;2653332.38;1270944.16;8.14761;47.587026
50186.100000000006;310.4;2653339.13;1270947.11;8.1477;47.587052
50193;310.3;2653345.04;1270950.5;8.147779;47.587082
50200;310.3;2653351.25;1270953.78;8.147862;47.587111
50207.9;310.3;2653358.45;1270957.07;8.147958;47.58714
50214.9;310.3;2653365.04;1270959.57;8.148046;47.587162
50222.5;310.3;2653371.78;1270962.97;8.148136;47.587192
50228.7;310.3;2653377.32;1270965.69;8.14821;47.587216
50236.3;310.3;2653384.14;1270969.09;8.148301;47.587246
50243.5;310.3;2653390.58;1270972.26;8.148387;47.587274
50250.3;310.3;2653396.95;1270974.65;8.148472;47.587295
50257.4;310.3;2653403.4;1270977.6;8.148558;47.587321
50265.5;310.2;2653410.58;1270981.45;8.148654;47.587355
50275;310.3;2653418.66;1270986.41;8.148762;47.587399
50279.7;310.3;2653423.01;1270988.23;8.14882;47.587415
50286.4;310.3;2653429;1270991.18;8.1489;47.587441
50291.5;310.3;2653433.64;1270993.33;8.148962;47.58746
50296.600000000006;310.2;2653438.14;1270995.82;8.149022;47.587482
50303.9;310.2;2653444.73;1270998.77;8.14911;47.587508
50311.3;310.2;2653451.55;1271001.83;8.149201;47.587535
50317.3;310.3;2653456.86;1271004.66;8.149272;47.58756
50323.7;310.2;2653462.71;1271007.05;8.14935;47.587581
50329.3;310.2;2653467.57;1271009.98;8.149415;47.587607
50336.9;310.2;2653474.39;1271013.16;8.149506;47.587635
50344.5;310.2;2653480.82;1271017.22;8.149592;47.587671
50351.7;310.2;2653487.34;1271020.39;8.149679;47.587699
50358.100000000006;310.2;2653493.26;1271022.67;8.149758;47.587719
50363.8;310.2;2653498.5;1271025.05;8.149828;47.58774
50371.100000000006;310.2;2653504.56;1271029.11;8.149909;47.587776
50378.2;310.2;2653511.23;1271031.51;8.149998;47.587797
50383.2;310.2;2653515.88;1271033.44;8.15006;47.587814
50389.4;310.2;2653521.27;1271036.49;8.150132;47.587841
50396.4;310.1;2653527.49;1271039.55;8.150215;47.587868
50400.9;310.2;2653531.91;1271040.59;8.150274;47.587877
50407.9;310.1;2653538.51;1271042.98;8.150362;47.587898
50414.9;310.1;2653544.8;1271046.04;8.150446;47.587925
50421.2;310.1;2653550.57;1271048.54;8.150523;47.587947
50427.5;310;2653556.04;1271051.59;8.150596;47.587974
50436.3;310.1;2653563.82;1271055.67;8.1507;47.58801
50441.3;310.1;2653568.09;1271058.37;8.150757;47.588034
50446.9;310.1;2653573.18;1271060.76;8.150825;47.588055
50454;310.1;2653579.47;1271064.04;8.150909;47.588084
50461.100000000006;310.1;2653585.61;1271067.54;8.150991;47.588115
50467.7;310.1;2653591.83;1271069.71;8.151074;47.588134
50476.4;310.1;2653599.92;1271073.01;8.151182;47.588163
50486.600000000006;310;2653609.14;1271077.32;8.151305;47.588201
50494.2;310;2653616.18;1271080.27;8.151399;47.588227
50500.9;310;2653622.48;1271082.33;8.151483;47.588245
50506.3;310;2653627.43;1271084.49;8.151549;47.588264
50514;310;2653634.55;1271087.44;8.151644;47.58829
50522.100000000006;310;2653642.43;1271089.52;8.151749;47.588308
50529.600000000006;310.1;2653649.63;1271091.47;8.151845;47.588325
50538.9;310.1;2653658.33;1271094.89;8.151961;47.588355
50545.4;310.1;2653664.63;1271096.39;8.152045;47.588368
50553.9;310.2;2653672.81;1271098.69;8.152154;47.588388
50560.3;310.2;2653678.96;1271100.41;8.152236;47.588403
50566.2;310.1;2653684.67;1271101.91;8.152312;47.588416
50574.2;310.3;2653692.16;1271104.65;8.152412;47.58844
50581.3;310.3;2653699.15;1271106.15;8.152505;47.588453
50589.100000000006;310.4;2653706.73;1271108.11;8.152606;47.58847
50595.7;310.4;2653713.03;1271109.84;8.15269;47.588485
50602.3;310.4;2653719.49;1271111.12;8.152776;47.588496
50609;310.4;2653726.25;1271111.52;8.152866;47.588499
50616.600000000006;310.5;2653733.69;1271112.81;8.152965;47.58851
50623.4;310.5;2653740.53;1271113.09;8.153056;47.588512
50631.600000000006;310.4;2653748.73;1271113.72;8.153165;47.588517
50640.100000000006;310.5;2653757.15;1271114.13;8.153277;47.58852
50647;310.5;2653764.07;1271114.42;8.153369;47.588522
50653.7;310.5;2653770.76;1271114.26;8.153458;47.58852
50658.9;310.5;2653775.96;1271113.97;8.153527;47.588517
50666.4;310.6;2653783.4;1271114.59;8.153626;47.588522
50672.9;310.6;2653789.87;1271114.21;8.153712;47.588518
50679.7;310.6;2653796.71;1271115.05;8.153803;47.588525
50687.5;310.7;2653804.29;1271116.67;8.153904;47.588539
50694;310.7;2653810.84;1271116.62;8.153991;47.588538
50700.600000000006;310.7;2653817.39;1271116.13;8.154078;47.588533
50706.600000000006;310.7;2653823.41;1271115.74;8.154158;47.588529
50713;310.8;2653829.73;1271115.35;8.154242;47.588525
50719.5;310.8;2653836.27;1271115.52;8.154329;47.588526
50725.3;310.8;2653842.06;1271116.13;8.154406;47.588531
50732.2;310.8;2653848.9;1271116.53;8.154497;47.588534
50738;310.9;2653854.63;1271115.58;8.154573;47.588525
50744.100000000006;310.9;2653860.72;1271115.08;8.154654;47.58852
50749.9;310.9;2653866.45;1271114.57;8.15473;47.588515
50755.5;310.9;2653872.09;1271113.96;8.154805;47.588509
50761.4;311;2653877.96;1271114.12;8.154883;47.58851
50767.7;311;2653884.2;1271114.51;8.154966;47.588513
50773.8;311;2653890.37;1271114.79;8.155048;47.588515
50780.100000000006;311;2653896.61;1271114.51;8.155131;47.588512
50788;311.1;2653904.51;1271115.03;8.155236;47.588516
50794.9;311.1;2653911.43;1271114.76;8.155328;47.588513
50800.9;311.1;2653917.38;1271114.15;8.155407;47.588507
50806.4;311.1;2653922.8;1271113.2;8.155479;47.588498
50812.4;311.1;2653928.82;1271113.59;8.155559;47.588501
50818.4;311.2;2653934.76;1271113.31;8.155638;47.588498
50824.600000000006;311.2;2653941;1271113.7;8.155721;47.588501
50831.600000000006;311.3;2653947.92;1271114.09;8.155813;47.588504
50837.8;311.3;2653954.09;1271113.7;8.155895;47.5885
50844.8;311.3;2653961.16;1271113.66;8.155989;47.588499
50851.100000000006;311.3;2653967.48;1271113.83;8.156073;47.5885
50857.3;311.3;2653973.58;1271113.44;8.156154;47.588496
50864.100000000006;311.3;2653980.42;1271113.83;8.156245;47.588499
50869.9;311.4;2653986.05;1271115.22;8.15632;47.588511
50876.2;311.5;2653992.29;1271115.05;8.156403;47.588509
50883.3;311.5;2653999.44;1271115.12;8.156498;47.588509
50890.100000000006;311.5;2654006.14;1271114.29;8.156587;47.588501
50896;311.5;2654012.08;1271114.68;8.156666;47.588504
50902.5;311.5;2654018.55;1271114.63;8.156752;47.588503
50908.9;311.6;2654024.95;1271114.13;8.156837;47.588498
50915.4;311.6;2654031.42;1271114.3;8.156923;47.588499
50922.3;311.6;2654038.34;1271114.36;8.157015;47.588499
50929;311.6;2654045.03;1271114.87;8.157104;47.588503
50935.2;311.7;2654051.27;1271115.26;8.157187;47.588506
50941.3;311.7;2654057.29;1271115.32;8.157267;47.588506
50947.5;311.7;2654063.45;1271115.93;8.157349;47.588511
50953.600000000006;311.8;2654069.54;1271116.21;8.15743;47.588513
50959.7;311.8;2654075.64;1271115.71;8.157511;47.588508
50966.100000000006;311.8;2654082.11;1271115.54;8.157597;47.588506
50972.600000000006;311.8;2654088.58;1271114.94;8.157683;47.5885
50978.600000000006;311.8;2654094.53;1271114.21;8.157762;47.588493
50984.3;311.9;2654100.18;1271114.04;8.157837;47.588491
50990.7;311.9;2654106.57;1271113.88;8.157922;47.588489
50996.600000000006;311.9;2654112.44;1271113.49;8.158;47.588485
51002.5;311.9;2654118.3;1271114.43;8.158078;47.588493
51008.4;312;2654124.17;1271114.26;8.158156;47.588491
51014.600000000006;312;2654130.41;1271114.87;8.158239;47.588496
51021.7;312;2654137.47;1271115.61;8.158333;47.588502
51028.100000000006;312;2654143.79;1271116;8.158417;47.588505
51034.4;312;2654150.11;1271116.28;8.158501;47.588507
51040.5;312.1;2654156.2;1271115.89;8.158582;47.588503
51047.4;312;2654163.06;1271115.06;8.158673;47.588495
51052.7;312.1;2654167.92;1271117.22;8.158738;47.588514
51059.2;312.1;2654174.39;1271117.61;8.158824;47.588517
51065.600000000006;312.1;2654180.79;1271117.45;8.158909;47.588515
51072.2;312.2;2654187.41;1271117.18;8.158997;47.588512
51079;312.2;2654194.18;1271117.46;8.159087;47.588514
51086.3;312.2;2654201.47;1271117.3;8.159184;47.588512
51091.100000000006;312.2;2654206.29;1271117.13;8.159248;47.58851
51096.9;312.3;2654212.01;1271116.73;8.159324;47.588506
51103.100000000006;312.3;2654218.19;1271115.79;8.159406;47.588497
51109.4;312.3;2654224.44;1271115.4;8.159489;47.588493
51113.8;312.3;2654228.81;1271114.66;8.159547;47.588486
51122;312.3;2654237.01;1271114.3;8.159656;47.588482
51128.3;312.3;2654243.26;1271113.91;8.159739;47.588478
51135.7;312.4;2654250.7;1271114.09;8.159838;47.588479
51142.4;312.4;2654257.31;1271115.15;8.159926;47.588488
51149.2;312.4;2654264.09;1271114.54;8.160016;47.588482
51155;312.4;2654269.74;1271113.26;8.160091;47.58847
51160.9;312.4;2654275.61;1271112.65;8.160169;47.588464
51166.9;312.5;2654281.56;1271112.26;8.160248;47.58846
51173.9;312.5;2654288.56;1271112.21;8.160341;47.588459
51181.100000000006;312.5;2654295.69;1271113.17;8.160436;47.588467
51187.2;312.5;2654301.79;1271113;8.160517;47.588465
51193.7;312.6;2654308.33;1271113.06;8.160604;47.588465
51198.100000000006;312.5;2654312.48;1271111.76;8.160659;47.588453
51204.7;312.5;2654319.1;1271111.71;8.160747;47.588452
51211.7;312.6;2654326.1;1271111.33;8.16084;47.588448
51217.7;312.6;2654332.13;1271110.83;8.16092;47.588443
51223.5;312.6;2654337.83;1271111.89;8.160996;47.588452
51230;312.7;2654344.3;1271112.17;8.161082;47.588454
51237.100000000006;312.7;2654351.3;1271111.45;8.161175;47.588447
51243.4;312.7;2654357.62;1271111.4;8.161259;47.588446
51250.2;312.8;2654364.38;1271112.13;8.161349;47.588452
51257.5;312.9;2654371.68;1271112.31;8.161446;47.588453
51264.9;313;2654379.05;1271113.04;8.161544;47.588459
51271.100000000006;313;2654385.29;1271113.44;8.161627;47.588462
51278.2;313.1;2654392.19;1271114.72;8.161719;47.588473
51284.3;313.1;2654398.37;1271114.45;8.161801;47.58847
51290.4;313.2;2654404.46;1271114.5;8.161882;47.58847
51297.600000000006;313.3;2654411.61;1271114.23;8.161977;47.588467
51305.100000000006;313.4;2654418.96;1271115.97;8.162075;47.588482
51311;313.5;2654424.83;1271115.69;8.162153;47.588479
51319.4;313.7;2654433.19;1271114.99;8.162264;47.588472
51325.100000000006;313.9;2654438.69;1271113.71;8.162337;47.58846
51330.2;314;2654443.81;1271113.64;8.162405;47.588459
51335.4;314.1;2654448.99;1271114.36;8.162474;47.588465
51342.7;314.3;2654456.28;1271115.2;8.162571;47.588472
51348.4;314.3;2654461.84;1271116.14;8.162645;47.58848
51354.600000000006;314.6;2654468.01;1271116.09;8.162727;47.588479
51360.2;314.8;2654473.66;1271115.58;8.162802;47.588474
51365.7;314.9;2654479.15;1271115.75;8.162875;47.588475
51372;315;2654485.15;1271117.47;8.162955;47.58849
51379;315.2;2654492.15;1271116.53;8.163048;47.588481
51384.9;315.3;2654497.7;1271118.47;8.163122;47.588498
51389.7;315.5;2654502.44;1271117.96;8.163185;47.588493
51394.4;315.6;2654507.1;1271118.56;8.163247;47.588498
51401;315.7;2654513.56;1271120.07;8.163333;47.588511
51407.2;315.9;2654519.64;1271121.23;8.163414;47.588521
51412.8;316;2654525.12;1271122.62;8.163487;47.588533
51419.7;316.2;2654531.88;1271123.91;8.163577;47.588544
51425.100000000006;316.3;2654537.06;1271125.29;8.163646;47.588556
51433.100000000006;316.5;2654545.04;1271124.14;8.163752;47.588545
51438.9;316.7;2654550.75;1271125.08;8.163828;47.588553
51444.9;316.8;2654556.37;1271127.13;8.163903;47.588571
51452.3;317;2654563.66;1271127.98;8.164;47.588578
51458.3;317.1;2654569.59;1271129.15;8.164079;47.588588
51463.4;317.3;2654574.39;1271130.75;8.164143;47.588602
51469.100000000006;317.4;2654580.11;1271130.69;8.164219;47.588601
51474.8;317.5;2654585.83;1271130.3;8.164295;47.588597
51481.600000000006;317.8;2654592.44;1271131.91;8.164383;47.588611
51488.3;317.9;2654599.13;1271132.42;8.164472;47.588615
51495.7;318.2;2654606.49;1271133.05;8.16457;47.58862
51501.3;318.4;2654612.06;1271133.1;8.164644;47.58862
51505.7;318.5;2654616.49;1271133.58;8.164703;47.588624
51512.3;318.6;2654622.95;1271134.64;8.164789;47.588633
51519.5;318.9;2654630.09;1271135.6;8.164884;47.588641
51525.5;318.9;2654635.94;1271136.99;8.164962;47.588653
51530.3;319.1;2654640.76;1271137.25;8.165026;47.588655
51538.7;319.3;2654649.1;1271138.11;8.165137;47.588662
51544.7;319.5;2654655.04;1271138.5;8.165216;47.588665
51551;319.7;2654661.27;1271139.33;8.165299;47.588672
51558.4;319.9;2654668.48;1271141.29;8.165395;47.588689
51564.600000000006;320;2654674.48;1271142.57;8.165475;47.5887
51569.3;320.3;2654679.15;1271141.72;8.165537;47.588692
51573.4;320.4;2654683.21;1271141.98;8.165591;47.588694
51577.4;320.4;2654687.2;1271142.47;8.165644;47.588698
51584.4;320.6;2654693.72;1271144.97;8.165731;47.58872
51589.100000000006;320.7;2654698.22;1271146.46;8.165791;47.588733
51596.7;320.9;2654705.82;1271146.08;8.165892;47.588729
51601.9;321.3;2654711.01;1271145.58;8.165961;47.588724
51609.3;321.5;2654718.3;1271146.53;8.166058;47.588732
51614.100000000006;321.6;2654722.42;1271149.02;8.166113;47.588754
51620.3;321.7;2654728.11;1271151.52;8.166189;47.588776
51626.7;321.9;2654734.27;1271153.02;8.166271;47.588789
51632.2;322;2654739.75;1271154.07;8.166344;47.588798
51639;322.1;2654745.89;1271156.8;8.166426;47.588822
51644.4;322.3;2654751.3;1271157.74;8.166498;47.58883
51650;322.5;2654756.62;1271159.23;8.166569;47.588843
51655.3;322.7;2654761.88;1271160.06;8.166639;47.58885
51660.5;322.8;2654766.83;1271161.77;8.166705;47.588865
51667.7;323.1;2654773.81;1271163.39;8.166798;47.588879
51671.3;323.1;2654777.43;1271163.21;8.166846;47.588877
51674.600000000006;323.1;2654778.58;1271160.1;8.166861;47.588849
51677.9;323.1;2654778.91;1271156.88;8.166865;47.58882
51681.8;323;2654775.93;1271154.41;8.166825;47.588798
51686.100000000006;323.2;2654774.16;1271150.39;8.166801;47.588762
51689.7;323.3;2654773.14;1271146.93;8.166787;47.588731
51693.7;323.3;2654771.59;1271143.25;8.166766;47.588698
51697.4;323.4;2654770.35;1271139.79;8.166749;47.588667
51700.7;323.5;2654769.55;1271136.56;8.166738;47.588638
51703.8;323.6;2654769.05;1271133.55;8.166731;47.588611
51707.5;323.8;2654768.41;1271129.87;8.166722;47.588578
51710.600000000006;323.9;2654767.91;1271126.87;8.166715;47.588551
51714.3;324.2;2654767.42;1271123.19;8.166708;47.588518
51717.7;324.2;2654765.11;1271120.61;8.166677;47.588495
51721.600000000006;324.2;2654767.11;1271123.86;8.166704;47.588524
51725.4;323.9;2654768.13;1271127.54;8.166718;47.588557
51728.7;323.7;2654768.55;1271130.88;8.166724;47.588587
51732.100000000006;323.5;2654768.44;1271134.21;8.166723;47.588617
51735.3;323.5;2654769.77;1271137.11;8.166741;47.588643
51738.5;323.5;2654770.87;1271140.13;8.166756;47.58867
51741.8;323.3;2654771.21;1271143.47;8.166761;47.5887
51746.2;323.3;2654771.63;1271147.81;8.166767;47.588739
51750;323.1;2654772.72;1271151.49;8.166782;47.588772
51754.3;322.9;2654772.98;1271155.71;8.166786;47.58881
51760.100000000006;323;2654775.49;1271160.96;8.16682;47.588857
51764.4;323.2;2654779.16;1271163.22;8.166869;47.588877
51769.7;323.4;2654784.18;1271164.94;8.166936;47.588892
51775.3;323.6;2654789.66;1271166.21;8.167009;47.588903
51780.9;323.8;2654795.14;1271167.48;8.167082;47.588914
51786.7;323.9;2654800.69;1271168.87;8.167156;47.588926
51792.8;324.2;2654806.62;1271170.26;8.167235;47.588938
51798.9;324.3;2654812.63;1271171.54;8.167315;47.588949
51805.600000000006;324.5;2654819.08;1271173.15;8.167401;47.588963
51812.7;324.8;2654826.06;1271174.89;8.167494;47.588978
51820.100000000006;325;2654833.19;1271176.62;8.167589;47.588993
51826.4;325.2;2654839.35;1271177.9;8.167671;47.589004
51831.4;325.4;2654844.31;1271178.5;8.167737;47.589009
51838.600000000006;325.5;2654851.52;1271179.35;8.167833;47.589016
51844.8;325.7;2654857.29;1271181.63;8.16791;47.589036
51852.100000000006;326;2654864.27;1271183.69;8.168003;47.589054
51858.2;326.2;2654870.36;1271184.42;8.168084;47.58906
51862;326.3;2654874.12;1271184.12;8.168134;47.589057
51866.7;326.4;2654878.78;1271184.83;8.168196;47.589063
51873.2;326.6;2654884.7;1271187.55;8.168275;47.589087
51879.3;326.8;2654890.32;1271189.72;8.16835;47.589106
51886.2;327;2654897.07;1271191.34;8.16844;47.58912
51891.8;327.3;2654902.48;1271192.72;8.168512;47.589132
51901.2;327.6;2654911.55;1271195.14;8.168633;47.589153
51906.7;327.8;2654916.8;1271196.97;8.168703;47.589169
51915.7;328.1;2654925.12;1271200.16;8.168814;47.589197
51922.600000000006;328.3;2654931.72;1271202.22;8.168902;47.589215
51931.100000000006;328.6;2654939.67;1271205.41;8.169008;47.589243
51934.7;328.7;2654943.12;1271206.22;8.169054;47.58925
51939.9;328.8;2654948.15;1271207.71;8.169121;47.589263
51946.3;329.1;2654954.22;1271209.55;8.169202;47.589279
51953.3;329.3;2654960.82;1271211.83;8.16929;47.589299
51960;329.5;2654967.2;1271214.01;8.169375;47.589318
51966.8;329.7;2654973.88;1271215.29;8.169464;47.589329
51973.100000000006;329.9;2654980.04;1271216.46;8.169546;47.589339
51979.100000000006;330.1;2654985.66;1271218.63;8.169621;47.589358
51983.3;330.2;2654988.87;1271221.44;8.169664;47.589383
51991.9;330.5;2654997.04;1271223.96;8.169773;47.589405
51996.7;330.6;2655001.78;1271224.45;8.169836;47.589409
52001.8;330.8;2655006.65;1271225.94;8.169901;47.589422
52008.600000000006;331;2655013.25;1271227.89;8.169989;47.589439
52013.8;331.2;2655018.36;1271228.6;8.170057;47.589445
52019.9;331.4;2655024.29;1271230.11;8.170136;47.589458
52025.2;331.5;2655029.16;1271232.15;8.170201;47.589476
52031.9;331.6;2655035.54;1271234.1;8.170286;47.589493
52037.5;331.9;2655040.94;1271235.71;8.170358;47.589507
52041.7;332.1;2655045.15;1271235.75;8.170414;47.589507
52047.9;332.2;2655050.62;1271238.58;8.170487;47.589532
52052.9;332.3;2655055.26;1271240.4;8.170549;47.589548
52057.9;332.5;2655059.83;1271242.45;8.17061;47.589566
52062;332.6;2655063.97;1271241.93;8.170665;47.589561
52067.2;332.8;2655068.77;1271243.75;8.170729;47.589577
52072.2;332.9;2655073.65;1271245.02;8.170794;47.589588
52077;333.1;2655078.3;1271245.95;8.170856;47.589596
52081.8;333.2;2655083.03;1271247;8.170919;47.589605
52086.5;333.4;2655087.69;1271247.82;8.170981;47.589612
52091.2;333.7;2655092.27;1271248.75;8.171042;47.58962
52098.5;333.9;2655099.33;1271250.49;8.171136;47.589635
52103.5;334.1;2655104.2;1271251.75;8.171201;47.589646
52106.8;334.1;2655106.74;1271253.78;8.171235;47.589664
52111.2;334.3;2655111.18;1271254.04;8.171294;47.589666
52115.7;334.4;2655115.69;1271253.86;8.171354;47.589664
52118.8;334.5;2655118.7;1271254.34;8.171394;47.589668
52126.4;334.8;2655126.29;1271254.3;8.171495;47.589667
52130.8;334.9;2655130.49;1271255.67;8.171551;47.589679
52135.3;335.1;2655134.92;1271256.71;8.17161;47.589688
52140.2;335.2;2655139.65;1271257.87;8.171673;47.589698
52145.100000000006;335.4;2655144.54;1271258.47;8.171738;47.589703
52150.3;335.5;2655149.56;1271259.85;8.171805;47.589715
52155.2;335.7;2655154.29;1271261.01;8.171868;47.589725
52159.7;335.8;2655158.72;1271261.83;8.171927;47.589732
52164.3;335.9;2655163.23;1271262.76;8.171987;47.58974
52169.2;336;2655167.96;1271263.8;8.17205;47.589749
52174;336.2;2655172.69;1271264.74;8.172113;47.589757
52178.8;336.3;2655177.42;1271265.67;8.172176;47.589765
52183.600000000006;336.5;2655182.15;1271266.6;8.172239;47.589773
52188.7;336.6;2655187.02;1271267.87;8.172304;47.589784
52193.600000000006;336.7;2655191.83;1271269.03;8.172368;47.589794
52198.4;336.8;2655196.56;1271269.96;8.172431;47.589802
52203.4;337;2655201.44;1271271.12;8.172496;47.589812
52210.8;337.2;2655208.49;1271273.3;8.17259;47.589831
52215.9;337.3;2655213.44;1271274.35;8.172656;47.58984
52220.7;337.4;2655218.17;1271275.17;8.172719;47.589847
52224.9;337.5;2655222.07;1271276.65;8.172771;47.58986
52228.8;337.5;2655225.98;1271277.13;8.172823;47.589864
52233.3;337.7;2655230.33;1271278.4;8.172881;47.589875
52239.7;337.8;2655236.72;1271278.35;8.172966;47.589874
52244.8;337.9;2655241.68;1271279.28;8.173032;47.589882
52252.4;338;2655249.03;1271281.24;8.17313;47.589899
52256.8;338.1;2655253.31;1271282.28;8.173187;47.589908
52261.8;338.2;2655258.19;1271283.33;8.173252;47.589917
52266.9;338.2;2655262.99;1271285.04;8.173316;47.589932
52271.4;338.3;2655267.5;1271285.86;8.173376;47.589939
52276;338.4;2655271.92;1271287.13;8.173435;47.58995
52280.7;338.4;2655276.35;1271288.61;8.173494;47.589963
52285.2;338.4;2655280.62;1271289.88;8.173551;47.589974
52289.9;338.5;2655285.28;1271290.81;8.173613;47.589982
52294.9;338.5;2655290.08;1271292.08;8.173677;47.589993
52300.100000000006;338.5;2655295.27;1271292.35;8.173746;47.589995
52303.8;338.5;2655298.95;1271292.38;8.173795;47.589995
52309.2;338.5;2655303.9;1271294.65;8.173861;47.590015
52314.7;338.5;2655308.23;1271298.03;8.173919;47.590045
52319.9;338.6;2655313.34;1271298.86;8.173987;47.590052
52324.2;338.6;2655317.23;1271300.78;8.174039;47.590069
52329.3;338.6;2655321.87;1271302.94;8.174101;47.590088
52333.5;338.5;2655325.77;1271304.53;8.174153;47.590102
52338.9;338.6;2655330.56;1271306.91;8.174217;47.590123
52343.5;338.6;2655334.83;1271308.73;8.174274;47.590139
52348.9;338.6;2655339.16;1271311.88;8.174332;47.590167
52354.3;338.6;2655344.11;1271314.04;8.174398;47.590186
52359.5;338.6;2655348.75;1271316.31;8.17446;47.590206
52363.8;338.6;2655351.96;1271319.23;8.174503;47.590232
52368.5;338.6;2655356.46;1271320.72;8.174563;47.590245
52373.3;338.7;2655360.12;1271323.76;8.174612;47.590272
52380.100000000006;338.7;2655366.41;1271326.48;8.174696;47.590296
52385.8;338.7;2655371.27;1271329.42;8.174761;47.590322
52393.8;338.7;2655378.23;1271333.27;8.174854;47.590356
52399.4;338.7;2655382.71;1271336.64;8.174914;47.590386
52405.8;338.7;2655387.56;1271340.92;8.174979;47.590424
52411.8;338.7;2655392.49;1271344.3;8.175045;47.590454
52417.7;338.7;2655396.97;1271348.12;8.175105;47.590488
52423.7;338.7;2655401.83;1271351.61;8.17517;47.590519
52428.3;338.7;2655405.79;1271353.99;8.175223;47.59054
52433.7;338.8;2655410.13;1271357.25;8.175281;47.590569
52439.5;338.8;2655414.15;1271361.4;8.175335;47.590606
52444.8;338.7;2655417.95;1271365;8.175386;47.590638
52451.2;338.7;2655423.1;1271368.94;8.175455;47.590673
52457.8;338.7;2655427.95;1271373.32;8.17552;47.590712
52464.4;338.7;2655433.33;1271377.26;8.175592;47.590747
52474.5;338.6;2655440.34;1271384.44;8.175686;47.590811
52482.4;338.6;2655445.85;1271390.17;8.17576;47.590862
52490.100000000006;338.7;2655451.37;1271395.44;8.175834;47.590909
52499.5;338.7;2655458.83;1271401.19;8.175934;47.59096
52505.9;338.7;2655463.38;1271405.79;8.175995;47.591001
52517.600000000006;338.8;2655468.85;1271416.07;8.176069;47.591093
52527.5;338.9;2655476.69;1271422.15;8.176174;47.591147
52533.7;338.9;2655482;1271425.31;8.176245;47.591175
52540.8;338.9;2655487.45;1271429.81;8.176318;47.591215
52546.9;338.9;2655492.38;1271433.41;8.176384;47.591247
52554.3;339;2655497.98;1271438.36;8.176459;47.591291
52560.100000000006;338.9;2655502.3;1271442.18;8.176517;47.591325
52566.5;338.9;2655507.46;1271445.9;8.176586;47.591358
52573.4;339;2655512.07;1271451.06;8.176648;47.591404
52580.100000000006;339;2655517.45;1271455;8.17672;47.591439
52584.7;338.9;2655521.26;1271457.7;8.176771;47.591463
52590.5;339;2655524.98;1271462.07;8.176821;47.591502
52601.7;339;2655532.27;1271470.59;8.176919;47.591578
52609.100000000006;339.1;2655536.88;1271476.42;8.176981;47.59163
52618;339.1;2655540.19;1271484.68;8.177026;47.591704
52627.2;339.1;2655548.2;1271489.2;8.177133;47.591744
52640.5;339.2;2655558.42;1271497.75;8.17727;47.59182
52652.9;339.1;2655568.43;1271505.07;8.177404;47.591885
52659.600000000006;339.2;2655573.89;1271508.9;8.177477;47.591919
52669.100000000006;339.2;2655580.75;1271515.42;8.177569;47.591977
52675;339.2;2655581.59;1271521.32;8.177581;47.59203
52685.3;339.3;2655588.44;1271528.94;8.177673;47.592098
52693.600000000006;339.2;2655592.36;1271536.32;8.177726;47.592164
52709.2;339.2;2655603.46;1271547.21;8.177875;47.592261
52713;339.3;2655607.3;1271547.14;8.177926;47.59226
52724;339.3;2655616.12;1271553.67;8.178044;47.592318
52736.600000000006;339.4;2655624.91;1271562.76;8.178162;47.592399
52742.9;339.4;2655629.91;1271566.58;8.178229;47.592433
52749.100000000006;339.4;2655634.54;1271570.63;8.178291;47.592469
52754;339.4;2655638.04;1271574.11;8.178338;47.5925
52758.5;339.4;2655641.39;1271577.03;8.178383;47.592526
52764.600000000006;339.4;2655645.26;1271581.74;8.178435;47.592568
52771.2;339.5;2655649.2;1271587.12;8.178488;47.592616
52782;339.5;2655657.48;1271593.98;8.178599;47.592677
52788.4;339.5;2655662.03;1271598.47;8.17866;47.592717
52795.5;339.5;2655667.02;1271603.63;8.178727;47.592763
52803.5;339.6;2655673.22;1271608.69;8.17881;47.592808
52810.4;339.6;2655678.44;1271613.19;8.17888;47.592848
52817.8;339.6;2655682.82;1271619.12;8.178939;47.592901
52824.600000000006;339.6;2655688.35;1271623.07;8.179013;47.592936
52831.2;339.7;2655693.27;1271627.45;8.179079;47.592975
52838.7;339.7;2655698.11;1271633.17;8.179144;47.593026
52844.8;339.7;2655702.43;1271637.54;8.179202;47.593065
52850.4;339.8;2655706.76;1271641.03;8.17926;47.593096
52856.9;339.8;2655711.46;1271645.52;8.179323;47.593136
52863.3;339.7;2655716.38;1271649.68;8.179389;47.593173
52870.8;339.7;2655722.05;1271654.52;8.179465;47.593216
52878.4;339.7;2655727.57;1271659.8;8.179539;47.593263
52884.5;339.8;2655731.89;1271664.06;8.179597;47.593301
52891.100000000006;339.8;2655736.96;1271668.34;8.179665;47.593339
52897.2;339.9;2655741.52;1271672.27;8.179726;47.593374
52904;339.8;2655745.98;1271677.43;8.179786;47.59342
52910.100000000006;339.8;2655750.83;1271681.14;8.179851;47.593453
52916.5;339.8;2655755.91;1271685.08;8.179919;47.593488
52923.100000000006;339.8;2655760.76;1271689.58;8.179984;47.593528
52928.8;339.8;2655765.09;1271693.18;8.180042;47.59356
52934.9;339.9;2655769.33;1271697.66;8.180099;47.5936
52940.100000000006;339.9;2655772.98;1271701.26;8.180148;47.593632
52945.9;339.9;2655777.16;1271705.41;8.180204;47.593669
52954.2;339.9;2655783.04;1271711.25;8.180283;47.593721
52961.5;339.9;2655788.03;1271716.52;8.18035;47.593768
52968;340;2655792.65;1271721.13;8.180412;47.593809
52975.7;340;2655797.64;1271726.95;8.180479;47.593861
52981.4;340;2655801.74;1271730.88;8.180534;47.593896
52987.3;340;2655805.99;1271735.04;8.180591;47.593933
52993.8;340;2655811.29;1271738.87;8.180662;47.593967
53001.4;340.1;2655816.58;1271744.26;8.180733;47.594015
53007.600000000006;340.1;2655821.13;1271748.41;8.180794;47.594052
53014.2;340.1;2655826.36;1271752.58;8.180864;47.594089
53021.4;340.1;2655830.59;1271758.4;8.180921;47.594141
53027.7;340.2;2655834.91;1271762.89;8.180979;47.594181
53033.9;340.2;2655839.46;1271767.16;8.18104;47.594219
53040;340.2;2655843.63;1271771.53;8.181096;47.594258
53046.7;340.2;2655848.39;1271776.36;8.18116;47.594301
53053.5;340.2;2655853.24;1271781.08;8.181225;47.594343
53060;340.2;2655858.24;1271785.24;8.181292;47.59438
53066.3;340.2;2655862.94;1271789.4;8.181355;47.594417
53072.8;340.3;2655867.48;1271794.11;8.181416;47.594459
53079.9;340.3;2655872.85;1271798.72;8.181488;47.5945
53085.7;340.3;2655877.03;1271802.76;8.181544;47.594536
53092.600000000006;340.3;2655881.87;1271807.59;8.181609;47.594579
53098.8;340.3;2655886.19;1271812.08;8.181667;47.594619
53105.4;340.4;2655890.89;1271816.68;8.18173;47.59466
53111.9;340.4;2655895.51;1271821.28;8.181792;47.594701
53117.9;340.4;2655899.68;1271825.66;8.181848;47.59474
53124.4;340.4;2655903.92;1271830.59;8.181905;47.594784
53130.600000000006;340.4;2655908.39;1271834.86;8.181965;47.594822
53137.3;340.4;2655913.24;1271839.47;8.18203;47.594863
53144.100000000006;340.5;2655918;1271844.29;8.182094;47.594906
53150.4;340.5;2655922.25;1271849;8.182151;47.594948
53156.4;340.5;2655926.49;1271853.16;8.182208;47.594985
53162.9;340.6;2655931.34;1271857.54;8.182273;47.595024
53169.3;340.6;2655936.27;1271861.7;8.182339;47.595061
53175.100000000006;340.6;2655940.52;1271865.52;8.182396;47.595095
53181.4;340.6;2655945.22;1271869.79;8.182459;47.595133
53187.9;340.6;2655950.22;1271873.95;8.182526;47.59517
53195;340.6;2655955.44;1271878.67;8.182596;47.595212
53202.600000000006;340.6;2655960.95;1271883.95;8.18267;47.595259
53211;340.6;2655967.14;1271889.68;8.182753;47.59531
53217.4;340.7;2655971.61;1271894.17;8.182813;47.59535
53223.600000000006;340.7;2655975.7;1271898.88;8.182868;47.595392
53230.3;340.7;2655980.32;1271903.71;8.18293;47.595435
53236.5;340.7;2655985.17;1271907.64;8.182995;47.59547
53244.4;340.7;2655990.46;1271913.48;8.183066;47.595522
53251.3;340.8;2655995.53;1271918.19;8.183134;47.595564
53258.100000000006;340.8;2655999.99;1271923.35;8.183194;47.59561
53265.100000000006;340.8;2656005.37;1271927.74;8.183266;47.595649
53272.5;340.8;2656009.9;1271933.67;8.183327;47.595702
53278.3;340.8;2656013.92;1271937.83;8.183381;47.595739
53283;340.8;2656017.65;1271940.64;8.183431;47.595764
53289.4;340.9;2656022.5;1271944.8;8.183496;47.595801
53295.7;340.9;2656026.97;1271949.29;8.183556;47.595841
53302;340.9;2656031.6;1271953.56;8.183618;47.595879
53309.3;340.9;2656036.97;1271958.51;8.18369;47.595923
53316.5;340.9;2656041.8;1271963.78;8.183755;47.59597
53322.7;340.9;2656046.43;1271967.94;8.183817;47.596007
53330;340.9;2656051.72;1271972.99;8.183888;47.596052
53337.5;341;2656057.47;1271977.83;8.183965;47.596095
53344.3;341;2656062.39;1271982.43;8.184031;47.596136
53351.2;341;2656067.61;1271987.04;8.184101;47.596177
53357.3;341;2656072.23;1271990.98;8.184163;47.596212
53363.4;341;2656076.63;1271995.13;8.184222;47.596249
53369.9;341;2656081.48;1271999.51;8.184287;47.596288
53376.5;341;2656085.72;1272004.56;8.184344;47.596333
53383.2;341;2656090.56;1272009.16;8.184409;47.596374
53389.3;341.1;2656095.04;1272013.43;8.184469;47.596412
53395.7;341;2656100.04;1272017.37;8.184536;47.596447
53402.600000000006;341.1;2656104.8;1272022.31;8.1846;47.596491
53409.100000000006;341.1;2656109.5;1272026.91;8.184663;47.596532
53415.9;341.1;2656114.04;1272031.96;8.184724;47.596577
53423.4;341.2;2656119.79;1272036.8;8.184801;47.59662
53429.5;341.2;2656124.03;1272041.17;8.184858;47.596659
53436.5;341.2;2656129.02;1272046;8.184925;47.596702
53441.5;341.2;2656133.29;1272048.71;8.184982;47.596726
53447.2;341.2;2656137.99;1272051.87;8.185045;47.596754
53456.600000000006;341.2;2656144.02;1272059.04;8.185126;47.596818
53464;341.2;2656149.61;1272063.99;8.185201;47.596862
53470.5;341.2;2656154.23;1272068.48;8.185263;47.596902
53477.5;341.2;2656159.45;1272073.09;8.185333;47.596943
53488.8;341.3;2656166.67;1272081.83;8.18543;47.597021
53494.3;341.3;2656171.22;1272084.99;8.185491;47.597049
53500.600000000006;341.3;2656176.46;1272088.48;8.185561;47.59708
53506.7;341.3;2656181.01;1272092.53;8.185622;47.597116
53514.8;341.3;2656186.67;1272098.37;8.185698;47.597168
53521.2;341.3;2656191.59;1272102.42;8.185764;47.597204
53527.4;341.3;2656195.91;1272106.91;8.185822;47.597244
53533.8;341.4;2656200.76;1272110.95;8.185887;47.59728
53540.600000000006;341.4;2656205.68;1272115.67;8.185953;47.597322
53548.2;341.4;2656211.27;1272120.84;8.186028;47.597368
53554.2;341.4;2656215.37;1272125.22;8.186083;47.597407
53561.3;341.5;2656220.21;1272130.38;8.186148;47.597453
53567.9;341.5;2656225.66;1272134.21;8.186221;47.597487
53573.9;341.5;2656229.91;1272138.36;8.186278;47.597524
53579.100000000006;341.5;2656234.55;1272140.85;8.18634;47.597546
53585.5;341.5;2656239.17;1272145.24;8.186402;47.597585
53592.2;341.5;2656244.47;1272149.4;8.186473;47.597622
53599;341.5;2656249.69;1272153.68;8.186543;47.59766
53605.3;341.5;2656253.94;1272158.39;8.1866;47.597702
53613.7;341.6;2656259.52;1272164.55;8.186675;47.597757
53619.8;341.6;2656263.76;1272168.93;8.186732;47.597796
53625;341.5;2656268.02;1272171.97;8.186789;47.597823
53632.3;341.6;2656273.01;1272177.36;8.186856;47.597871
53639.5;341.6;2656278.15;1272182.41;8.186925;47.597916
53644.4;341.7;2656281.5;1272186;8.18697;47.597948
53651;341.6;2656286.35;1272190.39;8.187035;47.597987
53657.600000000006;341.6;2656291.12;1272194.99;8.187099;47.598028
53664.9;341.6;2656296.11;1272200.37;8.187166;47.598076
53671;341.7;2656300.66;1272204.31;8.187227;47.598111
53677.5;341.7;2656305.35;1272208.91;8.18729;47.598152
53685.2;341.7;2656310.03;1272214.96;8.187353;47.598206
53692.5;341.8;2656315.25;1272220.02;8.187423;47.598251
53699.8;341.8;2656320.31;1272225.4;8.187491;47.598299
53709;341.8;2656326.72;1272231.91;8.187577;47.598357
53718.5;341.8;2656333.95;1272238.1;8.187674;47.598412
53723.5;341.8;2656337.53;1272241.58;8.187722;47.598443
53731;341.9;2656343.2;1272246.53;8.187798;47.598487
53740.9;342.1;2656349.52;1272254.15;8.187883;47.598555
53749.2;341.8;2656356.85;1272258;8.187981;47.598589
53754.8;341.9;2656361.26;1272261.49;8.18804;47.59862
53760.7;341.9;2656365.35;1272265.75;8.188095;47.598658
53768.2;341.9;2656370.57;1272271.14;8.188165;47.598706
53774.600000000006;341.9;2656375.04;1272275.74;8.188225;47.598747
53781;342;2656379.81;1272280.01;8.188289;47.598785
53787;342;2656384.13;1272284.17;8.188347;47.598822
53793.3;342;2656388.22;1272288.88;8.188402;47.598864
53800;342;2656393.68;1272292.82;8.188475;47.598899
53805.8;342;2656397.39;1272297.3;8.188525;47.598939
53812.4;342;2656402.24;1272301.69;8.18859;47.598978
53819.7;342;2656407.38;1272306.96;8.188659;47.599025
53825.600000000006;342.1;2656411.4;1272311.23;8.188713;47.599063
53832.5;342.1;2656415.86;1272316.49;8.188773;47.59911
53839.2;342.1;2656421.09;1272320.77;8.188843;47.599148
53845.3;342.1;2656425.26;1272325.15;8.188899;47.599187
53851.600000000006;342.1;2656429.73;1272329.53;8.188959;47.599226
53857.5;342.2;2656433.9;1272333.79;8.189015;47.599264
53868.100000000006;342.3;2656439.98;1272342.41;8.189097;47.599341
53877.9;342.3;2656446.83;1272349.48;8.189189;47.599404
53884.2;342.3;2656451.15;1272354.08;8.189247;47.599445
53890.7;342.3;2656455.32;1272359.01;8.189303;47.599489
53895.600000000006;342.3;2656458.21;1272362.93;8.189342;47.599524
53901.7;342.3;2656462.46;1272367.42;8.189399;47.599564
53910.9;342.3;2656469.62;1272373.16;8.189495;47.599615
53920.600000000006;342.4;2656476.55;1272379.9;8.189588;47.599675
53926.9;342.4;2656481.02;1272384.39;8.189648;47.599715
53933.3;342.5;2656485.11;1272389.32;8.189703;47.599759
53940.100000000006;342.5;2656490.26;1272393.71;8.189772;47.599798
53944.9;342.5;2656494.22;1272396.53;8.189825;47.599823
53951.8;342.5;2656499.44;1272400.91;8.189895;47.599862
53957.5;342.6;2656503.84;1272404.62;8.189954;47.599895
53964.100000000006;342.6;2656508.23;1272409.56;8.190013;47.599939
53968.4;342.6;2656510.53;1272413.14;8.190044;47.599971
53972.4;342.6;2656513.66;1272415.73;8.190086;47.599994
53981.8;342.5;2656519.99;1272422.68;8.190171;47.600056
53987.2;342.6;2656524.32;1272425.84;8.190229;47.600084
53995.5;342.6;2656530.44;1272431.45;8.190311;47.600134
54001.8;342.6;2656535.44;1272435.28;8.190378;47.600168
54007.5;342.6;2656539.69;1272439.1;8.190435;47.600202
54012.8;342.6;2656543.49;1272442.81;8.190486;47.600235
54023.7;342.6;2656550.93;1272450.67;8.190586;47.600305
54028.600000000006;342.6;2656555.04;1272453.37;8.190641;47.600329
54035.3;342.6;2656561.03;1272456.43;8.190721;47.600356
54039.7;342.5;2656565.47;1272456.59;8.19078;47.600357
54049.8;342.4;2656572.32;1272463.99;8.190872;47.600423
54057.2;342.6;2656577.76;1272469.05;8.190945;47.600468
54063.7;342.6;2656582;1272473.87;8.191002;47.600511
54069.8;342.6;2656586.32;1272478.25;8.19106;47.60055
54075.9;342.6;2656590.56;1272482.62;8.191117;47.600589
54082.4;342.6;2656595.18;1272487.12;8.191179;47.600629
54090.600000000006;342.7;2656600.54;1272493.4;8.191251;47.600685
54096.3;342.7;2656604.71;1272497.33;8.191307;47.60072
54102;342.7;2656609.04;1272501.04;8.191365;47.600753
54108.2;342.6;2656614.27;1272504.2;8.191435;47.600781
54114.600000000006;342.6;2656618.74;1272508.8;8.191495;47.600822
54122.3;342.7;2656624.18;1272514.3;8.191568;47.600871
54130.7;342.7;2656629.76;1272520.58;8.191643;47.600927
54136.9;342.7;2656634.53;1272524.52;8.191707;47.600962
54141.100000000006;342.7;2656637.97;1272527;8.191753;47.600984
54150.9;342.6;2656644.9;1272533.85;8.191846;47.601045
54156.7;342.7;2656649.15;1272537.89;8.191903;47.601081
54165.9;342.8;2656655.55;1272544.41;8.191989;47.601139
54172.9;342.8;2656659.94;1272549.9;8.192048;47.601188
54179.5;342.8;2656664.86;1272554.28;8.192114;47.601227
54186.8;342.8;2656670.07;1272559.33;8.192184;47.601272
54194.3;342.9;2656675.51;1272564.5;8.192257;47.601318
54200.5;342.8;2656680.29;1272568.44;8.192321;47.601353
54206.100000000006;342.9;2656684.62;1272572.04;8.192379;47.601385
54211.9;342.8;2656689.32;1272575.53;8.192442;47.601416
54217.7;342.8;2656693.57;1272579.35;8.192499;47.60145
54227.2;342.9;2656700.28;1272586.09;8.192589;47.60151
54234;342.9;2656704.82;1272591.14;8.19265;47.601555
54242.7;342.8;2656712.14;1272595.88;8.192748;47.601597
54246.2;342.9;2656714.45;1272598.57;8.192779;47.601621
54253.5;342.9;2656719.89;1272603.4;8.192852;47.601664
54260.7;342.9;2656725.26;1272608.12;8.192924;47.601706
54271.2;343;2656731.34;1272616.74;8.193006;47.601783
54278.4;343;2656736.64;1272621.69;8.193077;47.601827
54283.7;343;2656740.74;1272624.95;8.193132;47.601856
54291.7;343.1;2656745.11;1272631.66;8.193191;47.601916
54298;343.1;2656748.75;1272636.81;8.19324;47.601962
54302.600000000006;343.1;2656752.33;1272639.63;8.193288;47.601987
54310;343.1;2656758.99;1272643.03;8.193377;47.602017
54318.5;343.1;2656765.1;1272648.87;8.193459;47.602069
54327.5;343.1;2656770.9;1272655.71;8.193537;47.60213
54338.600000000006;343.2;2656778.95;1272663.46;8.193645;47.602199
54349.5;343.2;2656787.16;1272670.54;8.193755;47.602262
54352.9;343.2;2656789.84;1272672.68;8.193791;47.602281
54358.3;343.2;2656793.03;1272677.05;8.193834;47.60232
54363.600000000006;343.3;2656797.29;1272680.2;8.193891;47.602348
54369.600000000006;343.3;2656801.23;1272684.69;8.193944;47.602388
54377.100000000006;343.3;2656805.76;1272690.63;8.194005;47.602441
54382.600000000006;343.3;2656809.41;1272694.78;8.194054;47.602478
54388.7;343.3;2656813.88;1272698.93;8.194114;47.602515
54394.5;343.3;2656818.59;1272702.42;8.194177;47.602546
54401.5;343.4;2656823.35;1272707.47;8.194241;47.602591
54407.600000000006;343.4;2656827.14;1272712.29;8.194292;47.602634
54411.8;343.4;2656830.12;1272715.21;8.194332;47.60266
54417;343.4;2656834.23;1272718.37;8.194387;47.602688
54422;343.4;2656838.18;1272721.41;8.19444;47.602715
54427.7;343.4;2656842.58;1272725.12;8.194499;47.602748
54440.5;343.5;2656850.08;1272735.42;8.1946;47.60284
54448.2;343.5;2656855.9;1272740.48;8.194678;47.602885
54455.8;343.6;2656861.41;1272745.76;8.194752;47.602932
54461.5;343.6;2656864.98;1272750.24;8.1948;47.602972
54468.9;343.6;2656869.96;1272755.74;8.194867;47.603021
54475.4;343.7;2656874.66;1272760.12;8.19493;47.60306
54480.5;343.7;2656878.61;1272763.38;8.194983;47.603089
54488.3;343.8;2656884.2;1272768.77;8.195058;47.603137
54493.8;343.8;2656887.54;1272773.25;8.195103;47.603177
54501.3;343.9;2656893.44;1272777.76;8.195182;47.603217
54511.9;343.9;2656901.42;1272784.84;8.195289;47.60328
54515.7;344;2656903.65;1272787.86;8.195319;47.603307
54523.2;344;2656909.24;1272792.92;8.195394;47.603352
54529.2;344.1;2656914.63;1272795.53;8.195466;47.603375
54535.4;344.2;2656919.63;1272799.14;8.195533;47.603407
54544;344.3;2656925.74;1272805.2;8.195615;47.603461
54553.2;344.4;2656932.75;1272811.16;8.195709;47.603514
54556.7;344.4;2656935.44;1272813.41;8.195745;47.603534
54566;344.5;2656941.01;1272820.8;8.19582;47.6036
54575.2;344.6;2656947.41;1272827.43;8.195906;47.603659
54579.2;344.7;2656950.01;1272830.45;8.195941;47.603686
54584.4;344.8;2656954.12;1272833.72;8.195996;47.603715
54588.100000000006;344.8;2656957.73;1272833.2;8.196044;47.60371
54596.2;344.8;2656963.39;1272839.03;8.19612;47.603762
54600.8;344.9;2656967.51;1272841.08;8.196175;47.60378
54608.5;345;2656971.81;1272847.46;8.196233;47.603837
54616.3;345.2;2656975.58;1272854.27;8.196284;47.603898
54620.100000000006;345.2;2656978.26;1272856.97;8.19632;47.603922
54628.9;345.4;2656983.91;1272863.81;8.196396;47.603983
54633.2;345.2;2656988.05;1272862.85;8.196451;47.603974
54638;345.3;2656989.97;1272867.2;8.196477;47.604013
54644.9;345.5;2656992.24;1272873.78;8.196508;47.604072
54652.9;345.5;2656998.12;1272879.18;8.196587;47.60412
54658.8;345.6;2657001.69;1272883.88;8.196635;47.604162
54668.100000000006;345.8;2657007.41;1272891.28;8.196712;47.604228
54677.7;345.9;2657011.69;1272899.77;8.19677;47.604304
54684.600000000006;345.9;2657015.47;1272905.59;8.196821;47.604356
54688.7;346;2657017.39;1272909.16;8.196847;47.604388
54693.8;346.1;2657021.34;1272912.43;8.1969;47.604417
54707.4;346.3;2657028.68;1272923.84;8.196999;47.604519
54711.600000000006;346.3;2657032.65;1272925.44;8.197052;47.604533
54716.100000000006;346.4;2657035.02;1272929.24;8.197084;47.604567
54723.3;346.5;2657037.66;1272935.94;8.19712;47.604627
54729.600000000006;346.6;2657040.31;1272941.63;8.197156;47.604678
54733.2;346.6;2657042.16;1272944.76;8.197181;47.604706
54737.2;346.6;2657042.73;1272948.66;8.197189;47.604741
54741.8;346.6;2657045.17;1272952.58;8.197222;47.604776
54748;346.5;2657047.07;1272958.49;8.197248;47.604829
54753.600000000006;346.7;2657050.11;1272963.19;8.197289;47.604871
54761.3;346.4;2657052.29;1272970.55;8.197319;47.604937
54770.100000000006;344.8;2657054.99;1272978.91;8.197356;47.605012
54775.100000000006;342.8;2657050.19;1272977.31;8.197292;47.604998
54781;342.4;2657053.83;1272981.91;8.197341;47.605039
54788.9;342.3;2657055.34;1272989.7;8.197362;47.605109
54793.4;344.1;2657055.75;1272994.16;8.197368;47.605149
54798.3;346.1;2657057.21;1272998.84;8.197388;47.605191
54810.2;346.5;2657064.71;1273008.03;8.197489;47.605273
54821.8;346.9;2657072.68;1273016.45;8.197596;47.605348
54830;348.4;2657077.96;1273022.72;8.197667;47.605404
54841.4;347.7;2657086.84;1273029.93;8.197786;47.605468
54848.3;347.8;2657091.9;1273034.65;8.197854;47.60551
54857.100000000006;348;2657097.63;1273041.37;8.197931;47.60557
54864.2;348.2;2657100.88;1273047.63;8.197975;47.605626
54871;348.2;2657102.02;1273054.31;8.197991;47.605686
54879.7;348.2;2657105.02;1273062.46;8.198032;47.605759
54886.100000000006;348.3;2657109.18;1273067.39;8.198088;47.605803
54891.4;348.4;2657112.76;1273071.32;8.198136;47.605838
54896.5;348.3;2657113.99;1273076.22;8.198153;47.605882
54900.9;348.3;2657113.79;1273080.67;8.198151;47.605922
54911;348.2;2657113.54;1273090.79;8.198149;47.606013
54919.9;348;2657110.76;1273099.21;8.198113;47.606089
54923.7;348.1;2657113.51;1273101.8;8.19815;47.606112
54933.100000000006;348.1;2657116.51;1273110.72;8.198191;47.606192
54941;348;2657118.09;1273118.41;8.198213;47.606261
54949.4;347.9;2657120.72;1273126.44;8.198249;47.606333
54958.2;347.8;2657122.89;1273134.91;8.198279;47.606409
54963.8;347.7;2657124.34;1273140.37;8.198299;47.606458
54970.7;347.6;2657126.99;1273146.74;8.198335;47.606515
54976.7;347.8;2657131.77;1273150.34;8.198399;47.606547
54983.8;346.5;2657126.53;1273155.18;8.19833;47.606591
54991.4;341.6;2657123.83;1273162.27;8.198295;47.606655
54996.100000000006;343.6;2657126.35;1273166.19;8.198329;47.60669
55008;347.6;2657136.29;1273172.85;8.198462;47.606749
55013.100000000006;347;2657135.34;1273177.84;8.19845;47.606794
55018.9;347.4;2657138.52;1273182.65;8.198493;47.606837
55024.2;347.4;2657140.36;1273187.68;8.198518;47.606882
55030.600000000006;347.3;2657142.55;1273193.7;8.198548;47.606936
55037.2;347;2657142.26;1273200.26;8.198545;47.606995
55051.3;347.2;2657152.02;1273210.47;8.198676;47.607086
55059.4;347.2;2657154.65;1273218.06;8.198712;47.607154
55064.4;347.1;2657153.02;1273222.83;8.198691;47.607197
55075.2;347;2657161.61;1273229.36;8.198806;47.607255
55083.2;347;2657163.72;1273237.05;8.198835;47.607324
55091.9;346.9;2657165.74;1273245.52;8.198863;47.6074
55099.4;346.9;2657165.59;1273253.08;8.198862;47.607468
55107.3;346.8;2657167.1;1273260.77;8.198883;47.607537
55116;346.7;2657170.85;1273268.7;8.198934;47.607608
55122.5;346.7;2657173.13;1273274.73;8.198965;47.607662
55129;346.7;2657172.69;1273281.28;8.19896;47.607721
55135.600000000006;346.6;2657172.55;1273287.84;8.198959;47.60778
55142.100000000006;346.3;2657172.56;1273294.29;8.19896;47.607838
55152.100000000006;347;2657172.61;1273304.3;8.198962;47.607928
55161.2;346.4;2657181.39;1273306.72;8.199079;47.607949
55171.4;346.3;2657182.87;1273316.85;8.1991;47.60804
55183.5;346.1;2657187.35;1273328.13;8.199161;47.608141
55191.600000000006;346;2657191.42;1273335.06;8.199216;47.608203
55199.8;345.7;2657196.09;1273341.78;8.199279;47.608263
55210.2;345.4;2657202.02;1273350.4;8.199359;47.60834
55216.5;345.4;2657204.14;1273356.31;8.199388;47.608393
55223.7;345.4;2657205.66;1273363.33;8.199409;47.608456
55234.9;345.3;2657206.15;1273374.57;8.199417;47.608557
55246.5;345.1;2657211.31;1273384.96;8.199487;47.60865
55255.100000000006;345;2657215.07;1273392.67;8.199538;47.608719
55265.600000000006;344.8;2657218.06;1273402.7;8.199579;47.608809
55273.8;344.8;2657221.75;1273410.08;8.199629;47.608875
55283.9;344.6;2657226.93;1273418.69;8.199699;47.608952
55293.4;344.4;2657228.79;1273428.05;8.199725;47.609036
55297.7;344.4;2657230.56;1273431.96;8.199749;47.609071
55303.3;343.9;2657232.99;1273436.99;8.199782;47.609116
55309;342.7;2657234.67;1273442.45;8.199805;47.609165
55314.8;341.5;2657235.51;1273448.13;8.199817;47.609216
55321.4;341;2657229.18;1273449.96;8.199733;47.609233
55330.3;341;2657236.58;1273455.03;8.199832;47.609278
55341.4;340.3;2657241.74;1273464.87;8.199902;47.609366
55351.3;340.4;2657249.5;1273470.95;8.200006;47.60942
55363.100000000006;341;2657259.44;1273477.27;8.200139;47.609476
55375.7;343.3;2657270.59;1273483.16;8.200288;47.609528
55386.5;341;2657274.03;1273493.43;8.200335;47.60962
55393.4;340.2;2657278.26;1273498.92;8.200392;47.609669
55403.9;341.7;2657287.46;1273503.9;8.200515;47.609713
55412;341.3;2657293.57;1273509.18;8.200597;47.60976
55421;342.3;2657301.66;1273513.15;8.200705;47.609795
55429.2;342.2;2657308.23;1273518.11;8.200793;47.609839
55447.3;342;2657325;1273524.94;8.201017;47.609899
55457.7;341.7;2657334.21;1273529.7;8.20114;47.609941
55466.2;341.6;2657341.76;1273533.56;8.201241;47.609975
55475.9;341.5;2657348.99;1273540.08;8.201338;47.610033
55485.5;341.5;2657355.01;1273547.59;8.201419;47.6101
55492.5;341.2;2657360.08;1273552.31;8.201487;47.610142
55507.4;341.1;2657373.86;1273558;8.201671;47.610192
55524.8;340.7;2657388.89;1273566.82;8.201872;47.61027
55532.7;340.6;2657396.46;1273569.12;8.201973;47.61029
55542;340.5;2657405.31;1273571.87;8.202091;47.610314
55553.3;340.2;2657416.1;1273575.31;8.202235;47.610344
55562.2;340;2657424.96;1273576.29;8.202353;47.610352
55571;339.8;2657433.36;1273578.82;8.202465;47.610374
55578;339.7;2657439.72;1273581.77;8.20255;47.6104
55588.3;339.4;2657449.78;1273584.09;8.202684;47.61042
55596.9;339.3;2657456.65;1273589.16;8.202776;47.610465
55604.4;339.3;2657463.46;1273592.34;8.202867;47.610493
55613;339.1;2657471.17;1273596.31;8.20297;47.610528
55619.100000000006;339.1;2657475.64;1273600.47;8.20303;47.610565
55628.100000000006;338.9;2657483.26;1273605.21;8.203132;47.610607
55636.600000000006;338.8;2657490.59;1273609.4;8.20323;47.610644
55646.100000000006;338.7;2657499.19;1273613.59;8.203345;47.610681
55657.2;338.4;2657509.07;1273618.58;8.203477;47.610725
55673.100000000006;338.2;2657523.98;1273623.96;8.203676;47.610772
55683.2;337.9;2657533.73;1273626.83;8.203806;47.610797
55693.600000000006;337.8;2657543.24;1273630.93;8.203933;47.610833
55704.100000000006;337.6;2657552.29;1273636.35;8.204054;47.610881
55711.4;337.5;2657557.35;1273641.52;8.204122;47.610927
55719.4;337.3;2657564.61;1273645.03;8.204219;47.610958
55727.3;337.2;2657572.26;1273646.78;8.204321;47.610973
55738.100000000006;336.9;2657582.45;1273650.43;8.204457;47.611005
55745.8;336.8;2657589.8;1273652.73;8.204555;47.611025
55753.9;336.6;2657597.29;1273655.69;8.204655;47.611051
55761.4;336.5;2657603.87;1273659.32;8.204743;47.611083
55768.8;336.4;2657610.38;1273662.83;8.20483;47.611114
55777.2;336.3;2657617.86;1273666.68;8.20493;47.611148
55786.2;336.1;2657625.71;1273671.2;8.205035;47.611188
55797.100000000006;335.9;2657636.06;1273674.42;8.205173;47.611216
55805.2;335.8;2657643.62;1273677.27;8.205274;47.611241
55813.8;335.6;2657651.79;1273680.02;8.205383;47.611265
55823.4;335.4;2657660.78;1273683.45;8.205503;47.611295
55832.100000000006;335.2;2657668.95;1273686.42;8.205612;47.611321
55842.2;335;2657678.77;1273688.96;8.205743;47.611343
55851.100000000006;334.8;2657687.25;1273691.49;8.205856;47.611365
55860.7;334.6;2657696.55;1273693.8;8.20598;47.611385
55868.7;334.5;2657704.5;1273695.21;8.206086;47.611397
55877.2;334.3;2657712.84;1273696.52;8.206197;47.611408
55885.100000000006;334.2;2657720.57;1273698.26;8.2063;47.611423
55894.100000000006;334;2657729.58;1273698.91;8.20642;47.611428
55901.2;333.9;2657736.49;1273700.2;8.206512;47.611439
55909.2;333.7;2657744.53;1273700.83;8.206619;47.611444
55918.100000000006;333.5;2657753.4;1273700.81;8.206737;47.611443
55926;333.4;2657761.29;1273701.33;8.206842;47.611447
55934.3;333.3;2657769.56;1273700.97;8.206952;47.611443
55944.9;333.1;2657780.16;1273701.96;8.207093;47.611451
55954.100000000006;333;2657789.19;1273700.6;8.207213;47.611438
55961;332.8;2657795.76;1273698.33;8.2073;47.611417
55970;332.6;2657804.64;1273697.2;8.207418;47.611406
55978.5;332.5;2657813.21;1273697.28;8.207532;47.611406
55988.4;332.4;2657822.93;1273695.48;8.207661;47.611389
55997.100000000006;332.3;2657831.58;1273694.9;8.207776;47.611383
56006.100000000006;332.1;2657840.4;1273693.1;8.207893;47.611366
56016.2;331.9;2657850.27;1273690.75;8.208024;47.611344
56024.8;331.8;2657858.85;1273690.28;8.208138;47.611339
56032;331.6;2657866;1273689.9;8.208233;47.611335
56039.4;331.5;2657873.37;1273688.86;8.208331;47.611325
56046.7;331.4;2657880.6;1273688.6;8.208427;47.611322
56054.5;331.2;2657888.14;1273686.34;8.208527;47.611301
56061.3;331.1;2657894.84;1273685.4;8.208616;47.611292
56070.3;330.9;2657903.44;1273682.71;8.20873;47.611267
56079.7;330.6;2657912.77;1273681.46;8.208854;47.611255
56090.2;330.6;2657923.16;1273680.23;8.208992;47.611243
56100;330.5;2657932.94;1273680.44;8.209122;47.611244
56109.600000000006;330.2;2657942.14;1273677.75;8.209244;47.611219
56119.2;330.7;2657949.79;1273671.93;8.209345;47.611166
56129.100000000006;332.9;2657958.7;1273667.57;8.209463;47.611126
56138.8;335.6;2657966.58;1273661.87;8.209567;47.611074
56148.100000000006;334.4;2657975.84;1273660.73;8.20969;47.611063
56157.8;333.2;2657985.26;1273658.83;8.209815;47.611045
56165.3;334.9;2657992.64;1273657.45;8.209913;47.611032
56175.2;333.8;2658002.57;1273657.33;8.210045;47.61103
56184.9;334.6;2658012.27;1273656.76;8.210174;47.611024
56194.2;333.5;2658021.59;1273657.07;8.210298;47.611026
56202.2;330.5;2658029.4;1273658.59;8.210402;47.611039
56210.4;330.9;2658037.31;1273656.56;8.210507;47.61102
56219.100000000006;333.3;2658045.69;1273653.97;8.210618;47.610996
56229.5;332.3;2658056;1273652.74;8.210755;47.610984
56238.7;330.3;2658065.17;1273652.94;8.210877;47.610985
56246.8;329.6;2658073.29;1273652.69;8.210985;47.610982
56255.5;328;2658081.94;1273652.99;8.2111;47.610984
56264.3;327.5;2658090.46;1273650.52;8.211213;47.610961
56272.9;327.4;2658098.82;1273648.82;8.211324;47.610945
56280.4;327.3;2658106.06;1273646.78;8.21142;47.610926
56289.9;327.1;2658114.38;1273642.19;8.21153;47.610884
56298.2;326.9;2658122.37;1273639.82;8.211636;47.610862
56307;327.6;2658129.42;1273634.56;8.211729;47.610814
56315.4;327.4;2658137.19;1273631.41;8.211832;47.610785
56324.5;326.4;2658145.72;1273628.16;8.211945;47.610755
56332;326.2;2658152.37;1273624.89;8.212033;47.610725
56339.3;326.3;2658159.02;1273621.73;8.212121;47.610696
56347.9;326;2658166.65;1273617.91;8.212222;47.610661
56355.3;325.8;2658173.74;1273615.53;8.212316;47.610639
56362.4;325.8;2658179.65;1273611.7;8.212394;47.610604
56371.3;325.6;2658187.29;1273606.99;8.212495;47.610561
56379.7;325.5;2658195.43;1273605.07;8.212603;47.610543
56387.5;325.5;2658203.11;1273603.59;8.212705;47.610529
56397.2;325.1;2658209.5;1273596.32;8.212789;47.610463
56406;325.1;2658217.43;1273592.5;8.212894;47.610428
56414.7;324.9;2658225.14;1273588.58;8.212996;47.610392
56426.100000000006;325.2;2658234.31;1273581.77;8.213117;47.61033
56436.4;326.4;2658242.79;1273575.85;8.213229;47.610276
56445.2;324.4;2658251.45;1273574.71;8.213344;47.610265
56454.7;324.3;2658260.13;1273570.8;8.213459;47.610229
56462.7;324.2;2658267.82;1273568.54;8.213561;47.610208
56471.5;324;2658276.41;1273566.73;8.213675;47.610191
56480.8;323.8;2658285.6;1273565.27;8.213797;47.610177
56486.7;322.9;2658291.47;1273564.77;8.213875;47.610172
56494.3;323.6;2658297.24;1273559.71;8.213951;47.610126
56500.4;323.4;2658302.83;1273557.32;8.214025;47.610104
56506.9;323.2;2658308.42;1273554.15;8.214099;47.610075
56517.8;323.3;2658314.3;1273544.87;8.214176;47.609991
56528.100000000006;323.1;2658322.56;1273538.72;8.214285;47.609935
56535;323;2658329.05;1273536.45;8.214371;47.609914
56542.600000000006;323;2658335.33;1273532.18;8.214454;47.609875
56549;322.9;2658341.48;1273534.02;8.214536;47.609891
56559.3;322.9;2658348.47;1273526.52;8.214628;47.609823
56568.9;322.9;2658357.53;1273523.28;8.214748;47.609793
56577;322.8;2658364.64;1273519.34;8.214842;47.609757
56584;322.8;2658371.06;1273516.52;8.214927;47.609731
56590.600000000006;322.7;2658376.65;1273513.01;8.215001;47.609699
56598.8;322.5;2658384.78;1273512.2;8.215109;47.609691
56607.8;322.5;2658392.87;1273508.28;8.215216;47.609655
56615.5;322.5;2658399.75;1273504.79;8.215307;47.609623
56622.9;322.5;2658405.88;1273500.63;8.215388;47.609585
56630;322.4;2658412.08;1273497.13;8.21547;47.609553
56638.100000000006;322.4;2658418.89;1273492.75;8.21556;47.609513
56645.9;322.4;2658425.18;1273488.25;8.215643;47.609472
56654.600000000006;322.5;2658431.25;1273481.97;8.215723;47.609415
56661.7;322.4;2658437.6;1273478.7;8.215807;47.609385
56668.3;322.4;2658443.42;1273475.65;8.215884;47.609357
56675.9;322.3;2658450.3;1273472.49;8.215975;47.609328
56682.3;322.2;2658456.41;1273470.66;8.216056;47.609311
56689.7;322.2;2658462.76;1273466.72;8.21614;47.609275
56697.4;322.2;2658469.79;1273463.56;8.216233;47.609246
56705;322.1;2658476.14;1273459.51;8.216317;47.609209
56712.600000000006;322.1;2658482.87;1273455.91;8.216406;47.609176
56720;322.1;2658489.08;1273451.97;8.216488;47.60914
56727.5;322;2658495.65;1273448.36;8.216575;47.609107
56735.100000000006;321.9;2658502.31;1273444.65;8.216663;47.609073
56742.7;322;2658508.22;1273439.81;8.216741;47.609029
56749.3;321.9;2658514.12;1273436.87;8.216819;47.609002
56757.100000000006;321.9;2658520.99;1273433.27;8.21691;47.608969
56764.2;321.8;2658527.71;1273430.78;8.216999;47.608946
56771.4;321;2658534.57;1273428.85;8.21709;47.608928
56777.8;320.5;2658540.46;1273426.24;8.217168;47.608904
56784.3;320.6;2658546.5;1273423.74;8.217248;47.608881
56792.4;321.6;2658551.9;1273417.79;8.217319;47.608827
56800.4;321.4;2658558.79;1273413.74;8.21741;47.60879
56809.5;321.4;2658565.09;1273407.13;8.217493;47.60873
56816.5;321.3;2658571.58;1273404.64;8.217579;47.608707
56825.5;321.2;2658579.3;1273399.93;8.217681;47.608664
56832.600000000006;321;2658585.94;1273397.33;8.217769;47.60864
56841.8;320.8;2658593.74;1273392.4;8.217872;47.608595
56849.9;320.6;2658600.62;1273388.25;8.217963;47.608557
56857.7;320.5;2658607.36;1273384.2;8.218052;47.60852
56866.2;320.3;2658614.17;1273379.26;8.218142;47.608475
56874;320.2;2658620.39;1273374.43;8.218224;47.608431
56883.3;319.9;2658628.63;1273370.18;8.218333;47.608392
56891;319.7;2658635.87;1273367.58;8.218429;47.608368
56899.5;319.5;2658643.58;1273364.1;8.218531;47.608336
56905.3;319.3;2658648.86;1273361.59;8.218601;47.608313
56913.7;319;2658656.57;1273358.33;8.218703;47.608283
56921.9;318.8;2658663.38;1273353.73;8.218793;47.608241
56927.4;318.5;2658668.66;1273352.12;8.218863;47.608226
56935.7;318.2;2658676.93;1273352.09;8.218973;47.608225
56943.7;317.7;2658684.35;1273355.05;8.219072;47.608251
56950.100000000006;317.4;2658690.02;1273352.11;8.219147;47.608224
56958.9;317.3;2658696.99;1273346.73;8.219239;47.608175
56964.2;317.1;2658701.6;1273344.11;8.2193;47.608151
56973.4;316.7;2658710.43;1273341.52;8.219417;47.608127
56983;316.3;2658718.37;1273336.15;8.219522;47.608078
56991.3;316;2658726.44;1273334.12;8.219629;47.608059
57001.100000000006;315.6;2658734.39;1273328.42;8.219734;47.608007
57009.100000000006;315.3;2658742.3;1273327.16;8.219839;47.607995
57020.600000000006;315;2658752.88;1273322.49;8.219979;47.607952
57031.4;314.8;2658762.99;1273318.81;8.220113;47.607918
57041.9;314.7;2658772.51;1273314.34;8.220239;47.607877
57052.7;314.8;2658782.4;1273310.11;8.22037;47.607838
57057.5;314.8;2658786.64;1273307.7;8.220426;47.607816
57065.9;315;2658794.92;1273306.56;8.220536;47.607805
57073;315.1;2658801.2;1273303.18;8.220619;47.607774
57081.2;315.2;2658806.97;1273297.45;8.220695;47.607722
57087.2;315.3;2658812.55;1273295.28;8.220769;47.607702
57093.100000000006;315.4;2658817.77;1273292.44;8.220838;47.607676
57100;315.6;2658823.6;1273288.83;8.220915;47.607643
57108;315.7;2658829.59;1273283.44;8.220994;47.607594
57116.5;315.8;2658835;1273276.94;8.221065;47.607535
57122.600000000006;315.9;2658838.13;1273271.63;8.221106;47.607487
57130.5;316;2658843.38;1273265.79;8.221175;47.607434
57139.100000000006;316.2;2658848.34;1273258.72;8.22124;47.60737
57146.100000000006;316.1;2658849.68;1273251.84;8.221257;47.607308
57153.600000000006;316.3;2658853.96;1273245.66;8.221313;47.607252
57160.3;316.5;2658856.05;1273239.34;8.22134;47.607195
57167.4;316.5;2658857.77;1273232.46;8.221362;47.607133
57174.3;316.7;2658860.62;1273226.15;8.221399;47.607076
57180.9;316.8;2658863.31;1273220.18;8.221434;47.607022
57188.100000000006;316.9;2658864.88;1273213.07;8.221454;47.606958
57194.8;317;2658866.53;1273206.64;8.221475;47.6069
57202.4;317.2;2658868.48;1273199.32;8.2215;47.606834
57208.2;317.3;2658869.52;1273193.55;8.221513;47.606782
57214.5;317.4;2658870.78;1273187.45;8.221529;47.606727
57220.600000000006;317.5;2658871.89;1273181.45;8.221543;47.606673
57227.9;317.7;2658873.32;1273174.24;8.221561;47.606608
57234.7;317.8;2658874.51;1273167.58;8.221576;47.606548
57240.7;317.9;2658875.32;1273161.58;8.221586;47.606494
57247.2;318;2658877.19;1273155.38;8.22161;47.606438
57252.600000000006;318.1;2658879.12;1273150.39;8.221635;47.606393
57259.3;318.2;2658880.69;1273143.85;8.221655;47.606334
57265.9;318.3;2658882.33;1273137.41;8.221676;47.606276
57272.4;318.4;2658883.83;1273131.09;8.221695;47.606219
57279.600000000006;318.5;2658886;1273124.22;8.221723;47.606157
57285.600000000006;318.5;2658888.31;1273118.68;8.221753;47.606107
57291.3;318.7;2658891.07;1273113.7;8.221789;47.606062
57297.600000000006;318.7;2658893.98;1273108.17;8.221827;47.606012
57305.2;319;2658895.86;1273100.74;8.221851;47.605945
57311.3;319;2658900.63;1273097.01;8.221914;47.605911
57318.3;319.2;2658904.75;1273091.38;8.221968;47.60586
57324.5;319.4;2658908.56;1273086.41;8.222018;47.605815
57330.7;319.6;2658910.5;1273080.54;8.222043;47.605762
57337.600000000006;319.6;2658914.84;1273075.24;8.2221;47.605714
57343.5;317.1;2658919.17;1273071.17;8.222157;47.605677
57347.5;314.9;2658922.05;1273068.42;8.222195;47.605652
57352.5;313.2;2658926.36;1273065.91;8.222252;47.605629
57358.4;313.2;2658931.43;1273062.85;8.222319;47.605601
57363.600000000006;311.9;2658935.97;1273060.33;8.222379;47.605578
57367.8;311.7;2658939.01;1273057.47;8.222419;47.605552
57374.3;311.7;2658944.53;1273053.97;8.222492;47.60552
57380;311.8;2658948.63;1273050.01;8.222546;47.605484
57387.2;311.8;2658954.61;1273046.06;8.222625;47.605448
57393.4;311.8;2658960.06;1273043.12;8.222697;47.605421
57399.4;311.8;2658965.57;1273040.61;8.22277;47.605398
57406.100000000006;311.8;2658971.02;1273036.78;8.222842;47.605363
57411.8;311.8;2658976.16;1273034.27;8.22291;47.60534
57417.600000000006;311.7;2658981.3;1273031.65;8.222978;47.605316
57424.9;311.8;2658987.66;1273027.94;8.223062;47.605282
57431.600000000006;311.6;2658992.96;1273023.87;8.223132;47.605245
57438;311.7;2658998.19;1273020.15;8.223201;47.605211
57445.5;311.7;2659003.88;1273015.31;8.223276;47.605167
57451.5;311.7;2659008.13;1273011.02;8.223332;47.605128
57457.7;311.8;2659012.98;1273007.17;8.223396;47.605093
57465;311.8;2659018.67;1273002.67;8.223471;47.605052
57470.600000000006;311.8;2659022.91;1272998.93;8.223527;47.605018
57476.3;311.8;2659027.39;1272995.42;8.223586;47.604986
57483.3;311.8;2659033.22;1272991.58;8.223663;47.604951
57492;311.8;2659040.11;1272986.32;8.223754;47.604903
57498.8;311.8;2659045.27;1272981.92;8.223822;47.604863
57506.100000000006;311.8;2659050.96;1272977.31;8.223897;47.604821
57512.7;311.8;2659056.7;1272974.03;8.223973;47.604791
57520.5;311.8;2659063.29;1272969.76;8.22406;47.604752
57527;312.1;2659069.26;1272967.26;8.224139;47.604729
57533.3;313.6;2659073.81;1272962.97;8.224199;47.60469
57540.600000000006;316.9;2659080.02;1272959.14;8.224281;47.604655
57547.8;318.9;2659085.25;1272954.19;8.22435;47.60461
57554.4;319.2;2659090.86;1272950.57;8.224424;47.604577
57560;319.1;2659095.77;1272947.95;8.224489;47.604553
57563.8;319.1;2659098.35;1272945.2;8.224523;47.604528
57571.3;319;2659104.34;1272940.7;8.224602;47.604487
57577.5;318.9;2659108.82;1272936.41;8.224661;47.604448
57582.100000000006;318.9;2659112.24;1272933.33;8.224706;47.60442
57589.7;318.8;2659117.93;1272928.27;8.224781;47.604374
57598;318.7;2659124.52;1272923.22;8.224868;47.604328
57604.5;318.6;2659130.12;1272919.83;8.224942;47.604297
57611.100000000006;318.5;2659135.64;1272916.22;8.225015;47.604264
57616.9;318.3;2659140.78;1272913.6;8.225083;47.60424
57623.9;318.3;2659146.61;1272909.77;8.22516;47.604205
57633.600000000006;318.1;2659154.42;1272903.95;8.225263;47.604152
57643.600000000006;318;2659162.82;1272898.48;8.225374;47.604102
57650.100000000006;317.9;2659168.42;1272895.31;8.225448;47.604073
57653.600000000006;317.8;2659171.95;1272895.23;8.225495;47.604072
57658.5;317.7;2659176.41;1272893.16;8.225554;47.604053
57664.3;317.7;2659181.55;1272890.44;8.225622;47.604028
57669.7;317.5;2659186.46;1272888.26;8.225687;47.604008
57676.2;317.4;2659192.58;1272886.1;8.225768;47.603988
57683.600000000006;317.4;2659199.37;1272883.16;8.225858;47.603961
57688.2;317.4;2659203.75;1272881.87;8.225916;47.603949
57695.100000000006;317.2;2659210.24;1272879.49;8.226002;47.603927
57701.2;317;2659216.19;1272878.11;8.226081;47.603914
57706.600000000006;317;2659221.47;1272877.16;8.226151;47.603905
57712.4;317;2659226.83;1272874.88;8.226222;47.603884
57718.2;316.9;2659232.12;1272872.48;8.226292;47.603862
57724;316.9;2659237.63;1272870.65;8.226365;47.603845
57730.2;316.9;2659243.66;1272869.15;8.226445;47.603831
57736.4;316.8;2659249.69;1272867.88;8.226525;47.603819
57742.5;316.7;2659255.64;1272866.27;8.226604;47.603804
57748.9;316.7;2659261.83;1272864.78;8.226686;47.60379
57755.5;316.7;2659267.94;1272862.28;8.226767;47.603767
57761.4;316.6;2659273.75;1272861.12;8.226844;47.603756
57767.600000000006;316.6;2659279.63;1272859.4;8.226922;47.60374
57773.5;316.6;2659284.92;1272856.67;8.226992;47.603715
57780.3;316.6;2659291.41;1272854.51;8.227078;47.603695
57786.8;316.7;2659296.86;1272851.12;8.22715;47.603664
57795.2;316.8;2659304.86;1272848.31;8.227256;47.603638
57802.600000000006;316.8;2659311.58;1272845.37;8.227345;47.603611
57808.7;316.8;2659317.46;1272843.76;8.227423;47.603596
57813.9;316.9;2659322.66;1272842.93;8.227492;47.603588
57818.3;317;2659327.03;1272842.64;8.22755;47.603585
57822;317;2659330.71;1272842.67;8.227599;47.603585
57825.7;317.1;2659334.31;1272843.38;8.227647;47.603591
57829.9;317.3;2659338.36;1272844.64;8.227701;47.603602
57834.5;317.5;2659342.78;1272846.02;8.22776;47.603614
57838.7;317.4;2659346.92;1272846.28;8.227815;47.603616
57843.3;317.5;2659351.37;1272845.22;8.227874;47.603606
57848.2;317.6;2659355.97;1272843.37;8.227935;47.603589
57853.100000000006;317.7;2659360.36;1272841.19;8.227993;47.603569
57857.8;317.9;2659364.44;1272838.9;8.228047;47.603548
57862.2;318;2659368.22;1272836.6;8.228097;47.603527
57866.5;318;2659371.63;1272834.08;8.228142;47.603504
57869.600000000006;318.1;2659374.13;1272832.21;8.228175;47.603487
57874.4;318.3;2659377.92;1272829.25;8.228225;47.60346
57879.5;318.6;2659382.01;1272826.29;8.228279;47.603433
57883.600000000006;318.5;2659385.35;1272823.87;8.228323;47.603411
57887;318.6;2659388;1272821.68;8.228358;47.603391
57890.5;318.7;2659390.95;1272819.82;8.228397;47.603374
57893.7;318.8;2659393.82;1272818.51;8.228435;47.603362
57899;319.1;2659398.81;1272816.45;8.228501;47.603343
57904.600000000006;319.1;2659403.8;1272813.94;8.228567;47.60332
57910.600000000006;319.3;2659409.31;1272811.66;8.22864;47.603299
57916.9;319.4;2659415.49;1272810.28;8.228722;47.603286
57923.4;319.6;2659421.87;1272811.23;8.228807;47.603294
57935.2;319.8;2659428.85;1272820.75;8.228901;47.603379
57943;319.9;2659433.67;1272826.92;8.228966;47.603434
57950.9;319.8;2659438.65;1272833.08;8.229033;47.603489
57960.600000000006;319.8;2659443.23;1272841.58;8.229095;47.603565
57968.5;319.8;2659447.14;1272848.4;8.229148;47.603626
57976.100000000006;319.7;2659450.53;1272855.22;8.229194;47.603687
57984;319.7;2659454.68;1272861.93;8.22925;47.603747
57993.100000000006;319.6;2659458.96;1272869.98;8.229308;47.603819
58003;319.4;2659462.55;1272879.25;8.229357;47.603902
58012.5;319.3;2659467.05;1272887.63;8.229418;47.603977
58023.5;319.2;2659472.6;1272897.14;8.229493;47.604062
58035;319;2659477.76;1272907.42;8.229563;47.604154
58042.100000000006;318.9;2659480.85;1272913.79;8.229605;47.604211
58050.100000000006;318.8;2659484.69;1272920.84;8.229657;47.604274
58058.5;318.6;2659488.53;1272928.21;8.229709;47.60434
58065.8;318.5;2659491.7;1272934.81;8.229752;47.604399
58073.7;318.4;2659494.93;1272942.07;8.229796;47.604464
58079.100000000006;318.4;2659496.46;1272947.2;8.229817;47.60451
58088.5;318.2;2659500.81;1272955.58;8.229876;47.604585
58098.2;318.1;2659505.92;1272963.75;8.229945;47.604658
58106;318;2659509.16;1272970.9;8.229989;47.604722
58114.8;317.8;2659513.59;1272978.51;8.230049;47.60479
58122.5;317.8;2659517.66;1272985;8.230104;47.604848
58132.3;317.6;2659522.39;1272993.61;8.230168;47.604925
58141;317.5;2659526.9;1273001.1;8.230229;47.604992
58148.600000000006;317.4;2659530.97;1273007.48;8.230284;47.605049
58157.100000000006;317.3;2659535.34;1273014.75;8.230343;47.605114
58163;317.2;2659538.75;1273019.57;8.230389;47.605157
58172.4;317.1;2659544.39;1273027.08;8.230465;47.605224
58182;317.1;2659549.57;1273035.13;8.230535;47.605296
58189.9;316.9;2659555.53;1273040.42;8.230615;47.605343
58198.100000000006;316.8;2659560.28;1273047.03;8.230679;47.605402
58206.4;316.7;2659565.17;1273053.75;8.230745;47.605462
58214.100000000006;316.6;2659570.53;1273059.25;8.230817;47.605511
58224.3;316.5;2659576.99;1273067.21;8.230904;47.605582
58232.4;316.5;2659581.74;1273073.71;8.230968;47.60564
58239.2;316.4;2659586.35;1273078.76;8.23103;47.605685
58247.2;316.3;2659591.78;1273084.6;8.231103;47.605737
58255.5;316.2;2659596.38;1273091.54;8.231165;47.605799
58263.2;316.2;2659602.04;1273096.71;8.231241;47.605845
58271.3;316.2;2659607.32;1273102.88;8.231312;47.6059
58279.100000000006;316.1;2659612.75;1273108.49;8.231385;47.60595
58287.100000000006;316;2659618.48;1273114.11;8.231462;47.606
58295;315.9;2659624.52;1273119.18;8.231543;47.606045
58302.3;315.9;2659629.96;1273124.01;8.231616;47.606088
58310.5;315.9;2659635.32;1273130.29;8.231688;47.606144
58318.9;315.8;2659640.97;1273136.47;8.231764;47.606199
58326.9;315.7;2659646.85;1273141.86;8.231843;47.606247
58334.9;315.8;2659651.6;1273148.25;8.231907;47.606304
58342.5;315.8;2659657.11;1273153.53;8.231981;47.606351
58350.4;315.8;2659663.08;1273158.71;8.232061;47.606397
58358.2;315.8;2659669.81;1273162.78;8.232151;47.606433
58364.7;315.8;2659675.57;1273165.62;8.232228;47.606458
58371.4;315.9;2659682.09;1273167.24;8.232315;47.606472
58378;316;2659688.55;1273168.53;8.232401;47.606483
58385;316.1;2659695.29;1273170.6;8.232491;47.606501
58391;316;2659700.15;1273173.98;8.232556;47.606531
58399.8;315.9;2659705.11;1273181.26;8.232623;47.606596
58407.7;315.8;2659708.05;1273188.63;8.232663;47.606662
58415;315.8;2659708.95;1273195.87;8.232676;47.606727
58423.2;315.9;2659711.05;1273203.78;8.232705;47.606798
58430.3;315.9;2659714.6;1273209.93;8.232753;47.606853
58438;316;2659718.52;1273216.53;8.232806;47.606912
58444.9;316.1;2659722.6;1273222.14;8.232861;47.606962
58451.9;316.1;2659726.83;1273227.74;8.232918;47.607012
58459.2;316.1;2659732.04;1273232.91;8.232988;47.607058
58466.3;316.2;2659736.72;1273238.18;8.233051;47.607105
58473.600000000006;316.2;2659741.86;1273243.35;8.23312;47.607151
58481.100000000006;316.3;2659747.37;1273248.41;8.233194;47.607196
58488.600000000006;316.4;2659752.28;1273254.13;8.23326;47.607247
58495.4;316.4;2659757.12;1273258.96;8.233325;47.60729
58502.8;316.5;2659762.25;1273264.24;8.233394;47.607337
58509.9;316.6;2659767.01;1273269.51;8.233458;47.607384
58516.3;316.7;2659771.4;1273274.23;8.233517;47.607426
58523;316.7;2659775.48;1273279.49;8.233572;47.607473
58531;316.8;2659780.91;1273285.33;8.233645;47.607525
58538.5;316.9;2659785.97;1273290.94;8.233713;47.607575
58545.9;317;2659790.8;1273296.44;8.233778;47.607624
58553.5;317.1;2659796.01;1273302.05;8.233848;47.607674
58559.7;317.1;2659798.36;1273307.75;8.23388;47.607725
58566.3;317.2;2659803.73;1273311.69;8.233952;47.60776
58570.2;317.2;2659806.03;1273314.83;8.233983;47.607788
58576.5;317.3;2659809.29;1273320.2;8.234027;47.607836
58581.100000000006;317.3;2659812.56;1273323.46;8.234071;47.607865
58586.7;317.3;2659816.2;1273327.61;8.23412;47.607902
58594.2;317.4;2659820.5;1273333.77;8.234178;47.607957
58603.100000000006;317.3;2659828.36;1273338.07;8.234283;47.607995
58608.9;317.3;2659830.63;1273343.43;8.234314;47.608043
58612.4;317.2;2659832.94;1273346.01;8.234345;47.608066
58621.8;317.1;2659839.64;1273352.53;8.234435;47.608124
58630.8;316.9;2659845.21;1273359.7;8.23451;47.608188
58639.600000000006;316.7;2659850.17;1273366.98;8.234577;47.608253
58646.600000000006;316.6;2659854.7;1273372.26;8.234638;47.6083
58652.2;316.3;2659858.12;1273376.74;8.234684;47.60834
58660.600000000006;316;2659863.47;1273383.24;8.234756;47.608398
58668.8;315.7;2659869.05;1273389.19;8.234831;47.608451
58677.2;315.6;2659874.55;1273395.59;8.234905;47.608508
58683.3;315.4;2659878.26;1273400.4;8.234955;47.608551
58690.100000000006;315.3;2659881.66;1273406.22;8.235001;47.608603
58696.2;315.2;2659885.44;1273411.04;8.235052;47.608646
58704.9;315.2;2659891.85;1273417;8.235138;47.608699
58714.2;315.1;2659896.96;1273424.72;8.235207;47.608768
58718.8;315;2659899.86;1273428.31;8.235246;47.6088
58730.5;315;2659906.37;1273438.05;8.235334;47.608887
58740.5;315;2659910.27;1273447.21;8.235387;47.608969
58746;314.9;2659911.19;1273452.67;8.2354;47.609018
58754.2;314.9;2659915.18;1273459.82;8.235454;47.609082
58760.600000000006;314.9;2659917.37;1273465.85;8.235484;47.609136
58769.7;314.8;2659921.5;1273473.9;8.23554;47.609208
58777.100000000006;314.9;2659924.89;1273480.49;8.235586;47.609267
58785.3;314.8;2659927.67;1273488.2;8.235624;47.609336
58793.600000000006;314.9;2659929.77;1273496.22;8.235653;47.609408
58801.2;314.9;2659932.03;1273503.47;8.235684;47.609473
58808.9;315;2659935.57;1273510.4;8.235732;47.609535
58816.600000000006;315;2659938.13;1273517.66;8.235767;47.6096
58824.3;315.1;2659941.59;1273524.48;8.235814;47.609661
58830.9;315.1;2659944.61;1273530.4;8.235855;47.609714
58838.5;315.2;2659947.4;1273537.43;8.235893;47.609777
58845;315.2;2659950.58;1273543.14;8.235936;47.609828
58850.8;315.2;2659953.91;1273547.84;8.235981;47.60987
58857.7;315.2;2659958.14;1273553.33;8.236038;47.609919
58864;315.3;2659961.47;1273558.7;8.236083;47.609967
58872.5;315.3;2659966.51;1273565.54;8.236151;47.610028
58880.8;315.4;2659971.26;1273572.26;8.236215;47.610088
58888.2;315.4;2659975.79;1273578.2;8.236276;47.610141
58894.5;315.5;2659979.72;1273583.13;8.236329;47.610185
58900.9;315.4;2659984.04;1273587.73;8.236387;47.610226
58907.4;315.5;2659988.2;1273592.78;8.236443;47.610271
58915.600000000006;315.6;2659993.09;1273599.39;8.236509;47.61033
58922.5;315.7;2659997.7;1273604.44;8.236571;47.610375
58929.8;315.6;2660002.68;1273609.83;8.236638;47.610423
58936.600000000006;315.7;2660007.83;1273614.22;8.236707;47.610462
58944.600000000006;315.8;2660013.18;1273620.17;8.236779;47.610515
58951.600000000006;315.7;2660018.7;1273624.56;8.236853;47.610554
58957.7;315.8;2660023.17;1273628.72;8.236913;47.610591
58965.4;315.9;2660028.45;1273634.22;8.236984;47.61064
58972.600000000006;315.8;2660034.58;1273638.17;8.237066;47.610675
58979.600000000006;315.9;2660039.57;1273643.01;8.237133;47.610718
58986.600000000006;315.9;2660045.78;1273646.29;8.237216;47.610747
58992.2;315.9;2660050.25;1273649.68;8.237276;47.610777
58998.7;316;2660055.63;1273653.29;8.237348;47.610809
59005.100000000006;316;2660061.01;1273656.79;8.23742;47.61084
59011.5;316.1;2660066.39;1273660.18;8.237492;47.61087
59018.9;316;2660073.05;1273663.47;8.237581;47.610899
59025.8;316.2;2660079.18;1273666.54;8.237663;47.610926
59032.9;316.1;2660085.77;1273669.39;8.237751;47.610951
59041;316.3;2660093.26;1273672.35;8.237851;47.610977
59048.100000000006;316.2;2660099.7;1273675.42;8.237937;47.611004
59054.9;316.2;2660106.37;1273676.71;8.238026;47.611015
59061.100000000006;316.2;2660112.45;1273677.89;8.238107;47.611025
59067.5;316.3;2660118.45;1273680.17;8.238187;47.611045
59074.9;316.4;2660125.41;1273682.47;8.23828;47.611065
59079.4;316.3;2660129.76;1273683.62;8.238338;47.611075
59084.600000000006;316.3;2660134.95;1273683.79;8.238407;47.611076
59091.3;316.4;2660141.32;1273685.96;8.238492;47.611095
59098.2;316.4;2660148.23;1273686.59;8.238584;47.6111
59105.2;316.4;2660155.06;1273687.99;8.238675;47.611112
59111.600000000006;316.5;2660161.37;1273688.84;8.238759;47.611119
59118.2;316.6;2660167.9;1273690.24;8.238846;47.611131
59125;316.6;2660174.42;1273691.97;8.238933;47.611146
59132.9;316.6;2660181.91;1273694.49;8.239033;47.611168
59139.9;316.6;2660188.82;1273695.68;8.239125;47.611178
59145.8;316.6;2660194.44;1273697.29;8.2392;47.611192
59151.4;316.7;2660200.08;1273697.35;8.239275;47.611192
59157.8;316.7;2660206.47;1273697.97;8.23936;47.611197
59164.3;316.7;2660212.85;1273698.92;8.239445;47.611205
59171.9;316.7;2660220.28;1273700.56;8.239544;47.611219
59177.9;316.8;2660226.29;1273700.51;8.239624;47.611218
59185.2;316.7;2660233.34;1273702.47;8.239718;47.611235
59192.7;316.8;2660240.77;1273703.66;8.239817;47.611245
59199.3;316.7;2660247.23;1273704.95;8.239903;47.611256
59205.7;316.9;2660253.53;1273705.68;8.239987;47.611262
59211.8;316.7;2660259.62;1273706.41;8.240068;47.611268
59218.7;316.9;2660266.45;1273707.26;8.240159;47.611275
59224.600000000006;317;2660272.39;1273707.09;8.240238;47.611273
59231;317;2660278.78;1273707.16;8.240323;47.611273
59237.100000000006;317.1;2660284.79;1273707.89;8.240403;47.611279
59243.5;317;2660291.18;1273708.29;8.240488;47.611282
59250.100000000006;317.1;2660297.79;1273709.13;8.240576;47.611289
59256.2;317.2;2660303.87;1273709.53;8.240657;47.611292
59261.600000000006;317.2;2660309.21;1273709.69;8.240728;47.611293
59267.4;317.2;2660314.84;1273711.2;8.240803;47.611306
59274.3;317.2;2660321.67;1273712.16;8.240894;47.611314
59279.8;317.3;2660327.23;1273712.32;8.240968;47.611315
59286.5;317.3;2660333.84;1273713.06;8.241056;47.611321
59293.100000000006;317.5;2660340.45;1273713.46;8.241144;47.611324
59299.5;317.5;2660346.52;1273715.41;8.241225;47.611341
59305;317.5;2660351.85;1273716.69;8.241296;47.611352
59311.100000000006;317.6;2660357.93;1273717.42;8.241377;47.611358
59317.2;317.6;2660363.86;1273718.93;8.241456;47.611371
59323.100000000006;317.7;2660369.56;1273720.32;8.241532;47.611383
59329.2;317.8;2660375.48;1273721.71;8.241611;47.611395
59334.3;317.9;2660380.44;1273722.88;8.241677;47.611405
59340.100000000006;318;2660386.06;1273724.27;8.241752;47.611417
59346.100000000006;318.1;2660392.07;1273725;8.241832;47.611423
59353.100000000006;318.2;2660398.58;1273727.51;8.241919;47.611445
59358.9;318.3;2660404.21;1273729.12;8.241994;47.611459
59365;318.5;2660410.06;1273730.85;8.242072;47.611474
59370.8;318.5;2660415.76;1273731.91;8.242148;47.611483
59376.5;318.7;2660421.23;1273733.3;8.242221;47.611495
59382.7;318.8;2660427.31;1273734.48;8.242302;47.611505
59388.4;318.9;2660432.71;1273736.31;8.242374;47.611521
59394.8;319;2660439.01;1273737.26;8.242458;47.611529
59401.100000000006;319.2;2660445.32;1273738.33;8.242542;47.611538
59407.4;319.3;2660451.4;1273739.61;8.242623;47.611549
59414;319.5;2660457.93;1273740.79;8.24271;47.611559
59420.2;319.6;2660464.08;1273741.64;8.242792;47.611566
59426.3;319.8;2660470.09;1273742.92;8.242872;47.611577
59432.8;319.9;2660476.47;1273743.99;8.242957;47.611586
59439.4;320.2;2660483;1273745.05;8.243044;47.611595
59445.2;320.3;2660488.71;1273745.56;8.24312;47.611599
59452.100000000006;320.6;2660495.54;1273746.74;8.243211;47.611609
59458.4;320.7;2660501.77;1273747.69;8.243294;47.611617
59464.4;321;2660507.78;1273748.09;8.243374;47.61162
59470.3;321.1;2660513.64;1273748.59;8.243452;47.611624
59477.4;321.4;2660520.71;1273748.66;8.243546;47.611624
59483.9;321.5;2660527.17;1273749.06;8.243632;47.611627
59490.100000000006;321.7;2660533.41;1273749.02;8.243715;47.611626
59496.3;321.9;2660539.65;1273749.53;8.243798;47.61163
59502.5;322.1;2660545.81;1273749.59;8.24388;47.61163
59508.4;322.3;2660551.67;1273749.87;8.243958;47.611632
59513.3;322.5;2660556.64;1273749.92;8.244024;47.611632
59522.100000000006;322.7;2660565.35;1273751.01;8.24414;47.611641
59526.7;322.9;2660569.94;1273750.84;8.244201;47.611639
59532.100000000006;323.1;2660575.35;1273751.12;8.244273;47.611641
59536.4;323.2;2660579.57;1273750.49;8.244329;47.611635
59541.3;323.5;2660584.37;1273751.54;8.244393;47.611644
59546.7;323.5;2660589.7;1273752.04;8.244464;47.611648
59551.7;323.7;2660594.66;1273752.54;8.24453;47.611652
59556.4;323.9;2660599.31;1273753.7;8.244592;47.611662
59561.3;324;2660604.12;1273754.19;8.244656;47.611666
59566.3;324.1;2660609.07;1273754.91;8.244722;47.611672
59573.4;324.4;2660616.22;1273754.76;8.244817;47.61167
59579.5;324.6;2660622.07;1273756.27;8.244895;47.611683
59586.7;324.8;2660629.29;1273756.01;8.244991;47.61168
59591.8;325.1;2660634.31;1273756.95;8.245058;47.611688
59597.3;325.2;2660639.72;1273758.12;8.24513;47.611698
59603.5;325.4;2660645.72;1273759.4;8.24521;47.611709
59609.9;325.7;2660652.1;1273760.36;8.245295;47.611717
59616.3;325.9;2660658.02;1273762.75;8.245374;47.611738
59620.9;326.1;2660662.52;1273763.69;8.245434;47.611746
59628.100000000006;326.2;2660669.42;1273765.54;8.245526;47.611762
59633.5;326.4;2660674.67;1273766.93;8.245596;47.611774
59637.8;326.5;2660678.79;1273768.3;8.245651;47.611786
59642.600000000006;326.6;2660683.36;1273769.79;8.245712;47.611799
59648.8;326.9;2660689.36;1273771.08;8.245792;47.61181
59653.7;327;2660694.09;1273772.35;8.245855;47.611821
59659.100000000006;327.1;2660699.18;1273774.18;8.245923;47.611837
59665.3;327.3;2660704.49;1273777.35;8.245994;47.611865
59670.9;327.4;2660709.88;1273778.96;8.246066;47.611879
59676.100000000006;327.6;2660714.52;1273781.35;8.246128;47.6119
59681.5;327.7;2660719.77;1273782.4;8.246198;47.611909
59686.9;327.9;2660724.94;1273784.01;8.246267;47.611923
59693;328;2660731.03;1273784.96;8.246348;47.611931
59697.2;328.1;2660735.08;1273785.89;8.246402;47.611939
59702.4;328.2;2660740.1;1273787.17;8.246469;47.61195
59707.100000000006;328.3;2660744.6;1273788.66;8.246529;47.611963
59712;328.3;2660749.24;1273790.15;8.246591;47.611976
59717.5;328.4;2660754.49;1273791.76;8.246661;47.61199
59722;328.5;2660758.45;1273794.03;8.246714;47.61201
59727;328.6;2660763.17;1273795.52;8.246777;47.612023
59733.2;328.6;2660769.1;1273797.25;8.246856;47.612038
59738.600000000006;328.8;2660774.11;1273799.31;8.246923;47.612056
59743.9;328.8;2660779.06;1273801.25;8.246989;47.612073
59749.600000000006;328.9;2660784.53;1273802.97;8.247062;47.612088
59754.7;328.9;2660789.48;1273804.25;8.247128;47.612099
59760.600000000006;329;2660795.1;1273805.97;8.247203;47.612114
59766.2;329.1;2660800.58;1273807.14;8.247276;47.612124
59771.600000000006;329.1;2660805.83;1273808.31;8.247346;47.612134
59777.2;329.2;2660811.3;1273809.59;8.247419;47.612145
59781.600000000006;329.2;2660815.5;1273810.96;8.247475;47.612157
59787.100000000006;329.3;2660820.75;1273812.57;8.247545;47.612171
59792.4;329.3;2660825.93;1273813.41;8.247614;47.612178
59798.9;329.3;2660832.23;1273815.03;8.247698;47.612192
59805.4;329.4;2660838.29;1273817.31;8.247779;47.612212
59811;329.4;2660843.77;1273818.7;8.247852;47.612224
59818.5;329.5;2660851.04;1273820.45;8.247949;47.612239
59823;329.5;2660855.32;1273821.83;8.248006;47.612251
59827.4;329.5;2660859.59;1273822.76;8.248063;47.612259
59832.4;329.5;2660864.23;1273824.59;8.248125;47.612275
59838.8;329.6;2660870.38;1273826.43;8.248207;47.612291
59844.9;329.6;2660876.23;1273828.27;8.248285;47.612307
59849.9;329.7;2660880.87;1273830.1;8.248347;47.612323
59856.3;329.7;2660886.86;1273832.49;8.248427;47.612344
59862.8;329.7;2660893.17;1273833.67;8.248511;47.612354
59868.9;329.7;2660899.25;1273834.62;8.248592;47.612362
59876;329.8;2660905.84;1273837.14;8.24868;47.612384
59882.100000000006;329.8;2660911.61;1273839.09;8.248757;47.612401
59888.100000000006;329.8;2660917.38;1273841.04;8.248834;47.612418
59894.5;329.8;2660923.29;1273843.43;8.248913;47.612439
59899.5;329.9;2660928.01;1273844.82;8.248976;47.612451
59906.2;329.9;2660934.54;1273846.44;8.249063;47.612465
59912.8;329.9;2660940.99;1273847.84;8.249149;47.612477
59919;330;2660946.91;1273849.68;8.249228;47.612493
59924.3;330;2660951.78;1273851.73;8.249293;47.612511
59930.5;330;2660957.7;1273853.57;8.249372;47.612527
59935.3;330;2660962.27;1273855.18;8.249433;47.612541
59941.4;330.1;2660968.04;1273857.13;8.24951;47.612558
59947.5;330.1;2660973.73;1273859.41;8.249586;47.612578
59953.600000000006;330.2;2660979.66;1273860.69;8.249665;47.612589
59960.4;330.2;2660986.02;1273863.1;8.24975;47.61261
59966.8;330.2;2660992.17;1273864.94;8.249832;47.612626
59972.8;330.2;2660997.79;1273866.89;8.249907;47.612643
59977.7;330.2;2661002.59;1273868.16;8.249971;47.612654
59985;330.3;2661009.41;1273870.68;8.250062;47.612676
59989.9;330.3;2661014.29;1273871.28;8.250127;47.612681
59995.4;330.3;2661019.54;1273872.78;8.250197;47.612694
60001.5;330.3;2661025.23;1273875.06;8.250273;47.612714
60007.4;330.3;2661030.69;1273877.35;8.250346;47.612734
60012.600000000006;330.3;2661035.56;1273879.17;8.250411;47.61275
60019.5;330.3;2661042.23;1273881.02;8.2505;47.612766
60026;330.4;2661048.3;1273883.09;8.250581;47.612784
60031.7;330.3;2661053.93;1273884.26;8.250656;47.612794
60038;330.4;2661060;1273886.1;8.250737;47.61281
60043.4;330.4;2661065.1;1273887.82;8.250805;47.612825
60050;330.5;2661071.39;1273889.78;8.250889;47.612842
60056.2;330.4;2661077.08;1273892.17;8.250965;47.612863
60061.3;330.4;2661081.8;1273894.22;8.251028;47.612881
60067.8;330.5;2661087.71;1273896.73;8.251107;47.612903
60073.2;330.5;2661092.65;1273899.11;8.251173;47.612924
60078.2;330.5;2661097.06;1273901.27;8.251232;47.612943
60083.3;330.5;2661101.7;1273903.54;8.251294;47.612963
60089.600000000006;330.5;2661107.31;1273906.38;8.251369;47.612988
60095.3;330.5;2661112.48;1273908.77;8.251438;47.613009
60101.2;330.4;2661117.79;1273911.27;8.251509;47.613031
60107.600000000006;330.4;2661123.63;1273913.89;8.251587;47.613054
60113.3;330.4;2661128.79;1273916.28;8.251656;47.613075
60119.100000000006;330.4;2661134.1;1273918.67;8.251727;47.613096
60124;330.4;2661138.44;1273920.94;8.251785;47.613116
60129.4;330.4;2661143.23;1273923.54;8.251849;47.613139
60135;330.4;2661148.31;1273925.93;8.251917;47.61316
60141.9;330.5;2661154.6;1273928.78;8.252001;47.613185
60147.7;330.5;2661159.76;1273931.39;8.25207;47.613208
60153.8;330.5;2661165.46;1273933.34;8.252146;47.613225
60159.4;330.5;2661170.62;1273935.5;8.252215;47.613244
60166;330.5;2661176.84;1273937.79;8.252298;47.613264
60171.8;330.5;2661182.08;1273940.29;8.252368;47.613286
60178.2;330.5;2661187.99;1273942.91;8.252447;47.613309
60183.9;330.5;2661193;1273945.63;8.252514;47.613333
60190.2;330.5;2661198.61;1273948.36;8.252589;47.613357
60196.4;330.5;2661204.07;1273951.31;8.252662;47.613383
60202.9;330.5;2661209.98;1273953.93;8.252741;47.613406
60210.2;330.5;2661216.8;1273956.55;8.252832;47.613429
60216.7;330.5;2661222.4;1273959.95;8.252907;47.613459
60223.2;330.5;2661228.24;1273962.79;8.252985;47.613484
60229.7;330.5;2661234.07;1273965.63;8.253063;47.613509
60236.3;330.5;2661239.98;1273968.47;8.253142;47.613534
60243.5;330.6;2661246.26;1273972.09;8.253226;47.613566
60249.8;330.5;2661251.95;1273974.71;8.253302;47.613589
60255.600000000006;330.6;2661257.26;1273977.1;8.253373;47.61361
60261.3;330.5;2661262.5;1273979.49;8.253443;47.613631
60267.100000000006;330.6;2661267.74;1273981.77;8.253513;47.613651
60274.4;330.6;2661274.63;1273984.29;8.253605;47.613673
60280.8;330.6;2661280.47;1273986.79;8.253683;47.613695
60286.600000000006;330.6;2661285.71;1273989.41;8.253753;47.613718
60293;330.6;2661291.24;1273992.69;8.253827;47.613747
60301.7;330.6;2661298.86;1273996.77;8.253929;47.613783
60308.2;330.6;2661304.85;1273999.39;8.254009;47.613806
60313.4;330.6;2661309.64;1274001.22;8.254073;47.613822
60319.100000000006;330.6;2661314.81;1274003.83;8.254142;47.613845
60323.9;330.6;2661319.38;1274005.21;8.254203;47.613857
60330.100000000006;330.6;2661325.14;1274007.38;8.25428;47.613876
60336.5;330.5;2661331.37;1274008.78;8.254363;47.613888
60342.9;330.5;2661337.52;1274010.74;8.254445;47.613905
60347.9;330.5;2661342.47;1274011.57;8.254511;47.613912
60354.8;330.5;2661348.99;1274013.75;8.254598;47.613931
60362.8;330.4;2661356.71;1274015.83;8.254701;47.613949
60366.4;330.5;2661359.93;1274017.42;8.254744;47.613963
60372.5;330.5;2661365.85;1274018.93;8.254823;47.613976
60380.5;330.5;2661373.81;1274020.01;8.254929;47.613985
60386.600000000006;330.4;2661379.82;1274020.3;8.255009;47.613987
60393.3;330.3;2661386.51;1274020.81;8.255098;47.613991
60401.5;330.4;2661394.3;1274023.56;8.255202;47.614015
60407.600000000006;330.3;2661400.07;1274025.62;8.255279;47.614033
60413.5;330.4;2661405.85;1274026.68;8.255356;47.614042
60420;330.3;2661412.22;1274028.08;8.255441;47.614054
60425.600000000006;330.3;2661417.79;1274028.14;8.255515;47.614054
60433.2;330.2;2661425.1;1274025.99;8.255612;47.614034
60441.100000000006;330.1;2661432.57;1274023.62;8.255711;47.614012
60449.100000000006;329.9;2661440.12;1274021.03;8.255811;47.613988
60455.600000000006;329.8;2661446.59;1274020.21;8.255897;47.61398
60461.9;329.6;2661452.91;1274019.72;8.255981;47.613975
60468.3;329.7;2661459.22;1274020.46;8.256065;47.613981
60477.3;329.7;2661467.92;1274022.88;8.256181;47.614002
60483.9;329.7;2661474.22;1274024.84;8.256265;47.614019
60494.3;327.7;2661484.03;1274028.27;8.256396;47.614049
60505.3;327.6;2661495;1274029.06;8.256542;47.614055
60513.2;328.7;2661500.32;1274023.22;8.256612;47.614002
60520.4;328.9;2661507.19;1274020.95;8.256703;47.613981
60526.7;328.8;2661512.78;1274018.01;8.256777;47.613954
60533.3;328.5;2661518.6;1274015.07;8.256854;47.613927
60542;328.2;2661526.98;1274012.6;8.256965;47.613904
60552;327.9;2661536.56;1274009.59;8.257092;47.613876
60558.7;327.7;2661542.75;1274007.2;8.257174;47.613854
60565;327.4;2661547.6;1274003.14;8.257238;47.613817
60572.9;327.1;2661553.89;1273998.42;8.257321;47.613774
60582;326.6;2661561.76;1273993.84;8.257425;47.613732
60591;326.4;2661568.81;1273988.13;8.257518;47.61368
60599.5;326;2661575.33;1273982.75;8.257604;47.613631
60608;325.7;2661581.41;1273976.81;8.257684;47.613577
60616.2;325.4;2661586.81;1273970.63;8.257755;47.613521
60624.4;325;2661592.37;1273964.58;8.257828;47.613466
60634.7;324.7;2661598.39;1273956.19;8.257907;47.61339
60643.4;324.3;2661601.71;1273948.22;8.25795;47.613318
60653;323.9;2661606.61;1273939.93;8.258014;47.613243
60662.3;323.7;2661609.93;1273931.29;8.258057;47.613165
60671.9;323.7;2661614.23;1273922.66;8.258113;47.613087
60681.5;323.6;2661617.04;1273913.46;8.258149;47.613004
60687.5;323.6;2661618.45;1273907.69;8.258167;47.612952
60695.100000000006;323.7;2661620.33;1273900.26;8.258191;47.612885
60703;323.7;2661622.14;1273892.61;8.258214;47.612816
60711;323.9;2661626.05;1273885.64;8.258265;47.612753
60718.3;323.9;2661626.05;1273878.31;8.258264;47.612687
60725.5;324.1;2661627.03;1273871.2;8.258276;47.612623
60731.9;324.3;2661628.44;1273864.99;8.258294;47.612567
60738.8;324.5;2661631.07;1273858.56;8.258328;47.612509
60745.5;324.7;2661633.69;1273852.36;8.258362;47.612453
60752.100000000006;324.9;2661636.38;1273846.39;8.258397;47.612399
60758.8;325.2;2661639.01;1273840.19;8.258431;47.612343
60765.5;325.5;2661641.7;1273834.1;8.258466;47.612288
60772.3;325.7;2661645.3;1273828.25;8.258513;47.612235
60778.9;326;2661648.44;1273822.5;8.258554;47.612183
60784.7;326.3;2661651.12;1273817.3;8.258589;47.612136
60790.8;326.5;2661654.49;1273812.22;8.258633;47.61209
60796;326.7;2661657.61;1273808.14;8.258674;47.612053
60802.7;327;2661660.98;1273802.28;8.258718;47.612
60810.4;327.4;2661664.44;1273795.42;8.258763;47.611938
60815.2;327.5;2661668.23;1273792.46;8.258813;47.611911
60820.4;327.7;2661671.87;1273788.83;8.258861;47.611878
60825.5;327.9;2661675.3;1273784.97;8.258906;47.611843
60831.8;328.1;2661679.33;1273780.23;8.258959;47.6118
60838.5;328.4;2661683.97;1273775.39;8.25902;47.611756
60844;328.6;2661687.77;1273771.31;8.25907;47.611719
60850.8;328.8;2661691.22;1273765.45;8.259115;47.611666
60855.7;329;2661695.31;1273762.83;8.259169;47.611642
60861.2;329.2;2661698.96;1273758.75;8.259217;47.611605
60867.3;329.4;2661703.29;1273754.46;8.259274;47.611566
60872.3;329.6;2661707.23;1273751.39;8.259326;47.611538
60877.5;329.7;2661711.47;1273748.32;8.259382;47.61151
60882.3;329.8;2661714.07;1273744.23;8.259416;47.611473
60886.8;330;2661717.26;1273741.04;8.259458;47.611444
60892.7;330.2;2661721.29;1273736.86;8.259511;47.611406
60898;330.4;2661725.17;1273733.23;8.259562;47.611373
60904.9;330.6;2661730.77;1273729.06;8.259636;47.611335
60910.5;330.8;2661735.02;1273725.55;8.259692;47.611303
60915.100000000006;330.9;2661738.81;1273722.81;8.259742;47.611278
60924.100000000006;331.1;2661740.56;1273714.04;8.259764;47.611199
60928.7;331.3;2661744.57;1273711.75;8.259817;47.611178
60935.7;331.5;2661748.09;1273705.67;8.259863;47.611123
60941.2;331.6;2661752.33;1273702.27;8.259919;47.611092
60947;331.8;2661756.22;1273697.86;8.25997;47.611052
60951.8;331.9;2661758.14;1273693.54;8.259995;47.611013
60959.3;332;2661761.07;1273686.57;8.260033;47.61095
60964.5;332.2;2661764.94;1273683.16;8.260084;47.610919
60970.100000000006;332.4;2661768.3;1273678.64;8.260128;47.610878
60974.3;332.5;2661771.41;1273675.89;8.260169;47.610853
60979.100000000006;332.7;2661774.31;1273672.03;8.260207;47.610818
60984.3;332.8;2661776.99;1273667.61;8.260242;47.610778
60989.4;333;2661780.11;1273663.53;8.260283;47.610741
60993.9;333;2661783.45;1273660.45;8.260327;47.610713
60999.2;333.2;2661786.2;1273656.03;8.260363;47.610673
61005.2;333.3;2661788.82;1273650.61;8.260397;47.610624
61010.8;333.5;2661792.32;1273646.2;8.260443;47.610584
61016.4;333.6;2661795.83;1273641.79;8.260489;47.610544
61022;333.8;2661798.29;1273636.81;8.260521;47.610499
61026.7;333.9;2661801.48;1273633.39;8.260563;47.610468
61032;334;2661804.98;1273629.43;8.260609;47.610432
61037.600000000006;334.2;2661808.41;1273624.9;8.260654;47.610391
61042.8;334.3;2661811.39;1273620.71;8.260693;47.610353
61047.4;334.4;2661814.58;1273617.41;8.260735;47.610323
61051.8;334.4;2661816.2;1273613.31;8.260756;47.610286
61055.8;334.5;2661819.02;1273610.45;8.260793;47.61026
61060.4;334.6;2661822.28;1273607.15;8.260836;47.61023
61066.4;334.6;2661824.75;1273601.72;8.260868;47.610181
61070.8;334.7;2661828.23;1273598.98;8.260914;47.610156
61075;334.8;2661830.83;1273595.67;8.260948;47.610126
61079.7;334.8;2661834.54;1273592.82;8.260997;47.6101
61084.2;334.8;2661837.58;1273589.52;8.261037;47.61007
61090.9;334.9;2661839.91;1273583.2;8.261067;47.610013
61094.9;334.9;2661842.42;1273580.11;8.2611;47.609985
61099.9;334.9;2661843.37;1273575.23;8.261112;47.609941
61103.5;334.9;2661840.16;1273573.53;8.261069;47.609926
61108.8;335;2661842.54;1273568.77;8.2611;47.609883
61113.600000000006;335.1;2661844.09;1273564.23;8.26112;47.609842
61118.7;335.1;2661845.87;1273559.47;8.261143;47.609799
61124.5;335.1;2661848.85;1273554.49;8.261182;47.609754
61129.4;335.2;2661852.12;1273550.86;8.261225;47.609721
61134;335;2661856.71;1273551.02;8.261286;47.609722
61138;335.2;2661852.73;1273550.75;8.261233;47.60972
61141.600000000006;335.1;2661855.68;1273548.67;8.261272;47.609701
61146;335.2;2661856.1;1273544.34;8.261277;47.609662
61149.2;335.2;2661853.01;1273545.2;8.261236;47.60967
61152.600000000006;335;2661849.62;1273545.94;8.261191;47.609677
61155.7;335.1;2661849.73;1273542.94;8.261192;47.60965
61158.7;335.1;2661850.07;1273545.95;8.261197;47.609677
61161.8;335.1;2661849.89;1273549.06;8.261195;47.609705
61164.8;335.2;2661852.73;1273550.09;8.261233;47.609714
61168;335.1;2661853.29;1273546.98;8.26124;47.609686
61171.3;335.2;2661851.83;1273549.97;8.261221;47.609713
61174.600000000006;335.2;2661849.33;1273552.16;8.261188;47.609733
61177.8;335.1;2661846.56;1273550.69;8.261151;47.60972
61181;335.2;2661846.82;1273547.47;8.261154;47.609691
61184.100000000006;335;2661849.1;1273545.38;8.261184;47.609672
61187.3;335.1;2661851.71;1273547.19;8.261219;47.609688
61192.2;335.2;2661853.62;1273551.76;8.261245;47.609729
61195.4;335.2;2661853.28;1273548.65;8.26124;47.609701
61199;335.2;2661855.86;1273546.12;8.261274;47.609678
61202.2;335;2661857.18;1273549.02;8.261292;47.609704
61205.8;335.2;2661853.93;1273550.55;8.261249;47.609718
61209;335.2;2661850.78;1273549.73;8.261207;47.609711
61212.2;335.1;2661848.25;1273547.82;8.261173;47.609694
61215.4;335.1;2661850.9;1273545.95;8.261208;47.609677
61215.4;335.1;2661852.66;1273543.3;8.261231;47.609653
61218.4;335.1;2661854.63;1273540.99;8.261257;47.609632
61221.700000000004;335.2;2661856.18;1273543.9;8.261278;47.609658
61224.9;335.2;2661854.5;1273546.55;8.261256;47.609682
61227.9;335.2;2661853.49;1273549.43;8.261243;47.609708
61232.5;335.1;2661850.08;1273552.51;8.261198;47.609736
61235.700000000004;335.1;2661846.91;1273553.03;8.261156;47.609741
61239.3;335;2661847.4;1273549.48;8.261162;47.609709
61242.3;335.2;2661850.27;1273548.51;8.2612;47.6097
61246.6;335.1;2661852.19;1273552.31;8.261226;47.609734
61250.1;335.1;2661854.1;1273549.43;8.261251;47.609708
61253.1;335.2;2661855.93;1273547.01;8.261275;47.609686
61257.3;335.1;2661851.8;1273546.41;8.26122;47.609681
61260.6;335.1;2661849.81;1273549.06;8.261194;47.609705
61263.6;335.1;2661851.79;1273546.74;8.26122;47.609684
61267.6;335.1;2661854.16;1273543.54;8.261251;47.609655
61272.6;335.2;2661857.65;1273539.91;8.261297;47.609622
61275.700000000004;335.3;2661859.71;1273537.6;8.261324;47.609601
61279;335.1;2661862.06;1273535.29;8.261355;47.60958
61282.700000000004;335.1;2661864.65;1273532.75;8.261389;47.609557
61287.200000000004;335.1;2661867.76;1273529.45;8.26143;47.609527
61292.3;335;2661871.19;1273525.71;8.261475;47.609493
61297.700000000004;335;2661874.76;1273521.63;8.261522;47.609456
61302.4;335;2661877.59;1273517.88;8.261559;47.609422
61307.3;334.9;2661880.34;1273513.79;8.261595;47.609385
61312.200000000004;334.9;2661882.94;1273509.71;8.261629;47.609348
61316.9;334.9;2661885.53;1273505.73;8.261663;47.609312
61321.9;334.9;2661888.36;1273501.65;8.2617;47.609275
61326.9;334.9;2661891.19;1273497.45;8.261737;47.609237
61331.9;334.8;2661894.01;1273493.37;8.261774;47.6092
61339.3;336;2661896.71;1273486.5;8.261809;47.609138
61344.6;335.7;2661900.74;1273482.98;8.261862;47.609106
61349.6;335.5;2661904.01;1273479.24;8.261905;47.609072
61354.8;336.4;2661907.96;1273475.83;8.261957;47.609041
61360.6;334.9;2661912.13;1273471.76;8.262012;47.609004
61366.200000000004;334.6;2661916.75;1273468.58;8.262073;47.608975
61370.8;334.5;2661921.13;1273467.18;8.262131;47.608962
61376.3;334.5;2661924.48;1273462.88;8.262175;47.608923
61382;334.5;2661929.11;1273459.6;8.262236;47.608893
61387.6;334.4;2661932.91;1273455.41;8.262286;47.608855
61393.200000000004;334.3;2661936.56;1273451.22;8.262334;47.608817
61398.700000000004;334.4;2661939.69;1273446.7;8.262375;47.608776
61404.700000000004;334.4;2661943.35;1273441.95;8.262423;47.608733
61410.6;334.5;2661947.09;1273437.32;8.262472;47.608691
61416;334.5;2661951.26;1273433.92;8.262527;47.60866
61421.6;334.4;2661956.32;1273431.53;8.262594;47.608638
61427.6;334.8;2661960.65;1273427.35;8.262651;47.6086
61434;335.5;2661965.21;1273422.84;8.262711;47.608559
61440;334.6;2661970.21;1273419.55;8.262777;47.608529
61445.8;334;2661974.83;1273416.04;8.262838;47.608497
61453.1;334;2661981.26;1273412.66;8.262923;47.608466
61457.9;334;2661985.86;1273411.38;8.262984;47.608454
61462.8;333.9;2661989.88;1273408.42;8.263037;47.608427
61468.6;333.9;2661994.2;1273404.57;8.263094;47.608392
61474.200000000004;334.9;2661997.71;1273400.27;8.26314;47.608353
61480.3;337.2;2662001.96;1273395.87;8.263196;47.608313
61486.3;336.4;2662007.33;1273393.14;8.263267;47.608288
61490.4;333.8;2662011.23;1273394.3;8.263319;47.608298
61496.5;333.8;2662017.33;1273393.69;8.2634;47.608292
61505;333.9;2662022.81;1273387.19;8.263472;47.608233
61511.200000000004;336.6;2662026.02;1273381.89;8.263514;47.608185
61516.9;335.2;2662031.6;1273380.83;8.263588;47.608175
61521.9;333.7;2662036.56;1273380.89;8.263654;47.608175
61526.8;333.7;2662041.32;1273379.49;8.263717;47.608162
61532.200000000004;333.6;2662046.37;1273377.54;8.263784;47.608144
61538.9;333.5;2662052.57;1273375.16;8.263866;47.608122
61544.3;333.5;2662057.4;1273372.65;8.26393;47.608099
61549.6;333.4;2662062.6;1273371.93;8.263999;47.608092
61555.1;333;2662067.88;1273370.32;8.264069;47.608077
61560.6;333.1;2662073.09;1273368.48;8.264138;47.60806
61567;333.2;2662079.13;1273366.54;8.264218;47.608042
61572.8;333.2;2662084.56;1273364.49;8.26429;47.608023
61580;333.3;2662091.57;1273362.89;8.264383;47.608008
61585.6;333.4;2662097.15;1273361.73;8.264457;47.607997
61591.700000000004;333.4;2662102.66;1273359.34;8.26453;47.607975
61597.4;333.5;2662108.24;1273357.95;8.264604;47.607962
61604;333.4;2662114.65;1273356.35;8.264689;47.607947
61610.6;333.4;2662121.27;1273356.65;8.264777;47.607949
61616.4;333.4;2662126.77;1273354.81;8.26485;47.607932
61622.200000000004;333.4;2662132.5;1273354.1;8.264926;47.607925
61628.3;333.4;2662138.59;1273353.71;8.265007;47.607921
61636.4;333.6;2662143.47;1273347.32;8.265071;47.607863
61642.1;333.6;2662149.12;1273346.26;8.265146;47.607853
61648.4;333.6;2662155.37;1273346.11;8.265229;47.607851
61654;333.7;2662160.87;1273344.83;8.265302;47.607839
61660.200000000004;333.7;2662166.9;1273343.34;8.265382;47.607825
61671.3;334.3;2662170.7;1273332.93;8.265431;47.607731
61677.8;334.3;2662177.16;1273333.66;8.265517;47.607737
61686;334.2;2662184.12;1273329.4;8.265609;47.607698
61694.6;334.4;2662191.24;1273324.47;8.265703;47.607653
61700.700000000004;335.6;2662197.26;1273323.64;8.265783;47.607645
61707;335.5;2662203.49;1273324.82;8.265866;47.607655
61714.3;336.7;2662210.39;1273327.12;8.265958;47.607675
61719.700000000004;338.8;2662215.37;1273325.06;8.266024;47.607656
61726.4;339.2;2662221.27;1273321.89;8.266102;47.607627
61730;338.9;2662224.41;1273323.71;8.266144;47.607643
61735.6;338.4;2662229.81;1273325.21;8.266216;47.607656
61741;337.9;2662235.15;1273325.15;8.266287;47.607655
61747.8;337.4;2662241.99;1273325.11;8.266378;47.607654
61753.1;336.9;2662246.55;1273327.72;8.266439;47.607677
61759.8;335.1;2662252.84;1273330.23;8.266523;47.607699
61766.3;335.2;2662259.24;1273329.3;8.266608;47.60769
61773.1;335.1;2662266.01;1273329.04;8.266698;47.607687
61778.9;335.1;2662271.81;1273328.21;8.266775;47.607679
61784.6;335;2662277.45;1273328.6;8.26685;47.607682
61790.200000000004;336;2662283.02;1273327.77;8.266924;47.607674
61795.9;334.8;2662288.58;1273328.83;8.266998;47.607683
61803;336.7;2662294.93;1273325.56;8.267082;47.607653
61808.3;337.2;2662299.98;1273324.17;8.267149;47.60764
61814.3;338.3;2662305.35;1273321.34;8.26722;47.607614
61820.8;334.8;2662311.73;1273321.96;8.267305;47.607619
61826.6;334.4;2662317.52;1273322.58;8.267382;47.607624
61833.200000000004;334.2;2662323.78;1273320.31;8.267465;47.607603
61842.6;334.1;2662333.1;1273321.29;8.267589;47.607611
61849.3;334.1;2662339.79;1273321.14;8.267678;47.607609
61855.700000000004;334.1;2662346.12;1273320.21;8.267762;47.6076
61863.5;334;2662353.81;1273318.62;8.267864;47.607585
61870.200000000004;333.9;2662360.36;1273317.47;8.267951;47.607574
61878;333.8;2662368.12;1273316.55;8.268054;47.607565
61884.200000000004;333.8;2662373.56;1273313.49;8.268126;47.607537
61891.200000000004;333.7;2662380.48;1273313.23;8.268218;47.607534
61896.200000000004;333.6;2662385.28;1273314.62;8.268282;47.607546
61905.6;333.5;2662393.31;1273309.7;8.268388;47.607501
61914.4;333.5;2662402.04;1273308.68;8.268504;47.607491
61924.1;333.2;2662409.4;1273302.31;8.268601;47.607433
61930.4;333.1;2662414.85;1273299.14;8.268673;47.607404
61937.700000000004;333;2662421.5;1273296.21;8.268761;47.607377
61945.5;332.9;2662428.75;1273293.28;8.268857;47.60735
61951.8;333;2662434.85;1273291.79;8.268938;47.607336
61959.6;332.9;2662441.52;1273287.64;8.269026;47.607298
61966;332.9;2662447.19;1273284.81;8.269101;47.607272
61973.5;332.7;2662452.73;1273279.75;8.269174;47.607226
61981.1;332.6;2662458.42;1273274.69;8.269249;47.60718
61988.5;332.5;2662465.22;1273271.65;8.269339;47.607152
61997.200000000004;332.4;2662471.45;1273265.6;8.269421;47.607097
62005.200000000004;332.3;2662477.6;1273260.44;8.269502;47.60705
62012.8;332.3;2662483.14;1273255.27;8.269575;47.607003
62020.4;332.3;2662488.09;1273249.54;8.26964;47.606951
62026.4;332.1;2662493.68;1273247.27;8.269714;47.60693
62034.3;332.1;2662499.75;1273242.22;8.269794;47.606884
62045.3;332.1;2662504.52;1273232.37;8.269856;47.606795
62053.3;332;2662510.51;1273226.99;8.269935;47.606746
62060.5;332;2662515.75;1273222.15;8.270004;47.606702
62068;331.9;2662520.41;1273216.19;8.270065;47.606648
62074;334.2;2662523.92;1273211.34;8.270111;47.606604
62081.200000000004;331.8;2662529.38;1273206.73;8.270183;47.606562
62085.3;331.7;2662532.86;1273204.54;8.270229;47.606542
62091.4;331.6;2662537.42;1273200.47;8.270289;47.606505
62098.1;331.4;2662541.91;1273195.52;8.270348;47.60646
62105.4;331.5;2662546.4;1273189.67;8.270407;47.606407
62111.9;331.4;2662549.92;1273184.26;8.270453;47.606358
62119;331.3;2662553.89;1273178.41;8.270505;47.606305
62125.6;331.2;2662556.59;1273172.32;8.27054;47.60625
62132.3;331;2662559.74;1273166.46;8.270581;47.606197
62138.700000000004;331;2662562.28;1273160.59;8.270614;47.606144
62146.700000000004;330.9;2662565.52;1273153.29;8.270656;47.606078
62153.8;330.8;2662568.59;1273146.87;8.270696;47.60602
62161;330.8;2662571.3;1273140.12;8.270731;47.605959
62167.700000000004;330.6;2662574.44;1273134.26;8.270772;47.605906
62174.1;330.5;2662577.73;1273128.73;8.270815;47.605856
62180.9;330.5;2662580.73;1273122.65;8.270854;47.605801
62188.1;330.4;2662583.28;1273115.89;8.270887;47.60574
62195.1;330.4;2662586.28;1273109.59;8.270926;47.605683
62201.6;330.3;2662588;1273103.38;8.270948;47.605627
62209.6;330.1;2662588.46;1273095.38;8.270953;47.605555
62216.1;330.1;2662589.51;1273088.94;8.270966;47.605497
62222.200000000004;330;2662589.73;1273082.82;8.270968;47.605442
62228.1;330;2662587.38;1273077.46;8.270936;47.605394
62235.5;330;2662587.98;1273070.02;8.270943;47.605327
62241.700000000004;329.8;2662587.67;1273063.9;8.270938;47.605272
62247.1;329.8;2662587.95;1273058.45;8.270941;47.605223
62251.700000000004;329.6;2662590.18;1273054.47;8.27097;47.605187
62260.200000000004;329.1;2662598.32;1273052;8.271078;47.605164
62267.5;328.7;2662603.64;1273047.06;8.271148;47.605119
62273.6;328.4;2662608.42;1273043.21;8.271211;47.605084
62283.1;328;2662609.72;1273033.78;8.271227;47.604999
62289.9;327.6;2662612.42;1273027.58;8.271262;47.604943
62297.8;327.2;2662616.18;1273020.61;8.271311;47.60488
62306;326.8;2662619.94;1273013.31;8.27136;47.604814
62315.3;326.3;2662624.91;1273005.47;8.271425;47.604743
62324;325.8;2662630.18;1272998.52;8.271494;47.60468
62332.700000000004;325.3;2662636.11;1272992.14;8.271572;47.604622
62341.8;324.9;2662642.57;1272985.75;8.271657;47.604564
62351.9;324.6;2662648.45;1272977.59;8.271734;47.60449
62360.1;324.3;2662655.49;1272973.33;8.271827;47.604451
62368.1;324;2662662;1272968.73;8.271913;47.604409
62376.700000000004;323.8;2662669.86;1272965.25;8.272017;47.604377
62384.200000000004;323.7;2662675.18;1272959.97;8.272087;47.604329
62392.200000000004;323.5;2662682.22;1272956.15;8.27218;47.604294
62403.1;323.5;2662691.82;1272950.92;8.272307;47.604246
62413;323.5;2662700.74;1272946.67;8.272425;47.604207
62425.200000000004;323.5;2662711.63;1272941.12;8.272569;47.604156
62436.8;323.4;2662720.66;1272933.77;8.272688;47.604089
62444.1;323.6;2662727.88;1272933.62;8.272784;47.604087
62452.5;323.8;2662734.92;1272928.91;8.272877;47.604044
62462.4;324;2662743.33;1272923.78;8.272988;47.603997
62470.9;324.3;2662750.59;1272919.41;8.273084;47.603957
62481.6;324.6;2662758.86;1272912.49;8.273193;47.603894
62493.5;325.1;2662767.37;1272904.24;8.273305;47.603819
62500.700000000004;325.5;2662772.84;1272899.52;8.273377;47.603776
62508.6;325.9;2662777.27;1272893;8.273435;47.603717
62515.1;326.3;2662780.79;1272887.48;8.273481;47.603667
62520.700000000004;326.5;2662783.4;1272882.61;8.273515;47.603623
62526.3;326.8;2662785.86;1272877.53;8.273547;47.603577
62533.5;327.2;2662789.31;1272871.22;8.273592;47.60352
62539.5;327.5;2662792.74;1272866.37;8.273637;47.603476
62546.200000000004;327.8;2662795.37;1272860.17;8.273671;47.60342
62553.3;328.2;2662797.92;1272853.52;8.273704;47.60336
62559.8;328.5;2662800.24;1272847.43;8.273734;47.603305
62566.700000000004;328.7;2662802.79;1272841.01;8.273767;47.603247
62573.3;329;2662805.34;1272834.92;8.2738;47.603192
62579.4;329.2;2662807.58;1272829.27;8.273829;47.603141
62586;329.4;2662810.27;1272823.3;8.273864;47.603087
62593.9;329.7;2662813.21;1272815.88;8.273902;47.60302
62599.8;329.7;2662816.27;1272810.91;8.273942;47.602975
62607;329.9;2662819.57;1272804.49;8.273985;47.602917
62613.1;329.9;2662822.79;1272799.3;8.274027;47.60287
62618.1;330;2662825.99;1272795.44;8.274069;47.602835
62624.3;330;2662830.25;1272790.93;8.274125;47.602794
62630.4;330.1;2662833.39;1272785.74;8.274166;47.602747
62635.9;330.1;2662836.89;1272781.44;8.274212;47.602708
62641.9;330.1;2662841.29;1272777.48;8.27427;47.602672
62646.200000000004;330;2662844.04;1272774.06;8.274306;47.602641
62653.1;330.1;2662849.27;1272769.67;8.274375;47.602601
62660;330;2662854.29;1272764.83;8.274441;47.602557
62666.3;329.9;2662858.92;1272760.66;8.274502;47.602519
62672.700000000004;329.8;2662863.85;1272756.48;8.274567;47.602481
62679.700000000004;329.8;2662869.46;1272752.32;8.274641;47.602443
62686.700000000004;329.6;2662875.07;1272748.15;8.274715;47.602405
62694;329.5;2662881.06;1272743.99;8.274794;47.602367
62702.200000000004;329.4;2662887.8;1272739.39;8.274883;47.602325
62708.6;329.3;2662892.59;1272735.11;8.274946;47.602286
62716.1;329.2;2662898.58;1272730.5;8.275025;47.602244
62723.1;329.2;2662903.96;1272726.11;8.275096;47.602204
62730;329.1;2662909.2;1272721.61;8.275165;47.602163
62736.6;329;2662914.36;1272717.44;8.275233;47.602125
62742.4;328.9;2662917.94;1272712.92;8.27528;47.602084
62749.5;328.8;2662924;1272709.2;8.27536;47.60205
62756.700000000004;328.8;2662929.54;1272704.59;8.275433;47.602008
62763.4;328.8;2662934.62;1272700.19;8.2755;47.601968
62770.5;328.8;2662940.6;1272696.37;8.275579;47.601933
62778.3;328.8;2662946;1272690.75;8.27565;47.601882
62785.4;328.8;2662950.95;1272685.69;8.275715;47.601836
62792.6;328.8;2662955.82;1272680.4;8.275779;47.601788
62800.6;328.8;2662961.67;1272674.91;8.275856;47.601738
62807.5;328.9;2662966.75;1272670.29;8.275923;47.601696
62814.4;328.9;2662972.73;1272666.8;8.276002;47.601664
62820.5;329;2662977.95;1272663.74;8.276071;47.601636
62829.6;329.1;2662982.63;1272655.89;8.276132;47.601565
62835.6;329.2;2662986.21;1272651.04;8.276179;47.601521
62841.4;329.2;2662990.69;1272647.42;8.276238;47.601488
62848.9;329.2;2662998;1272645.83;8.276335;47.601473
62858.8;330.5;2663003.28;1272637.43;8.276404;47.601397
62864.6;330.5;2663009.07;1272637.16;8.276481;47.601394
62870.5;329.1;2663015.02;1272636.78;8.27656;47.60139
62876.5;329.1;2663020.9;1272635.73;8.276638;47.60138
62882.6;328.7;2663026.99;1272635.46;8.276719;47.601377
62892.200000000004;328.3;2663036.55;1272634.34;8.276846;47.601366
62900.5;327.9;2663044.76;1272633.65;8.276955;47.601359
62906.8;327.6;2663050.28;1272630.6;8.277028;47.601331
62915.9;327.4;2663058.45;1272626.57;8.277136;47.601294
62922.4;327.2;2663064.92;1272626.19;8.277222;47.60129
62932.4;326.9;2663073.77;1272621.51;8.277339;47.601247
62940.4;326.8;2663080.73;1272617.58;8.277431;47.601211
62948.700000000004;326.7;2663088.44;1272614.44;8.277533;47.601182
62956.3;326.7;2663095.17;1272610.95;8.277622;47.60115
62964.8;326.7;2663102.43;1272606.58;8.277718;47.60111
62974.3;326.8;2663109.27;1272599.98;8.277808;47.60105
62984.9;326.9;2663117.24;1272592.95;8.277913;47.600986
62992.200000000004;327;2663123.82;1272589.79;8.278;47.600957
62999.5;326.9;2663129.73;1272585.52;8.278078;47.600918
63006.5;326.8;2663133.63;1272579.67;8.278129;47.600865
63013.9;326.8;2663138.43;1272574.05;8.278192;47.600814
63018;326.7;2663142.06;1272572.2;8.27824;47.600797
63024.3;326.6;2663146.92;1272568.14;8.278304;47.60076
63030.200000000004;326.5;2663151.47;1272564.4;8.278364;47.600726
63039.200000000004;326.3;2663157.63;1272557.8;8.278445;47.600666
63047;326.1;2663163.92;1272553.31;8.278528;47.600625
63055.1;325.8;2663171.48;1272550.27;8.278628;47.600597
63062.4;325.4;2663178.56;1272548.57;8.278722;47.600581
63071.9;325;2663187.62;1272545.78;8.278842;47.600555
63080.9;324.7;2663196.29;1272543.42;8.278957;47.600533
63089.8;324.4;2663204.96;1272541.29;8.279072;47.600513
63098.5;324.2;2663213.69;1272540.94;8.279188;47.600509
63106.6;324;2663221.32;1272538.24;8.279289;47.600484
63114.8;323.9;2663229.09;1272535.55;8.279392;47.600459
63122.8;323.9;2663236.57;1272532.85;8.279491;47.600434
63131.5;323.8;2663243.99;1272528.25;8.279589;47.600392
63141.1;323.8;2663252.24;1272523.45;8.279698;47.600348
63149.4;323.7;2663259.5;1272519.3;8.279794;47.60031
63157.200000000004;323.6;2663266.24;1272515.48;8.279883;47.600275
63164;323.6;2663272.29;1272512.32;8.279963;47.600246
63170.200000000004;323.5;2663277.59;1272509.04;8.280033;47.600216
63178.8;323.4;2663283.97;1272503.33;8.280117;47.600164
63187.200000000004;323.3;2663291.53;1272499.74;8.280217;47.600131
63196.4;323.1;2663299.25;1272494.71;8.280319;47.600085
63206.6;322.9;2663307.14;1272488.23;8.280423;47.600026
63215;322.7;2663313.96;1272483.3;8.280513;47.599981
63224;322.6;2663321.61;1272478.6;8.280614;47.599938
63232.1;322.4;2663328.35;1272474.01;8.280703;47.599896
63241.200000000004;322.2;2663335.78;1272468.75;8.280801;47.599848
63250.3;322.1;2663343.21;1272463.49;8.280899;47.5998
63263.5;321.8;2663353;1272454.7;8.281028;47.59972
63270.700000000004;321.7;2663358.99;1272450.76;8.281107;47.599684
63279.8;321.6;2663366.27;1272445.28;8.281203;47.599634
63289.6;321.1;2663373.71;1272438.8;8.281301;47.599575
63299;321.1;2663381.06;1272432.98;8.281398;47.599522
63305.3;321.3;2663386.66;1272430.15;8.281472;47.599496
63312.4;321.2;2663392.64;1272426.32;8.281551;47.599461
63321.6;321;2663400.15;1272421.07;8.28165;47.599413
63331.700000000004;320.9;2663408.19;1272414.82;8.281756;47.599356
63340.700000000004;320.8;2663415.46;1272409.56;8.281852;47.599308
63350.3;320.7;2663423.12;1272403.75;8.281953;47.599255
63358.3;320.6;2663429.34;1272398.81;8.282035;47.59921
63366.6;320.5;2663435.72;1272393.43;8.282119;47.599161
63374.3;320.1;2663441.04;1272387.93;8.282189;47.599111
63382.4;320.4;2663447.71;1272383.33;8.282277;47.599069
63390.6;320.5;2663454.08;1272378.06;8.282361;47.599021
63398.200000000004;320.4;2663459.93;1272373.23;8.282438;47.598977
63407.200000000004;320.4;2663466.24;1272366.85;8.282521;47.598919
63414.5;320.4;2663471.78;1272362.12;8.282594;47.598876
63419.1;320.5;2663475.72;1272359.72;8.282646;47.598854
63429;320.5;2663482.64;1272352.57;8.282737;47.598789
63440.1;320.5;2663489.42;1272343.86;8.282826;47.59871
63446.3;320.6;2663493.39;1272339.12;8.282878;47.598667
63454.200000000004;320.7;2663498.49;1272333.06;8.282945;47.598612
63462.200000000004;320.7;2663503.3;1272326.66;8.283008;47.598554
63470.8;320.7;2663507.96;1272319.37;8.283069;47.598488
63477.700000000004;320.9;2663512.23;1272313.97;8.283125;47.598439
63481.8;321;2663515.05;1272311;8.283162;47.598412
63489.8;321.1;2663519.63;1272304.48;8.283222;47.598353
63495.4;321.2;2663522.84;1272299.85;8.283264;47.598311
63503.6;321.2;2663527.72;1272293.34;8.283328;47.598252
63512.4;321.3;2663531.35;1272285.26;8.283375;47.598179
63519.8;321.5;2663534.35;1272278.51;8.283414;47.598118
63526.9;321.6;2663538.03;1272272.43;8.283462;47.598063
63535.200000000004;321.7;2663541.79;1272265.03;8.283511;47.597996
63542.700000000004;321.8;2663545.02;1272258.28;8.283553;47.597935
63549.700000000004;321.9;2663547.73;1272251.86;8.283588;47.597877
63556.5;322;2663550.58;1272245.66;8.283625;47.597821
63563.3;322.1;2663552.9;1272239.24;8.283655;47.597763
63570.3;322.2;2663555.15;1272232.59;8.283684;47.597703
63578.1;322.3;2663557.72;1272225.28;8.283717;47.597637
63585.4;322.4;2663560.35;1272218.41;8.283751;47.597575
63593.4;322.6;2663563.21;1272210.99;8.283788;47.597508
63601.3;322.7;2663565.7;1272203.46;8.28382;47.59744
63608.8;322.7;2663568.33;1272196.48;8.283854;47.597377
63616.6;322.9;2663570.07;1272188.83;8.283876;47.597308
63623.3;322.9;2663572.24;1272182.51;8.283904;47.597251
63630.1;323;2663574.72;1272176.2;8.283936;47.597194
63637;323.1;2663577.34;1272169.78;8.28397;47.597136
63643.8;323.2;2663580.04;1272163.58;8.284005;47.59708
63651.200000000004;323.2;2663583.12;1272156.83;8.284045;47.597019
63657.700000000004;323.3;2663585.82;1272150.97;8.28408;47.596966
63664.3;323.3;2663588.44;1272144.88;8.284114;47.596911
63670.5;323.4;2663590.98;1272139.24;8.284147;47.59686
63676.700000000004;323.4;2663593.83;1272133.71;8.284184;47.59681
63682.8;323.4;2663596.37;1272128.17;8.284217;47.59676
63689;323.5;2663598.84;1272122.42;8.284249;47.596708
63695.200000000004;323.5;2663601.98;1272117.11;8.28429;47.59666
63701.700000000004;323.6;2663605.05;1272111.37;8.28433;47.596608
63707.3;323.6;2663608.33;1272106.84;8.284373;47.596567
63713.4;323.6;2663611.62;1272101.76;8.284416;47.596521
63720.5;323.7;2663614.1;1272095.12;8.284448;47.596461
63727.200000000004;323.8;2663617.32;1272089.26;8.28449;47.596408
63734.5;323.8;2663621.37;1272083.19;8.284543;47.596353
63740.3;323.8;2663625.78;1272079.34;8.284601;47.596318
63746.6;323.8;2663629.67;1272074.38;8.284652;47.596273
63753.200000000004;323.9;2663633.63;1272069.08;8.284704;47.596225
63761;323.9;2663638.59;1272063.02;8.284769;47.59617
63766.4;324;2663641.05;1272058.27;8.284801;47.596127
63773.1;324.1;2663645.02;1272052.86;8.284853;47.596078
63780.200000000004;324.2;2663647.2;1272046.1;8.284881;47.596017
63787.1;324.3;2663650.94;1272040.36;8.28493;47.595965
63792.9;324.3;2663654.83;1272036.07;8.284981;47.595926
63800.3;324.3;2663659.77;1272030.56;8.285046;47.595876
63806.5;324.5;2663663.21;1272025.37;8.285091;47.595829
63812.9;324.5;2663667.03;1272020.18;8.285141;47.595782
63817.1;324.6;2663669.1;1272016.54;8.285168;47.595749
63823;324.6;2663672.84;1272012.02;8.285217;47.595708
63829.200000000004;325;2663677.1;1272007.51;8.285273;47.595667
63835.1;324.6;2663682.39;1272004.89;8.285343;47.595643
63841.9;324.6;2663687.63;1272000.5;8.285412;47.595603
63849;324.7;2663692.87;1271995.78;8.285481;47.59556
63856.5;324.9;2663696.03;1271988.92;8.285522;47.595498
63863.9;326;2663699.78;1271982.62;8.285571;47.595441
63870.5;325.4;2663704.72;1271978.11;8.285636;47.5954
63875.700000000004;325;2663709.83;1271977.95;8.285704;47.595398
63880.6;324.8;2663714.66;1271977.11;8.285768;47.59539
63886.4;324.9;2663718.61;1271972.82;8.28582;47.595351
63894.6;325;2663723.5;1271966.2;8.285884;47.595291
63900.700000000004;325;2663727.98;1271962.13;8.285943;47.595254
63906.8;325.1;2663732.69;1271958.29;8.286005;47.595219
63913.1;325.1;2663737.32;1271954;8.286066;47.59518
63919;325.1;2663742.39;1271950.94;8.286133;47.595152
63923.5;325.1;2663746.62;1271949.43;8.286189;47.595138
63929.3;325.2;2663749.91;1271944.69;8.286232;47.595095
63937.4;325.4;2663753.75;1271937.5;8.286282;47.59503
63943.3;325.5;2663757.63;1271933.09;8.286333;47.59499
63948.4;325.5;2663760.46;1271928.79;8.28637;47.594951
63952.4;325.6;2663762.08;1271925.14;8.286391;47.594918
63956.8;325.7;2663763.1;1271920.92;8.286404;47.59488
63960.3;325.8;2663763.97;1271917.48;8.286415;47.594849
63964.4;325.8;2663763.71;1271913.37;8.286411;47.594812
63969.200000000004;326.4;2663759.29;1271911.43;8.286352;47.594795
63973.6;326.7;2663756.01;1271908.5;8.286308;47.594769
63977.5;326.8;2663753.57;1271905.47;8.286275;47.594742
63980.9;326.7;2663754.95;1271902.38;8.286293;47.594714
63985.200000000004;326.2;2663759.17;1271901.75;8.286349;47.594708
63988.9;326.1;2663762.39;1271903.57;8.286392;47.594724
63992.8;326;2663765.44;1271905.94;8.286433;47.594745
63996.4;325.9;2663768.35;1271908.19;8.286472;47.594765
63999.9;325.8;2663771.27;1271910;8.286511;47.594781
64003.3;325.8;2663774.57;1271911.04;8.286555;47.59479
64006.9;325.8;2663778.1;1271911.3;8.286602;47.594792
64010.1;325.8;2663781.33;1271911.11;8.286645;47.59479
64015.1;325.7;2663786.21;1271912.28;8.28671;47.5948
64019.5;325.7;2663788.81;1271915.86;8.286745;47.594832
64023.1;325.6;2663790.58;1271919;8.286769;47.59486
64027.4;325.3;2663792.72;1271922.69;8.286798;47.594893
64030.6;325.3;2663793.06;1271925.8;8.286803;47.594921
64035.5;325.2;2663792.03;1271930.69;8.28679;47.594965
64039.200000000004;325.2;2663790.04;1271933.78;8.286764;47.594993
64042.8;325.1;2663787.38;1271936.2;8.286729;47.595015
64046.6;325.1;2663784.05;1271937.94;8.286685;47.595031
64050.5;325.1;2663780.21;1271938.9;8.286634;47.59504
64054.700000000004;325.2;2663776;1271938.85;8.286578;47.59504
64059;325.2;2663771.79;1271938.03;8.286522;47.595033
64062.9;325.2;2663768.35;1271936.32;8.286476;47.595018
64066.4;325.4;2663766.12;1271933.63;8.286446;47.594994
64070.1;325.4;2663765.18;1271930.06;8.286433;47.594962
64073.8;325.5;2663764.92;1271926.28;8.286429;47.594928
64078;325.6;2663764.67;1271922.16;8.286425;47.594891
64082.4;325.8;2663763.96;1271917.82;8.286415;47.594852
64086.6;325.8;2663762.65;1271913.8;8.286397;47.594816
64091.1;326;2663760.82;1271909.67;8.286372;47.594779
64095.9;326.2;2663758.53;1271905.42;8.286341;47.594741
64100.8;326.3;2663756.4;1271901.06;8.286312;47.594702
64105.9;326.5;2663754.26;1271896.47;8.286283;47.594661
64112.8;326.7;2663751.17;1271890.21;8.286241;47.594605
64117.700000000004;326.8;2663749.49;1271885.64;8.286218;47.594564
64123.1;326.8;2663748.19;1271880.4;8.2862;47.594517
64127.4;326.8;2663748.84;1271876.18;8.286208;47.594479
64132.700000000004;326.9;2663748.15;1271870.94;8.286198;47.594432
64138.6;327.1;2663747.83;1271865.05;8.286193;47.594379
64144.700000000004;327.2;2663748.35;1271858.94;8.286199;47.594324
64151.200000000004;327.4;2663749.92;1271852.62;8.286219;47.594267
64156.700000000004;327.5;2663752.68;1271847.86;8.286255;47.594224
64162.200000000004;327.6;2663754.69;1271842.77;8.286281;47.594178
64168.4;327.8;2663757.31;1271837.13;8.286315;47.594127
64175;327.8;2663762.32;1271832.85;8.286381;47.594088
64181.1;327.9;2663767.62;1271829.9;8.286451;47.594061
64185.3;327.9;2663771.4;1271828.05;8.286501;47.594044
64190.1;328;2663775.34;1271825.31;8.286553;47.594019
64195.4;328.3;2663780.11;1271822.92;8.286616;47.593997
64200.3;328.2;2663784.05;1271819.96;8.286668;47.59397
64206.1;328.3;2663788.97;1271816.9;8.286733;47.593942
64211.8;328.3;2663793.82;1271813.95;8.286797;47.593915
64217.4;328.4;2663798.74;1271811.33;8.286862;47.593891
64222.8;329.7;2663803.35;1271808.49;8.286923;47.593865
64228.8;329.9;2663808.58;1271805.55;8.286992;47.593838
64235.1;329.5;2663812.69;1271800.7;8.287046;47.593794
64241.4;329;2663816.95;1271796.07;8.287102;47.593752
64247.9;329.2;2663823.07;1271793.92;8.287183;47.593732
64253.9;329.7;2663827.85;1271790.3;8.287246;47.593699
64261;329.1;2663832.27;1271784.79;8.287304;47.593649
64267.200000000004;328.9;2663836.46;1271780.16;8.287359;47.593607
64273.1;328.6;2663840.49;1271775.87;8.287412;47.593568
64278.700000000004;328.7;2663844.89;1271772.36;8.28747;47.593536
64284.4;328.6;2663849.37;1271768.85;8.287529;47.593504
64291.4;328.7;2663854.46;1271764.12;8.287596;47.593461
64297.8;328.7;2663859.39;1271759.95;8.287661;47.593423
64303.9;328.8;2663864.32;1271756.33;8.287726;47.59339
64309.4;328.8;2663868.79;1271753.16;8.287785;47.593361
64315.5;328.8;2663873.72;1271749.54;8.28785;47.593328
64319.6;328.8;2663877.35;1271747.69;8.287898;47.593311
64325.6;328.9;2663881.68;1271743.51;8.287955;47.593273
64331.4;328.9;2663886.46;1271740.34;8.288018;47.593244
64337.1;328.9;2663891.3;1271737.28;8.288082;47.593216
64343.1;328.9;2663896.16;1271733.77;8.288146;47.593184
64350.200000000004;329;2663900.43;1271728.15;8.288202;47.593133
64355.8;329;2663904.68;1271724.41;8.288258;47.593099
64360.700000000004;329;2663909.22;1271722.57;8.288318;47.593082
64366.3;329.1;2663914.21;1271719.96;8.288384;47.593058
64371.8;329.1;2663918.53;1271716.56;8.288441;47.593027
64377.5;329.1;2663923.53;1271713.94;8.288507;47.593003
64383;329.3;2663928.15;1271710.88;8.288568;47.592975
64388.1;329.4;2663933.05;1271709.48;8.288633;47.592962
64394.3;329.4;2663937.76;1271705.53;8.288695;47.592926
64400.9;329.5;2663942.4;1271700.8;8.288756;47.592883
64407;329.5;2663947.03;1271696.85;8.288817;47.592847
64413.4;329.5;2663951.66;1271692.45;8.288878;47.592807
64418.9;329.7;2663956.95;1271690.95;8.288948;47.592793
64424.9;329.8;2663962.32;1271688.23;8.289019;47.592768
64430.5;329.8;2663966.72;1271684.72;8.289077;47.592736
64436.8;329.8;2663970.61;1271679.76;8.289128;47.592691
64443;329.8;2663974.27;1271674.79;8.289176;47.592646
64449.700000000004;329.8;2663978.84;1271669.84;8.289236;47.592601
64455.9;329.9;2663982.43;1271664.76;8.289283;47.592555
64462.8;329.7;2663985.13;1271658.45;8.289318;47.592498
64470.9;329.8;2663988.29;1271651.04;8.289359;47.592431
64475.4;329.8;2663991.34;1271647.62;8.289399;47.5924
64480.5;330;2663994.39;1271643.54;8.289439;47.592363
64485.9;330;2663996.63;1271638.67;8.289468;47.592319
64491.4;330.1;2663999.54;1271634.04;8.289506;47.592277
64495.6;330.3;2664003.68;1271633.19;8.289561;47.592269
64499.3;330.6;2664006.94;1271631.34;8.289604;47.592252
64505.200000000004;331.9;2664011.27;1271627.38;8.289661;47.592216
64510.8;336.1;2664015.37;1271623.64;8.289715;47.592182
64518;337.4;2664017.7;1271616.77;8.289745;47.59212
64525.4;336.6;2664018.31;1271609.44;8.289752;47.592054
64535.3;331.6;2664019.99;1271599.67;8.289773;47.591966
64543.6;331.9;2664021.66;1271591.58;8.289794;47.591893
64549.6;332.2;2664021.8;1271585.57;8.289795;47.591839
64556.5;332.6;2664022.85;1271578.69;8.289808;47.591777
64561.8;332.9;2664024.56;1271573.7;8.28983;47.591732
64567.700000000004;333.2;2664027.03;1271568.28;8.289862;47.591683
64573;333.5;2664029.11;1271563.41;8.289889;47.591639
64579.6;333.9;2664031.43;1271557.32;8.289919;47.591584
64585.700000000004;334.3;2664033.68;1271551.56;8.289948;47.591532
64591.200000000004;334.6;2664036.44;1271546.81;8.289984;47.591489
64597.4;335;2664038.68;1271541.05;8.290013;47.591437
64603.8;335.3;2664041.08;1271535.19;8.290044;47.591384
64609.5;335.7;2664043.24;1271529.87;8.290072;47.591336
64615.5;336;2664046.08;1271524.57;8.290109;47.591288
64621;336.3;2664048.69;1271519.7;8.290143;47.591244
64628;336.6;2664050.72;1271513.05;8.290169;47.591184
64632.8;336.8;2664052.95;1271508.74;8.290198;47.591145
64639.4;337;2664055.12;1271502.54;8.290226;47.591089
64645.9;337.3;2664057.67;1271496.56;8.290259;47.591035
64652.1;337.5;2664059.99;1271490.8;8.290289;47.590983
64657.4;337.7;2664063.42;1271486.84;8.290334;47.590947
64663.4;337.9;2664065.28;1271481.07;8.290358;47.590895
64669.1;338;2664068.57;1271476.44;8.290401;47.590853
64674.3;338.1;2664072.44;1271472.92;8.290452;47.590821
64679.700000000004;338.2;2664075.65;1271468.62;8.290494;47.590782
64685.200000000004;338.3;2664079.16;1271464.43;8.29054;47.590744
64690.3;338.4;2664082.58;1271460.58;8.290585;47.590709
64695.6;338.4;2664086.09;1271456.61;8.290631;47.590673
64700.9;338.5;2664089.74;1271452.76;8.290679;47.590638
64706.4;338.5;2664093.39;1271448.69;8.290727;47.590601
64711.700000000004;338.6;2664096.97;1271444.72;8.290774;47.590565
64717.1;338.6;2664100.48;1271440.65;8.29082;47.590528
64722.5;338.6;2664103.91;1271436.46;8.290865;47.59049
64728.1;338.7;2664107.41;1271432.16;8.290911;47.590451
64733.700000000004;338.7;2664110.85;1271427.75;8.290956;47.590411
64738;338.7;2664112.7;1271423.77;8.29098;47.590375
64743.200000000004;338.8;2664115.08;1271419.23;8.291011;47.590334
64749.4;338.7;2664119.56;1271414.95;8.29107;47.590295
64754.6;338.8;2664122.77;1271410.87;8.291112;47.590258
64760.8;338.8;2664126.43;1271405.79;8.29116;47.590212
64765.6;338.8;2664128.88;1271401.7;8.291192;47.590175
64770.6;338.9;2664131.26;1271397.28;8.291223;47.590135
64775.3;338.9;2664134.09;1271393.53;8.29126;47.590101
64780.6;338.9;2664137.29;1271389.34;8.291302;47.590063
64786;338.9;2664140.42;1271384.93;8.291343;47.590023
64791.8;339;2664143.19;1271379.84;8.291379;47.589977
64797.5;339;2664147.37;1271376;8.291434;47.589942
64802.6;339;2664149.9;1271371.46;8.291467;47.589901
64807.8;339;2664153.1;1271367.38;8.291509;47.589864
64814.200000000004;339.1;2664157.37;1271362.65;8.291565;47.589821
64820.9;339.2;2664160.74;1271356.9;8.291609;47.589769
64825.5;339.2;2664163.34;1271353.04;8.291643;47.589734
64830.4;339.3;2664166.39;1271349.18;8.291683;47.589699
64835.1;339.3;2664169.66;1271345.88;8.291726;47.589669
64839.4;339.4;2664172.55;1271342.69;8.291764;47.58964
64843.700000000004;339.4;2664175.37;1271339.38;8.291801;47.58961
64847.9;339.4;2664179.3;1271337.98;8.291853;47.589597
64854.9;339.4;2664183.79;1271332.69;8.291912;47.589549
64859.6;339.4;2664187.44;1271329.62;8.29196;47.589521
64866.1;339.5;2664191.26;1271324.43;8.29201;47.589474
64870;339.5;2664194;1271321.57;8.292046;47.589448
64875.6;339.5;2664198.69;1271318.62;8.292108;47.589421
64880.3;339.6;2664202.04;1271315.32;8.292152;47.589391
64885;339.8;2664205.53;1271312.13;8.292198;47.589362
64889.5;339.8;2664209.17;1271309.5;8.292246;47.589338
64893;339.9;2664211.53;1271306.86;8.292277;47.589314
64899.1;339.7;2664215.05;1271301.9;8.292323;47.589269
64904.6;339.9;2664219.15;1271298.27;8.292377;47.589236
64913.1;339.9;2664223.22;1271290.75;8.29243;47.589168
64919.200000000004;339.9;2664227.7;1271286.69;8.292489;47.589131
64926.5;340;2664232.87;1271281.52;8.292557;47.589084
64932.5;340.1;2664236.53;1271276.78;8.292605;47.589041
64939.4;340.1;2664240.66;1271271.26;8.292659;47.588991
64945.200000000004;340.2;2664245.43;1271267.98;8.292722;47.588961
64949.6;340.2;2664249.36;1271266.02;8.292774;47.588943
64952.700000000004;340.2;2664251.05;1271263.37;8.292796;47.588919
64957.5;340.3;2664253.87;1271259.51;8.292833;47.588884
64962;340.3;2664257.14;1271256.43;8.292876;47.588856
64966.700000000004;340.3;2664260.56;1271253.24;8.292921;47.588827
64973.3;340.4;2664266.24;1271249.86;8.292996;47.588796
64976.3;340.4;2664267.4;1271247.09;8.293011;47.588771
64979.9;340.3;2664270.87;1271246.02;8.293057;47.588761
64985.200000000004;340.3;2664275.04;1271242.72;8.293112;47.588731
64988.8;340.3;2664277.63;1271240.31;8.293146;47.588709
64992.200000000004;340.3;2664280.14;1271237.89;8.293179;47.588687
64995.3;340.3;2664282.34;1271235.8;8.293208;47.588668
65001.3;340.2;2664287.05;1271232.07;8.29327;47.588634
65006.8;340.1;2664291.52;1271228.78;8.293329;47.588604
65011.8;340.1;2664295.61;1271225.94;8.293383;47.588578
65015.6;340;2664298.87;1271223.97;8.293426;47.58856
65018.8;340.1;2664299.28;1271220.86;8.293431;47.588532
65022.4;340.1;2664300;1271217.31;8.29344;47.5885
65027;340.2;2664304.23;1271215.35;8.293496;47.588482
65030.1;340.1;2664306.88;1271213.83;8.293531;47.588468
65036.1;340.1;2664310.84;1271209.31;8.293583;47.588427
65039.4;340.1;2664311.93;1271206.21;8.293597;47.588399
65043.3;340;2664311.97;1271202.32;8.293597;47.588364
65048.1;340.1;2664310.74;1271197.63;8.29358;47.588322
65053.700000000004;340.1;2664308.31;1271192.6;8.293547;47.588277
65059.4;340.1;2664305.51;1271187.68;8.293509;47.588233
65065;340.2;2664302.7;1271182.76;8.293471;47.588189
65072.8;340.3;2664297.96;1271176.59;8.293407;47.588134
65078.8;340.5;2664294.32;1271171.88;8.293358;47.588092
65083;340.4;2664292.03;1271168.3;8.293327;47.58806
65090.200000000004;340.5;2664289.92;1271161.49;8.293298;47.587999
65093.700000000004;340.4;2664288.6;1271158.25;8.29328;47.58797
65097.1;340.5;2664287.06;1271155.12;8.293259;47.587942
65101.3;340.5;2664285.9;1271151.11;8.293243;47.587906
65115.700000000004;340.4;2664288.83;1271137.02;8.29328;47.587779
65121.4;340.4;2664286.78;1271131.77;8.293252;47.587732
65124.5;340.6;2664284.09;1271130.18;8.293216;47.587718
65131;340.5;2664289.92;1271127.24;8.293293;47.587691
65134.200000000004;340.5;2664291.08;1271124.25;8.293308;47.587664
65146.700000000004;340.2;2664303.57;1271124.05;8.293474;47.587661
65154.6;340.1;2664309.94;1271119.45;8.293558;47.587619
65161.9;340;2664316.37;1271115.97;8.293643;47.587587
65168.4;339.9;2664321.45;1271111.91;8.29371;47.58755
65175;339.8;2664326.54;1271107.63;8.293777;47.587511
65182.200000000004;339.8;2664333.26;1271105.25;8.293866;47.587489
65189.9;339.7;2664340.22;1271101.88;8.293958;47.587458
65196;339.6;2664345.59;1271098.94;8.294029;47.587431
65202.4;339.6;2664351.2;1271095.77;8.294103;47.587402
65208;339.5;2664355.45;1271092.15;8.294159;47.587369
65215.4;339.5;2664362.47;1271089.89;8.294252;47.587348
65221.6;339.4;2664366.06;1271084.82;8.294299;47.587302
65228.6;339.4;2664371.45;1271080.43;8.29437;47.587262
65235.3;339.5;2664375.42;1271075.02;8.294422;47.587213
65242.6;339.5;2664381.92;1271071.76;8.294508;47.587183
65249.6;339.5;2664387.31;1271067.26;8.294579;47.587142
65256.3;339.6;2664392.48;1271062.98;8.294647;47.587103
65262.700000000004;339.6;2664396.37;1271057.9;8.294698;47.587057
65269.9;339.6;2664401.39;1271052.73;8.294764;47.58701
65276.9;339.6;2664406.56;1271048.01;8.294832;47.586967
65283.3;339.7;2664411.27;1271043.61;8.294894;47.586927
65290;339.8;2664415.69;1271038.66;8.294952;47.586882
65296.8;339.9;2664420.26;1271033.59;8.295012;47.586836
65303.5;339.9;2664424.08;1271028.07;8.295062;47.586786
65309.5;340.1;2664426.84;1271022.76;8.295098;47.586738
65315.8;340.2;2664430.81;1271017.92;8.29515;47.586694
65321.700000000004;340.2;2664435.29;1271013.96;8.295209;47.586658
65329.8;340.3;2664439.06;1271006.77;8.295258;47.586593
65336.6;340.3;2664444.81;1271003.28;8.295334;47.586561
65342.9;340.3;2664449.97;1270999.67;8.295402;47.586528
65349.5;340.3;2664456.01;1270996.95;8.295482;47.586503
65355.5;340.3;2664461.24;1270994.01;8.295551;47.586476
65361.6;340.3;2664466.61;1270991.06;8.295622;47.586449
65367.4;340.3;2664472.41;1270990.57;8.295699;47.586444
65374.6;340.3;2664477.87;1270985.96;8.295771;47.586402
65381.200000000004;340.3;2664483.18;1270982.01;8.295841;47.586366
65387.8;340.4;2664488.49;1270978.18;8.295911;47.586331
65394.3;340.4;2664494.32;1270975.13;8.295988;47.586303
65400.5;340.4;2664499.77;1270972.19;8.29606;47.586276
65407.5;340.4;2664505.6;1270968.36;8.296137;47.586241
65413.700000000004;340.4;2664510.9;1270965.19;8.296207;47.586212
65419.6;340.4;2664515.9;1270962.02;8.296273;47.586183
65425.3;340.3;2664520.16;1270958.29;8.296329;47.586149
65431.200000000004;340.3;2664524.64;1270954.45;8.296388;47.586114
65437.6;340.3;2664530.02;1270950.95;8.296459;47.586082
65442.8;340.3;2664534.92;1270949.22;8.296524;47.586066
65449.200000000004;340.3;2664540.16;1270945.5;8.296593;47.586032
65455.8;340.3;2664545.98;1270942.45;8.29667;47.586004
65461.6;340.2;2664550.98;1270939.39;8.296736;47.585976
65468.200000000004;340.2;2664557.17;1270937.23;8.296818;47.585956
65474.1;340.3;2664562.4;1270934.4;8.296887;47.58593
65480.200000000004;340.2;2664567.69;1270931.45;8.296957;47.585903
65487.4;340.3;2664574.27;1270928.63;8.297044;47.585877
65493.9;340.3;2664580.17;1270925.81;8.297122;47.585851
65500.3;340.3;2664585.69;1270922.64;8.297195;47.585822
65507.200000000004;340.3;2664591.82;1270919.38;8.297276;47.585792
65513;340.3;2664597.26;1270917.32;8.297348;47.585773
65519.6;340.3;2664602.72;1270913.6;8.29742;47.585739
65526.1;340.3;2664608.32;1270910.33;8.297494;47.585709
65532.4;340.3;2664613.33;1270906.49;8.29756;47.585674
65537.7;340.3;2664617.06;1270902.75;8.297609;47.58564
65545.1;340.3;2664624;1270900.38;8.297701;47.585618
65550.7;340.2;2664628.93;1270897.54;8.297766;47.585592
65557.2;340.3;2664634.53;1270894.27;8.29784;47.585562
65563.7;340.3;2664640.2;1270891.22;8.297915;47.585534
65570.1;340.3;2664645.88;1270888.16;8.29799;47.585506
65577;340.2;2664651.71;1270884.56;8.298067;47.585473
65583.4;340.2;2664657.31;1270881.4;8.298141;47.585444
65589.7;340.2;2664663.13;1270878.9;8.298218;47.585421
65596.1;340.1;2664668.81;1270875.96;8.298293;47.585394
65603.9;340.1;2664675.69;1270872.37;8.298384;47.585361
65609.7;339.8;2664680.47;1270869.08;8.298447;47.585331
65616.9;339.4;2664686.97;1270865.93;8.298533;47.585302
65625;339.1;2664694.23;1270862.45;8.298629;47.58527
65632.6;338.4;2664700.67;1270858.3;8.298714;47.585232
65641.6;337.5;2664708.47;1270853.93;8.298817;47.585192
65650.5;336.7;2664716.05;1270849.24;8.298917;47.585149
65659.5;335.9;2664723.77;1270844.65;8.299019;47.585107
65667.6;334.9;2664730.44;1270839.94;8.299107;47.585064
65677.4;334;2664739.29;1270835.7;8.299224;47.585025
65686;333.4;2664746.71;1270831.45;8.299322;47.584986
65694.2;333;2664753.97;1270827.64;8.299418;47.584951
65702.7;332.6;2664761.61;1270823.94;8.299519;47.584917
65711.4;332.6;2664770.13;1270822.14;8.299632;47.5849
65721.4;332.6;2664780.13;1270822.7;8.299765;47.584904
65730.5;332.5;2664789.23;1270823.35;8.299886;47.584909
65739.7;332.6;2664798.16;1270825.34;8.300005;47.584926
65749.2;332.6;2664807.23;1270828.22;8.300126;47.584951
65757.5;332.8;2664815.26;1270830.2;8.300233;47.584968
65765.7;333;2664823.37;1270831.51;8.300341;47.584979
65773.5;333.1;2664830.87;1270833.82;8.300441;47.584999
65780.8;333.2;2664837.92;1270835.56;8.300535;47.585014
65787.8;333.4;2664844.67;1270837.53;8.300625;47.585031
65794.7;333.3;2664851.35;1270839.27;8.300714;47.585046
65801.4;333.2;2664857.72;1270841.34;8.300799;47.585064
65808.3;333.1;2664864.55;1270842.3;8.30089;47.585072
65815.5;333.1;2664871.69;1270843.38;8.300985;47.585081
65823.7;332.9;2664878.33;1270848.13;8.301074;47.585123
65831.2;332.7;2664884.61;1270852.31;8.301158;47.58516
65840.9;332.5;2664892.06;1270858.4;8.301258;47.585214
65848.3;332.3;2664898.11;1270862.8;8.301339;47.585253
65855.7;332.1;2664904.23;1270866.87;8.301421;47.585289
65866.3;331.8;2664914.35;1270870.21;8.301556;47.585318
65875.2;331.5;2664923.23;1270869.86;8.301674;47.585314
65883.7;331.3;2664931.53;1270868.06;8.301784;47.585297
65894.9;331.1;2664942.32;1270865.18;8.301927;47.58527
65902.9;331;2664948.99;1270860.8;8.302015;47.58523
65911.7;330.9;2664956.71;1270856.55;8.302117;47.585191
65920;330.8;2664962.86;1270850.95;8.302198;47.58514
65928.3;330.6;2664968.87;1270845.23;8.302277;47.585088
65936.2;330.5;2664973.75;1270839.06;8.302341;47.585032
65944.6;330.3;2664979.01;1270832.44;8.30241;47.584972
65952.9;330.2;2664984.5;1270826.28;8.302482;47.584916
65961.1;330.1;2664990.36;1270820.45;8.302559;47.584863
65969.4;329.9;2664995.47;1270813.94;8.302626;47.584804
65976.4;329.8;2664999.82;1270808.43;8.302683;47.584754
65985;329.6;2665004.86;1270801.48;8.302749;47.584691
65992.7;329.5;2665009.59;1270795.42;8.302811;47.584636
66000.8;329.3;2665014.48;1270788.91;8.302875;47.584577
66008.6;329.3;2665019.73;1270783.19;8.302944;47.584525
66015.1;329.1;2665024.15;1270778.45;8.303002;47.584482
66023.2;329;2665029.78;1270772.62;8.303076;47.584429
66031.2;328.8;2665034.96;1270766.56;8.303144;47.584374
66039.3;328.8;2665039.77;1270760.06;8.303207;47.584315
66047.2;328.6;2665045.25;1270754.33;8.303279;47.584263
66053.5;328.5;2665048.77;1270749.03;8.303325;47.584215
66060.6;328.4;2665053.72;1270743.97;8.30339;47.584169
66067.9;328.3;2665056.87;1270737.45;8.303431;47.58411
66075.3;328.2;2665061.45;1270731.61;8.303491;47.584057
66082.3;328;2665066.1;1270726.32;8.303552;47.584009
66090.5;327.9;2665071.43;1270720.15;8.303622;47.583953
66097.5;327.7;2665076.08;1270714.86;8.303683;47.583905
66105.6;327.6;2665081.34;1270708.7;8.303752;47.583849
66112.1;327.5;2665086.28;1270704.52;8.303817;47.583811
66121.8;327.3;2665092.08;1270696.81;8.303893;47.583741
66131.2;327.2;2665097.43;1270688.97;8.303963;47.58367
66138.4;327.1;2665102.38;1270683.8;8.304028;47.583623
66147.2;327;2665107.57;1270676.74;8.304096;47.583559
66155.7;326.8;2665113.43;1270670.46;8.304173;47.583502
66163.9;326.7;2665119.36;1270664.86;8.304251;47.583451
66172;326.6;2665125.52;1270659.59;8.304332;47.583403
66179.7;326.4;2665130.77;1270653.98;8.304401;47.583352
66187.4;326.3;2665136.32;1270648.7;8.304474;47.583304
66196.8;326.2;2665143.91;1270643;8.304574;47.583252
66204.8;326.2;2665149.46;1270637.28;8.304647;47.5832
66213.5;326.1;2665155.62;1270631.23;8.304728;47.583145
66221.6;325.9;2665161.33;1270625.4;8.304803;47.583092
66229.8;325.8;2665167.04;1270619.46;8.304878;47.583038
66239;325.7;2665172.46;1270612.07;8.304949;47.582971
66248;325.6;2665177.81;1270604.9;8.305019;47.582906
66257.2;325.5;2665183.01;1270597.29;8.305087;47.582837
66265.5;325.4;2665187.22;1270590.11;8.305142;47.582772
66273.9;325.3;2665191.81;1270583.04;8.305202;47.582708
66283.8;325.2;2665196.65;1270574.42;8.305265;47.58263
66293.3;325.1;2665200.81;1270565.9;8.305319;47.582553
66301.9;325.1;2665203.53;1270557.7;8.305354;47.582479
66311.2;325.1;2665206.71;1270548.96;8.305395;47.5824
66319.8;325.1;2665209.51;1270540.87;8.305431;47.582327
66329.6;325.2;2665210.97;1270531.21;8.305449;47.58224
66338.9;325.2;2665212.43;1270522;8.305467;47.582157
66347.8;325.3;2665214.1;1270513.23;8.305488;47.582078
66357.5;325.4;2665216.09;1270503.8;8.305513;47.581993
66366.3;325.4;2665218.89;1270495.38;8.305549;47.581917
66375.6;325.4;2665222.3;1270486.75;8.305593;47.581839
66384.4;325.5;2665226.37;1270479.01;8.305646;47.581769
66392.9;325.4;2665232.45;1270473.07;8.305726;47.581715
66401.2;325.4;2665238.83;1270467.69;8.30581;47.581666
66409.1;325.2;2665246.38;1270465.33;8.30591;47.581644
66417.6;325.2;2665254.39;1270462.53;8.306016;47.581618
66426;325.2;2665262.68;1270461.17;8.306126;47.581605
66434.8;325.3;2665271.41;1270460.6;8.306242;47.581599
66443.1;325.2;2665279.13;1270463.91;8.306345;47.581628
66452;325.1;2665285.38;1270470.21;8.306429;47.581684
66461;325.1;2665291.32;1270476.95;8.306509;47.581744
66468.7;325;2665297.06;1270482.12;8.306586;47.58179
66477.2;324.9;2665303.24;1270487.86;8.306669;47.581841
66485.5;324.8;2665309.34;1270493.49;8.306751;47.581891
66493.9;324.8;2665315.68;1270499.12;8.306836;47.581941
66499.3;324.9;2665319.47;1270502.94;8.306887;47.581975
66507.6;325;2665327.75;1270502.37;8.306997;47.581969
66515;325.1;2665334.96;1270503.78;8.307093;47.581981
66525.1;325.2;2665344.04;1270499.32;8.307213;47.58194
66534.6;325.3;2665352.44;1270494.86;8.307324;47.581899
66543;325.3;2665359.27;1270489.93;8.307414;47.581854
66552.4;325.5;2665367.22;1270484.9;8.307519;47.581808
66560.5;325.5;2665373.37;1270479.74;8.3076;47.581761
66568.6;325.6;2665379.67;1270474.59;8.307683;47.581714
66576.5;325.7;2665385.45;1270469.2;8.307759;47.581665
66584.7;325.7;2665391.61;1270463.82;8.30784;47.581616
66592;325.9;2665397.52;1270459.44;8.307918;47.581576
66600.3;326;2665403.6;1270453.84;8.307998;47.581525
66609.3;326.1;2665410.44;1270448.02;8.308088;47.581472
66617.6;326.2;2665416.82;1270442.64;8.308172;47.581423
66625.5;326.3;2665422.45;1270437.14;8.308246;47.581373
66634;326.3;2665427.79;1270430.53;8.308316;47.581313
66641.3;326.3;2665432.81;1270425.25;8.308382;47.581265
66649.1;326.4;2665438.21;1270419.64;8.308453;47.581214
66656.1;326.4;2665442.34;1270413.9;8.308507;47.581162
66663.4;326.5;2665447.37;1270408.62;8.308573;47.581114
66671;326.5;2665452.62;1270403.23;8.308642;47.581065
66679.8;326.6;2665458.71;1270396.85;8.308722;47.581007
66687.1;326.6;2665463.95;1270391.68;8.308791;47.58096
66694.2;326.7;2665468.98;1270386.73;8.308857;47.580915
66703;326.8;2665475.29;1270380.57;8.30894;47.580859
66710.7;326.9;2665480.24;1270374.74;8.309005;47.580806
66717.6;326.9;2665484.82;1270369.56;8.309065;47.580759
66724.8;327;2665489.69;1270364.28;8.309129;47.580711
66731.9;327.1;2665494.49;1270358.99;8.309192;47.580663
66740.8;327.1;2665500.28;1270352.27;8.309268;47.580602
66748.2;327.2;2665505.31;1270346.77;8.309334;47.580552
66754.1;327.2;2665509.71;1270342.82;8.309392;47.580516
66761.1;327.2;2665514.36;1270337.64;8.309453;47.580469
66769.5;327.3;2665519.7;1270331.14;8.309523;47.58041
66776.8;327.4;2665524.43;1270325.63;8.309585;47.58036
66784;327.4;2665529.08;1270320.12;8.309646;47.58031
66791.1;327.4;2665533.8;1270314.84;8.309708;47.580262
66798.4;327.5;2665539.42;1270310.12;8.309782;47.580219
66805.6;327.7;2665544.22;1270304.72;8.309845;47.58017
66812.4;327.7;2665548.64;1270299.55;8.309903;47.580123
66819.2;327.8;2665553.36;1270294.71;8.309965;47.580079
66826.6;328;2665558.83;1270289.76;8.310037;47.580034
66834;328.1;2665564.16;1270284.6;8.310107;47.579987
66841.9;328.2;2665569.49;1270278.76;8.310177;47.579934
66848.6;328.3;2665574.13;1270273.92;8.310238;47.57989
66855.2;328.4;2665578.4;1270268.85;8.310294;47.579844
66861.9;328.5;2665582.82;1270263.79;8.310352;47.579798
66869.6;328.6;2665588.15;1270258.29;8.310422;47.579748
66876.1;328.8;2665592.34;1270253.33;8.310477;47.579703
66883.1;328.8;2665596.77;1270247.93;8.310535;47.579654
66889.4;328.9;2665601.33;1270243.53;8.310595;47.579614
66896.3;329;2665605.75;1270238.24;8.310653;47.579566
66903.8;329.2;2665610.78;1270232.74;8.310719;47.579516
66910.3;329.2;2665615.27;1270228.01;8.310778;47.579473
66916.6;329.4;2665619.61;1270223.39;8.310835;47.579431
66923;329.5;2665623.95;1270218.77;8.310892;47.579389
66929.4;329.6;2665628.22;1270213.92;8.310948;47.579345
66936.3;329.7;2665632.86;1270208.86;8.311009;47.579299
66942.2;329.8;2665636.9;1270204.56;8.311062;47.57926
66948.3;330;2665641.01;1270200.05;8.311116;47.579219
66954.4;330.1;2665645.42;1270195.76;8.311174;47.57918
66962.5;330.2;2665650.61;1270189.59;8.311242;47.579124
66969.2;330.3;2665655.33;1270184.87;8.311304;47.579081
66975.2;330.5;2665659.14;1270180.24;8.311354;47.579039
66980.5;330.6;2665663.09;1270176.72;8.311406;47.579007
66988.3;330.7;2665668.72;1270171.23;8.31148;47.578957
66994.4;330.9;2665673.06;1270167.05;8.311537;47.578919
67000.6;331;2665676.5;1270161.86;8.311582;47.578872
67007.5;331.1;2665680.77;1270156.46;8.311638;47.578823
67013.6;331.2;2665684.89;1270151.95;8.311692;47.578782
67020.4;331.4;2665690.13;1270147.56;8.311761;47.578742
67025.7;331.5;2665694;1270143.93;8.311812;47.578709
67032.2;331.7;2665698.2;1270138.97;8.311867;47.578664
67038.7;331.8;2665702.61;1270134.24;8.311925;47.578621
67045.5;331.9;2665706.81;1270128.84;8.31198;47.578572
67053.1;332;2665711.84;1270123.22;8.312046;47.578521
67060.5;332.2;2665717.39;1270118.28;8.312119;47.578476
67067.8;332.4;2665723.08;1270113.67;8.312194;47.578434
67074.7;332.5;2665727.73;1270108.61;8.312255;47.578388
67082.3;332.7;2665733.35;1270103.45;8.312329;47.578341
67089.4;332.8;2665737.7;1270097.94;8.312386;47.578291
67096.9;333;2665742.58;1270092.21;8.31245;47.578239
67104.3;333.2;2665747.61;1270086.7;8.312516;47.578189
67111.4;333.3;2665752.48;1270081.53;8.31258;47.578142
67119.8;333.5;2665756.93;1270074.47;8.312638;47.578078
67126.4;333.6;2665761.72;1270069.85;8.312701;47.578036
67133.3;333.8;2665766.51;1270065.01;8.312764;47.577992
67140.6;333.9;2665771.61;1270059.73;8.312831;47.577944
67151.5;334;2665778.4;1270051.13;8.31292;47.577866
67158.4;334;2665783.5;1270046.52;8.312987;47.577824
67165.3;334.1;2665788.52;1270041.79;8.313053;47.577781
67172.7;334.1;2665792.5;1270035.61;8.313105;47.577725
67180.6;334.2;2665798.13;1270030;8.313179;47.577674
67187.7;334.3;2665803;1270024.83;8.313243;47.577627
67193.1;334.3;2665805.76;1270020.19;8.313279;47.577585
67200.4;334.3;2665809.14;1270013.78;8.313323;47.577527
67206.1;334.4;2665812.13;1270008.92;8.313362;47.577483
67212.5;334.4;2665816.62;1270004.3;8.313421;47.577441
67220.8;334.5;2665821.51;1269997.57;8.313485;47.57738
67231.1;334.5;2665830.08;1269991.99;8.313598;47.577329
67239.6;334.5;2665835.87;1269985.72;8.313674;47.577272
67249.5;334.6;2665842.42;1269978.34;8.31376;47.577205
67257.2;334.6;2665847.9;1269972.85;8.313832;47.577155
67263.6;334.8;2665852.16;1269968.11;8.313888;47.577112
67270.3;334.8;2665857.77;1269964.39;8.313962;47.577078
67277;334.8;2665862.19;1269959.33;8.31402;47.577032
67283.8;334.8;2665867.28;1269954.94;8.314087;47.576992
67291.3;334.9;2665872.69;1269949.66;8.314158;47.576944
67299.2;334.9;2665878.09;1269943.94;8.314229;47.576892
67306.6;334.9;2665883.56;1269938.99;8.314301;47.576847
67312.9;335;2665887.76;1269934.26;8.314356;47.576804
67318;335;2665892.37;1269932.09;8.314417;47.576784
67328.7;335;2665898.56;1269923.37;8.314498;47.576705
67336.6;335.2;2665903.37;1269917.09;8.314561;47.576648
67342.8;335.1;2665908.01;1269913.02;8.314622;47.576611
67349.9;335.1;2665912.88;1269907.74;8.314686;47.576563
67358;335.2;2665918.89;1269902.36;8.314765;47.576514
67364.2;335.2;2665923.6;1269898.3;8.314827;47.576477
67371.4;335.3;2665928.25;1269892.9;8.314888;47.576428
67381.7;335.4;2665934.36;1269884.52;8.314968;47.576352
67390.3;335.5;2665940.74;1269878.81;8.315052;47.5763
67397.2;335.4;2665945.32;1269873.63;8.315112;47.576253
67403.4;335.4;2665949.51;1269869.01;8.315167;47.576211
67409.3;335.6;2665954.28;1269865.62;8.31523;47.57618
67416.2;335.7;2665959.53;1269861.12;8.315299;47.576139
67421.9;335.7;2665963.04;1269856.6;8.315345;47.576098
67427.6;335.7;2665967.37;1269852.97;8.315402;47.576065
67432.2;335.7;2665969.97;1269849.11;8.315436;47.57603
67438;335.7;2665974;1269845.04;8.315489;47.575993
67443.8;335.7;2665977.67;1269840.52;8.315537;47.575952
67450;335.7;2665982.45;1269836.57;8.3156;47.575916
67456.2;335.6;2665985.74;1269831.27;8.315643;47.575868
67461.9;335.7;2665989.26;1269826.75;8.315689;47.575827
67468.7;335.7;2665994.42;1269822.36;8.315757;47.575787
67475;335.7;2665998.61;1269817.74;8.315812;47.575745
67481.2;335.7;2666002.21;1269812.67;8.315859;47.575699
67488.3;335.6;2666005.66;1269806.48;8.315904;47.575643
67494.6;335.6;2666008.21;1269800.72;8.315937;47.575591
67502.3;335.5;2666013.46;1269795.11;8.316006;47.57554
67509.6;335.5;2666017.59;1269789.04;8.31606;47.575485
67517.7;335.5;2666023.23;1269783.21;8.316134;47.575432
67524;335.5;2666027.12;1269778.25;8.316185;47.575387
67530.7;335.5;2666031.32;1269773.07;8.31624;47.57534
67536.7;335.5;2666034.83;1269768.22;8.316286;47.575296
67542.8;335.5;2666038.13;1269763.03;8.316329;47.575249
67549.6;335.4;2666042.7;1269757.97;8.316389;47.575203
67555.9;335.4;2666046.44;1269752.89;8.316438;47.575157
67563.3;335.4;2666050.27;1269746.6;8.316488;47.5751
67570.6;335.4;2666055;1269741.09;8.31655;47.57505
67577.9;335.3;2666060.1;1269735.81;8.316617;47.575002
67585.5;335.4;2666065.5;1269730.53;8.316688;47.574954
67592.2;335.4;2666070.22;1269725.69;8.31675;47.57491
67599.9;335.3;2666074.13;1269719.06;8.316801;47.57485
67606;335.3;2666077.95;1269714.33;8.316851;47.574807
67613.2;335.3;2666082.23;1269708.48;8.316907;47.574754
67620.5;335.3;2666086.88;1269702.86;8.316968;47.574703
67628.2;335.3;2666091.09;1269696.46;8.317023;47.574645
67636.4;335.3;2666097.62;1269691.53;8.317109;47.5746
67642.5;335.3;2666101.58;1269686.9;8.317161;47.574558
67648.8;335.2;2666103.76;1269680.92;8.317189;47.574504
67656.8;335.2;2666109.46;1269675.43;8.317264;47.574454
67665.8;335.3;2666116;1269669.16;8.31735;47.574397
67672.3;335.2;2666120.12;1269664.09;8.317404;47.574351
67680.8;335.2;2666124.49;1269656.91;8.317461;47.574286
67687.6;335.2;2666128.47;1269651.29;8.317513;47.574235
67696.7;335.2;2666133.89;1269644.01;8.317584;47.574169
67704.8;335.1;2666138.63;1269637.5;8.317646;47.57411
67712;335.1;2666143.36;1269631.99;8.317708;47.57406
67717.9;335.1;2666146.8;1269627.25;8.317753;47.574017
67724.9;335.1;2666150.4;1269621.29;8.3178;47.573963
67731.3;335.1;2666154.07;1269615.99;8.317848;47.573915
67738.8;335.1;2666158.73;1269610.15;8.317909;47.573862
67744.3;335.1;2666161.94;1269605.63;8.317951;47.573821
67751.6;335.1;2666166.37;1269599.89;8.318009;47.573769
67758.7;335.2;2666170.87;1269594.38;8.318068;47.573719
67765.3;335.3;2666176.1;1269590.33;8.318137;47.573682
67771.9;335.3;2666180.23;1269585.15;8.318191;47.573635
67777.9;335.3;2666183.37;1269580.07;8.318232;47.573589
67784.2;335.3;2666187.19;1269575.11;8.318282;47.573544
67790.6;335.4;2666191.23;1269570.04;8.318335;47.573498
67797.9;335.4;2666195.36;1269564.08;8.318389;47.573444
67805.3;335.5;2666199.87;1269558.24;8.318448;47.573391
67813;335.6;2666205.57;1269553.07;8.318523;47.573344
67821.8;335.7;2666211.14;1269546.24;8.318596;47.573282
67827.9;335.8;2666214.43;1269541.05;8.318639;47.573235
67832.3;335.8;2666217.03;1269537.52;8.318673;47.573203
67838.6;335.9;2666221.67;1269533.24;8.318734;47.573164
67847.7;335.9;2666227.69;1269526.41;8.318813;47.573102
67854.6;336;2666232.04;1269521.01;8.31887;47.573053
67860.4;336.1;2666235.63;1269516.49;8.318917;47.573012
67866.9;336.2;2666239.67;1269511.42;8.31897;47.572966
67872.2;336.1;2666244.14;1269508.58;8.319029;47.57294
67877.4;336.2;2666246.6;1269504.05;8.319061;47.572899
67884.8;336.3;2666251.85;1269498.77;8.31913;47.572851
67894.2;336.3;2666259.07;1269492.74;8.319225;47.572796
67905.1;336.4;2666267.43;1269485.72;8.319335;47.572732
67913.3;336.4;2666273.51;1269480.22;8.319415;47.572682
67918.2;336.5;2666276.04;1269476.03;8.319448;47.572644
67928.2;336.7;2666283.11;1269468.99;8.319541;47.57258
67933.5;336.7;2666287.29;1269465.7;8.319596;47.57255
67939.8;336.8;2666291.56;1269461.08;8.319652;47.572508
67946;336.9;2666296.64;1269457.58;8.319719;47.572476
67951.8;336.9;2666300.75;1269453.4;8.319773;47.572438
67957.8;337;2666305.46;1269449.67;8.319835;47.572404
67965.6;337.1;2666312.05;1269445.63;8.319922;47.572367
67973.4;337.1;2666318.57;1269441.37;8.320008;47.572328
67980.5;337.2;2666324.63;1269437.54;8.320088;47.572293
67987.8;337.2;2666330.55;1269433.38;8.320166;47.572255
67994.7;337.3;2666336.31;1269429.45;8.320242;47.572219
68001.1;337.3;2666341.25;1269425.39;8.320307;47.572182
68008.2;337.3;2666347.01;1269421.34;8.320383;47.572145
68014.7;337.3;2666352.47;1269417.73;8.320455;47.572112
68022.1;337.4;2666358.54;1269413.57;8.320535;47.572074
68028.7;337.4;2666364;1269409.74;8.320607;47.572039
68037.4;337.4;2666370.9;1269404.48;8.320698;47.571991
68045.6;337.5;2666377.87;1269400.22;8.32079;47.571952
68052.1;337.5;2666382.81;1269395.94;8.320855;47.571913
68060.5;337.6;2666389.86;1269391.46;8.320948;47.571872
68067.1;337.6;2666395.4;1269387.86;8.321021;47.571839
68073.3;337.6;2666400.33;1269384.02;8.321086;47.571804
68081.1;337.7;2666407.51;1269381.21;8.321181;47.571778
68089;337.7;2666414.4;1269377.17;8.321272;47.571741
68094.6;337.8;2666418.36;1269373.21;8.321324;47.571705
68099.9;337.8;2666422.61;1269370.15;8.32138;47.571677
68105.4;337.6;2666427.6;1269367.76;8.321446;47.571655
68111.3;337.9;2666432.9;1269365.26;8.321516;47.571632
68119.2;338;2666439.5;1269360.89;8.321603;47.571592
68126.2;338;2666445.78;1269357.84;8.321686;47.571564
68132.5;337.9;2666451.52;1269355.24;8.321762;47.57154
68138.4;338;2666456.38;1269351.85;8.321826;47.571509
68144.6;338;2666462.2;1269349.8;8.321903;47.57149
68152;338;2666468.41;1269345.64;8.321985;47.571452
68158.1;338.1;2666473.57;1269342.37;8.322053;47.571422
68164.3;338.1;2666478.8;1269339.09;8.322122;47.571392
68169.1;338.2;2666482.96;1269336.8;8.322177;47.571371
68173.9;338.2;2666487.13;1269334.29;8.322232;47.571348
68182.7;338.2;2666494.7;1269329.93;8.322332;47.571308
68188.7;338.2;2666499.93;1269326.87;8.322401;47.57128
68196;338.3;2666505.99;1269322.83;8.322481;47.571243
68202.5;338.3;2666511.08;1269318.77;8.322548;47.571206
68215;338.3;2666521.76;1269312.33;8.322689;47.571147
68222.2;338.3;2666527.61;1269308.06;8.322766;47.571108
68230.7;338.3;2666534.66;1269303.36;8.322859;47.571065
68239.2;338.3;2666542.15;1269299.33;8.322958;47.571028
68247.1;338.3;2666549.04;1269295.51;8.323049;47.570993
68257;338.2;2666558.05;1269291.39;8.323168;47.570955
68265.2;338.3;2666565.31;1269287.58;8.323264;47.57092
68273.6;338.2;2666572.95;1269284;8.323365;47.570887
68282.2;338.1;2666580.74;1269280.52;8.323468;47.570855
68292.1;338.1;2666589.82;1269276.62;8.323588;47.570819
68300.7;338.1;2666597.54;1269272.71;8.32369;47.570783
68309;338.1;2666605.39;1269270.02;8.323794;47.570758
68317.1;338.1;2666613.02;1269267.43;8.323895;47.570734
68325.4;338;2666620.96;1269264.85;8.324;47.57071
68333.3;338.1;2666628.51;1269262.6;8.3241;47.570689
68344;338;2666639.06;1269260.94;8.32424;47.570673
68352.1;338;2666646.91;1269258.81;8.324344;47.570653
68360.2;338;2666654.83;1269257.01;8.324449;47.570636
68368.4;337.9;2666662.83;1269255.43;8.324555;47.570621
68375.7;337.7;2666670.06;1269254.29;8.324651;47.57061
68384.1;337.6;2666678.36;1269252.83;8.324761;47.570596
68392.9;337.4;2666687.02;1269251.7;8.324876;47.570585
68403.1;337.2;2666697.19;1269250.7;8.325011;47.570575
68411.7;337;2666705.79;1269249.69;8.325125;47.570565
68420.5;336.8;2666714.45;1269248.45;8.32524;47.570553
68429.2;336.7;2666723.05;1269247.1;8.325354;47.57054
68438.3;336.7;2666732.09;1269245.98;8.325474;47.570529
68447.4;336.2;2666741.13;1269244.75;8.325594;47.570517
68456.3;336.1;2666750.02;1269244.07;8.325712;47.57051
68465.9;336;2666759.52;1269242.73;8.325838;47.570497
68475.5;336;2666769.01;1269241.73;8.325964;47.570487
68485.1;335.9;2666778.58;1269240.73;8.326091;47.570477
68494.3;335.9;2666787.7;1269239.38;8.326212;47.570464
68503.1;335.9;2666796.44;1269238.48;8.326328;47.570455
68511.8;336;2666805.17;1269238.14;8.326444;47.570451
68520.4;336;2666813.61;1269237.01;8.326556;47.57044
68528.9;336.1;2666822.12;1269236.44;8.326669;47.570434
68537.4;336.1;2666830.56;1269235.64;8.326781;47.570426
68545.5;336.1;2666838.63;1269234.62;8.326888;47.570416
68553.8;336.2;2666846.91;1269233.6;8.326998;47.570406
68563.7;336.2;2666856.78;1269232.83;8.327129;47.570398
68571.5;336.2;2666864.47;1269231.58;8.327231;47.570386
68579;336.2;2666871.79;1269229.88;8.327328;47.57037
68587.4;336.3;2666880.01;1269228.53;8.327437;47.570357
68594.6;336.3;2666887.1;1269227.17;8.327531;47.570344
68604.7;336.4;2666897.19;1269226.61;8.327665;47.570338
68612.3;336.4;2666904.73;1269225.47;8.327765;47.570327
68620.4;336.4;2666912.79;1269224.79;8.327872;47.57032
68627.4;336.4;2666919.72;1269224.09;8.327964;47.570313
68634.6;336.5;2666926.87;1269223.61;8.328059;47.570308
68642.4;336.5;2666934.56;1269222.03;8.328161;47.570293
68649.8;336.6;2666941.88;1269220.67;8.328258;47.57028
68658.2;336.6;2666950.17;1269219.43;8.328368;47.570268
68665.5;336.6;2666957.41;1269218.62;8.328464;47.57026
68673.2;336.7;2666965.09;1269217.82;8.328566;47.570252
68681.1;336.7;2666972.86;1269216.57;8.328669;47.57024
68689;336.7;2666980.69;1269215.66;8.328773;47.570231
68696.7;336.8;2666988.37;1269215.08;8.328875;47.570225
68704.8;336.8;2666996.51;1269214.73;8.328983;47.570221
68712.3;336.8;2667003.97;1269213.81;8.329082;47.570212
68719.8;336.8;2667011.35;1269212.56;8.32918;47.5702
68728.1;336.9;2667019.57;1269211.77;8.329289;47.570192
68736;336.9;2667027.34;1269210.19;8.329392;47.570177
68744.3;336.9;2667035.55;1269208.94;8.329501;47.570165
68752.5;337;2667043.62;1269207.48;8.329608;47.570151
68760.7;337;2667051.69;1269206.24;8.329715;47.570139
68768.8;337;2667059.75;1269205.55;8.329822;47.570132
68777;337.1;2667067.96;1269204.64;8.329931;47.570123
68785.7;337.1;2667076.41;1269202.96;8.330043;47.570107
68795.1;337.1;2667085.89;1269203.07;8.330169;47.570107
68803.3;337.1;2667094.02;1269202.38;8.330277;47.5701
68811.7;337.2;2667102.39;1269201.59;8.330388;47.570092
68819.3;337.1;2667109.85;1269200.23;8.330487;47.570079
68826.9;337.2;2667117.32;1269198.86;8.330586;47.570066
68834.9;337.3;2667125.23;1269197.51;8.330691;47.570053
68842.7;337.4;2667132.85;1269195.93;8.330792;47.570038
68850.1;337.4;2667140.02;1269193.9;8.330887;47.570019
68857.5;337.4;2667147.33;1269193.2;8.330984;47.570012
68865.3;337.5;2667155.1;1269192.07;8.331087;47.570001
68872.8;337.6;2667162.41;1269190.59;8.331184;47.569987
68881.2;337.8;2667170.7;1269189.35;8.331294;47.569975
68888.3;337.7;2667177.72;1269187.99;8.331387;47.569962
68896.1;337.9;2667185.41;1269186.74;8.331489;47.56995
68903.6;337.9;2667192.79;1269185.71;8.331587;47.56994
68911.2;338;2667200.33;1269184.35;8.331687;47.569927
68918.3;338.1;2667207.2;1269182.87;8.331778;47.569913
68925.7;338.1;2667214.51;1269181.73;8.331875;47.569902
68933;338.2;2667221.75;1269180.82;8.331971;47.569893
68940.3;338.2;2667228.98;1269179.79;8.332067;47.569883
68947.6;338.4;2667236.29;1269178.76;8.332164;47.569873
68955.3;338.4;2667243.83;1269177.62;8.332264;47.569862
68962;338.5;2667250.47;1269176.25;8.332352;47.569849
68969.3;338.5;2667257.7;1269175.44;8.332448;47.569841
68974.4;338.7;2667262.75;1269174.83;8.332515;47.569835
68981.8;338.7;2667270.13;1269174.47;8.332613;47.569831
68988.9;338.8;2667277.14;1269173.55;8.332706;47.569822
68996;338.9;2667284.15;1269172.3;8.332799;47.56981
69002.5;338.9;2667290.56;1269171.37;8.332884;47.569801
69009.3;338.9;2667297.35;1269170.33;8.332974;47.569791
69016.4;339;2667304.35;1269169.41;8.333067;47.569782
69024;339;2667311.96;1269168.83;8.333168;47.569776
69030.2;339;2667318.14;1269168.13;8.33325;47.569769
69035.7;339.1;2667323.57;1269167.3;8.333322;47.569761
69043.1;339.1;2667330.88;1269166.6;8.333419;47.569754
69049.3;339.1;2667337.05;1269166.23;8.333501;47.56975
69056;339.2;2667343.76;1269165.53;8.33359;47.569743
69062.7;339.2;2667350.39;1269164.93;8.333678;47.569737
69069.7;339.2;2667357.38;1269164.9;8.333771;47.569736
69076.7;339.2;2667364.46;1269164.98;8.333865;47.569736
69084.1;339.3;2667371.83;1269165.07;8.333963;47.569736
69090.1;339.3;2667377.86;1269164.69;8.334043;47.569732
69096.3;339.4;2667383.96;1269163.87;8.334124;47.569724
69103.4;339.4;2667391.04;1269163.29;8.334218;47.569718
69110.3;339.4;2667397.97;1269162.92;8.33431;47.569714
69116.9;339.4;2667404.52;1269162.44;8.334397;47.569709
69122.7;339.5;2667410.11;1269160.83;8.334471;47.569694
69128.6;339.6;2667415.91;1269159.9;8.334548;47.569685
69135.6;339.6;2667422.92;1269159.65;8.334641;47.569682
69142.1;339.6;2667429.32;1269158.72;8.334726;47.569673
69148.2;339.6;2667435.42;1269158.12;8.334807;47.569667
69155.7;339.7;2667442.87;1269158.43;8.334906;47.569669
69163;339.8;2667450.18;1269157.96;8.335003;47.569664
69170;339.8;2667457.18;1269157.7;8.335096;47.569661
69176.2;339.9;2667463.35;1269157.44;8.335178;47.569658
69181.6;339.9;2667468.63;1269156.28;8.335248;47.569647
69187.5;340;2667474.3;1269154.67;8.335323;47.569632
69192.8;339.8;2667479.5;1269153.73;8.335392;47.569623
69198.3;339.9;2667484.93;1269152.68;8.335464;47.569613
69205.1;339.9;2667491.78;1269152.54;8.335555;47.569611
69211.9;340;2667498.56;1269152.06;8.335645;47.569606
69218.4;340;2667504.96;1269151.35;8.33573;47.569599
69225;340;2667511.52;1269150.76;8.335817;47.569593
69231.6;340.1;2667518.14;1269150.17;8.335905;47.569587
69238.3;340.1;2667524.77;1269149.69;8.335993;47.569582
69245.6;340.1;2667532.07;1269149.77;8.33609;47.569582
69252;340.2;2667538.47;1269149.85;8.336175;47.569582
69259;340.2;2667545.46;1269150.15;8.336268;47.569584
69265.7;340.3;2667552.17;1269149.45;8.336357;47.569577
69276.4;340.4;2667562.86;1269149.01;8.336499;47.569572
69279.6;340.4;2667566.09;1269149.27;8.336542;47.569574
69284.2;340.4;2667570.33;1269147.54;8.336598;47.569558
69293;340.5;2667579.06;1269147.09;8.336714;47.569553
69301.9;340.6;2667588.02;1269146.86;8.336833;47.56955
69310.6;340.5;2667596.42;1269148.95;8.336945;47.569568
69318.6;340.6;2667604.47;1269148.93;8.337052;47.569567
69325.6;340.6;2667611.4;1269148.35;8.337144;47.569561
69331.7;340.7;2667617.44;1269147.3;8.337224;47.569551
69338.8;340.8;2667624.51;1269147.5;8.337318;47.569552
69346.8;340.8;2667632.49;1269147.03;8.337424;47.569547
69353.9;340.8;2667639.57;1269146.89;8.337518;47.569545
69360.6;340.9;2667646.27;1269146.19;8.337607;47.569538
69367.6;340.9;2667653.27;1269146.38;8.3377;47.569539
69374.7;341;2667660.28;1269145.35;8.337793;47.569529
69382.7;341;2667668.25;1269145.55;8.337899;47.56953
69390.6;341.1;2667676.16;1269144.86;8.338004;47.569523
69397.5;341.1;2667683.09;1269144.94;8.338096;47.569523
69405;341.2;2667690.53;1269145.47;8.338195;47.569527
69412.6;341.1;2667697.96;1269147.11;8.338294;47.569541
69422;341.2;2667707.36;1269147.89;8.338419;47.569547
69428.5;341.2;2667713.76;1269147.3;8.338504;47.569541
69436.2;341.3;2667721.44;1269146.72;8.338606;47.569535
69446;341.4;2667731.23;1269146.94;8.338736;47.569536
69454.1;341.4;2667739.35;1269147.48;8.338844;47.56954
69461.7;341.4;2667746.94;1269147.9;8.338945;47.569543
69469.8;341.5;2667755;1269147.77;8.339052;47.569541
69478.3;341.6;2667763.51;1269147.2;8.339165;47.569535
69485.7;341.6;2667770.89;1269146.5;8.339263;47.569528
69493.7;341.6;2667778.8;1269145.26;8.339368;47.569516
69500.8;341.7;2667785.87;1269146.23;8.339462;47.569524
69509.2;341.8;2667794.22;1269146.11;8.339573;47.569522
69513.9;341.7;2667798.61;1269144.38;8.339631;47.569506
69521.7;341.8;2667806.43;1269144.8;8.339735;47.569509
69527.7;341.8;2667812.17;1269143.09;8.339811;47.569493
69534.4;341.8;2667818.8;1269142.05;8.339899;47.569483
69542.4;341.9;2667826.7;1269142.48;8.340004;47.569486
69550.1;342;2667834.45;1269142.34;8.340107;47.569484
69559.2;342.1;2667843.48;1269142.89;8.340227;47.569488
69566.8;342.2;2667851.07;1269143.64;8.340328;47.569494
69576.5;342.2;2667860.78;1269143.2;8.340457;47.569489
69584;342.3;2667868.24;1269142.62;8.340556;47.569483
69589.7;342.3;2667873.89;1269142.02;8.340631;47.569477
69599.7;342.3;2667883.9;1269141.91;8.340764;47.569475
69606.1;342.4;2667890.09;1269140.2;8.340846;47.569459
69615.5;342.5;2667899.41;1269140.98;8.34097;47.569465
69624.6;342.4;2667908.17;1269138.19;8.341086;47.569439
69632.4;342.4;2667915.93;1269137.94;8.341189;47.569436
69640.2;342.5;2667923.75;1269137.92;8.341293;47.569435
69646.9;342.5;2667930.45;1269138;8.341382;47.569435
69656;342.6;2667939.56;1269137.66;8.341503;47.569431
69663.4;342.8;2667946.85;1269138.41;8.3416;47.569437
69668.3;342.7;2667951.75;1269137.91;8.341665;47.569432
69673.7;342.8;2667957.17;1269137.53;8.341737;47.569428
69680;342.8;2667963.35;1269136.82;8.341819;47.569421
69688.5;342.9;2667971.86;1269135.92;8.341932;47.569412
69695;342.9;2667978.33;1269136.1;8.342018;47.569413
69701.9;343.1;2667985.26;1269135.51;8.34211;47.569407
69707.6;343;2667990.84;1269134.69;8.342184;47.569399
69716.1;343;2667999.34;1269135.23;8.342297;47.569403
69722;343;2668005.29;1269135.08;8.342376;47.569401
69728.7;343.1;2668011.84;1269134.26;8.342463;47.569393
69735.7;343.3;2668018.78;1269133.23;8.342555;47.569383
69740.7;343.2;2668023.82;1269133.51;8.342622;47.569385
69748.2;343.4;2668031.13;1269131.93;8.342719;47.56937
69755.2;343.5;2668038.14;1269131.79;8.342812;47.569368
69760.8;343.5;2668043.71;1269131.07;8.342886;47.569361
69768.1;343.5;2668051.01;1269131.27;8.342983;47.569362
69774.7;343.5;2668057.63;1269131.23;8.343071;47.569361
69779.9;343.5;2668062.66;1269132.18;8.343138;47.569369
69787.3;343.5;2668069.95;1269133.6;8.343235;47.569381
69794.7;343.5;2668077.4;1269133.68;8.343334;47.569381
69801.1;343.6;2668083.79;1269133.87;8.343419;47.569382
69806.3;343.6;2668088.85;1269132.7;8.343486;47.569371
69812.7;343.6;2668095.17;1269132.22;8.34357;47.569366
69820.5;343.7;2668102.87;1269130.75;8.343672;47.569352
69827.3;343.7;2668109.65;1269130.05;8.343762;47.569345
69834;343.9;2668116.35;1269129.69;8.343851;47.569341
69841.3;343.8;2668123.56;1269130.66;8.343947;47.569349
69847.9;343.9;2668130.18;1269131.07;8.344035;47.569352
69854.9;343.9;2668137.11;1269130.59;8.344127;47.569347
69862.4;343.9;2668144.38;1269132.68;8.344224;47.569365
69866.5;344;2668148.31;1269131.5;8.344276;47.569354
69871.1;344;2668152.83;1269130.89;8.344336;47.569348
69878.6;344.1;2668160.28;1269131.53;8.344435;47.569353
69884.9;344.1;2668166.35;1269133.15;8.344516;47.569367
69891.3;344.1;2668172.61;1269131.89;8.344599;47.569355
69897.4;344.1;2668178.71;1269131.74;8.34468;47.569353
69904.1;344.2;2668185.42;1269131.04;8.344769;47.569346
69911.1;344.2;2668192.41;1269131.34;8.344862;47.569348
69917.5;344.3;2668198.81;1269130.86;8.344947;47.569343
69924.2;344.3;2668205.43;1269131.27;8.345035;47.569346
69930.3;344.4;2668211.61;1269130.9;8.345117;47.569342
69938.1;344.4;2668219.35;1269131.54;8.34522;47.569347
69943.6;344.4;2668224.84;1269131.72;8.345293;47.569348
69950.8;344.5;2668231.99;1269132.13;8.345388;47.569351
69957.2;344.6;2668238.38;1269132.32;8.345473;47.569352
69963.4;344.7;2668244.62;1269132.61;8.345556;47.569354
69970.6;344.7;2668251.85;1269132.81;8.345652;47.569355
69977;344.7;2668258.24;1269132.66;8.345737;47.569353
69985.4;344.8;2668266.6;1269132.64;8.345848;47.569352
69991.9;344.8;2668273.15;1269132.39;8.345935;47.569349
69998.4;344.8;2668279.55;1269131.9;8.34602;47.569344
70004.3;344.9;2668285.36;1269130.86;8.346097;47.569334
70010.5;340;2668291.54;1269129.93;8.346179;47.569325
70016.8;338.3;2668297.79;1269129.56;8.346262;47.569321
70024.2;338.4;2668305.17;1269129.2;8.34636;47.569317
70030.3;338.5;2668311.34;1269128.94;8.346442;47.569314
70037.1;344.5;2668318.04;1269128.46;8.346531;47.569309
70042.6;345.2;2668323.62;1269128.08;8.346605;47.569305
70049.8;345.1;2668330.77;1269127.6;8.3467;47.5693
70057.4;345.1;2668338.38;1269127.36;8.346801;47.569297
70063.2;345.1;2668344.17;1269127.43;8.346878;47.569297
70069;345.2;2668349.89;1269126.94;8.346954;47.569292
70075.1;345.2;2668355.99;1269127.23;8.347035;47.569294
70081.9;345.3;2668362.77;1269126.75;8.347125;47.569289
70088.2;345.3;2668369.09;1269126.27;8.347209;47.569284
70094.3;345.2;2668375.12;1269125.56;8.347289;47.569277
70100.4;345.3;2668381.29;1269125.41;8.347371;47.569275
70106.6;345.3;2668387.47;1269125.04;8.347453;47.569271
70113.3;345.4;2668394.09;1269125;8.347541;47.56927
70119.7;345.4;2668400.49;1269124.96;8.347626;47.569269
70126.4;345.4;2668407.26;1269125.04;8.347716;47.569269
70132.8;345.5;2668413.66;1269124.67;8.347801;47.569265
70139.4;345.5;2668420.21;1269124.53;8.347888;47.569263
70145.6;345.6;2668426.38;1269124.6;8.34797;47.569263
70151.7;345.6;2668432.48;1269124.11;8.348051;47.569258
70158.1;345.6;2668438.88;1269123.63;8.348136;47.569253
70165.3;345.6;2668446.03;1269123.93;8.348231;47.569255
70172.3;345.7;2668453.1;1269123.91;8.348325;47.569254
70178.5;345.7;2668459.27;1269123.87;8.348407;47.569253
70185;345.8;2668465.75;1269123.94;8.348493;47.569253
70191.7;345.8;2668472.45;1269123.46;8.348582;47.569248
70198.1;345.9;2668478.85;1269123.31;8.348667;47.569246
70204.4;345.9;2668485.1;1269122.94;8.34875;47.569242
70211.1;345.9;2668491.79;1269123.13;8.348839;47.569243
70217.3;346;2668497.97;1269122.54;8.348921;47.569237
70224.1;346.1;2668504.82;1269122.06;8.349012;47.569232
70230.7;346.1;2668511.31;1269121.24;8.349098;47.569224
70237.3;346.2;2668517.94;1269120.65;8.349186;47.569218
70244.1;346.2;2668524.64;1269119.73;8.349275;47.569209
70250.7;346.2;2668531.2;1269118.92;8.349362;47.569201
70256.7;346.3;2668537.15;1269118.43;8.349441;47.569196
70263.5;346.3;2668543.94;1269117.4;8.349531;47.569186
70270.3;346.4;2668550.5;1269115.69;8.349618;47.56917
70276.8;346.5;2668556.84;1269114.21;8.349702;47.569156
70283.4;346.5;2668563.18;1269112.62;8.349786;47.569141
70289.4;346.5;2668569.21;1269111.8;8.349866;47.569133
70295.4;346.6;2668575.09;1269110.75;8.349944;47.569123
70301.6;346.6;2668581.13;1269109.27;8.350024;47.569109
70308.1;346.7;2668587.32;1269107.56;8.350106;47.569093
70314.8;346.7;2668593.82;1269105.63;8.350192;47.569075
70321.6;346.9;2668600.38;1269104.15;8.350279;47.569061
70326.9;346.8;2668605.44;1269102.43;8.350346;47.569045
70334.1;347;2668612.67;1269102.29;8.350442;47.569043
70340.2;347;2668618.56;1269100.7;8.35052;47.569028
70347;347;2668625.19;1269099.44;8.350608;47.569016
70353.1;347.1;2668631.08;1269097.95;8.350686;47.569002
70359.7;347.2;2668637.57;1269096.47;8.350772;47.568988
70365;347.2;2668642.49;1269094.41;8.350837;47.568969
70371.7;347.2;2668648.9;1269092.49;8.350922;47.568951
70378.2;347.3;2668655.02;1269090.56;8.351003;47.568933
70385.4;347.3;2668661.9;1269088.41;8.351094;47.568913
70389.4;347.3;2668665.38;1269086.34;8.35114;47.568894
70396.1;347.4;2668671.21;1269083.07;8.351217;47.568864
70402.3;347.4;2668676.89;1269080.47;8.351292;47.56884
70408.2;347.4;2668682.62;1269079.31;8.351368;47.568829
70413.2;347.5;2668686.87;1269076.69;8.351424;47.568805
70418.4;347.5;2668691.85;1269075.3;8.35149;47.568792
70424;347.5;2668697.14;1269073.25;8.35156;47.568773
70428.8;347.5;2668701.23;1269070.74;8.351614;47.56875
70436.8;347.5;2668709.15;1269069.61;8.351719;47.568739
70444.1;347.4;2668716.1;1269067.47;8.351811;47.568719
70451.9;347.4;2668723.79;1269066;8.351913;47.568705
70460.5;347.4;2668732.09;1269063.99;8.352023;47.568686
70466.6;347.3;2668738.05;1269062.72;8.352102;47.568674
70470.7;347.4;2668741.61;1269060.65;8.352149;47.568655
70477.7;347.4;2668748.48;1269059.4;8.35224;47.568643
70484;347.4;2668754.66;1269058.13;8.352322;47.568631
70490.1;347.5;2668760.4;1269056.09;8.352398;47.568612
70496.3;347.5;2668766.51;1269054.94;8.352479;47.568601
70503.6;347.6;2668773.61;1269053.35;8.352573;47.568586
70510.7;347.6;2668780.48;1269051.43;8.352664;47.568568
70517.7;347.7;2668787.34;1269050.06;8.352755;47.568555
70524.9;347.7;2668794.57;1269049.59;8.352851;47.56855
70532.1;347.7;2668801.58;1269048.34;8.352944;47.568538
70539.2;347.8;2668808.67;1269047.31;8.353038;47.568528
70545.5;347.8;2668814.64;1269045.38;8.353117;47.56851
70549.5;347.8;2668818.62;1269045.87;8.35317;47.568514
70556.2;347.8;2668825.19;1269044.39;8.353257;47.5685
70561.3;347.9;2668830.24;1269043.67;8.353324;47.568493
70569.9;347.8;2668838.81;1269044.1;8.353438;47.568496
70576.6;347.8;2668845.42;1269045.18;8.353526;47.568505
70583.8;347.9;2668852.64;1269045.15;8.353622;47.568504
70590.6;347.9;2668859.14;1269043.34;8.353708;47.568487
70596.8;347.9;2668865.17;1269042.07;8.353788;47.568475
70604.3;348;2668872.64;1269040.72;8.353887;47.568462
70610.8;348;2668879.12;1269040.12;8.353973;47.568456
70616.9;348.1;2668885.22;1269039.97;8.354054;47.568454
70622.6;348.1;2668890.72;1269038.7;8.354127;47.568442
70629.1;348.1;2668897.11;1269039.67;8.354212;47.56845
70636.2;348.1;2668904.26;1269039.53;8.354307;47.568448
70642.9;348.1;2668910.96;1269039.72;8.354396;47.568449
70648.3;348.2;2668916.37;1269039.89;8.354468;47.56845
70654.9;348.2;2668922.83;1269040.86;8.354554;47.568458
70661.9;348.2;2668929.83;1269041.16;8.354647;47.56846
70669.6;348.2;2668937.57;1269041.81;8.35475;47.568465
70675.8;348.2;2668943.74;1269042.43;8.354832;47.56847
70682.5;348.2;2668950.19;1269044.07;8.354918;47.568484
70688.6;348.2;2668956.28;1269044.58;8.354999;47.568488
70695;348.2;2668962.67;1269044.99;8.355084;47.568491
70701.9;348.2;2668969.52;1269044.85;8.355175;47.568489
70707.3;348.2;2668974.93;1269045.36;8.355247;47.568493
70713.8;348.3;2668981.39;1269046.21;8.355333;47.5685
70721.2;348.3;2668988.76;1269046.85;8.355431;47.568505
70727.4;348.3;2668994.92;1269047.81;8.355513;47.568513
70732.9;348.3;2669000.34;1269047.54;8.355585;47.56851
70739.9;348.3;2669007.34;1269047.4;8.355678;47.568508
70747.6;348.4;2669014.23;1269050.82;8.35577;47.568538
70755.7;348.4;2669022.11;1269052.8;8.355875;47.568555
70764.5;348.5;2669030.9;1269053.79;8.355992;47.568563
70768.1;348.5;2669034.15;1269052.28;8.356035;47.568549
70775.8;348.5;2669041.74;1269053.25;8.356136;47.568557
70782.5;348.5;2669048.51;1269053.33;8.356226;47.568557
70789.2;348.6;2669055.21;1269053.41;8.356315;47.568557
70795.5;348.6;2669061.46;1269053.26;8.356398;47.568555
70802.4;348.7;2669068.3;1269054.01;8.356489;47.568561
70809.1;348.6;2669075.07;1269053.87;8.356579;47.568559
70816.1;348.7;2669082.07;1269053.84;8.356672;47.568558
70822.3;348.7;2669088.18;1269053.02;8.356753;47.56855
70828.7;348.8;2669094.51;1269052.31;8.356837;47.568543
70833.3;348.7;2669098.96;1269050.92;8.356896;47.56853
70839;348.7;2669104.4;1269049.43;8.356968;47.568516
70845.4;348.8;2669110.71;1269050.39;8.357052;47.568524
70851.5;348.8;2669116.53;1269048.46;8.357129;47.568506
70858.6;348.7;2669123.4;1269046.54;8.35722;47.568488
70865.2;348.7;2669129.52;1269044.27;8.357301;47.568467
70871.9;348.6;2669136.16;1269043.13;8.357389;47.568456
70879.2;348.7;2669143.37;1269043.99;8.357485;47.568463
70885.8;348.6;2669149.5;1269041.39;8.357566;47.568439
70893.1;348.6;2669156.15;1269038.47;8.357654;47.568412
70898.6;348.4;2669161.08;1269035.86;8.357719;47.568388
70904.6;348.4;2669166.3;1269032.92;8.357788;47.568361
70912.3;348.2;2669173.34;1269030;8.357881;47.568334
70918.9;348.1;2669179.46;1269027.4;8.357962;47.56831
70927.7;348.1;2669187.7;1269024.49;8.358071;47.568283
70935;347.9;2669194.21;1269021.12;8.358157;47.568252
70942.4;347.9;2669200.94;1269018.09;8.358246;47.568224
70951.1;347.7;2669208.67;1269013.95;8.358348;47.568186
70958.1;347.5;2669214.21;1269009.79;8.358421;47.568148
70965.1;347.4;2669219.98;1269005.75;8.358497;47.568111
70973;347.4;2669226.94;1269002.05;8.358589;47.568077
70979.4;347.2;2669232.33;1268998.66;8.35866;47.568046
70987.2;347.1;2669239.37;1268995.3;8.358753;47.568015
70994.7;347.1;2669245.88;1268991.48;8.358839;47.56798
71002;346.9;2669252.47;1268988.34;8.358926;47.567951
71008.7;346.8;2669258;1268984.62;8.358999;47.567917
71016.6;346.7;2669264.9;1268980.7;8.35909;47.567881
71023.5;346.6;2669270.88;1268977.21;8.359169;47.567849
71030.9;346.5;2669277.25;1268973.5;8.359253;47.567815
71038.5;346.3;2669284.06;1268970.14;8.359343;47.567784
71045.8;346.3;2669290.28;1268966.32;8.359425;47.567749
71052.4;346.2;2669296.18;1268963.27;8.359503;47.567721
71061;346.2;2669304.42;1268960.81;8.359612;47.567698
71069.9;346;2669313.02;1268958.47;8.359726;47.567676
71077.2;345.9;2669319.9;1268956.21;8.359817;47.567655
71082.8;346;2669325.04;1268953.94;8.359885;47.567634
71089.5;345.9;2669331.17;1268951.34;8.359966;47.56761
71096.9;345.7;2669338.41;1268949.54;8.360062;47.567593
71104.6;345.6;2669346.03;1268948.29;8.360163;47.567581
71112.1;345.8;2669353.35;1268946.93;8.36026;47.567568
71120.4;345.8;2669361.49;1268945.25;8.360368;47.567552
71129.4;345.8;2669370.38;1268944.24;8.360486;47.567542
71135.8;345.7;2669376.79;1268943.54;8.360571;47.567535
71142;345.7;2669383.04;1268943.5;8.360654;47.567534
71150.5;345.8;2669391.47;1268942.93;8.360766;47.567528
71157.7;346;2669398.7;1268942.46;8.360862;47.567523
71165.6;346.1;2669406.52;1268943.33;8.360966;47.56753
71172.1;346.1;2669412.9;1268944.29;8.361051;47.567538
71178.2;346.1;2669418.99;1268945.26;8.361132;47.567546
71183.9;346.2;2669424.54;1268946.54;8.361206;47.567557
71190.8;346.3;2669431.3;1268947.96;8.361296;47.567569
71198.3;346.4;2669438.66;1268949.49;8.361394;47.567582
71205.3;346.4;2669444.79;1268952.68;8.361476;47.56761
71211.4;346.5;2669450.72;1268954.08;8.361555;47.567622
71217.6;346.6;2669456.56;1268956.37;8.361633;47.567642
71226.5;346.7;2669464.42;1268960.47;8.361738;47.567678
71231.7;346.8;2669469.6;1268961.31;8.361807;47.567685
71238.7;347;2669476.35;1268963.17;8.361897;47.567701
71245.2;347.1;2669482.82;1268963.69;8.361983;47.567705
71252;347.2;2669489.34;1268965.54;8.36207;47.567721
71258.9;347.4;2669495.94;1268967.51;8.362158;47.567738
71265.3;347.6;2669502.17;1268968.92;8.362241;47.56775
71272;347.7;2669508.46;1268971.33;8.362325;47.567771
71278.8;347.9;2669514.83;1268973.63;8.36241;47.567791
71284.9;348.1;2669520.68;1268975.25;8.362488;47.567805
71290.8;348.3;2669526.54;1268976.43;8.362566;47.567815
71295.4;348.4;2669531.05;1268977.04;8.362626;47.56782
71301.5;348.6;2669537.06;1268978;8.362706;47.567828
71308;348.7;2669543.36;1268979.74;8.36279;47.567843
71314.4;348.9;2669549.67;1268980.49;8.362874;47.567849
71320.1;349.1;2669555.39;1268980.33;8.36295;47.567847
71325.7;349.2;2669561.04;1268980.29;8.363025;47.567846
71332.5;349.3;2669567.81;1268980.59;8.363115;47.567848
71339.1;349.5;2669574.36;1268980.33;8.363202;47.567845
71345.5;349.6;2669580.74;1268981.41;8.363287;47.567854
71352.9;349.7;2669588.04;1268981.94;8.363384;47.567858
71358.4;349.7;2669593.61;1268981.56;8.363458;47.567854
71364.8;349.8;2669599.93;1268981.86;8.363542;47.567856
71372.9;349.9;2669607.89;1268983.28;8.363648;47.567868
71378.5;350;2669613.46;1268982.68;8.363722;47.567862
71384.8;350;2669619.79;1268981.87;8.363806;47.567854
71391.3;350;2669626.13;1268980.83;8.36389;47.567844
71397.6;350;2669632.25;1268979.01;8.363971;47.567827
71403.9;350;2669638.49;1268978.86;8.364054;47.567825
71410.8;349.9;2669645.21;1268977.28;8.364143;47.56781
71417.2;349.9;2669651.25;1268975.23;8.364223;47.567791
71424;349.8;2669657.82;1268973.42;8.36431;47.567774
71431.2;349.7;2669664.84;1268971.61;8.364403;47.567757
71439.6;349.5;2669672.99;1268969.82;8.364511;47.56774
71445.6;349.4;2669678.73;1268968.11;8.364587;47.567724
71450.7;349.3;2669683.28;1268965.72;8.364647;47.567702
71456.1;349.2;2669687.75;1268962.77;8.364706;47.567675
71465.3;348.9;2669696.84;1268964.32;8.364827;47.567688
71472.6;348.5;2669704.05;1268965.18;8.364923;47.567695
71479.8;348.4;2669711.15;1268963.6;8.365017;47.56768
71484.4;348.2;2669715.52;1268962.43;8.365075;47.567669
71492.7;348;2669723.75;1268960.86;8.365184;47.567654
71498.6;348;2669728.9;1268958.03;8.365252;47.567628
71505.9;348;2669735.56;1268954.99;8.36534;47.5676
71513.9;347.7;2669743.47;1268954.31;8.365445;47.567593
71520.5;347.6;2669749.52;1268951.49;8.365525;47.567567
71528.4;347.4;2669757.29;1268950.02;8.365628;47.567553
71537.6;347.2;2669766.48;1268949.46;8.36575;47.567547
71545.6;346.9;2669774.39;1268948.78;8.365855;47.56754
71553.9;346.7;2669782.46;1268946.87;8.365962;47.567522
71561.3;346.6;2669789.49;1268944.4;8.366055;47.567499
71569;346.4;2669797.03;1268942.82;8.366155;47.567484
71576.2;346.2;2669803.69;1268940.23;8.366243;47.56746
71584.4;346;2669811.76;1268938.66;8.36635;47.567445
71592.2;345.8;2669819.38;1268937.08;8.366451;47.56743
71599.2;345.6;2669826.32;1268935.94;8.366543;47.567419
71607.1;345.4;2669834.08;1268934.69;8.366646;47.567407
71614.6;345.2;2669841.47;1268933.34;8.366744;47.567394
71622.4;345;2669849.17;1268931.87;8.366846;47.56738
71630.1;344.8;2669856.64;1268929.96;8.366945;47.567362
71637.8;344.7;2669864.11;1268928.38;8.367044;47.567347
71645.7;344.6;2669871.88;1268926.8;8.367147;47.567332
71653.5;344.4;2669879.43;1268925;8.367247;47.567315
71660.8;344.3;2669886.6;1268923.31;8.367342;47.567299
71668.3;344.1;2669893.84;1268921.61;8.367438;47.567283
71675.9;344.1;2669901.31;1268920.14;8.367537;47.567269
71683.9;344;2669909.29;1268919.79;8.367643;47.567265
71691.1;343.8;2669916.38;1268918.32;8.367737;47.567251
71698.3;343.8;2669923.47;1268917.07;8.367831;47.567239
71705.6;343.7;2669930.57;1268915.26;8.367925;47.567222
71713;343.7;2669937.81;1268913.9;8.368021;47.567209
71719.8;343.6;2669944.52;1268912.65;8.36811;47.567197
71727;343.6;2669951.54;1268911.18;8.368203;47.567183
71734.7;343.5;2669959.08;1268909.6;8.368303;47.567168
71743;343.4;2669967.23;1268907.91;8.368411;47.567152
71751.5;343.3;2669975.67;1268906.79;8.368523;47.567141
71757.9;343.3;2669981.79;1268905.08;8.368604;47.567125
71764.5;343.2;2669988.34;1268904.16;8.368691;47.567116
71770.3;343.2;2669993.79;1268902.11;8.368763;47.567097
71777.7;343.1;2670001.03;1268900.75;8.368859;47.567084
71782;343;2670005.11;1268899.36;8.368913;47.567071
71791.4;342.9;2670014.43;1268900.25;8.369037;47.567078
71803.1;342.8;2670026.17;1268900.05;8.369193;47.567075
71808.7;342.8;2670031.66;1268901.01;8.369266;47.567083
71817.1;342.7;2670039.08;1268896.98;8.369364;47.567046
71821.3;342.7;2670043.21;1268897.81;8.369419;47.567053
71831.8;342.6;2670049.63;1268889.54;8.369503;47.566978
71841.7;342.5;2670059.5;1268888.66;8.369634;47.566969
71850;342.4;2670067.36;1268885.97;8.369738;47.566944
71860.2;342.4;2670077.51;1268886.09;8.369873;47.566944
71867.7;342.3;2670085.03;1268886.85;8.369973;47.56695
71873.4;342.3;2670090.17;1268884.58;8.370041;47.566929
71881.5;342.2;2670098.24;1268883.56;8.370148;47.566919
71887.7;342.2;2670104.21;1268881.74;8.370227;47.566902
71896.9;342.2;2670113.26;1268880.18;8.370347;47.566887
71905.6;342.1;2670121.91;1268880.17;8.370462;47.566886
71916;341.3;2670132.37;1268880.52;8.370601;47.566888
71922.7;342.2;2670138.35;1268877.47;8.37068;47.56686
71930.9;342;2670146.49;1268876.46;8.370788;47.56685
71939;342.2;2670154.41;1268874.89;8.370893;47.566835
71946.6;342.4;2670161;1268871.07;8.37098;47.5668
71951;342.4;2670164.5;1268868.44;8.371026;47.566776
71960.1;342.4;2670173.6;1268868.33;8.371147;47.566774
71969.4;342.5;2670182.73;1268866.77;8.371268;47.566759
71978.8;342.5;2670191.79;1268864.21;8.371388;47.566735
71984;342.6;2670196.48;1268862.04;8.37145;47.566715
71992;342.6;2670204.11;1268859.46;8.371551;47.566691
71999.6;342.7;2670210.78;1268855.76;8.371639;47.566657
72008.3;342.8;2670219.44;1268855.09;8.371754;47.56665
72015;342.8;2670225.64;1268852.6;8.371836;47.566627
72020.1;342.9;2670230.4;1268850.88;8.371899;47.566611
72025.4;342.9;2670235.61;1268849.83;8.371968;47.566601
72032.7;342.9;2670242.92;1268849.36;8.372065;47.566596
72040.3;343;2670250.31;1268847.67;8.372163;47.56658
72049.2;343;2670259.06;1268846;8.372279;47.566564
72056;343;2670265.7;1268844.52;8.372367;47.56655
72062.5;343;2670272.04;1268843.26;8.372451;47.566538
72069.2;343;2670278.67;1268842.11;8.372539;47.566527
72077.4;343;2670286.81;1268841.21;8.372647;47.566518
72085.1;343;2670294.49;1268841.08;8.372749;47.566516
72091.8;342.9;2670301.26;1268841.16;8.372839;47.566516
72100.6;342.8;2670310.07;1268841.49;8.372956;47.566518
72109.5;342.7;2670318.95;1268841.48;8.373074;47.566517
72116.7;342.6;2670326.1;1268841.12;8.373169;47.566513
72124.5;342.5;2670333.93;1268840.99;8.373273;47.566511
72133.1;342.4;2670342.42;1268841.98;8.373386;47.566519
72139.9;342.3;2670349.27;1268841.95;8.373477;47.566518
72148.3;342.2;2670357.62;1268842.05;8.373588;47.566518
72155;342;2670364.4;1268841.91;8.373678;47.566516
72162.4;341.9;2670371.77;1268841.89;8.373776;47.566515
72170.4;341.7;2670379.68;1268841.2;8.373881;47.566508
72179.3;341.5;2670388.07;1268844.31;8.373993;47.566535
72185.8;341.4;2670394.48;1268843.49;8.374078;47.566527
72192.7;341.2;2670401.41;1268842.8;8.37417;47.56652
72202.5;340.9;2670411.13;1268841.8;8.374299;47.56651
72210.9;340.8;2670419.56;1268842.24;8.374411;47.566513
72216.4;340.6;2670424.97;1268842.52;8.374483;47.566515
72225.6;340.3;2670434.16;1268842.19;8.374605;47.566511
72232.2;340;2670440.79;1268841.71;8.374693;47.566506
72239.5;339.8;2670447.81;1268839.68;8.374786;47.566487
72246.2;339.5;2670454.37;1268838.54;8.374873;47.566476
72255.4;339.3;2670463.22;1268841.09;8.374991;47.566498
72263.2;339.1;2670471.05;1268840.74;8.375095;47.566494
72271;338.8;2670478.81;1268840.16;8.375198;47.566488
72279.8;338.5;2670487.53;1268840.93;8.375314;47.566494
72287.3;338.2;2670495.06;1268840.91;8.375414;47.566493
72295.6;338;2670503.41;1268841.01;8.375525;47.566493
72303.6;337.6;2670511.33;1268839.88;8.37563;47.566482
72311.3;337.4;2670518.94;1268838.64;8.375731;47.56647
72320.3;337;2670527.84;1268837.52;8.375849;47.566459
72329.7;336.8;2670537.25;1268836.86;8.375974;47.566452
72338.7;336.6;2670545.79;1268834.18;8.376087;47.566427
72344.4;336.3;2670551.51;1268833.8;8.376163;47.566423
72353.7;336.3;2670560.76;1268834.14;8.376286;47.566425
72364.2;336;2670570.66;1268830.7;8.376417;47.566393
72373.1;335.8;2670579.56;1268829.47;8.376535;47.566381
72381.5;335.7;2670587.35;1268826.56;8.376638;47.566354
72392.1;335.5;2670597.83;1268824.79;8.376777;47.566337
72401.5;334.6;2670607.1;1268823.46;8.3769;47.566324
72411.2;335;2670616.32;1268820.34;8.377022;47.566295
72419.4;335.1;2670623;1268815.53;8.37711;47.566251
72427.3;335;2670630.69;1268814.07;8.377212;47.566237
72436.5;335.1;2670639.17;1268810.39;8.377324;47.566203
72444.6;335.1;2670646.65;1268807.36;8.377423;47.566175
72452.1;335.1;2670653.76;1268804.78;8.377517;47.566151
72460.1;335.2;2670661.02;1268801.53;8.377613;47.566121
72467.5;335.2;2670667.83;1268798.5;8.377703;47.566093
72476.4;335.2;2670676.51;1268796.49;8.377818;47.566074
72485.4;335.3;2670684.68;1268792.92;8.377926;47.566041
72493.4;335.3;2670692.6;1268791.46;8.378031;47.566027
72501.8;335.3;2670700.54;1268788.66;8.378136;47.566001
72509.8;335.3;2670707.95;1268785.86;8.378234;47.565975
72517.9;335.3;2670715.94;1268784.4;8.37834;47.565961
72526.4;335.4;2670724.1;1268782.05;8.378448;47.565939
72535.7;335.4;2670732.13;1268777.36;8.378554;47.565896
72545.1;335.4;2670741.12;1268774.47;8.378673;47.565869
72553;335.4;2670748.75;1268772.34;8.378774;47.565849
72561.5;335.5;2670756.83;1268769.87;8.378881;47.565826
72569.2;335.5;2670764.02;1268766.96;8.378976;47.565799
72577.7;335.5;2670771.95;1268764.05;8.379081;47.565772
72587;335.5;2670780.65;1268760.82;8.379196;47.565742
72596.8;335.5;2670789.87;1268757.37;8.379318;47.56571
72604.8;335.5;2670797.43;1268754.68;8.379418;47.565685
72613.4;335.5;2670805.81;1268752.67;8.379529;47.565666
72621.4;335.6;2670813.72;1268751.54;8.379634;47.565655
72630.9;335.6;2670822.42;1268747.75;8.379749;47.56562
72638.2;335.6;2670829.08;1268744.72;8.379837;47.565592
72646;335.6;2670836.27;1268741.8;8.379932;47.565565
72656;335.6;2670844.46;1268736.12;8.38004;47.565513
72662.6;335.7;2670850.95;1268734.64;8.380126;47.565499
72669.9;335.7;2670856.65;1268730.15;8.380201;47.565458
72677.8;335.6;2670862.51;1268724.88;8.380278;47.56541
72685.5;335.6;2670869.47;1268721.52;8.38037;47.565379
72692.6;335.6;2670875.61;1268717.92;8.380451;47.565346
72700.2;335.7;2670882.06;1268713.89;8.380536;47.565309
72708.8;335.7;2670889.12;1268708.97;8.380629;47.565264
72716.4;335.8;2670895.19;1268704.37;8.380709;47.565222
72724;335.8;2670901.64;1268700.33;8.380794;47.565185
72731.6;335.9;2670907.71;1268695.85;8.380874;47.565144
72739.4;335.9;2670914.09;1268691.37;8.380958;47.565103
72747.4;336;2670920.99;1268687.33;8.381049;47.565066
72754.9;336;2670927.21;1268683.18;8.381131;47.565028
72762.8;336;2670933.96;1268678.93;8.38122;47.564989
72771.4;336;2670941.01;1268674.12;8.381313;47.564945
72779.2;336.1;2670947.98;1268670.65;8.381405;47.564913
72786.5;336.3;2670954.27;1268666.94;8.381488;47.564879
72793.9;336.4;2670960.93;1268663.57;8.381576;47.564848
72800.6;336.4;2670967.21;1268661.31;8.381659;47.564827
72807.3;336.5;2670972.52;1268657.26;8.381729;47.56479
72814.9;336.6;2670979.85;1268655.02;8.381826;47.564769
72822;336.7;2670986.79;1268653.99;8.381918;47.564759
72829;336.7;2670993.51;1268652.07;8.382007;47.564741
72836;336.7;2671000.38;1268650.37;8.382098;47.564725
72843.3;336.9;2671007.47;1268648.56;8.382192;47.564708
72850.7;337;2671014.57;1268646.76;8.382286;47.564691
72857.9;337.1;2671021.73;1268645.96;8.382381;47.564683
72864.2;337.1;2671028.05;1268645.81;8.382465;47.564681
72870;337.1;2671033.85;1268645.99;8.382542;47.564682
72877;337.1;2671040.78;1268645.41;8.382634;47.564676
72883;337.1;2671046.8;1268644.92;8.382714;47.564671
72890.7;337.2;2671054.47;1268645.91;8.382816;47.564679
72898.9;337.2;2671062.39;1268644.11;8.382921;47.564662
72905.5;337.3;2671069.02;1268644.19;8.383009;47.564662
72913.3;337.3;2671076.83;1268645.06;8.383113;47.564669
72924.8;337.4;2671088.28;1268644.64;8.383265;47.564664
72933.3;337.7;2671096.78;1268644.75;8.383378;47.564664
72942.9;337.9;2671106.41;1268645.08;8.383506;47.564666
72951.5;338;2671114.92;1268644.19;8.383619;47.564657
72958.5;338.1;2671121.84;1268645.27;8.383711;47.564666
72965.9;338.6;2671129.2;1268645.92;8.383809;47.564671
72971.9;339;2671135.22;1268646.43;8.383889;47.564675
72978.8;340;2671141.98;1268647.51;8.383979;47.564684
72985.3;339.6;2671147.51;1268651.03;8.384053;47.564715
72991.6;338.8;2671152.66;1268654.65;8.384122;47.564747
72998.6;340.3;2671159.65;1268654.96;8.384215;47.564749
73008.3;343.3;2671169.36;1268655.29;8.384344;47.564751
73019.9;344.8;2671179.91;1268659.98;8.384485;47.564792
73024.7;343.5;2671183.71;1268663.03;8.384536;47.564819
73032.5;342;2671188.38;1268669.2;8.384599;47.564874
73041.1;340.8;2671195.47;1268674.18;8.384694;47.564918
73050.6;339;2671201.4;1268681.48;8.384774;47.564983
73058.6;339;2671208.05;1268686.01;8.384863;47.565023
73064.5;339;2671211.53;1268690.83;8.38491;47.565066
73073.3;338.6;2671217.01;1268697.68;8.384984;47.565127
73082;338.7;2671224.41;1268702.22;8.385083;47.565167
73090.4;338.5;2671229.22;1268709.17;8.385148;47.565229
73097.8;338.5;2671234.96;1268713.69;8.385225;47.565269
73107.8;339.1;2671244.09;1268717.91;8.385347;47.565306
73113.1;339.1;2671248.49;1268720.85;8.385406;47.565332
73122.3;338.6;2671254.2;1268728.04;8.385483;47.565396
73129.2;339.2;2671260.49;1268730.9;8.385567;47.565421
73136.4;339.3;2671266.46;1268734.86;8.385647;47.565456
73144.2;339.4;2671272.19;1268740.16;8.385724;47.565503
73149.8;339.4;2671276.36;1268743.99;8.38578;47.565537
73156.5;339.4;2671280.66;1268749.15;8.385838;47.565583
73162.9;339.4;2671285.58;1268753.22;8.385904;47.565619
73167.1;338.9;2671287.27;1268757.02;8.385927;47.565653
73191.7;339.6;2671305.43;1268773.58;8.386171;47.5658
73197.6;339.4;2671308.08;1268778.84;8.386207;47.565847
73207.4;339.1;2671314.08;1268786.59;8.386288;47.565916
73211.7;339.1;2671316.9;1268789.84;8.386326;47.565945
73224.4;339;2671324.6;1268799.95;8.38643;47.566035
73232.8;339.1;2671329.79;1268806.57;8.3865;47.566094
73241.1;339.1;2671334;1268813.74;8.386557;47.566158
73249.2;339.2;2671339.49;1268819.7;8.386631;47.566211
73253.7;339.2;2671341.17;1268823.83;8.386654;47.566248
73265.5;339.3;2671349.27;1268832.49;8.386763;47.566325
73271.6;339.4;2671352.9;1268837.32;8.386812;47.566368
73278;339.3;2671355.46;1268843.24;8.386847;47.566421
73286.5;339.4;2671360.04;1268850.41;8.386909;47.566485
73291.8;339.4;2671362.02;1268855.33;8.386936;47.566529
73300.2;339.4;2671366.98;1268862.06;8.387003;47.566589
73306.7;339.5;2671371.28;1268867;8.387061;47.566633
73316.1;339.6;2671376.08;1268875.07;8.387126;47.566705
73320.9;339.5;2671377.15;1268879.75;8.387141;47.566747
73328.2;339.5;2671380.68;1268886.13;8.387189;47.566804
73337;339.6;2671386.32;1268892.87;8.387265;47.566864
73348.1;339.6;2671391.62;1268902.61;8.387337;47.566951
73354.5;339.7;2671394.94;1268908.1;8.387382;47.567
73364.4;339.8;2671398.37;1268917.37;8.387429;47.567083
73375.2;339.8;2671402.39;1268927.43;8.387484;47.567173
73380.3;339.6;2671403.08;1268932.44;8.387494;47.567218
73389;339.9;2671408.11;1268939.62;8.387562;47.567282
73394.9;339.7;2671409.77;1268945.2;8.387585;47.567332
73401.1;339.8;2671411.13;1268951.33;8.387604;47.567387
73408.4;339.7;2671412.62;1268958.46;8.387625;47.567451
73417.4;339.8;2671416.89;1268966.3;8.387683;47.567521
73424;339.8;2671419.91;1268972.23;8.387724;47.567574
73430.2;340;2671423.76;1268977.06;8.387776;47.567617
73437.8;340.1;2671426.54;1268984.1;8.387814;47.56768
73443.8;340.1;2671429.03;1268989.58;8.387848;47.567729
73451.4;340.1;2671430.82;1268996.94;8.387873;47.567795
73457.8;340.2;2671433.76;1269002.64;8.387913;47.567846
73466;340.2;2671435.4;1269010.67;8.387936;47.567918
73474.6;340.2;2671437.17;1269019.14;8.387961;47.567994
73482.6;340.3;2671440.25;1269026.52;8.388003;47.56806
73490;340.3;2671442.49;1269033.55;8.388034;47.568123
73497;340.3;2671444.14;1269040.35;8.388057;47.568184
73504.2;340.4;2671446.47;1269047.16;8.388089;47.568245
73511.3;340.3;2671448.12;1269054.08;8.388112;47.568307
73518.8;340.4;2671450.13;1269061.33;8.38814;47.568372
73525.7;340.4;2671452.39;1269067.81;8.388171;47.56843
73532.5;340.4;2671453.81;1269074.5;8.388191;47.56849
73539.6;340.5;2671455.16;1269081.41;8.38821;47.568552
73547.1;340.5;2671457.33;1269088.66;8.38824;47.568617
73553.6;340.6;2671458.38;1269095.01;8.388255;47.568674
73560.4;340.6;2671460.49;1269101.49;8.388284;47.568732
73567.3;340.6;2671462.74;1269108.08;8.388315;47.568791
73574.8;340.7;2671463.93;1269115.43;8.388332;47.568857
73582.5;340.6;2671466.78;1269122.58;8.388371;47.568921
73589.9;340.7;2671467.82;1269129.93;8.388386;47.568987
73595.9;340.7;2671469.18;1269135.73;8.388405;47.569039
73604;340.8;2671470.89;1269143.65;8.388429;47.56911
73611.4;340.8;2671473.14;1269150.68;8.38846;47.569173
73618.5;340.9;2671474.48;1269157.7;8.388479;47.569236
73625.9;340.8;2671478.09;1269164.19;8.388528;47.569294
73633.8;340.9;2671478.9;1269171.99;8.38854;47.569364
73639.9;340.9;2671480.93;1269177.79;8.388568;47.569416
73647.6;341;2671481.74;1269185.48;8.38858;47.569485
73656;341;2671482.25;1269193.82;8.388588;47.56956
73663.3;341.1;2671485.48;1269200.31;8.388632;47.569618
73669.8;340.7;2671490.16;1269204.93;8.388695;47.569659
73679.6;340.7;2671495.41;1269213.22;8.388766;47.569733
73686.3;340.7;2671497.21;1269219.58;8.388791;47.56979
73692.3;340.7;2671498.04;1269225.59;8.388803;47.569844
73700;341.1;2671496.9;1269233.14;8.388789;47.569912
73708.3;341.2;2671496.95;1269241.48;8.388791;47.569987
73715.8;341.4;2671496.25;1269248.92;8.388783;47.570054
73721.8;341.4;2671499.96;1269253.64;8.388833;47.570096
73729.3;341.5;2671501.07;1269261.1;8.388849;47.570163
73738.7;341.3;2671507.99;1269267.41;8.388942;47.570219
73746;341.4;2671510.24;1269274.33;8.388973;47.570281
73752.7;341.4;2671510.31;1269281.12;8.388975;47.570342
73759.6;341.3;2671514.69;1269286.4;8.389034;47.570389
73766.6;341.7;2671519.14;1269291.79;8.389094;47.570437
73773.8;341.4;2671519.65;1269299.02;8.389102;47.570502
73781.9;341.5;2671520.76;1269307.04;8.389118;47.570574
73790;341.5;2671525.04;1269313.88;8.389176;47.570635
73795.9;341.7;2671525.05;1269319.77;8.389177;47.570688
73803.7;341.7;2671529.56;1269326.16;8.389238;47.570745
73810.9;341.8;2671531.05;1269333.19;8.389259;47.570808
73817.4;341.7;2671534.68;1269338.57;8.389308;47.570856
73823;341.8;2671537.93;1269343.17;8.389352;47.570897
73829.9;341.8;2671539.66;1269349.86;8.389376;47.570957
73838.1;342;2671541.44;1269357.78;8.389401;47.571028
73842.9;342.1;2671542.21;1269362.57;8.389412;47.571071
73849.9;342.1;2671546.13;1269368.4;8.389465;47.571123
73856.6;342.2;2671547.86;1269374.87;8.389489;47.571181
73863.2;342.1;2671552.69;1269379.37;8.389554;47.571221
73871.3;342.2;2671557.13;1269386.1;8.389614;47.571281
73878.1;342.3;2671558.7;1269392.68;8.389636;47.57134
73885.9;342.3;2671562.68;1269399.4;8.38969;47.5714
73893.6;342.3;2671567.35;1269405.57;8.389753;47.571455
73903.9;342.2;2671574.64;1269412.89;8.389851;47.57152
73911.7;342.1;2671581.13;1269417.19;8.389938;47.571558
73918.2;342.3;2671580.68;1269423.64;8.389933;47.571616
73923.3;342.5;2671581.97;1269428.54;8.389951;47.57166
73930.4;342.5;2671585.51;1269434.7;8.389999;47.571715
73938.4;342.5;2671590.25;1269441.21;8.390063;47.571773
73949.2;342.7;2671600.05;1269445.78;8.390194;47.571813
73956.2;342.3;2671603.29;1269451.93;8.390238;47.571868
73962.8;342.4;2671607.21;1269457.21;8.390291;47.571915
73969.1;342.4;2671610.61;1269462.58;8.390337;47.571963
73977.7;342.4;2671617.08;1269468.22;8.390424;47.572013
73984.1;342.5;2671620.56;1269473.6;8.390471;47.572061
73996.4;342.6;2671627.89;1269483.48;8.39057;47.572149
74006;342.7;2671632.6;1269491.87;8.390634;47.572224
74013;342.8;2671637.74;1269496.61;8.390703;47.572266
74019.5;342.8;2671641.21;1269502.1;8.39075;47.572315
74028.9;342.9;2671646.3;1269509.94;8.390819;47.572385
74035.5;342.8;2671652.06;1269513.24;8.390896;47.572414
74040.6;343.5;2671656.7;1269515.3;8.390958;47.572432
74049.1;343.3;2671662.04;1269521.92;8.39103;47.572491
74056.1;343.1;2671666.56;1269527.31;8.391091;47.572539
74062.5;343.1;2671670.72;1269532.15;8.391147;47.572582
74070.5;343;2671675.23;1269538.76;8.391208;47.572641
74079.1;343.1;2671679.58;1269546.15;8.391267;47.572707
74084.7;343.1;2671683.29;1269550.31;8.391317;47.572744
74091.8;343.1;2671687.89;1269555.82;8.391379;47.572793
74099.6;343.1;2671692.7;1269561.88;8.391444;47.572847
74107.9;343.3;2671696.45;1269569.26;8.391495;47.572913
74115.6;343.4;2671701.04;1269575.55;8.391557;47.572969
74122.2;343.5;2671705.5;1269580.38;8.391617;47.573012
74129.3;343.6;2671709.64;1269586.1;8.391673;47.573063
74136.1;343.6;2671713.94;1269591.38;8.391731;47.57311
74143.6;343.7;2671718.69;1269597.22;8.391795;47.573162
74151.2;343.8;2671723.43;1269603.17;8.391859;47.573215
74158.7;343.9;2671728.18;1269608.9;8.391923;47.573266
74165.7;344;2671732.55;1269614.4;8.391982;47.573315
74173.2;344.1;2671737.52;1269620.02;8.392049;47.573365
74180.7;344.1;2671742.42;1269625.75;8.392115;47.573416
74188.1;344.2;2671746.71;1269631.7;8.392173;47.573469
74195.9;344.4;2671751.15;1269638.2;8.392233;47.573527
74203.1;344.5;2671755.9;1269643.6;8.392297;47.573575
74210.1;344.6;2671760.04;1269649.21;8.392353;47.573625
74216.5;344.7;2671763.59;1269654.59;8.392401;47.573673
74223.3;344.8;2671767.89;1269659.87;8.392459;47.57372
74230.3;345;2671772.57;1269665.04;8.392522;47.573766
74237;345.1;2671776.87;1269670.1;8.39258;47.573811
74244.3;345.2;2671781.54;1269675.71;8.392643;47.573861
74252;345.3;2671786.51;1269681.67;8.39271;47.573914
74258.9;345.5;2671790.89;1269686.95;8.392769;47.573961
74266.4;345.7;2671795.94;1269692.46;8.392837;47.57401
74273.5;345.8;2671800.69;1269697.74;8.392901;47.574057
74280.1;346;2671805.68;1269702.14;8.392968;47.574096
74286.5;346.1;2671809.83;1269706.97;8.393024;47.574139
74294;346.3;2671814.66;1269712.7;8.393089;47.57419
74300.7;346.4;2671819.87;1269716.88;8.393159;47.574227
74307.2;346.5;2671824.56;1269721.38;8.393222;47.574267
74313.7;346.6;2671829.4;1269725.78;8.393287;47.574306
74320.7;346.7;2671835.06;1269729.85;8.393363;47.574342
74327.1;346.8;2671840.52;1269733.25;8.393436;47.574372
74333.7;346.9;2671846.2;1269736.55;8.393512;47.574401
74340.7;347.1;2671852.32;1269739.96;8.393594;47.574431
74347.7;347.2;2671858.69;1269742.81;8.393679;47.574456
74354.4;347.4;2671864.13;1269746.88;8.393752;47.574492
74361.2;347.5;2671869.57;1269750.95;8.393825;47.574528
74369;347.6;2671875.91;1269755.37;8.39391;47.574567
74375.3;347.8;2671881.44;1269758.55;8.393984;47.574595
74381.3;348;2671886.52;1269761.61;8.394052;47.574622
74387.6;348.1;2671891.67;1269765.23;8.394121;47.574654
74394;348.3;2671897.51;1269767.86;8.394199;47.574677
74400.7;348.4;2671903.49;1269770.83;8.394279;47.574703
74406.8;348.4;2671909.18;1269773.23;8.394355;47.574724
74413.1;348.6;2671914.87;1269775.86;8.394431;47.574747
74418.8;348.7;2671920.03;1269778.37;8.3945;47.574769
74424.7;348.8;2671925.42;1269780.77;8.394572;47.57479
74430.2;348.9;2671930.13;1269783.49;8.394635;47.574814
74436.3;349.2;2671935.59;1269786.23;8.394708;47.574838
74442.2;349.3;2671940.97;1269788.63;8.39478;47.574859
74449.7;349.4;2671948.09;1269791.05;8.394875;47.57488
74454.7;349.3;2671953.05;1269791.89;8.394941;47.574887
74461.3;349.4;2671959.42;1269793.64;8.395026;47.574902
74466.5;349.4;2671964.53;1269794.59;8.395094;47.57491
74473;349.6;2671970.29;1269797.44;8.395171;47.574935
74477.7;349.5;2671975.03;1269797.38;8.395234;47.574934
74482.1;349.6;2671979.07;1269799.1;8.395288;47.574949
74485.8;349.7;2671982.52;1269800.59;8.395334;47.574962
74491.1;349.8;2671987.54;1269802.1;8.395401;47.574975
74497;349.8;2671993.24;1269803.61;8.395477;47.574988
74503.8;350;2671998.76;1269807.68;8.395551;47.575024
74509.7;350;2672004.23;1269809.75;8.395624;47.575042
74516.8;350.1;2672010.35;1269813.38;8.395706;47.575074
74521.7;350.1;2672015.08;1269814.55;8.395769;47.575084
74527.3;350.1;2672020.4;1269816.28;8.39584;47.575099
74532.1;350.1;2672025.21;1269816.68;8.395904;47.575102
74539;350.1;2672031.65;1269819.2;8.39599;47.575124
74544.4;350.1;2672036.82;1269820.71;8.396059;47.575137
74548.6;350.1;2672041.04;1269820.54;8.396115;47.575135
74553.9;350.2;2672046.22;1269821.49;8.396184;47.575143
74558.9;350.1;2672051.26;1269821.89;8.396251;47.575146
74563.8;350.1;2672056.06;1269822.84;8.396315;47.575154
74568.9;350.1;2672061.09;1269823.56;8.396382;47.57516
74575.6;350.1;2672067.7;1269824.53;8.39647;47.575168
74580.8;350.1;2672072.65;1269826.04;8.396536;47.575181
74588.4;350.1;2672079.69;1269828.91;8.39663;47.575206
74594;350;2672085.33;1269829.42;8.396705;47.57521
74599;350;2672090.29;1269829.81;8.396771;47.575213
74604.4;350;2672095.46;1269831.32;8.39684;47.575226
74610.5;350;2672101.47;1269832.51;8.39692;47.575236
74615.3;349.9;2672106.12;1269833.45;8.396982;47.575244
74620.9;350;2672111.52;1269835.08;8.397054;47.575258
74626.6;349.9;2672116.99;1269836.59;8.397127;47.575271
74632.5;349.9;2672122.54;1269838.55;8.397201;47.575288
74638;349.9;2672127.94;1269839.73;8.397273;47.575298
74644.8;349.9;2672134.46;1269841.7;8.39736;47.575315
74650.8;349.9;2672140.24;1269843.32;8.397437;47.575329
74654.9;349.9;2672144.29;1269844.04;8.397491;47.575335
74662.6;349.8;2672151.72;1269845.8;8.39759;47.57535
74666.9;349.8;2672156.01;1269845.96;8.397647;47.575351
74673.2;349.8;2672162.16;1269847.59;8.397729;47.575365
74678;349.8;2672166.89;1269848.1;8.397792;47.575369
74684;349.8;2672172.74;1269849.61;8.39787;47.575382
74690;349.8;2672178.68;1269850.58;8.397949;47.57539
74697.2;349.8;2672185.5;1269852.66;8.39804;47.575408
74702.5;349.8;2672190.67;1269854.06;8.398109;47.57542
74708.2;349.7;2672196.23;1269855.13;8.398183;47.575429
74714.7;349.7;2672202.61;1269856.54;8.398268;47.575441
74719.8;349.7;2672207.48;1269857.82;8.398333;47.575452
74725.2;349.7;2672212.89;1269858.56;8.398405;47.575458
74730.2;349.6;2672217.69;1269859.84;8.398469;47.575469
74735.5;349.6;2672222.75;1269858.34;8.398536;47.575455
74740.9;349.8;2672228.11;1269857.3;8.398607;47.575445
74746.5;349.8;2672233.68;1269857.14;8.398681;47.575443
74752.7;349.8;2672239.76;1269858.22;8.398762;47.575452
74757.9;349.8;2672244.86;1269859.17;8.39883;47.57546
74765.2;349.9;2672252.15;1269859.81;8.398927;47.575465
74770.3;349.8;2672257.18;1269860.65;8.398994;47.575472
74776.7;349.8;2672263.58;1269860.4;8.399079;47.575469
74783.1;349.9;2672269.89;1269861.48;8.399163;47.575478
74787.8;349.9;2672274.63;1269861.42;8.399226;47.575477
74795;349.9;2672281.61;1269862.95;8.399319;47.57549
74807.5;349.9;2672294;1269865.11;8.399484;47.575508
74813.1;350;2672299.49;1269865.73;8.399557;47.575513
74817.7;349.9;2672304.08;1269865.12;8.399618;47.575507
74822.1;350;2672308.52;1269865.06;8.399677;47.575506
74827.1;349.9;2672313.5;1269864.57;8.399743;47.575501
74836.1;350;2672322.45;1269864.34;8.399862;47.575498
74841.1;350.1;2672327.35;1269863.51;8.399927;47.57549
74846.4;350.2;2672332.61;1269864.36;8.399997;47.575497
74849.8;350.1;2672336;1269863.84;8.400042;47.575492
74856.4;350.1;2672342.05;1269861.36;8.400122;47.575469
74860.4;350.2;2672346.04;1269861.63;8.400175;47.575471
74866.4;350.3;2672352.05;1269861.93;8.400255;47.575473
74877.5;350.3;2672362.41;1269857.94;8.400392;47.575436
74881.6;350.3;2672365.46;1269855.2;8.400432;47.575411
74885.8;350.4;2672369.46;1269853.8;8.400485;47.575398
74890.8;350.4;2672373.34;1269850.73;8.400536;47.57537
74894.3;350.5;2672376.66;1269849.55;8.40058;47.575359
74899.9;350.4;2672381.88;1269847.5;8.400649;47.57534
74906;350.6;2672387.98;1269847.02;8.40073;47.575335
74913.7;350.7;2672394.94;1269843.88;8.400822;47.575306
74923.5;350.8;2672403.5;1269839.09;8.400935;47.575262
74929.3;351.1;2672408.13;1269835.59;8.400996;47.57523
74936.8;351.3;2672415.02;1269832.56;8.401087;47.575202
74944.3;352.6;2672421.61;1269828.86;8.401174;47.575168
74951.8;352;2672428.86;1269826.95;8.40127;47.57515
74957.4;351.2;2672434.42;1269827.13;8.401344;47.575151
74961.2;351.4;2672437.98;1269825.84;8.401391;47.575139
74966.8;351.3;2672443.2;1269823.68;8.40146;47.575119
74972.1;351.2;2672448.04;1269821.52;8.401524;47.575099
74977.9;351.3;2672453.26;1269819.13;8.401593;47.575077
74984.1;351.3;2672459.01;1269816.76;8.401669;47.575055
74987.3;351.3;2672462.17;1269816.35;8.401711;47.575051
74993.1;351.3;2672467.9;1269815.53;8.401787;47.575043
74997.4;351.1;2672472.13;1269814.58;8.401843;47.575034
75001.5;351.4;2672475.69;1269812.51;8.40189;47.575015
75005;351.1;2672478.6;1269814.44;8.401929;47.575032
75016.4;351.5;2672486.45;1269806.2;8.402032;47.574957
75026.7;351.2;2672496.59;1269807.66;8.402167;47.574969
75029.8;351.2;2672498.95;1269805.57;8.402198;47.57495
75035.9;351.3;2672504.18;1269802.41;8.402267;47.574921
75042.7;351.3;2672509.5;1269798.14;8.402337;47.574882
75049.6;351.4;2672516.34;1269799;8.402428;47.574889
75061;351.4;2672524.34;1269790.87;8.402533;47.574815
75065.2;351.9;2672526.79;1269787.46;8.402565;47.574784
75075.4;352.2;2672533.28;1269779.64;8.40265;47.574713
75083.8;352.1;2672541.07;1269776.4;8.402753;47.574683
75088.5;351.9;2672545.57;1269777.57;8.402813;47.574693
75092.1;352.2;2672546.89;1269774.25;8.40283;47.574663
75100.3;352.5;2672550.67;1269766.95;8.402879;47.574597
75104.9;353.4;2672554.09;1269763.77;8.402924;47.574568
75117.5;359.5;2672558.3;1269751.93;8.402978;47.574461
75125.3;361.5;2672562.37;1269745.3;8.403031;47.574401
75130.2;360.1;2672567.27;1269744.92;8.403096;47.574397
75137.8;356.3;2672574.85;1269745.9;8.403197;47.574405
75152;351.7;2672586.42;1269754.05;8.403352;47.574477
75160.6;352;2672594.67;1269756.38;8.403462;47.574497
75165.8;351.8;2672599.85;1269757;8.403531;47.574502
75170.2;350.9;2672604.08;1269755.6;8.403587;47.574489
75174.7;350.4;2672608.24;1269753.99;8.403642;47.574474
75184.8;352;2672610.84;1269744.23;8.403675;47.574386
75190.4;352;2672614.66;1269740.16;8.403725;47.574349
75199.5;352;2672620.31;1269733.01;8.403799;47.574284
75205.6;352;2672624.8;1269728.84;8.403858;47.574246
75211.9;352.2;2672630.55;1269726.35;8.403934;47.574223
75216.8;352.1;2672632.94;1269722.04;8.403965;47.574184
75223.2;352.2;2672639.34;1269721.56;8.40405;47.574179
75229.3;352.4;2672644.27;1269718.07;8.404115;47.574147
75236.1;352.5;2672650.41;1269715.03;8.404196;47.574119
75239.6;352.5;2672653.7;1269716.18;8.40424;47.574129
75245.1;352.6;2672656.77;1269711.66;8.40428;47.574088
75252.5;352.6;2672660.46;1269705.26;8.404328;47.57403
75258.1;352.7;2672664.42;1269701.19;8.40438;47.573993
75265.1;352.7;2672668.33;1269695.46;8.404431;47.573941
75271.3;352.8;2672672.23;1269690.61;8.404482;47.573897
75277.6;352.8;2672676.28;1269685.77;8.404535;47.573853
75283.4;352.9;2672680.09;1269681.37;8.404585;47.573813
75288.9;352.9;2672683.38;1269677.07;8.404628;47.573774
75294.3;352.9;2672686.3;1269672.44;8.404666;47.573732
75300.3;353.1;2672689.3;1269667.25;8.404705;47.573685
75306.5;353.3;2672692.15;1269661.72;8.404742;47.573635
75316.5;353.5;2672694.38;1269651.96;8.40477;47.573547
75320.5;353.5;2672696.75;1269648.77;8.404801;47.573518
75324.5;353.6;2672698.9;1269645.46;8.404829;47.573488
75330;353.8;2672701.51;1269640.6;8.404863;47.573444
75334;353.9;2672702.99;1269636.84;8.404882;47.57341
75341.4;354.1;2672706.9;1269630.66;8.404933;47.573354
75345.4;354.3;2672708.23;1269626.78;8.40495;47.573319
75353.4;354.6;2672711.93;1269619.71;8.404998;47.573255
75359.3;354.7;2672713.35;1269614.06;8.405016;47.573204
75364.2;355;2672713.49;1269609.17;8.405017;47.57316
75369.4;355.2;2672713.78;1269603.94;8.40502;47.573113
75374.7;355.3;2672714.3;1269598.61;8.405026;47.573065
75380.3;355.4;2672714.37;1269593.05;8.405026;47.573015
75384.9;355.7;2672713.74;1269588.49;8.405017;47.572974
75390.1;356;2672713.43;1269583.26;8.405012;47.572927
75394.8;356;2672713.49;1269578.59;8.405012;47.572885
75399.6;356.2;2672713.02;1269573.8;8.405005;47.572842
75404.1;356.3;2672712.1;1269569.45;8.404992;47.572803
75408;356.9;2672711.24;1269565.66;8.40498;47.572769
75411.9;356.6;2672710.46;1269561.76;8.404969;47.572734
75416.3;356.8;2672709.61;1269557.52;8.404957;47.572696
75420.7;356.9;2672708.76;1269553.18;8.404945;47.572657
75425.2;357.7;2672707.61;1269548.82;8.404929;47.572618
75429.6;357.6;2672706.53;1269544.59;8.404914;47.57258
75434;358.7;2672705.23;1269540.34;8.404896;47.572542
75438.5;359.2;2672703.93;1269535.99;8.404878;47.572503
75443.4;358.7;2672702.71;1269531.31;8.404861;47.572461
75448;359.6;2672701.49;1269526.84;8.404844;47.572421
75452.6;359;2672700.26;1269522.38;8.404827;47.572381
75457.4;359.6;2672698.96;1269517.81;8.404809;47.57234
75462.1;360.3;2672697.74;1269513.23;8.404792;47.572299
75467;359.6;2672696.59;1269508.55;8.404776;47.572257
75471.9;360.1;2672695.45;1269503.75;8.40476;47.572214
75476.9;359.8;2672694.3;1269498.84;8.404744;47.57217
75482.1;360.1;2672693.16;1269493.83;8.404728;47.572125
75487.2;360.5;2672691.72;1269488.92;8.404708;47.572081
75492.3;360.5;2672690.05;1269484.11;8.404685;47.572038
75497.5;360.9;2672688.23;1269479.2;8.40466;47.571994
75502.8;361.2;2672686.4;1269474.28;8.404635;47.57195
75507.6;361.5;2672684.88;1269469.71;8.404614;47.571909
75511.9;361.8;2672683.65;1269465.58;8.404597;47.571872
75515.4;361.7;2672682.64;1269462.23;8.404583;47.571842
75518.6;362;2672681.55;1269459.21;8.404568;47.571815
75522.6;362.1;2672680.39;1269455.42;8.404552;47.571781
75527.1;362.2;2672679.09;1269451.06;8.404534;47.571742
75531.8;362.3;2672677.49;1269446.6;8.404512;47.571702
75535.6;362.4;2672676.03;1269443.13;8.404492;47.571671
75539.5;362.5;2672674.42;1269439.55;8.40447;47.571639
75543.5;362.5;2672672.73;1269435.97;8.404447;47.571607
75547.2;362.6;2672671.19;1269432.62;8.404426;47.571577
75550.6;362.7;2672669.8;1269429.49;8.404407;47.571549
75554;362.6;2672668.56;1269426.36;8.40439;47.571521
75557.8;362.7;2672667.32;1269422.79;8.404373;47.571489
75562.3;362.7;2672666.32;1269418.33;8.404359;47.571449
75567.2;362.8;2672665.48;1269413.53;8.404347;47.571406
75572.2;362.8;2672664.86;1269408.52;8.404338;47.571361
75577.6;362.9;2672664.63;1269403.18;8.404334;47.571313
75582.8;363;2672664.62;1269397.96;8.404333;47.571266
75587.6;363.1;2672664.6;1269393.17;8.404332;47.571223
75591.9;363.2;2672664.5;1269388.84;8.40433;47.571184
75596;363.3;2672664.56;1269384.72;8.40433;47.571147
75600.3;363.5;2672664.68;1269380.5;8.404331;47.571109
75604.8;363.7;2672665.11;1269375.94;8.404336;47.571068
75609.6;364.1;2672665.85;1269371.28;8.404345;47.571026
75614.5;364;2672666.74;1269366.4;8.404356;47.570982
75619.6;364.3;2672667.78;1269361.41;8.404369;47.570937
75624.8;364.4;2672668.89;1269356.31;8.404383;47.570891
75629.7;364.8;2672669.93;1269351.54;8.404396;47.570848
75634.8;364.9;2672670.82;1269346.55;8.404407;47.570803
75639.8;365.2;2672671.86;1269341.67;8.40442;47.570759
75644.7;365.4;2672672.75;1269336.79;8.404431;47.570715
75649.6;365.6;2672673.56;1269332.01;8.404441;47.570672
75654.2;366;2672674.21;1269327.46;8.404449;47.570631
75658.6;366.3;2672675.02;1269323.14;8.404459;47.570592
75663.1;366.6;2672675.83;1269318.7;8.404469;47.570552
75667.6;366.8;2672676.48;1269314.26;8.404477;47.570512
75672.1;367.3;2672676.99;1269309.82;8.404483;47.570472
75676.3;367.6;2672677.27;1269305.59;8.404486;47.570434
75680.4;367.9;2672677.47;1269301.48;8.404488;47.570397
75684.6;368.3;2672677.82;1269297.26;8.404492;47.570359
75688.8;368.6;2672678.32;1269293.15;8.404498;47.570322
75693;369;2672678.98;1269288.94;8.404506;47.570284
75697.5;369.4;2672679.86;1269284.61;8.404517;47.570245
75702.1;369.7;2672680.89;1269280.06;8.40453;47.570204
75706.6;370.2;2672681.85;1269275.74;8.404542;47.570165
75710.6;370.6;2672682.65;1269271.75;8.404552;47.570129
75714.9;370.9;2672683.61;1269267.53;8.404564;47.570091
75719.2;371.2;2672684.64;1269263.43;8.404577;47.570054
75723.1;371.8;2672685.74;1269259.66;8.404591;47.57002
75726.4;371.6;2672686.83;1269256.56;8.404605;47.569992
75729.6;373.2;2672687.92;1269253.57;8.404619;47.569965
75732.5;372;2672689.01;1269250.81;8.404633;47.56994
75736.1;372.2;2672690.33;1269247.49;8.40465;47.56991
75740.4;372.3;2672691.8;1269243.5;8.404669;47.569874
75744.4;372.7;2672693.28;1269239.74;8.404688;47.56984
75748.6;372.7;2672694.91;1269235.87;8.404709;47.569805
75753.6;372.7;2672696.92;1269231.33;8.404735;47.569764
75759.1;372.7;2672699.24;1269226.36;8.404765;47.569719
75764.2;373.1;2672701.18;1269221.6;8.40479;47.569676
75769;373;2672702.74;1269217.06;8.40481;47.569635
75773.3;373;2672704.15;1269212.96;8.404828;47.569598
75777.6;374;2672705.77;1269208.98;8.404849;47.569562
75781.8;373.8;2672707.48;1269205.22;8.404871;47.569528
75785.5;374;2672709.17;1269201.91;8.404893;47.569498
75789.1;373.1;2672710.94;1269198.7;8.404916;47.569469
75793;373.4;2672712.94;1269195.39;8.404942;47.569439
75797.7;373.6;2672715.02;1269191.19;8.404969;47.569401
75802.3;373.3;2672717.18;1269187.1;8.404997;47.569364
75807.1;373.3;2672719.27;1269182.79;8.405024;47.569325
75811.9;373.3;2672721.28;1269178.48;8.40505;47.569286
75816.7;373.3;2672723.59;1269174.28;8.40508;47.569248
75821.9;373.8;2672725.98;1269169.64;8.405111;47.569206
75826.3;373.8;2672727.68;1269165.55;8.405133;47.569169
75830.6;373.6;2672729.24;1269161.57;8.405153;47.569133
75834.7;373.7;2672730.86;1269157.81;8.405174;47.569099
75838.7;373.6;2672732.71;1269154.27;8.405198;47.569067
75842.8;373.6;2672734.79;1269150.74;8.405225;47.569035
75847.3;373.6;2672737.47;1269147.1;8.40526;47.569002
75852.1;373.4;2672740.52;1269143.36;8.4053;47.568968
75857.1;373.7;2672743.88;1269139.62;8.405344;47.568934
75862.4;373.8;2672747.54;1269135.88;8.405392;47.5689
75871.9;373.2;2672754.17;1269129.07;8.405479;47.568838
75878.8;373.3;2672758.9;1269124.01;8.405541;47.568792
75884.1;373.4;2672762.78;1269120.39;8.405592;47.568759
75890.3;372.5;2672768.01;1269117.01;8.405661;47.568728
75895.5;372.5;2672772.12;1269113.95;8.405715;47.5687
75900.8;372.1;2672776.37;1269110.77;8.405771;47.568671
75905;371.9;2672779.71;1269108.26;8.405815;47.568648
75912.5;371.6;2672785.71;1269103.66;8.405894;47.568606
75922.8;371.2;2672793.18;1269096.64;8.405992;47.568542
75929.1;371;2672796.48;1269091.23;8.406035;47.568493
75933.6;370.8;2672798.71;1269087.36;8.406064;47.568458
75937.8;370.7;2672801.53;1269084.17;8.406101;47.568429
75944.9;370.4;2672805.29;1269078.22;8.40615;47.568375
75950.5;370;2672808.73;1269073.81;8.406195;47.568335
75957.1;369.6;2672811.59;1269067.84;8.406232;47.568281
75967.5;368.9;2672816.9;1269058.9;8.406301;47.5682
75971.5;368.5;2672819.49;1269055.82;8.406335;47.568172
75979.3;367.7;2672824.61;1269049.88;8.406402;47.568118
75988.2;366.7;2672830.78;1269043.5;8.406483;47.56806
76005.4;366.3;2672839.92;1269028.94;8.406602;47.567928
76022.4;365.7;2672851.44;1269016.4;8.406753;47.567814
76028;365.5;2672856.8;1269014.91;8.406824;47.5678
76036.5;365.3;2672862.22;1269008.31;8.406895;47.56774
76045.7;365.5;2672870.37;1269012.41;8.407004;47.567776
76052.5;365.5;2672876.8;1269010.04;8.407089;47.567754
76061.9;365.3;2672884.62;1269004.91;8.407192;47.567707
76069.8;365.1;2672891.22;1269000.55;8.407279;47.567667
76078.5;364.8;2672899.89;1268999.32;8.407394;47.567655
76085.4;364;2672906.6;1268997.74;8.407483;47.56764
76092.3;363.9;2672913.03;1268995.37;8.407568;47.567618
76097.6;365.6;2672918.02;1268993.65;8.407634;47.567602
76103.4;365.6;2672923.68;1268992.39;8.407709;47.56759
76109.4;365.7;2672929.27;1268990.23;8.407783;47.56757
76115.8;365.7;2672935.47;1268988.31;8.407865;47.567552
76122.3;365.7;2672941.88;1268987.5;8.40795;47.567544
76129.6;365.7;2672948.97;1268985.69;8.408044;47.567527
76135;365.7;2672954.31;1268986.09;8.408115;47.56753
76141.6;365.8;2672960.94;1268985.62;8.408203;47.567525
76148;365.8;2672967.27;1268985.25;8.408287;47.567521
76156.3;365.8;2672975.48;1268984.13;8.408396;47.56751
76161.8;365.8;2672980.98;1268983.98;8.408469;47.567508
76167.9;365.9;2672987.08;1268983.83;8.40855;47.567506
76174.6;365.9;2672993.85;1268983.36;8.40864;47.567501
76181.1;366;2673000.26;1268982.77;8.408725;47.567495
76187.4;366;2673006.57;1268983.29;8.408809;47.567499
76193.4;366;2673012.52;1268983.48;8.408888;47.5675
76198.9;366;2673018.08;1268983.66;8.408962;47.567501
76206.9;366.1;2673026.06;1268983.87;8.409068;47.567502
76212.3;366;2673031.34;1268982.6;8.409138;47.56749
76217.5;366.1;2673036.47;1268981.99;8.409206;47.567484
76224.1;366.1;2673043.01;1268982.63;8.409293;47.567489
76229.6;366.2;2673048.36;1268981.47;8.409364;47.567478
76236.4;366.2;2673055.22;1268981;8.409455;47.567473
76241;366.2;2673059.67;1268980.17;8.409514;47.567465
76247.9;366.3;2673066.51;1268981.14;8.409605;47.567473
76255.9;366.3;2673074.55;1268981.91;8.409712;47.567479
76267.6;366.4;2673086.12;1268983.39;8.409866;47.567491
76273.6;366.4;2673092.14;1268983.24;8.409946;47.567489
76279.1;366.5;2673097.64;1268982.75;8.410019;47.567484
76285.4;366.6;2673103.82;1268982.05;8.410101;47.567477
76291;366.4;2673109.46;1268982.34;8.410176;47.567479
76298;366.4;2673116.11;1268980.31;8.410264;47.56746
76304.2;366.6;2673121.49;1268977.15;8.410335;47.567431
76309.7;366.6;2673126.41;1268974.77;8.4104;47.567409
76316.7;366.6;2673132.99;1268972.18;8.410487;47.567385
76322.9;366.6;2673138.81;1268970.14;8.410564;47.567366
76329.7;366.7;2673144.94;1268967.32;8.410645;47.56734
76336.5;366.8;2673151.15;1268964.51;8.410727;47.567314
76342.8;366.8;2673156.98;1268962.02;8.410804;47.567291
76349.9;366.8;2673163.56;1268959.33;8.410891;47.567266
76356.9;366.8;2673170.13;1268956.96;8.410978;47.567244
76364.3;366.8;2673177.16;1268954.71;8.411071;47.567223
76369.2;366.8;2673181.48;1268952.43;8.411128;47.567202
76376.6;366.8;2673188.65;1268950.41;8.411223;47.567183
76384.6;366.9;2673195.92;1268947.16;8.411319;47.567153
76391.2;366.9;2673202.12;1268944.9;8.411401;47.567132
76395.9;367;2673206.51;1268943.07;8.411459;47.567115
76401.2;367;2673211.35;1268941.01;8.411523;47.567096
76407.5;367;2673217.32;1268939.09;8.411602;47.567078
76413.5;367;2673222.99;1268936.93;8.411677;47.567058
76420;367;2673228.96;1268934.45;8.411756;47.567035
76427.2;367.1;2673235.55;1268931.64;8.411843;47.567009
76433.1;367.1;2673240.99;1268929.37;8.411915;47.566988
76438.6;367.1;2673245.99;1268927.1;8.411981;47.566967
76444.2;367.1;2673251.06;1268924.72;8.412048;47.566945
76450.5;367.2;2673257.03;1268922.57;8.412127;47.566925
76455;367.2;2673261.34;1268921.17;8.412184;47.566912
76461.7;367.2;2673267.69;1268919.14;8.412268;47.566893
76467.8;367.2;2673273.43;1268917.21;8.412344;47.566875
76475.1;367.2;2673280.02;1268914.07;8.412431;47.566846
76480;367.2;2673284.63;1268912.23;8.412492;47.566829
76484.8;367.2;2673289.24;1268910.85;8.412553;47.566816
76490.7;367.2;2673294.83;1268909.02;8.412627;47.566799
76496.6;367.2;2673300.35;1268906.87;8.4127;47.566779
76502;367.2;2673305.2;1268904.59;8.412764;47.566758
76507.5;367.2;2673310.34;1268902.66;8.412832;47.56674
76512.7;367.2;2673315.18;1268900.6;8.412896;47.566721
76517.9;367.2;2673320.16;1268899.11;8.412962;47.566707
76522.8;367.2;2673324.78;1268897.5;8.413023;47.566692
76527.7;367.1;2673329.46;1268896.33;8.413085;47.566681
76532.3;367.2;2673333.77;1268894.61;8.413142;47.566665
76537.9;367.2;2673338.84;1268892.22;8.413209;47.566643
76542.8;367.2;2673343.01;1268889.72;8.413264;47.56662
76547.1;367.2;2673347.09;1268888.21;8.413318;47.566606
76551.2;367.3;2673350.87;1268886.81;8.413368;47.566593
76556;367.3;2673355.62;1268885.98;8.413431;47.566585
76560.4;367.3;2673359.49;1268883.81;8.413482;47.566565
76563.9;367.3;2673362.6;1268882.18;8.413523;47.56655
76567.5;367.3;2673365.85;1268880.66;8.413566;47.566536
76570.8;367.3;2673368.88;1268879.36;8.413606;47.566524
76574.4;367.3;2673372.28;1268878.07;8.413651;47.566512
76578.4;367.3;2673375.98;1268876.78;8.4137;47.5665
76583.2;367.3;2673380.81;1268876.07;8.413764;47.566493
76586.5;367.4;2673383.83;1268874.88;8.413804;47.566482
76590;367.4;2673387.01;1268873.36;8.413846;47.566468
76593.3;367.4;2673389.97;1268871.95;8.413885;47.566455
76596.4;367.4;2673392.84;1268870.66;8.413923;47.566443
76602;367.4;2673397.91;1268868.38;8.41399;47.566422
76607.3;367.5;2673402.39;1268865.55;8.414049;47.566396
76613.7;367.5;2673407.77;1268862.17;8.41412;47.566365
76617.7;367.5;2673411.19;1268859.99;8.414165;47.566345
76622.6;367.5;2673415.29;1268857.26;8.414219;47.56632
76628.2;367.5;2673419.84;1268854.09;8.414279;47.566291
76636.7;367.5;2673427.34;1268849.96;8.414378;47.566253
76643.2;367.5;2673432.88;1268846.58;8.414451;47.566222
76649.8;367.5;2673438.71;1268843.54;8.414528;47.566194
76656.9;367.5;2673445.07;1268840.39;8.414612;47.566165
76663;367.6;2673450.53;1268837.57;8.414684;47.566139
76668.5;367.6;2673455.3;1268834.96;8.414747;47.566115
76675.7;367.5;2673461.66;1268831.59;8.414831;47.566084
76682;367.5;2673467.05;1268828.21;8.414902;47.566053
76688.7;367.6;2673472.66;1268824.61;8.414976;47.56602
76695.6;367.6;2673478.58;1268821.02;8.415054;47.565987
76701.6;367.6;2673483.88;1268818.19;8.415124;47.565961
76708;367.6;2673489.49;1268815.15;8.415198;47.565933
76714.4;367.5;2673495.1;1268812.1;8.415272;47.565905
76720.3;367.5;2673500.25;1268809.28;8.41534;47.565879
76726.2;367.5;2673505.4;1268806.34;8.415408;47.565852
76732.3;367.6;2673510.41;1268802.95;8.415474;47.565821
76738.2;367.6;2673515.57;1268799.9;8.415542;47.565793
76743.4;367.6;2673519.82;1268797.06;8.415598;47.565767
76748.7;367.5;2673524.29;1268794.23;8.415657;47.565741
76754.9;367.5;2673529.6;1268790.96;8.415727;47.565711
76760.2;367.3;2673534.3;1268788.57;8.415789;47.565689
76765;367.3;2673538.62;1268786.29;8.415846;47.565668
76770;367.3;2673542.64;1268783.34;8.415899;47.565641
76774.7;367.3;2673546.22;1268780.27;8.415946;47.565613
76779.5;367.2;2673550.31;1268777.76;8.416;47.56559
76783.6;367.2;2673552.84;1268774.57;8.416033;47.565561
76788;367.2;2673556.55;1268772.28;8.416082;47.56554
76791.4;367.1;2673559.43;1268770.54;8.41612;47.565524
76794.5;367.1;2673562.45;1268769.8;8.41616;47.565517
76799.4;367.2;2673567.35;1268769.75;8.416225;47.565516
76804.9;367.3;2673572.28;1268772.25;8.416291;47.565538
76810.9;367.4;2673576.67;1268776.31;8.41635;47.565574
76817.4;367.4;2673580.52;1268781.59;8.416402;47.565621
76823.7;367.4;2673583.08;1268787.4;8.416437;47.565673
76830;367.4;2673585.72;1268793.1;8.416473;47.565724
76837.1;367.4;2673589.63;1268799.05;8.416526;47.565777
76843.7;367.4;2673592.8;1268804.76;8.416569;47.565828
76850;367.4;2673595.36;1268810.57;8.416604;47.56588
76856.5;367.5;2673598.45;1268816.28;8.416646;47.565931
76863.3;367.5;2673601.61;1268822.32;8.416689;47.565985
76869.7;367.6;2673604.4;1268828.03;8.416727;47.566036
76877;367.6;2673608.24;1268834.31;8.416779;47.566092
76883.8;367.6;2673611.62;1268840.13;8.416825;47.566144
76889.7;367.7;2673614.65;1268845.17;8.416866;47.566189
76895.1;367.7;2673617.98;1268849.44;8.416911;47.566227
76899.3;367.9;2673620.72;1268852.7;8.416948;47.566256
76903.2;368;2673623.7;1268855.18;8.416988;47.566278
76907.1;367.9;2673627.22;1268856.89;8.417035;47.566293
76911.5;367.9;2673631.26;1268858.5;8.417089;47.566307
76916.2;367.9;2673635.84;1268859.78;8.41715;47.566318
76921.4;368;2673640.95;1268860.18;8.417218;47.566321
76926.7;368.1;2673646.3;1268859.8;8.417289;47.566317
76932.6;368.1;2673651.97;1268858.09;8.417364;47.566301
76939.2;368;2673657.87;1268855.27;8.417442;47.566275
76945.7;368.1;2673662.96;1268851.22;8.417509;47.566238
76952.7;368.1;2673667.77;1268846.17;8.417572;47.566192
76960.3;368;2673672.43;1268840.11;8.417633;47.566137
76969.5;367.9;2673676.68;1268831.93;8.417688;47.566063
76976.6;367.8;2673680.36;1268825.86;8.417736;47.566008
76984.1;367.8;2673685.1;1268820.14;8.417798;47.565956
76992.3;367.7;2673691.34;1268814.77;8.41788;47.565907
76998.8;367.7;2673694.65;1268809.14;8.417923;47.565856
77006.6;367.6;2673699.61;1268803.2;8.417988;47.565802
77013.8;367.5;2673704.79;1268798.15;8.418056;47.565756
77020.1;367.5;2673708.1;1268792.74;8.418099;47.565707
77026.9;367.4;2673712.9;1268788.02;8.418162;47.565664
77032.4;367.4;2673716.04;1268783.5;8.418203;47.565623
77040.5;367.4;2673721.61;1268777.56;8.418276;47.565569
77047.5;367.3;2673726.26;1268772.4;8.418337;47.565522
77054.9;367.4;2673731.67;1268767.35;8.418408;47.565476
77061.4;367.3;2673736.32;1268762.74;8.418469;47.565434
77068;367.4;2673740.59;1268757.78;8.418525;47.565389
77074.1;367.5;2673743.45;1268752.37;8.418562;47.56534
77081.5;367.5;2673748.78;1268747.21;8.418632;47.565293
77096;367.2;2673763.11;1268744.94;8.418822;47.565271
77102.3;367.2;2673767.23;1268740.21;8.418876;47.565228
77109.7;367.2;2673773.89;1268736.96;8.418964;47.565198
77115.9;367.2;2673778.46;1268732.79;8.419024;47.56516
77122.3;367.4;2673782.59;1268727.84;8.419078;47.565115
77129.4;367.4;2673788.58;1268724.02;8.419157;47.56508
77136.9;367.4;2673795.76;1268721.89;8.419252;47.56506
77143.6;367.4;2673801.22;1268718.07;8.419324;47.565025
77151;367.5;2673807.96;1268715.04;8.419413;47.564997
77158.1;367.5;2673814.03;1268711.33;8.419493;47.564963
77165.3;367.6;2673820.54;1268708.3;8.419579;47.564935
77171.9;367.7;2673826.37;1268705.15;8.419656;47.564906
77178.3;367.6;2673832.2;1268702.55;8.419733;47.564882
77184.7;367.7;2673838.32;1268700.52;8.419814;47.564863
77191.6;367.8;2673844.68;1268697.93;8.419898;47.564839
77199;367.7;2673851.85;1268696.01;8.419993;47.564821
77205.2;367.7;2673857.74;1268694.09;8.420071;47.564803
77210.9;367.8;2673863.26;1268692.6;8.420144;47.564789
77217;367.7;2673869.35;1268692.45;8.420225;47.564787
77223.7;367.8;2673875.78;1268690.53;8.42031;47.564769
77229.6;367.8;2673881.37;1268688.6;8.420384;47.564751
77236.2;367.8;2673887.79;1268687.12;8.420469;47.564737
77243.7;367.9;2673894.96;1268684.88;8.420564;47.564716
77249.9;367.9;2673900.86;1268683.17;8.420642;47.5647
77255.6;367.9;2673906.15;1268680.9;8.420712;47.564679
77262.6;367.9;2673912.8;1268678.99;8.4208;47.564661
77269.6;368;2673919.67;1268677.29;8.420891;47.564645
77276.6;368;2673926.24;1268675.04;8.420978;47.564624
77284.2;368;2673933.79;1268673.91;8.421078;47.564613
77291.3;368;2673940.73;1268672.33;8.42117;47.564598
77295.6;368;2673944.66;1268670.71;8.421222;47.564583
77302.5;368;2673951.38;1268669.02;8.421311;47.564567
77311.9;368.1;2673960.79;1268668.91;8.421436;47.564565
77317.8;368.1;2673966.53;1268667.43;8.421512;47.564551
77327.6;368;2673976.25;1268666.88;8.421641;47.564545
77334.2;368;2673982.66;1268665.4;8.421726;47.564531
77340.2;368.1;2673988.48;1268663.7;8.421803;47.564515
77346.9;368.1;2673994.68;1268661.22;8.421885;47.564492
77354.3;368;2674001.99;1268660.2;8.421982;47.564482
77360.5;368;2674007.96;1268658.49;8.422061;47.564466
77367.4;367.9;2674014.54;1268656.35;8.422148;47.564446
77374.1;368;2674020.96;1268654.32;8.422233;47.564427
77380.6;367.9;2674027.15;1268652.4;8.422315;47.564409
77386.7;367.9;2674032.75;1268650.02;8.422389;47.564387
77394.1;368;2674039.78;1268647.77;8.422482;47.564366
77400.3;368;2674045.75;1268645.96;8.422561;47.564349
77406.2;368;2674051.2;1268643.8;8.422633;47.564329
77412.2;368;2674057.22;1268643.43;8.422713;47.564325
77419.3;368;2674064.23;1268642.3;8.422806;47.564314
77425.7;368;2674070.57;1268641.49;8.42289;47.564306
77432.9;368;2674077.59;1268639.8;8.422983;47.56429
77439.5;368.1;2674083.64;1268637.2;8.423063;47.564266
77447.3;368.1;2674090.83;1268634.18;8.423158;47.564238
77453.9;368;2674096.37;1268630.69;8.423231;47.564206
77460.9;368;2674102.95;1268628.1;8.423318;47.564182
77468.3;367.9;2674109.97;1268625.86;8.423411;47.564161
77475;367.9;2674116.4;1268623.83;8.423496;47.564142
77482;367.9;2674123.04;1268621.91;8.423584;47.564124
77489;367.9;2674129.55;1268619.32;8.42367;47.5641
77496.2;367.9;2674136.35;1268616.96;8.42376;47.564078
77503.3;367.9;2674142.86;1268614.15;8.423846;47.564052
77510.6;367.8;2674149.6;1268611.12;8.423935;47.564024
77518.1;367.8;2674156.77;1268608.99;8.42403;47.564004
77524.7;367.8;2674162.97;1268606.95;8.424112;47.563985
77531.4;367.8;2674168.88;1268603.8;8.42419;47.563956
77538.2;367.8;2674174.72;1268600.32;8.424267;47.563924
77545;367.7;2674181;1268597.5;8.42435;47.563898
77551.6;367.8;2674186.69;1268594.24;8.424425;47.563868
77558.1;367.8;2674192.3;1268590.86;8.424499;47.563837
77565.7;367.8;2674198.75;1268586.94;8.424584;47.563801
77572;367.8;2674203.69;1268583;8.424649;47.563765
77578.5;367.8;2674209;1268579.29;8.424719;47.563731
77585.3;367.9;2674214.77;1268575.58;8.424795;47.563697
77592.2;367.9;2674220.39;1268571.65;8.424869;47.563661
77598.1;367.9;2674225.32;1268568.37;8.424934;47.563631
77604.7;367.9;2674230.79;1268564.66;8.425006;47.563597
77610.9;367.9;2674236.17;1268561.72;8.425077;47.56357
77618.3;367.9;2674243.34;1268559.59;8.425172;47.56355
77624.1;367.9;2674248.05;1268556.2;8.425234;47.563519
77630.4;367.9;2674253.44;1268553.05;8.425305;47.56349
77636.3;367.9;2674258.59;1268550.11;8.425373;47.563463
77643.6;367.9;2674264.81;1268546.41;8.425455;47.563429
77650.2;367.8;2674270.2;1268542.47;8.425526;47.563393
77657.2;367.8;2674276.34;1268539.21;8.425607;47.563363
77664.7;367.8;2674282.93;1268535.63;8.425694;47.56333
77672.2;367.8;2674289.16;1268531.48;8.425776;47.563292
77679.4;367.8;2674294.56;1268526.65;8.425847;47.563248
77685.8;367.9;2674300.61;1268524.73;8.425927;47.56323
77693.1;367.9;2674305.94;1268519.68;8.425997;47.563184
77701.2;368;2674311.95;1268514.31;8.426076;47.563135
77707;368.1;2674317.33;1268511.93;8.426147;47.563113
77713.4;368.2;2674322.42;1268508.1;8.426214;47.563078
77719.3;368.2;2674327.13;1268504.49;8.426276;47.563045
77728;368.3;2674334.04;1268499.35;8.426367;47.562998
77733.3;368.4;2674338.96;1268497.19;8.426432;47.562978
77739.6;368.4;2674344.93;1268495.37;8.426511;47.562961
77746.2;368.3;2674351.21;1268493.12;8.426594;47.56294
77753.5;368.2;2674358.23;1268491.32;8.426687;47.562923
77760.2;368.2;2674364.43;1268488.72;8.426769;47.562899
77766.6;368.3;2674370.33;1268486.35;8.426847;47.562877
77772.8;368.3;2674376.44;1268485.43;8.426928;47.562868
77779.8;368.3;2674383.17;1268483.29;8.427017;47.562848
77787.1;368.3;2674389.83;1268480.37;8.427105;47.562821
77794.5;368.2;2674397.07;1268478.91;8.427201;47.562807
77800.5;368.2;2674402.88;1268477.42;8.427278;47.562793
77808;368.1;2674410.13;1268475.51;8.427374;47.562775
77815.2;368.1;2674417.16;1268473.82;8.427467;47.562759
77821.9;368.1;2674423.51;1268471.57;8.427551;47.562738
77828.9;368.1;2674429.86;1268468.76;8.427635;47.562712
77835.7;368.2;2674436.14;1268466.05;8.427718;47.562687
77842;368;2674441.6;1268463.01;8.42779;47.562659
77848.6;368;2674447.36;1268459.75;8.427866;47.562629
77854.8;368.1;2674452.38;1268456.14;8.427932;47.562596
77861.3;368;2674457.99;1268452.76;8.428006;47.562565
77867.8;368;2674463.16;1268448.83;8.428074;47.562529
77875.4;368;2674469.68;1268444.9;8.42816;47.562493
77882.1;368.1;2674474.77;1268440.63;8.428227;47.562454
77888.7;368.1;2674479.5;1268436.02;8.428289;47.562412
77895.2;368;2674483.85;1268431.18;8.428346;47.562368
77902.3;368;2674488.21;1268425.57;8.428403;47.562317
77909.8;368.2;2674494.51;1268421.42;8.428486;47.562279
77915.6;368.3;2674498.03;1268416.91;8.428532;47.562238
77921.1;368.4;2674502.22;1268413.29;8.428587;47.562205
77928;368.5;2674506.87;1268408.23;8.428648;47.562159
77934.3;368.5;2674511.52;1268403.96;8.428709;47.56212
77940.7;368.5;2674515.57;1268399;8.428762;47.562075
77946.3;368.5;2674519.61;1268395.05;8.428815;47.562039
77952.4;368.5;2674524.1;1268390.99;8.428874;47.562002
77958.9;368.6;2674529.12;1268386.83;8.42894;47.561964
77964.2;368.6;2674531.88;1268382.31;8.428976;47.561923
77971.7;368.6;2674537.59;1268377.37;8.429051;47.561878
77978.6;368.6;2674543.21;1268373.44;8.429125;47.561842
77985.6;368.6;2674549.05;1268369.62;8.429202;47.561807
77992.5;368.5;2674555.12;1268366.37;8.429282;47.561777
77998.7;368.6;2674558.72;1268361.3;8.429329;47.561731
78004.4;368.6;2674562.76;1268357.23;8.429382;47.561694
78010.5;368.6;2674567.25;1268353.17;8.429441;47.561657
78017;368.5;2674572.64;1268349.46;8.429512;47.561623
78023.6;368.5;2674577.37;1268344.85;8.429574;47.561581
78030.7;368.6;2674581.88;1268339.35;8.429633;47.561531
78037.8;368.5;2674587.72;1268335.42;8.42971;47.561495
78044.1;368.5;2674592.22;1268330.92;8.429769;47.561454
78050.6;368.5;2674597.31;1268326.87;8.429836;47.561417
78057.2;368.4;2674602.7;1268323.15;8.429907;47.561383
78063.7;368.5;2674607.65;1268318.99;8.429972;47.561345
78070.1;368.4;2674613.04;1268315.5;8.430043;47.561313
78076;368.4;2674616.71;1268310.88;8.430091;47.561271
78083;368.3;2674622.92;1268307.62;8.430173;47.561241
78089;368.2;2674627.78;1268304.12;8.430237;47.561209
78097.5;368.3;2674634.7;1268299.09;8.430328;47.561163
78105;368.3;2674641.36;1268295.73;8.430416;47.561132
78111.3;368;2674646.97;1268292.91;8.43049;47.561106
78118.4;368.1;2674653.11;1268289.32;8.430571;47.561073
78125.1;367.9;2674659.02;1268286.06;8.430649;47.561043
78132.3;367.9;2674665.09;1268282.35;8.430729;47.561009
78139;367.9;2674670.93;1268278.98;8.430806;47.560978
78146.3;367.9;2674677.3;1268275.39;8.43089;47.560945
78153.3;368;2674683.21;1268271.57;8.430968;47.56091
78160.8;368.1;2674689.73;1268267.88;8.431054;47.560876
78167.6;367.9;2674695.65;1268264.62;8.431132;47.560846
78174.3;368;2674701.56;1268261.35;8.43121;47.560816
78180.8;368;2674707.09;1268258.09;8.431283;47.560786
78187.3;368.1;2674712.49;1268254.38;8.431354;47.560752
78193.9;368.2;2674717.73;1268250.44;8.431423;47.560716
78202;368.3;2674725.58;1268248.2;8.431527;47.560695
78208.3;368.4;2674730.6;1268244.49;8.431593;47.560661
78214.7;368.4;2674735.99;1268241;8.431664;47.560629
78221.8;368.7;2674742.5;1268238.19;8.43175;47.560603
78227.8;368.7;2674747.73;1268235.14;8.431819;47.560575
78234.5;368.8;2674753.93;1268232.77;8.431901;47.560553
78241.1;369;2674759.69;1268229.51;8.431977;47.560523
78247.8;369.1;2674765.01;1268225.46;8.432047;47.560486
78253.8;369.3;2674770.39;1268222.75;8.432118;47.560461
78259.8;369.3;2674775.1;1268219.03;8.43218;47.560427
78265;369.4;2674778.91;1268215.52;8.43223;47.560395
78270.9;369.5;2674783.62;1268212.02;8.432292;47.560363
78278;369.6;2674789.84;1268208.43;8.432374;47.56033
78286.1;369.7;2674795.78;1268202.94;8.432452;47.56028
78291.3;369.8;2674799.07;1268198.98;8.432495;47.560244
78297.8;369.9;2674803.57;1268194.26;8.432554;47.560201
78304.7;370;2674809.41;1268190.66;8.432631;47.560168
78317.6;370.1;2674816.47;1268179.86;8.432723;47.56007
78326.6;370.2;2674822.72;1268173.37;8.432805;47.560011
78334.1;370.3;2674827.39;1268167.54;8.432866;47.559958
78340.8;370.4;2674831.6;1268162.26;8.432921;47.55991
78348.9;370.6;2674836.87;1268156.09;8.43299;47.559854
78355.8;370.8;2674839.96;1268149.91;8.43303;47.559798
78359.9;370.9;2674838.35;1268146.22;8.433008;47.559765
78367.4;371.1;2674843.69;1268140.84;8.433078;47.559716
78378.8;371.3;2674849.08;1268130.79;8.433148;47.559625
78382;371.2;2674848.82;1268133.9;8.433145;47.559653
78390.1;371.5;2674854.31;1268127.96;8.433217;47.559599
78394.2;371.5;2674857.65;1268125.45;8.433261;47.559576
78403.7;371.5;2674864.14;1268118.52;8.433346;47.559513
78410.9;371.7;2674867.98;1268112.45;8.433396;47.559458
78415.3;371.7;2674871.4;1268109.72;8.433441;47.559433
78422.3;371.8;2674876.65;1268105.11;8.43351;47.559391
78427.1;371.8;2674880.46;1268102.16;8.43356;47.559364
78431.8;372;2674882.84;1268098.08;8.433591;47.559327
78443.2;372.2;2674889.58;1268088.93;8.433679;47.559244
78449;372.2;2674895.45;1268089.23;8.433757;47.559246
78456.5;372.3;2674898.69;1268082.49;8.433799;47.559185
78461.9;372.5;2674900.64;1268077.51;8.433824;47.55914
78467.9;372.6;2674904.69;1268073;8.433877;47.559099
78473.9;372.7;2674908.8;1268068.72;8.433931;47.55906
78479.9;372.8;2674912.11;1268063.64;8.433974;47.559014
78485.6;373;2674915.85;1268059.35;8.434023;47.558975
78491.8;373.1;2674919.3;1268054.17;8.434068;47.558928
78499.7;373.2;2674925.31;1268049.13;8.434147;47.558882
78507.6;373.3;2674929.69;1268042.52;8.434204;47.558822
78514.1;373.6;2674933.44;1268037.23;8.434253;47.558774
78523.1;373.9;2674938.28;1268029.61;8.434316;47.558705
78530.2;373.9;2674942.64;1268024.11;8.434373;47.558655
78536.3;374.2;2674946.61;1268019.38;8.434425;47.558612
78541.9;374.3;2674950.43;1268015.31;8.434475;47.558575
78547.9;374.3;2674954.25;1268010.69;8.434525;47.558533
78553.6;374.4;2674958.81;1268007.3;8.434585;47.558502
78560.3;374.5;2674963.76;1268002.81;8.43465;47.558461
78566.4;374.6;2674968.55;1267998.97;8.434713;47.558426
78571;374.6;2674972.42;1267996.47;8.434764;47.558403
78577.7;374.7;2674978.26;1267993.32;8.434841;47.558374
78583.2;374.8;2674982.89;1267990.26;8.434902;47.558346
78590.3;374.9;2674989.18;1267987;8.434985;47.558316
78595.4;374.9;2674993.58;1267984.39;8.435043;47.558292
78601.6;375;2674999.4;1267982.13;8.43512;47.558271
78607.6;375.1;2675005.21;1267980.76;8.435197;47.558258
78615.1;375.2;2675012.53;1267979.29;8.435294;47.558244
78621.6;375.3;2675018.94;1267978.26;8.435379;47.558234
78628.6;375.4;2675025.89;1267976.91;8.435471;47.558221
78634.8;375.4;2675032.05;1267977.21;8.435553;47.558223
78641.3;375.5;2675038.53;1267976.85;8.435639;47.558219
78648.3;375.5;2675045.45;1267977.38;8.435731;47.558223
78654.7;375.5;2675051.84;1267978.13;8.435816;47.558229
78661.2;375.6;2675058.06;1267980.1;8.435899;47.558246
78670.2;375.6;2675066.37;1267983.43;8.43601;47.558275
78676.4;375.6;2675072.37;1267985.17;8.43609;47.55829
78682.7;375.6;2675078.29;1267987.36;8.436169;47.558309
78689.2;375.7;2675084.21;1267989.88;8.436248;47.558331
78696;375.7;2675090.11;1267993.29;8.436327;47.558361
78703.1;375.5;2675095.39;1267998.14;8.436398;47.558404
78709.3;375.5;2675100.93;1268000.88;8.436472;47.558428
78715;375.5;2675105.71;1268003.94;8.436536;47.558455
78721.2;375.5;2675110.63;1268007.79;8.436602;47.558489
78727.4;375.5;2675115.55;1268011.52;8.436668;47.558522
78734.6;375.4;2675121.36;1268015.82;8.436746;47.55856
78740.2;375.3;2675125.99;1268018.88;8.436808;47.558587
78746.7;375.3;2675131.52;1268022.28;8.436882;47.558617
78752.9;375.3;2675136.44;1268026.02;8.436948;47.55865
78759.9;375.2;2675142.03;1268030.31;8.437023;47.558688
78767.2;375.1;2675147.54;1268035.05;8.437097;47.55873
78774.6;374.9;2675153.12;1268040.02;8.437172;47.558774
78782.6;374.8;2675159;1268045.32;8.437251;47.558821
78788.9;374.7;2675164.22;1268048.94;8.437321;47.558853
78795.7;374.6;2675169.66;1268053.02;8.437394;47.558889
78801.5;374.5;2675174.21;1268056.63;8.437455;47.558921
78807.6;374.3;2675179.06;1268060.25;8.43752;47.558953
78815.4;374.2;2675184.78;1268065.55;8.437597;47.559
78822.8;374;2675190.44;1268070.29;8.437673;47.559042
78829.8;373.8;2675196.19;1268074.37;8.43775;47.559078
78836.3;373.8;2675201.56;1268078;8.437822;47.55911
78843.6;373.5;2675207.53;1268082.3;8.437902;47.559148
78850.6;373.4;2675213.5;1268085.93;8.437982;47.55918
78857.4;373.2;2675218.72;1268090.22;8.438052;47.559218
78864.4;373.1;2675224.54;1268094.08;8.43813;47.559252
78871.4;372.9;2675230.28;1268098.16;8.438207;47.559288
78878.5;372.7;2675236.1;1268102.23;8.438285;47.559324
78886;372.6;2675242.07;1268106.76;8.438365;47.559364
78893.2;372.6;2675247.81;1268111.06;8.438442;47.559402
78900.3;372.4;2675253.63;1268115.13;8.43852;47.559438
78907.9;372.1;2675259.89;1268119.44;8.438604;47.559476
78915.5;371.9;2675265.55;1268124.51;8.43868;47.559521
78923;371.8;2675271.59;1268129.04;8.438761;47.559561
78930.6;371.6;2675277.93;1268133.23;8.438846;47.559598
78938.6;371.4;2675284.19;1268138.1;8.43893;47.559641
78946.4;371.2;2675290.61;1268142.62;8.439016;47.559681
78954.1;371.1;2675297.34;1268146.38;8.439106;47.559714
78962;370.8;2675304.06;1268150.47;8.439196;47.55975
78969.9;370.7;2675310.78;1268154.56;8.439286;47.559786
78977.9;370.6;2675317.96;1268158.1;8.439382;47.559817
78986;370.3;2675325.37;1268161.42;8.439481;47.559846
78994;370.1;2675332.7;1268164.73;8.439579;47.559875
79002.1;370.1;2675339.73;1268168.72;8.439673;47.55991
79010.3;369.9;2675347.29;1268171.93;8.439774;47.559938
79019.6;370;2675355.36;1268176.59;8.439882;47.559979
79027.6;369.8;2675363.01;1268178.8;8.439984;47.559998
79035.8;369.7;2675371.04;1268180.35;8.440091;47.560011
79044.3;369.7;2675379.37;1268182.23;8.440202;47.560027
79052.8;369.7;2675387.47;1268184.56;8.44031;47.560047
79061.7;369.5;2675396.34;1268185.56;8.440428;47.560055
79069.8;369.6;2675404.46;1268186.22;8.440536;47.56006
79077.3;369.5;2675411.9;1268187.21;8.440635;47.560068
79085.3;369.5;2675419.79;1268187.97;8.44074;47.560074
79091.9;369.5;2675425.93;1268190.5;8.440822;47.560096
79099.3;369.5;2675433.14;1268192.04;8.440918;47.560109
79107.1;369.5;2675440.96;1268192.47;8.441022;47.560112
79114.3;369.5;2675448.19;1268192.45;8.441118;47.560111
79122.2;369.6;2675456.01;1268193.22;8.441222;47.560117
79130.1;369.7;2675463.91;1268193.43;8.441327;47.560118
79137.7;369.7;2675471.42;1268194.64;8.441427;47.560128
79144.6;369.8;2675478.34;1268194.62;8.441519;47.560127
79158.6;369.7;2675489.91;1268202.44;8.441674;47.560196
79166;369.7;2675497.27;1268203.42;8.441772;47.560204
79173.4;369.8;2675504.56;1268204.85;8.441869;47.560216
79180.8;369.8;2675511.93;1268205.27;8.441967;47.560219
79188.6;369.8;2675519.67;1268206.15;8.44207;47.560226
79196;369.9;2675526.96;1268207.25;8.442167;47.560235
79204.8;370;2675535.43;1268209.69;8.44228;47.560256
79211.5;370.1;2675542.13;1268209.66;8.442369;47.560255
79218.7;370.1;2675549.35;1268210.31;8.442465;47.56026
79225.8;370.2;2675556.35;1268210.07;8.442558;47.560257
79232.9;370.2;2675563.41;1268211.05;8.442652;47.560265
79240;370.3;2675570.56;1268211.14;8.442747;47.560265
79247;370.4;2675577.56;1268211.23;8.44284;47.560265
79254.4;370.5;2675584.93;1268211.77;8.442938;47.560269
79261.5;370.5;2675591.92;1268212.86;8.443031;47.560278
79268.6;370.6;2675598.99;1268212.73;8.443125;47.560276
79275.6;370.7;2675605.99;1268213.04;8.443218;47.560278
79283.2;370.8;2675613.58;1268213.8;8.443319;47.560284
79291.5;370.8;2675621.69;1268215.46;8.443427;47.560298
79297.9;370.9;2675628.07;1268216.44;8.443512;47.560306
79305.6;371.1;2675635.55;1268214.97;8.443611;47.560292
79310.6;371.2;2675640.02;1268212.59;8.44367;47.56027
79317.6;371.2;2675646.84;1268214.23;8.443761;47.560284
79326.5;371.3;2675655.24;1268217.01;8.443873;47.560308
79333.6;371.4;2675662.14;1268218.65;8.443965;47.560322
79344;371.5;2675671.11;1268223.99;8.444085;47.560369
79349.5;371.5;2675676.32;1268222.17;8.444154;47.560352
79358.4;371.4;2675684.48;1268225.61;8.444263;47.560382
79368.1;371.6;2675693.63;1268228.84;8.444385;47.56041
79373.6;371.8;2675697.96;1268225.45;8.444442;47.560379
79382.4;371.8;2675706.43;1268228;8.444555;47.560401
79391.1;371.9;2675714.36;1268231.55;8.444661;47.560432
79397.9;371.9;2675720.89;1268233.3;8.444748;47.560447
79404.7;371.9;2675727.6;1268232.17;8.444837;47.560436
79410.2;371.8;2675732.75;1268230.12;8.444905;47.560417
79416.7;372.1;2675739.14;1268230.76;8.44499;47.560422
79423.4;372.4;2675745.7;1268229.4;8.445077;47.560409
79427.6;372.5;2675749.78;1268228.23;8.445131;47.560398
79433.9;372.7;2675756.1;1268228.31;8.445215;47.560398
79440.5;372.8;2675762.65;1268228.72;8.445302;47.560401
79448.5;372.9;2675770.37;1268230.94;8.445405;47.56042
79454.7;373;2675776.45;1268232.13;8.445486;47.56043
79464.9;372.9;2675785.81;1268236.14;8.445611;47.560465
79471.2;373.1;2675791.97;1268237.44;8.445693;47.560476
79477.3;373.3;2675798.06;1268237.52;8.445774;47.560476
79484.8;373.3;2675805.1;1268240.17;8.445868;47.560499
79490.8;373.5;2675811.12;1268240.69;8.445948;47.560503
79498.4;373.4;2675817.54;1268244.66;8.446034;47.560538
79502.3;373.7;2675821.17;1268243.15;8.446082;47.560524
79510.3;373.8;2675828.59;1268245.92;8.446181;47.560548
79515.8;373.8;2675833.99;1268247.21;8.446253;47.560559
79523.4;373.9;2675840.33;1268251.4;8.446338;47.560596
79532;373.7;2675846.96;1268256.94;8.446427;47.560645
79545.7;374;2675858.23;1268264.64;8.446578;47.560713
79550.5;374;2675863.05;1268264.48;8.446642;47.560711
79558.2;374.1;2675870.32;1268267.02;8.446739;47.560733
79564.5;374.2;2675876.56;1268267.33;8.446822;47.560735
79571.3;374.2;2675882.85;1268270.08;8.446906;47.560759
79581.9;374.3;2675892.19;1268274.98;8.447031;47.560802
79584.9;374.5;2675894.4;1268272.89;8.44706;47.560783
79617.6;374.5;2675917.97;1268295.55;8.447377;47.560984
79623.3;374.6;2675923.44;1268297.17;8.44745;47.560998
79626.8;374.5;2675925.88;1268294.76;8.447482;47.560976
79636.6;374.5;2675934.63;1268299.21;8.447599;47.561015
79642.5;374.4;2675939.94;1268301.95;8.44767;47.561039
79649.4;374.4;2675946.23;1268304.81;8.447754;47.561064
79654.5;374.3;2675950.87;1268306.87;8.447816;47.561082
79658.2;374.3;2675951.66;1268303.32;8.447826;47.56105
79664.4;374.3;2675957.35;1268305.95;8.447902;47.561073
79676;374.2;2675966.14;1268313.51;8.44802;47.56114
79681.1;374.1;2675971.17;1268314.13;8.448087;47.561145
79686.1;374.2;2675971.61;1268309.14;8.448092;47.5611
79701.4;373.8;2675982.92;1268319.4;8.448244;47.561191
79707.6;373.7;2675988.76;1268321.48;8.448322;47.561209
79712;373.7;2675991.74;1268318.18;8.448361;47.561179
79717.4;373.7;2675997.09;1268318.03;8.448432;47.561177
79725.7;373.5;2676004.1;1268322.56;8.448526;47.561217
79733.9;373.3;2676011.43;1268326.11;8.448624;47.561248
79741.9;373.1;2676018.08;1268330.64;8.448713;47.561288
79753.2;372.7;2676027.48;1268336.88;8.448839;47.561343
79762.9;372.8;2676037.06;1268335.33;8.448966;47.561328
79769.7;372.7;2676043.74;1268336.42;8.449055;47.561337
79778.4;372.8;2676052.39;1268337.31;8.44917;47.561344
79786.1;372.4;2676056.82;1268343.7;8.44923;47.561401
79795.2;372.4;2676065.84;1268344.82;8.44935;47.56141
79801;372.4;2676071.23;1268346.78;8.449422;47.561427
79807.6;372.2;2676077.79;1268346.09;8.449509;47.56142
79813.1;372.6;2676082.64;1268343.48;8.449573;47.561396
79819.8;372.2;2676088.7;1268346.45;8.449654;47.561422
79827.2;372.1;2676095.28;1268349.76;8.449742;47.561451
79836.5;371.6;2676102.28;1268355.85;8.449836;47.561505
79843.7;371.4;2676108.55;1268359.38;8.44992;47.561536
79855.6;371.3;2676116.95;1268367.83;8.450033;47.561611
79862.8;371.1;2676123.3;1268371.25;8.450118;47.561641
79869.2;371;2676129.29;1268373.66;8.450198;47.561662
79878.7;370.7;2676135.98;1268380.31;8.450288;47.561721
79885.3;370.6;2676140.97;1268384.6;8.450355;47.561759
79892.1;370.5;2676146.79;1268388.23;8.450433;47.561791
79900;370.3;2676154.13;1268390.99;8.450531;47.561815
79908.6;370.2;2676161.34;1268386.19;8.450626;47.561771
79915.9;370.1;2676167.77;1268389.5;8.450712;47.5618
79928;369.9;2676174.57;1268399.6;8.450804;47.56189
79932.7;369.8;2676178.84;1268401.43;8.450861;47.561906
79939.7;369.7;2676185.59;1268403.3;8.450951;47.561922
79944.4;369.5;2676190.24;1268403.91;8.451013;47.561927
79956.5;369.5;2676200.7;1268410.05;8.451153;47.561981
79964.5;369.4;2676208.19;1268412.82;8.451253;47.562005
79975.3;369.4;2676217.38;1268418.5;8.451376;47.562055
79983.6;369.1;2676225.53;1268416.71;8.451484;47.562038
79992.7;368.7;2676234.22;1268414.04;8.451599;47.562013
80001.3;368.6;2676242;1268417.59;8.451703;47.562044
80009.6;368.7;2676249.95;1268420.03;8.451809;47.562065
80016.9;370;2676257.16;1268421.12;8.451905;47.562074
80025.9;370.1;2676265.86;1268423.35;8.452021;47.562093
80036;368.5;2676272.84;1268430.67;8.452115;47.562158
80046.2;368.6;2676280.43;1268437.55;8.452217;47.562219
80053.6;368.6;2676287.64;1268438.97;8.452313;47.562231
80061.5;368.5;2676295.13;1268441.63;8.452413;47.562254
80069.6;368.5;2676302.93;1268443.84;8.452517;47.562273
80078.8;368.5;2676311.47;1268447.18;8.452631;47.562302
80086.8;368.5;2676319.11;1268449.72;8.452733;47.562324
80096.1;368.6;2676328.04;1268452.06;8.452852;47.562344
80105;368.6;2676336.58;1268454.73;8.452966;47.562367
80112.7;368.4;2676344.26;1268454.94;8.453068;47.562368
80122.7;368.6;2676353.31;1268459.28;8.453189;47.562406
80130.8;368.6;2676361.11;1268461.5;8.453293;47.562425
80138.6;368.6;2676368.68;1268463.37;8.453394;47.562441
80147.1;368.6;2676376.86;1268465.37;8.453503;47.562458
80156.1;368.7;2676385.64;1268467.37;8.45362;47.562475
80163.5;368.7;2676392.84;1268469.36;8.453716;47.562492
80171.6;368.7;2676400.64;1268471.46;8.45382;47.56251
80179.1;368.8;2676408;1268472.78;8.453918;47.562521
80187.1;368.8;2676415.89;1268474.21;8.454023;47.562533
80196.9;368.9;2676424.94;1268477.89;8.454144;47.562565
80206.3;369;2676434.1;1268480.23;8.454266;47.562585
80213.7;369.1;2676441.22;1268482.1;8.454361;47.562601
80222;369.1;2676449.17;1268484.54;8.454467;47.562622
80230.2;369.2;2676457.04;1268486.87;8.454572;47.562642
80238.2;369.3;2676464.61;1268489.52;8.454673;47.562665
80246.1;369.4;2676472.34;1268491.18;8.454776;47.562679
80255.5;369.5;2676481.58;1268492.75;8.454899;47.562692
80263.5;369.6;2676489.22;1268495.18;8.455001;47.562713
80272.4;369.6;2676497.7;1268497.62;8.455114;47.562734
80280.5;369.8;2676505.5;1268499.84;8.455218;47.562753
80289.7;370;2676513.87;1268503.73;8.45533;47.562787
80300.4;370.3;2676523.83;1268507.64;8.455463;47.562821
80309;370.4;2676532.16;1268509.97;8.455574;47.562841
80319.3;370.7;2676541.9;1268513.1;8.455704;47.562868
80329.7;370.5;2676551.87;1268516.23;8.455837;47.562895
80339.4;369.5;2676560.32;1268520.9;8.45595;47.562936
80344.7;371;2676563.53;1268516.71;8.455992;47.562898
80353.7;371.1;2676572.23;1268519.27;8.456108;47.56292
80363.2;371;2676581.22;1268522.39;8.456228;47.562947
80368.3;371.3;2676584.36;1268518.43;8.456269;47.562911
80374.9;371.2;2676590.7;1268516.51;8.456353;47.562893
80386.1;371.5;2676601.27;1268520.21;8.456494;47.562925
80392.7;371.4;2676606.59;1268516.38;8.456564;47.56289
80400.1;371.5;2676613.87;1268517.59;8.456661;47.5629
80407.5;371.7;2676621.24;1268518.57;8.456759;47.562908
80419.3;371.9;2676631.7;1268524.16;8.456899;47.562957
80426.1;372;2676638.3;1268525.69;8.456987;47.56297
80432.9;372.1;2676644.75;1268527.78;8.457073;47.562988
80438.2;372.1;2676649.96;1268526.62;8.457142;47.562977
80448.1;372.3;2676658.47;1268531.62;8.457256;47.563021
80459.7;372.6;2676669.26;1268535.88;8.4574;47.563058
80467.2;372.7;2676676.14;1268538.75;8.457492;47.563083
80474;372.9;2676682.2;1268541.83;8.457573;47.56311
80480.3;373;2676688.51;1268542.8;8.457657;47.563118
80488.2;373;2676696.24;1268544.46;8.45776;47.563132
80494.3;372.9;2676702.2;1268543.64;8.457839;47.563124
80499.7;373;2676707.61;1268544.16;8.457911;47.563128
80508.1;373;2676715.55;1268546.93;8.458017;47.563152
80514.9;372.8;2676722.12;1268545.24;8.458104;47.563136
80521.4;372.9;2676728.42;1268546.65;8.458188;47.563148
80528.8;372.8;2676735.78;1268547.97;8.458286;47.563159
80534.8;372.8;2676741.73;1268548.16;8.458365;47.56316
80541.2;372.6;2676748.03;1268549.24;8.458449;47.563169
80549.6;372.6;2676756.37;1268550.46;8.45856;47.563179
80555.7;372.4;2676762.41;1268549.32;8.45864;47.563168
80562.9;372.3;2676769.39;1268550.97;8.458733;47.563182
80571.5;372.3;2676777.4;1268554.19;8.45884;47.56321
80577.4;372;2676783.27;1268553.82;8.458918;47.563206
80585.6;371.8;2676791.31;1268555.37;8.459025;47.563219
80593.1;371.7;2676798.66;1268556.8;8.459123;47.563231
80599.4;371.6;2676804.98;1268557.1;8.459207;47.563233
80607;371.6;2676812.26;1268559.09;8.459304;47.56325
80615.3;371.6;2676820.36;1268560.86;8.459412;47.563265
80622.4;371.5;2676827.51;1268561.18;8.459507;47.563267
80630.1;371.5;2676835.19;1268561.16;8.459609;47.563266
80637.7;371.6;2676842.7;1268562.48;8.459709;47.563277
80645.8;371.5;2676850.75;1268562.7;8.459816;47.563278
80653.2;371.5;2676858.19;1268562.91;8.459915;47.563279
80661.8;371.5;2676866.71;1268562.02;8.460028;47.56327
80670;371.6;2676874.82;1268563.13;8.460136;47.563279
80676.8;371.6;2676881.68;1268562.99;8.460227;47.563277
80683.8;371.6;2676888.33;1268560.85;8.460315;47.563257
80690.8;371.6;2676895.24;1268561.61;8.460407;47.563263
80697.7;371.8;2676902.08;1268562.37;8.460498;47.563269
80704.5;371.8;2676908.84;1268563.23;8.460588;47.563276
80709.4;371.8;2676913.74;1268562.85;8.460653;47.563272
80714.8;371.9;2676919.15;1268563.37;8.460725;47.563276
80722.6;371.9;2676926.81;1268564.47;8.460827;47.563285
80730.1;372;2676934.28;1268563.23;8.460926;47.563273
80738.5;372.1;2676942.07;1268560.22;8.461029;47.563245
80744.9;372.3;2676948.48;1268559.53;8.461114;47.563238
80752.2;372.3;2676955.71;1268559.17;8.46121;47.563234
80759.4;372.3;2676962.8;1268557.71;8.461304;47.56322
80764.8;372.4;2676968.15;1268557.34;8.461375;47.563216
80771.8;372.4;2676975.14;1268558.43;8.461468;47.563225
80777.7;372.4;2676981.01;1268558.39;8.461546;47.563224
80780.9;372.7;2676982.77;1268555.75;8.461569;47.5632
80786.1;372.7;2676987.76;1268554.14;8.461635;47.563185
80789.2;372.6;2676988.4;1268557.15;8.461644;47.563212
80794.8;372.2;2676987.2;1268562.59;8.461629;47.563261
80797.8;372.2;2676984.19;1268562.66;8.461589;47.563262
80801.2;372.3;2676981.2;1268561.06;8.461549;47.563248
80804.5;372;2676981.01;1268564.4;8.461547;47.563278
80811.1;372;2676986.99;1268567.14;8.461627;47.563302
80817.3;372;2676993.16;1268567.67;8.461709;47.563306
80824;372.1;2676999.85;1268567.98;8.461798;47.563308
80830.9;372.1;2677006.77;1268568.18;8.46189;47.563309
80837.9;372.1;2677013.69;1268568.72;8.461982;47.563313
80845.5;372.6;2677020.51;1268565.25;8.462072;47.563281
80852.7;372.5;2677027.64;1268566.34;8.462167;47.56329
80858;372.6;2677032.85;1268565.74;8.462236;47.563284
80865.2;372.6;2677039.82;1268567.83;8.462329;47.563302
80872.7;372.6;2677047.02;1268569.93;8.462425;47.56332
80883.3;372.5;2677056.21;1268575.05;8.462548;47.563365
80893.9;372.5;2677066.17;1268578.74;8.462681;47.563397
80900.5;372.5;2677072.47;1268580.6;8.462765;47.563413
80909;372.6;2677080.56;1268583.38;8.462873;47.563437
80917;372.6;2677088.05;1268586.25;8.462973;47.563462
80925.7;372.7;2677096.06;1268589.47;8.46308;47.56349
80932.2;372.8;2677102.44;1268590.89;8.463165;47.563502
80942.1;372.8;2677111.26;1268595.34;8.463283;47.563541
80948.7;372.8;2677117.55;1268597.54;8.463367;47.56356
80955.8;372.8;2677123.99;1268600.4;8.463453;47.563585
80963.2;372.9;2677130.65;1268603.6;8.463542;47.563613
80970.9;372.8;2677137.45;1268607.36;8.463633;47.563646
80979.3;372.9;2677144.69;1268611.57;8.46373;47.563683
80988;372.9;2677152.24;1268615.78;8.463831;47.56372
80996.2;372.9;2677159.41;1268619.77;8.463927;47.563755
81004.1;373;2677166.36;1268623.64;8.46402;47.563789
81011.6;373;2677172.94;1268627.28;8.464108;47.563821
81018.6;373;2677178.53;1268631.47;8.464183;47.563858
81026.1;373;2677184.79;1268635.56;8.464267;47.563894
81032.8;373;2677190.7;1268638.75;8.464346;47.563922
81040.2;373;2677196.97;1268642.61;8.46443;47.563956
81050;373;2677204.11;1268649.26;8.464526;47.564015
81056.1;372.9;2677209.26;1268652.67;8.464595;47.564045
81063.9;372.9;2677214.99;1268657.86;8.464672;47.564091
81071.5;372.9;2677221.25;1268662.27;8.464756;47.56413
81077.8;373;2677226.4;1268665.79;8.464825;47.564161
81086.8;372.9;2677232.79;1268672.21;8.464911;47.564218
81091;373;2677236.6;1268673.93;8.464962;47.564233
81096.8;373;2677241.22;1268677.44;8.465024;47.564264
81100.1;373;2677243.68;1268679.69;8.465057;47.564284
81111;372.9;2677251.86;1268686.81;8.465167;47.564347
81126.6;372.7;2677261.03;1268699.49;8.465291;47.56446
81137;372.7;2677267.85;1268707.25;8.465383;47.564529
81143.3;372.6;2677273.38;1268710.44;8.465457;47.564557
81154.9;372.4;2677282.54;1268717.56;8.46558;47.56462
81162.7;372.4;2677288.5;1268722.54;8.46566;47.564664
81171.3;372.4;2677294.82;1268728.29;8.465745;47.564715
81178;372.3;2677299.8;1268732.8;8.465812;47.564755
81182.8;372.3;2677303.22;1268736.18;8.465858;47.564785
81187.5;372.3;2677306.87;1268739.12;8.465907;47.564811
81193.6;372.3;2677311.03;1268743.62;8.465963;47.564851
81201.5;372.2;2677317.82;1268747.72;8.466054;47.564887
81211.8;372.2;2677324.57;1268755.48;8.466145;47.564956
81219;372.2;2677330.38;1268759.78;8.466223;47.564994
81225.8;372.2;2677334.76;1268764.95;8.466282;47.56504
81236.6;372.2;2677341.8;1268773.05;8.466377;47.565112
81268.6;372.4;2677363.62;1268796.58;8.466671;47.565321
81273.6;372.3;2677367.42;1268799.74;8.466722;47.565349
81283.7;372.3;2677376.77;1268803.53;8.466847;47.565382
81290.5;372.3;2677381.98;1268807.94;8.466917;47.565421
81299.1;372.4;2677388.08;1268814.02;8.466999;47.565475
81304.8;372.4;2677392.39;1268817.75;8.467057;47.565508
81310.2;372.4;2677396.41;1268821.36;8.467111;47.56554
81317.2;372.5;2677401.62;1268825.99;8.467181;47.565581
81324;372.5;2677406.98;1268830.17;8.467253;47.565618
81331.4;372.5;2677412.18;1268835.47;8.467323;47.565665
81340;372.6;2677418.88;1268840.89;8.467413;47.565713
81350.8;372.7;2677425.92;1268849.1;8.467508;47.565786
81357.7;372.7;2677431.52;1268853.07;8.467583;47.565821
81365.5;372.7;2677437.09;1268858.59;8.467658;47.56587
81373.4;372.7;2677442.89;1268863.89;8.467736;47.565917
81380.5;372.8;2677448.48;1268868.3;8.467811;47.565956
81386.3;372.8;2677453.56;1268871.04;8.467879;47.56598
81395.3;372.9;2677460.25;1268877.13;8.467969;47.566034
81404.4;373.1;2677467.86;1268882.01;8.468071;47.566077
81413.6;373.1;2677475.55;1268887;8.468174;47.566121
81420.2;373.1;2677481.77;1268889.31;8.468257;47.566141
81427.2;373.1;2677488.28;1268891.95;8.468344;47.566164
81434.9;373.2;2677495.24;1268895.27;8.468437;47.566193
81445.2;373.4;2677503.28;1268901.71;8.468545;47.56625
81453;373.5;2677510.46;1268904.81;8.468641;47.566277
81459.6;373.4;2677516.92;1268905.89;8.468727;47.566286
81466.3;373.5;2677523.29;1268907.87;8.468812;47.566303
81471.9;373.5;2677528.93;1268908.61;8.468887;47.566309
81478.5;373.5;2677535.23;1268910.25;8.468971;47.566323
81483.9;373.5;2677540.56;1268911.43;8.469042;47.566333
81491.2;373.5;2677547.53;1268913.63;8.469135;47.566352
81497.3;373.6;2677553.54;1268914.49;8.469215;47.566359
81504.2;373.5;2677560.29;1268915.69;8.469305;47.566369
81511.3;373.6;2677567.19;1268917.45;8.469397;47.566384
81519.1;373.7;2677574.15;1268921.1;8.46949;47.566416
81525.3;373.8;2677580.07;1268922.85;8.469569;47.566431
81531.5;373.8;2677586.07;1268924.26;8.469649;47.566443
81539.1;373.9;2677593.26;1268926.8;8.469745;47.566465
81545.8;373.9;2677599.87;1268928.11;8.469833;47.566476
81555.5;373.7;2677608.46;1268932.56;8.469948;47.566515
81561.4;373.9;2677614.33;1268933.19;8.470026;47.56652
81568.4;374;2677621.24;1268933.95;8.470118;47.566526
81577.1;374.1;2677629.97;1268934.07;8.470234;47.566526
81584.7;374.1;2677637.48;1268935.28;8.470334;47.566536
81591.3;374.1;2677644.01;1268936.36;8.470421;47.566545
81598.7;374.1;2677651.32;1268935.57;8.470518;47.566537
81604.9;374.1;2677657.56;1268936.1;8.470601;47.566541
81612.1;374.1;2677664.7;1268936.75;8.470696;47.566546
81619;374.1;2677671.54;1268937.84;8.470787;47.566555
81625.5;374.1;2677677.92;1268938.59;8.470872;47.566561
81632.8;374.1;2677685.22;1268938.57;8.470969;47.56656
81640.8;374.2;2677693.19;1268939.23;8.471075;47.566565
81648.2;374.2;2677700.55;1268940.33;8.471173;47.566574
81654.6;374;2677706.7;1268942.08;8.471255;47.566589
81662;374.1;2677714.07;1268942.73;8.471353;47.566594
81667.3;374.1;2677719.33;1268943.69;8.471423;47.566602
81672.3;374.1;2677724.13;1268944.76;8.471487;47.566611
81678.9;373.9;2677730.5;1268946.51;8.471572;47.566626
81685.9;373.9;2677737.41;1268948.05;8.471664;47.566639
81692.9;373.9;2677743.61;1268951.24;8.471747;47.566667
81699.7;373.7;2677750.38;1268951.55;8.471837;47.566669
81708.1;373.6;2677758.8;1268952;8.471949;47.566672
81714.6;373.6;2677764.87;1268954.19;8.47203;47.566691
81723.2;373.6;2677773.27;1268956.3;8.472142;47.566709
81731.2;373.3;2677781.25;1268956.3;8.472248;47.566708
81738;373.2;2677787.94;1268957.16;8.472337;47.566715
81745.8;373.1;2677795.59;1268958.82;8.472439;47.566729
81753.6;372.9;2677803.35;1268958.14;8.472542;47.566722
81761.9;372.8;2677811.57;1268956.92;8.472651;47.56671
81768.2;372.6;2677817.83;1268956;8.472734;47.566701
81768.2;372.4;2677826.47;1268956.89;8.472849;47.566708
81780.8;372;2677838.86;1268959.39;8.473014;47.566729
81787.7;371.9;2677845.72;1268958.59;8.473105;47.566721
81795.2;371.6;2677853.17;1268958.69;8.473204;47.566721
81802.3;371.4;2677860.25;1268957.89;8.473298;47.566713
81812.7;371;2677870.55;1268958.7;8.473435;47.566719
81817.3;371;2677874.86;1268956.97;8.473492;47.566703
81823.09999999999;370.7;2677880.1;1268959.49;8.473562;47.566725
81829.9;370.4;2677886.88;1268959.02;8.473652;47.56672
81837.09999999999;370.3;2677893.46;1268956.11;8.473739;47.566693
81847.3;370;2677903.56;1268955.02;8.473873;47.566682
81855.5;369.7;2677911.63;1268953.57;8.47398;47.566668
81863.09999999999;369.5;2677919.23;1268953.78;8.474081;47.566669
81874.5;369.2;2677929.53;1268948.91;8.474217;47.566624
81882.09999999999;369;2677937.12;1268949.79;8.474318;47.566631
81890.3;368.7;2677944.76;1268946.78;8.474419;47.566603
81898.5;371.2;2677950.71;1268941.07;8.474497;47.566551
81905.7;372;2677956.04;1268936.36;8.474567;47.566508
81912.8;372.4;2677961.89;1268932.21;8.474644;47.56647
81919.9;372.9;2677967.29;1268927.72;8.474715;47.566429
81927.7;371.5;2677967.47;1268919.83;8.474716;47.566358
81936;371.6;2677967.35;1268911.6;8.474713;47.566284
81943.09999999999;371.8;2677967.22;1268904.48;8.47471;47.56622
81950.3;372.3;2677964.45;1268897.89;8.474672;47.566161
81956.59999999999;372.7;2677961.89;1268892.07;8.474637;47.566109
81962.09999999999;373.2;2677961.14;1268886.61;8.474626;47.56606
81967;373.7;2677958.86;1268882.24;8.474595;47.566021
81971.8;374.2;2677956.81;1268877.99;8.474567;47.565983
81977.8;374.5;2677956.21;1268871.98;8.474558;47.565929
81983.4;374.7;2677956.81;1268866.43;8.474565;47.565879
81989;374.9;2677957.71;1268860.88;8.474576;47.565829
81994.8;375.1;2677959.29;1268855.34;8.474596;47.565779
82000.3;375.1;2677961.17;1268850.14;8.47462;47.565732
82006.4;374.5;2677964.62;1268845.07;8.474665;47.565686
82013.9;374.6;2677970.55;1268840.59;8.474743;47.565645
82022;374.7;2677977.75;1268836.79;8.474838;47.56561
82030.4;374.5;2677985.62;1268833.78;8.474942;47.565582
82038.59999999999;374.5;2677993.26;1268830.88;8.475043;47.565555
82046.8;374.4;2678000.82;1268827.75;8.475143;47.565526
82055;374.5;2678008.54;1268824.85;8.475245;47.565499
82066.2;374.5;2678019.48;1268822.55;8.47539;47.565477
82073.4;374.6;2678025.77;1268819.08;8.475473;47.565445
82083.59999999999;374.5;2678035.74;1268816.76;8.475605;47.565423
82091.9;374.5;2678042.72;1268812.3;8.475697;47.565382
82101.2;374.5;2678051.71;1268810.08;8.475816;47.565361
82109.5;374.5;2678059.64;1268807.52;8.475921;47.565337
82116.2;374.5;2678065.7;1268804.82;8.476001;47.565312
82123.7;374.5;2678072.74;1268802.02;8.476094;47.565286
82131;374.5;2678079.32;1268798.99;8.476181;47.565258
82138;374.5;2678085.76;1268796.07;8.476266;47.565231
82145.59999999999;374.5;2678092.58;1268792.72;8.476356;47.5652
82152.4;374.4;2678098.71;1268789.91;8.476437;47.565174
82159.3;374.3;2678105;1268786.99;8.47652;47.565147
82166.4;374.2;2678111.21;1268783.51;8.476602;47.565115
82174;374.1;2678118.47;1268781.49;8.476698;47.565096
82180.9;374.1;2678124.68;1268778.35;8.47678;47.565067
82188.5;373.9;2678131.57;1268775.11;8.476871;47.565037
82195.9;373.8;2678137.87;1268771.3;8.476954;47.565002
82204.2;373.5;2678145.15;1268767.28;8.47705;47.564965
82212.3;373.4;2678152.64;1268764.38;8.477149;47.564938
82220.3;373.2;2678159.76;1268760.69;8.477243;47.564904
82229.09999999999;373;2678168.15;1268757.91;8.477354;47.564878
82237.8;372.7;2678173.88;1268751.31;8.477429;47.564818
82246.2;372.5;2678181.09;1268747.07;8.477524;47.564779
82254.4;372.2;2678186.66;1268741.03;8.477597;47.564724
82262.59999999999;371.9;2678192.68;1268735.44;8.477676;47.564673
82271.3;371.6;2678198.78;1268729.29;8.477756;47.564617
82279.4;371.4;2678205.69;1268725.05;8.477847;47.564578
82286.9;371.2;2678211.62;1268720.46;8.477925;47.564536
82294.4;370.9;2678216.29;1268714.62;8.477986;47.564483
82302.4;370.6;2678222.68;1268709.82;8.47807;47.564439
82310.4;370.4;2678228.84;1268704.67;8.478151;47.564392
82319.9;370;2678235.4;1268697.75;8.478237;47.564329
82327.9;369.8;2678241.57;1268692.72;8.478318;47.564283
82336.09999999999;369.7;2678248.48;1268688.25;8.478409;47.564242
82346.59999999999;369.3;2678256.1;1268681.13;8.478509;47.564177
82356.7;369;2678264.53;1268675.45;8.47862;47.564125
82365.5;368.7;2678271.15;1268669.76;8.478707;47.564073
82375.3;368.4;2678277.79;1268662.51;8.478794;47.564007
82387.4;367.9;2678288.41;1268656.76;8.478934;47.563954
82395.9;367.6;2678294.06;1268650.38;8.479008;47.563896
82405.2;367.4;2678300.47;1268643.57;8.479092;47.563834
82414.4;367.1;2678305.39;1268635.85;8.479156;47.563764
82423.7;366.8;2678310.09;1268627.8;8.479217;47.563691
82433.3;366.5;2678316.66;1268620.77;8.479303;47.563627
82444.09999999999;366.2;2678325.39;1268614.43;8.479418;47.563569
82454.7;365.8;2678334.65;1268609.22;8.47954;47.563521
82465.7;365.4;2678340.86;1268600.18;8.479621;47.563439
82476.2;365.1;2678347.22;1268591.82;8.479704;47.563363
82485.8;364.8;2678353.19;1268584.34;8.479782;47.563295
82494.9;364.5;2678358.93;1268577.29;8.479857;47.563231
82504.59999999999;364.2;2678365.57;1268570.15;8.479944;47.563166
82513.9;363.9;2678371.76;1268563.23;8.480025;47.563103
82523.9;363.6;2678378.11;1268555.53;8.480108;47.563033
82533.9;363.3;2678384.53;1268547.83;8.480192;47.562963
82543.7;363.1;2678391.47;1268540.92;8.480283;47.5629
82553.8;362.7;2678398.12;1268533.34;8.48037;47.562831
82563.5;362.5;2678404.76;1268526.31;8.480457;47.562767
82573.2;362.3;2678411.56;1268519.28;8.480546;47.562703
82580.59999999999;362.1;2678417.11;1268514.46;8.480619;47.562659
82589.7;361.9;2678423.52;1268507.99;8.480703;47.5626
82599.5;361.7;2678429.79;1268500.51;8.480785;47.562532
82608.9;361.5;2678436.5;1268493.92;8.480873;47.562472
82619.59999999999;361.3;2678445.46;1268488.04;8.480991;47.562418
82629.3;361.1;2678453.14;1268482.14;8.481092;47.562364
82639.2;361;2678461.13;1268476.24;8.481197;47.56231
82651.09999999999;361;2678469.67;1268467.9;8.481309;47.562234
82660.7;360.7;2678478.15;1268463.56;8.481421;47.562194
82671.09999999999;360.6;2678487.03;1268458.01;8.481538;47.562143
82680.4;360.5;2678494.41;1268452.44;8.481635;47.562092
82690.59999999999;360.4;2678502.62;1268446.43;8.481743;47.562037
82698.2;360.4;2678509.44;1268442.96;8.481833;47.562005
82707.2;360.2;2678517.69;1268439.52;8.481942;47.561973
82715.8;360.1;2678524.97;1268434.94;8.482038;47.561931
82724.9;360.1;2678532.79;1268430.15;8.482141;47.561887
82733.59999999999;360;2678539.71;1268424.91;8.482232;47.561839
82742.5;360;2678547.52;1268420.67;8.482335;47.5618
82751.8;360;2678555.34;1268415.55;8.482438;47.561753
82760.4;359.8;2678562.7;1268411.2;8.482535;47.561713
82768.59999999999;359.8;2678570.05;1268407.63;8.482632;47.56168
82777.09999999999;359.8;2678577.84;1268404.18;8.482735;47.561648
82786.09999999999;359.8;2678585.51;1268399.5;8.482836;47.561605
82794.9;359.7;2678593.02;1268394.81;8.482935;47.561562
82803.7;359.7;2678600.76;1268390.58;8.483037;47.561523
82812.4;359.6;2678608.48;1268386.68;8.483139;47.561487
82820.7;359.6;2678615.76;1268382.66;8.483235;47.56145
82829.09999999999;359.6;2678622.6;1268377.75;8.483325;47.561405
82837.59999999999;359.6;2678629.96;1268373.62;8.483422;47.561367
82845.7;359.6;2678637.16;1268369.83;8.483517;47.561332
82853.9;359.6;2678644.14;1268365.58;8.483609;47.561293
82862.3;359.7;2678651.72;1268361.79;8.483709;47.561258
82870.3;359.7;2678658.55;1268357.77;8.483799;47.561221
82878.3;359.8;2678665.89;1268354.53;8.483896;47.561191
82886.4;359.9;2678673.24;1268351.18;8.483993;47.56116
82894.09999999999;360.1;2678680.35;1268348.05;8.484087;47.561131
82902.59999999999;360.2;2678687.49;1268343.59;8.484181;47.56109
82910.3;360.4;2678693.79;1268339.11;8.484264;47.561049
82917.9;360.7;2678699.43;1268333.96;8.484338;47.561002
82925.4;360.8;2678706.32;1268331.16;8.484429;47.560976
82932.7;360.9;2678712.98;1268328.14;8.484517;47.560948
82940.3;361.1;2678719.95;1268325;8.484609;47.560919
82949;361.2;2678728.26;1268322.56;8.484719;47.560896
82956.8;361.4;2678735.67;1268319.99;8.484817;47.560872
82964.3;361.4;2678742.41;1268316.85;8.484906;47.560843
82972.3;361.6;2678750.26;1268315.29;8.48501;47.560828
82980;361.7;2678757.52;1268312.72;8.485106;47.560804
82987.2;361.7;2678764.04;1268309.58;8.485192;47.560775
82994.3;361.8;2678770.4;1268306.44;8.485276;47.560746
83001.3;361.9;2678777.05;1268304.19;8.485364;47.560725
83008.09999999999;361.9;2678782.82;1268300.71;8.48544;47.560693
83016.09999999999;361.9;2678790.67;1268298.81;8.485544;47.560675
83023.4;362;2678797.7;1268296.91;8.485637;47.560657
83031.3;361.9;2678805.33;1268295.01;8.485738;47.560639
83038.59999999999;361.9;2678812.36;1268292.88;8.485831;47.560619
83045.9;361.9;2678819.6;1268291.75;8.485927;47.560608
83052.9;361.7;2678826.32;1268290.17;8.486016;47.560593
83060.4;361.7;2678833.71;1268288.83;8.486114;47.56058
83067.8;361.7;2678840.96;1268287.14;8.48621;47.560564
83075.3;361.6;2678848.42;1268286.46;8.486309;47.560557
83082.4;361.6;2678855.36;1268285;8.486401;47.560543
83089.4;361.4;2678862.3;1268284.09;8.486493;47.560534
83095.59999999999;361.3;2678868.55;1268284.17;8.486576;47.560534
83103.8;361.1;2678876.54;1268282.72;8.486682;47.56052
83110.09999999999;361;2678882.87;1268282.14;8.486766;47.560514
83117.59999999999;360.8;2678890.26;1268281.24;8.486864;47.560505
83128.4;360.5;2678901.1;1268281.05;8.487008;47.560502
83137;360.3;2678909.63;1268279.83;8.487121;47.56049
83145.8;359.9;2678918.37;1268278.95;8.487237;47.560481
83154.8;359.8;2678926.98;1268276.5;8.487351;47.560458
83163.09999999999;359.4;2678934.99;1268274.28;8.487457;47.560437
83171.7;359.2;2678943.44;1268272.5;8.487569;47.56042
83180.2;358.9;2678951.46;1268269.71;8.487675;47.560394
83188.2;358.6;2678959.17;1268267.48;8.487777;47.560373
83196.59999999999;358.2;2678967.11;1268264.81;8.487882;47.560348
83204.9;357.9;2678974.46;1268261.02;8.487979;47.560313
83213.3;357.7;2678981.89;1268257;8.488077;47.560276
83221.8;357.5;2678989.69;1268253.55;8.48818;47.560244
83230.2;357.2;2678997.19;1268249.87;8.488279;47.56021
83238.9;357;2679004.84;1268245.74;8.48838;47.560172
83247.2;356.7;2679012.27;1268241.95;8.488478;47.560137
83255.4;356.5;2679019.99;1268239.27;8.48858;47.560112
83265;356.1;2679029.49;1268237.84;8.488706;47.560098
83272.5;355.9;2679036.88;1268236.39;8.488804;47.560084
83280.59999999999;355.8;2679044.74;1268234.49;8.488908;47.560066
83288.9;355.7;2679052.75;1268232.26;8.489014;47.560045
83297.59999999999;355.7;2679061.06;1268229.7;8.489124;47.560021
83305.59999999999;355.6;2679068.55;1268227.02;8.489223;47.559996
83314.4;355.6;2679077.36;1268226.36;8.48934;47.559989
83322.9;355.6;2679085.6;1268224.25;8.489449;47.559969
83331.09999999999;355.5;2679093.73;1268223.58;8.489557;47.559962
83340.2;355.6;2679102.74;1268225.15;8.489677;47.559975
83347.59999999999;355.6;2679110.05;1268224.69;8.489774;47.55997
83354.8;355.7;2679117.21;1268223.78;8.489869;47.559961
83362.5;355.8;2679124.9;1268223.44;8.489971;47.559957
83371;355.7;2679133.31;1268224.67;8.490083;47.559967
83379;355.8;2679141.16;1268223.1;8.490187;47.559952
83386.2;355.8;2679148.39;1268222.65;8.490283;47.559947
83393.9;355.8;2679156.07;1268222.64;8.490385;47.559946
83400.9;355.7;2679163;1268221.95;8.490477;47.559939
83407.59999999999;355.8;2679169.57;1268220.59;8.490564;47.559926
83416.7;356;2679178.03;1268223.93;8.490677;47.559955
83424.8;356;2679186.07;1268224.71;8.490784;47.559961
83430.4;356;2679191.65;1268223.89;8.490858;47.559953
83437.7;356;2679198.94;1268224.77;8.490955;47.55996
83444;356.1;2679204.7;1268222.29;8.491031;47.559937
83452.09999999999;356.2;2679212.66;1268223.51;8.491137;47.559947
83459.8;356.2;2679220.34;1268223.05;8.491239;47.559942
83467.4;356.3;2679227.93;1268223.93;8.49134;47.559949
83475.2;356.3;2679235.63;1268222.37;8.491442;47.559934
83481.4;356.1;2679241.45;1268220.45;8.491519;47.559916
83488.9;356.3;2679248.97;1268221.1;8.491619;47.559921
83498.4;356.5;2679258.37;1268222.23;8.491744;47.55993
83504.2;356.3;2679264.1;1268221.42;8.49182;47.559922
83511.9;356.4;2679271.77;1268221.85;8.491922;47.559925
83518.4;356.4;2679278.32;1268221.61;8.492009;47.559922
83527.8;356.6;2679287.55;1268223.51;8.492132;47.559938
83534;356.6;2679293.73;1268223.04;8.492214;47.559933
83540.9;356.7;2679300.58;1268223.13;8.492305;47.559933
83546.8;356.7;2679306.46;1268222.43;8.492383;47.559926
83556.7;356.8;2679315.99;1268224.89;8.49251;47.559947
83566.09999999999;356.7;2679324.9;1268228.13;8.492629;47.559975
83573;356.8;2679331.66;1268229;8.492719;47.559982
83580.3;356.8;2679338.95;1268230.1;8.492816;47.559991
83589.2;357;2679347.58;1268231.99;8.492931;47.560007
83596.2;357;2679354.41;1268233.75;8.493022;47.560022
83605.7;356.9;2679363.01;1268237.76;8.493137;47.560057
83613.5;356.8;2679370.27;1268240.64;8.493234;47.560082
83621.09999999999;356.8;2679377.38;1268243.4;8.493329;47.560106
83629.7;356.8;2679385.16;1268246.95;8.493433;47.560137
83637.3;356.9;2679392.2;1268249.94;8.493527;47.560163
83645.5;356.8;2679399.68;1268253.15;8.493627;47.560191
83652.59999999999;355.5;2679406.04;1268256.35;8.493712;47.560219
83661.8;352.4;2679413.72;1268261.35;8.493815;47.560263
83670;352.4;2679421.44;1268264.34;8.493918;47.560289
83677.8;353.6;2679428.47;1268267.66;8.494012;47.560318
83685.9;356.8;2679435.79;1268271.21;8.49411;47.560349
83693.9;356.8;2679442.74;1268274.97;8.494203;47.560382
83702.5;356.7;2679450.52;1268278.74;8.494307;47.560415
83710.09999999999;356.8;2679457.63;1268281.51;8.494402;47.560439
83717.8;356.7;2679464.67;1268284.61;8.494496;47.560466
83726.2;356.8;2679472.22;1268288.15;8.494597;47.560497
83735.09999999999;356.9;2679480.3;1268292.04;8.494705;47.560531
83743.8;356.9;2679488.38;1268295.27;8.494813;47.560559
83748.9;356.9;2679493.43;1268295.33;8.49488;47.560559
83757.4;356.9;2679501.6;1268297.78;8.494989;47.56058
83764.4;356.9;2679508.6;1268297.54;8.495082;47.560577
83770.5;357;2679514.61;1268298.18;8.495162;47.560582
83778.2;357;2679522.36;1268298.95;8.495265;47.560588
83787.3;357.2;2679531.13;1268301.07;8.495382;47.560606
83792.9;357.3;2679536.65;1268299.7;8.495455;47.560593
83798.8;357.4;2679540.92;1268295.75;8.495511;47.560557
83806.09999999999;357.6;2679548.22;1268295.4;8.495608;47.560553
83812.9;358;2679554.87;1268293.94;8.495696;47.560539
83819.4;358.3;2679561.28;1268292.8;8.495781;47.560528
83826.09999999999;358.7;2679567.85;1268291.33;8.495868;47.560514
83832.8;359.3;2679574.54;1268291.64;8.495957;47.560516
83839.09999999999;359.8;2679580.73;1268290.62;8.496039;47.560506
83848.5;360.6;2679590.07;1268289.96;8.496163;47.560499
83854.59999999999;361.1;2679596.17;1268289.38;8.496244;47.560493
83860.8;361.5;2679602.28;1268288.46;8.496325;47.560484
83867.4;361.8;2679608.91;1268288.33;8.496413;47.560482
83872.09999999999;362.1;2679613.37;1268286.94;8.496472;47.560469
83877.8;362.5;2679618.67;1268284.79;8.496542;47.560449
83883.59999999999;362.8;2679624.04;1268282.64;8.496613;47.560429
83888.8;363;2679628.52;1268279.92;8.496672;47.560404
83893.8;363.2;2679633.06;1268277.76;8.496732;47.560384
83898.9;363.3;2679637.75;1268275.93;8.496794;47.560367
83903.5;363.6;2679642.28;1268274.99;8.496854;47.560358
83908.09999999999;363.8;2679646.87;1268275.27;8.496915;47.56036
83912.5;364.1;2679651.23;1268275.89;8.496973;47.560365
83916.9;364.7;2679655.5;1268277.06;8.49703;47.560375
83921.7;364.6;2679660.08;1268278.23;8.497091;47.560385
83926.59999999999;364.8;2679664.88;1268279.52;8.497155;47.560396
83931.59999999999;365.1;2679669.68;1268280.81;8.497219;47.560407
83936.2;365.3;2679674.18;1268281.76;8.497279;47.560415
83941.59999999999;365.7;2679679.35;1268283.38;8.497348;47.560429
83946.4;365.8;2679684.08;1268284.34;8.497411;47.560437
83951.3;366;2679688.88;1268285.29;8.497475;47.560445
83955.59999999999;366.4;2679693.1;1268285.57;8.497531;47.560447
83961.59999999999;366.7;2679699.06;1268284.43;8.49761;47.560436
83965.3;367;2679702.61;1268283.59;8.497657;47.560428
83968.9;367.8;2679706.08;1268282.74;8.497703;47.56042
83972.7;368.5;2679709.78;1268281.79;8.497752;47.560411
83976.9;368.2;2679713.86;1268280.85;8.497806;47.560402
83981.09999999999;368.5;2679717.86;1268279.57;8.497859;47.56039
83985;368.9;2679721.57;1268278.39;8.497908;47.560379
83989;369;2679725.49;1268277.56;8.49796;47.560371
83993.2;369.4;2679729.71;1268277.17;8.498016;47.560367
83997.59999999999;369.8;2679734.08;1268277.34;8.498074;47.560368
84001.3;370;2679737.77;1268277.17;8.498123;47.560366
84004.4;370.2;2679740.79;1268276.21;8.498163;47.560357
84008;370.5;2679744.05;1268274.69;8.498206;47.560343
84012.2;370.8;2679747.91;1268273.08;8.498257;47.560328
84017.09999999999;371.2;2679752.67;1268271.92;8.49832;47.560317
84022.7;371.9;2679758.03;1268270.32;8.498391;47.560302
84027.7;372;2679762.5;1268268.05;8.49845;47.560281
84032.5;372.2;2679766.38;1268265.32;8.498501;47.560256
84036.9;372.3;2679769.73;1268262.36;8.498545;47.560229
84041.4;372.5;2679772.64;1268258.96;8.498583;47.560198
84045.8;372.6;2679775.47;1268255.55;8.49862;47.560167
84050.2;372.7;2679778.45;1268252.36;8.498659;47.560138
84054.5;372.9;2679781.35;1268249.18;8.498697;47.560109
84058.9;373;2679784.55;1268246.11;8.498739;47.560081
84063.59999999999;373.1;2679788.35;1268243.38;8.498789;47.560056
84068.5;373.2;2679792.6;1268240.99;8.498845;47.560034
84073.3;373.3;2679796.77;1268238.6;8.4989;47.560012
84078.09999999999;373.4;2679800.72;1268235.87;8.498952;47.559987
84083;373.6;2679804.97;1268233.37;8.499008;47.559964
84088.09999999999;373.7;2679809.45;1268230.99;8.499067;47.559942
84096.5;373.8;2679815.69;1268225.4;8.499149;47.559891
84101.2;373.9;2679819.57;1268222.78;8.4992;47.559867
84108.09999999999;373.8;2679825.71;1268219.64;8.499281;47.559838
84112.59999999999;373.8;2679829.8;1268217.58;8.499335;47.559819
84117.7;373.8;2679834.78;1268216.98;8.499401;47.559813
84122.3;373.8;2679839.38;1268216.16;8.499462;47.559805
84126.9;373.7;2679843.9;1268215.55;8.499522;47.559799
84131.9;373.8;2679848.88;1268214.84;8.499588;47.559792
84137.3;373.9;2679854.16;1268213.91;8.499658;47.559783
84142.7;373.9;2679859.44;1268212.87;8.499728;47.559773
84149.5;374;2679866.16;1268211.63;8.499817;47.559761
84154.9;374;2679870.64;1268208.68;8.499876;47.559734
84159.5;374.1;2679875.1;1268207.3;8.499935;47.559721
84164.3;374.2;2679879.92;1268207.25;8.499999;47.55972
84169.09999999999;374.4;2679884.53;1268205.98;8.50006;47.559708
84173.8;374.4;2679888.47;1268203.48;8.500112;47.559685
84178.7;374.4;2679892.94;1268201.42;8.500171;47.559666
84183.59999999999;374.5;2679896.97;1268198.59;8.500224;47.55964
84188.2;374.5;2679900.99;1268196.42;8.500277;47.55962
84192.59999999999;374.6;2679904.93;1268194.58;8.500329;47.559603
84196.59999999999;374.7;2679908.27;1268192.29;8.500373;47.559582
84201.5;374.9;2679912.67;1268190.13;8.500431;47.559562
84206.3;374.9;2679916.84;1268187.74;8.500486;47.55954
84212;375;2679921.4;1268184.35;8.500546;47.559509
84217.5;375.1;2679925.51;1268180.74;8.5006;47.559476
84222.7;375.3;2679929.99;1268178.13;8.500659;47.559452
84228;375.5;2679934.32;1268174.96;8.500716;47.559423
84234.2;375.3;2679940.36;1268173.82;8.500796;47.559412
84240.59999999999;375.6;2679946.83;1268173.8;8.500882;47.559411
84244.09999999999;375.6;2679949.67;1268175.84;8.50092;47.559429
84247.4;375.7;2679952.84;1268174.99;8.500962;47.559421
84252.7;375.8;2679957.61;1268172.72;8.501025;47.5594
84256;375.9;2679960.5;1268171.09;8.501063;47.559385
84260.09999999999;376;2679964.28;1268169.59;8.501113;47.559371
84265.7;376.1;2679968.1;1268165.52;8.501163;47.559334
84270.09999999999;376.3;2679972.04;1268163.46;8.501215;47.559315
84274.59999999999;376.4;2679976.13;1268161.63;8.501269;47.559298
84279.4;376.5;2679980.3;1268159.24;8.501324;47.559276
84284.5;376.6;2679984.33;1268156.18;8.501377;47.559248
84291.59999999999;376.7;2679989.67;1268151.36;8.501447;47.559204
84297.4;376.8;2679994.97;1268149.1;8.501517;47.559183
84303.4;377;2680000.2;1268146.16;8.501586;47.559156
84310.8;377.1;2680005.69;1268141.24;8.501658;47.559111
84316.7;377.3;2680011.21;1268139.2;8.501731;47.559092
84323.5;377.6;2680017.2;1268135.94;8.50181;47.559062
84331.59999999999;377.6;2680024.69;1268132.82;8.501909;47.559033
84337.8;377.9;2680029.78;1268129.33;8.501976;47.559001
84346.4;378.1;2680037.29;1268125.09;8.502075;47.558962
84355.2;378.4;2680044.14;1268119.63;8.502165;47.558912
84362.09999999999;377.5;2680047.83;1268113.78;8.502213;47.558859
84369.2;377.5;2680053.31;1268109.3;8.502285;47.558818
84373.8;377.6;2680056.74;1268106.23;8.50233;47.55879
84381.4;378.3;2680064.22;1268104.55;8.502429;47.558774
84389.3;378.3;2680071.04;1268100.64;8.502519;47.558738
84396.3;378.2;2680077.41;1268097.73;8.502603;47.558711
84406.09999999999;379.2;2680086.85;1268094.96;8.502728;47.558685
84415;379.3;2680094.3;1268090.06;8.502826;47.55864
84423.09999999999;379.5;2680100.46;1268084.81;8.502907;47.558592
84431.09999999999;379.6;2680106.78;1268079.89;8.50299;47.558547
84439.09999999999;379.8;2680113.16;1268075.19;8.503074;47.558504
84446.8;379.6;2680119.25;1268070.5;8.503154;47.558461
84454.4;379.4;2680125.41;1268065.91;8.503235;47.558419
84462.3;379.4;2680130.98;1268060.31;8.503308;47.558368
84470.09999999999;379.5;2680136.99;1268055.39;8.503387;47.558323
84477.8;379.5;2680143.3;1268051.03;8.50347;47.558283
84486;379.5;2680149.77;1268046;8.503555;47.558237
84493.7;379.6;2680156.44;1268042.09;8.503643;47.558201
84501.09999999999;379.5;2680161.93;1268037.16;8.503715;47.558156
84509.09999999999;379.7;2680168.98;1268033.36;8.503808;47.558121
84516.7;379.8;2680175.51;1268029.45;8.503894;47.558085
84525.09999999999;380;2680182.28;1268024.42;8.503983;47.558039
84532.7;380.1;2680189.17;1268021.18;8.504074;47.558009
84540.2;380.1;2680195.47;1268017.15;8.504157;47.557972
84547.5;380.2;2680201.69;1268013.46;8.504239;47.557938
84555.2;380.2;2680207.11;1268007.97;8.50431;47.557888
84562.59999999999;380.3;2680212.45;1268002.82;8.50438;47.557841
84570.9;380.4;2680220.24;1268000.03;8.504483;47.557815
84578.2;380.5;2680225.28;1267994.65;8.504549;47.557766
84585.7;380.5;2680231.37;1267990.29;8.504629;47.557726
84592.5;380.7;2680236.54;1267985.91;8.504697;47.557686
84600;380.6;2680243.21;1267982.55;8.504785;47.557655
84608.09999999999;380.7;2680250.49;1267978.98;8.504881;47.557622
84615.5;380.8;2680256.34;1267974.5;8.504958;47.557581
84621.2;380.8;2680261.57;1267972.01;8.505027;47.557558
84629.4;380.9;2680268.41;1267967.55;8.505117;47.557517
84636;381.1;2680274.02;1267964.18;8.505191;47.557486
84643.09999999999;381.1;2680279.43;1267959.58;8.505262;47.557444
84650.09999999999;381.2;2680285.35;1267955.77;8.50534;47.557409
84657.4;381.3;2680290.69;1267950.84;8.50541;47.557364
84663.8;381.5;2680296.08;1267947.24;8.505481;47.557331
84670.59999999999;381.6;2680300.22;1267941.85;8.505535;47.557282
84678.59999999999;381.8;2680306.98;1267937.72;8.505624;47.557244
84684.4;382.1;2680311.17;1267933.66;8.505679;47.557207
84690.59999999999;382.4;2680317.07;1267931.85;8.505757;47.55719
84695.4;382.5;2680321.61;1267930.13;8.505817;47.557174
84699.9;382.7;2680326.12;1267930.19;8.505877;47.557174
84707.8;383;2680333.89;1267929.19;8.50598;47.557164
84714.59999999999;383.3;2680340.67;1267928.61;8.50607;47.557158
84720.4;383.7;2680346.46;1267929.02;8.506147;47.557161
84728.5;384.1;2680354.5;1267930.24;8.506254;47.557171
84736.5;384.5;2680362.23;1267932.13;8.506357;47.557187
84742.7;384.8;2680368.31;1267933.55;8.506438;47.557199
84748.09999999999;385.1;2680373.64;1267934.51;8.506509;47.557207
84754.8;385.5;2680380.25;1267935.6;8.506597;47.557216
84761.5;385.8;2680386.78;1267937.02;8.506684;47.557228
84767.3;386.2;2680392.48;1267938.1;8.50676;47.557237
84772.8;386.4;2680397.89;1267938.95;8.506832;47.557244
84778.59999999999;386.8;2680403.52;1267940.36;8.506907;47.557256
84784.2;387.1;2680408.92;1267941.77;8.506979;47.557268
84789.59999999999;387.4;2680414.33;1267942.62;8.507051;47.557275
84794;387.6;2680418.61;1267943.35;8.507108;47.557281
84799.3;387.8;2680423.79;1267944.42;8.507177;47.55729
84804.7;388.2;2680429.11;1267945.49;8.507248;47.557299
84810;388.5;2680434.3;1267946.34;8.507317;47.557306
84814.59999999999;388.7;2680438.88;1267947.07;8.507378;47.557312
84819.3;389;2680443.54;1267947.8;8.50744;47.557318
84824.09999999999;389.3;2680448.19;1267948.98;8.507502;47.557328
84829;389.5;2680452.83;1267950.38;8.507564;47.55734
84834.3;389.9;2680458.01;1267951.78;8.507633;47.557352
84839.8;390.1;2680463.33;1267953.19;8.507704;47.557364
84845.09999999999;390.5;2680468.44;1267954.48;8.507772;47.557375
84850.2;390.7;2680473.39;1267955.55;8.507838;47.557384
84854.8;391;2680477.89;1267956.5;8.507898;47.557392
84859.59999999999;391.3;2680482.62;1267957.23;8.507961;47.557398
84864.59999999999;391.5;2680487.66;1267957.97;8.508028;47.557404
84869.8;391.8;2680492.77;1267958.37;8.508096;47.557407
84874.59999999999;392.1;2680497.58;1267958.77;8.50816;47.55741
84879.09999999999;392.3;2680502.1;1267959.05;8.50822;47.557412
84883.9;392.5;2680506.91;1267959.12;8.508284;47.557412
84888.8;392.8;2680511.73;1267959.3;8.508348;47.557413
84893.3;393.1;2680516.25;1267959.02;8.508408;47.55741
84897.7;393.3;2680520.69;1267958.64;8.508467;47.557406
84902;393.6;2680524.92;1267958.14;8.508523;47.557401
84906.5;393.7;2680529.44;1267957.76;8.508583;47.557397
84911;394;2680533.89;1267957.15;8.508642;47.557391
84915.5;394.4;2680538.34;1267956.55;8.508701;47.557385
84920;394.5;2680542.71;1267955.6;8.508759;47.557376
84924.5;394.8;2680547.1;1267954.44;8.508817;47.557365
84929;395;2680551.47;1267953.61;8.508875;47.557357
84933.3;395.2;2680555.63;1267952.56;8.50893;47.557347
84937.8;395.5;2680560.01;1267951.5;8.508988;47.557337
84942;395.8;2680564.09;1267950.45;8.509042;47.557327
84946.09999999999;396;2680568.09;1267949.39;8.509095;47.557317
84950.09999999999;396.1;2680571.87;1267948.11;8.509145;47.557305
84954.09999999999;396.4;2680575.65;1267946.82;8.509195;47.557293
84957.9;396.7;2680579.21;1267945.54;8.509242;47.557281
84961.4;397;2680582.32;1267944.02;8.509283;47.557267
84964.9;397.2;2680585.5;1267942.51;8.509325;47.557253
84968.4;397.5;2680588.75;1267941.22;8.509368;47.557241
84972;397.7;2680592.23;1267940.16;8.509414;47.557231
84976.09999999999;398.2;2680596.23;1267939.54;8.509467;47.557225
84979.5;398.3;2680599.62;1267939.03;8.509512;47.55722
84983;398.5;2680603.09;1267938.75;8.509558;47.557217
84986.59999999999;398.8;2680606.71;1267938.13;8.509606;47.557211
84990.2;399.1;2680610.18;1267937.62;8.509652;47.557206
84993.59999999999;399.2;2680613.58;1267937;8.509697;47.5572
84997.5;399.5;2680617.49;1267936.83;8.509749;47.557198
85001.5;400;2680621.48;1267937.22;8.509802;47.557201
85005;400.5;2680624.93;1267937.82;8.509848;47.557206
85008.5;400.3;2680628.31;1267938.65;8.509893;47.557213
85012.4;400.7;2680631.98;1267939.81;8.509942;47.557223
85016.7;400.5;2680636.1;1267941.2;8.509997;47.557235
85020.59999999999;400.6;2680639.85;1267942.25;8.510047;47.557244
85024.4;400.8;2680643.44;1267943.52;8.510095;47.557255
85030.4;401;2680648.52;1267946.59;8.510163;47.557282
85034.3;401.3;2680652.27;1267947.87;8.510213;47.557293
85038.3;401.5;2680656.09;1267949.03;8.510264;47.557303
85042.4;401.5;2680659.91;1267950.64;8.510315;47.557317
85046.9;401.8;2680664.1;1267952.15;8.510371;47.55733
85050.8;401.9;2680667.93;1267953.09;8.510422;47.557338
85054.7;402.1;2680671.6;1267954.25;8.510471;47.557348
85058.4;402.4;2680675.12;1267955.41;8.510518;47.557358
85064.09999999999;402.7;2680680.68;1267956.6;8.510592;47.557368
85067.59999999999;403;2680684.05;1267957.53;8.510637;47.557376
85071.4;403;2680687.73;1267958.47;8.510686;47.557384
85075.3;403.3;2680691.47;1267959.75;8.510736;47.557395
85079.3;403.5;2680695.3;1267960.69;8.510787;47.557403
85083.09999999999;403.8;2680699.05;1267961.52;8.510837;47.55741
85087.8;403.9;2680703.55;1267962.91;8.510897;47.557422
85092.59999999999;404.3;2680708.12;1267964.42;8.510958;47.557435
85096.59999999999;404.4;2680711.94;1267965.48;8.511009;47.557444
85100.2;404.6;2680715.39;1267966.52;8.511055;47.557453
85103.5;404.8;2680718.62;1267967.23;8.511098;47.557459
85108.7;405;2680723.75;1267966.42;8.511166;47.557451
85114.4;405.3;2680729.33;1267965.38;8.51124;47.557441
85118;405.5;2680732.95;1267965.21;8.511288;47.557439
85121.3;405.7;2680736.26;1267965.36;8.511332;47.55744
85126.7;405.9;2680741.61;1267964.77;8.511403;47.557434
85129.8;406.1;2680744.63;1267963.92;8.511443;47.557426
85133.59999999999;406.3;2680748.33;1267963.08;8.511492;47.557418
85137.2;406.4;2680751.73;1267962.13;8.511537;47.557409
85140.9;406.5;2680755.36;1267961.18;8.511585;47.5574
85144.4;406.7;2680758.69;1267960.22;8.511629;47.557391
85147.59999999999;406.8;2680761.64;1267959.04;8.511668;47.55738
85151.09999999999;406.9;2680764.75;1267957.3;8.511709;47.557364
85154.9;407;2680768.08;1267955.57;8.511753;47.557348
85158.5;407.2;2680771.19;1267953.72;8.511794;47.557331
85162;407.1;2680774.3;1267952.21;8.511835;47.557317
85165.9;407.2;2680777.86;1267950.59;8.511882;47.557302
85170.3;407.3;2680781.88;1267948.64;8.511935;47.557284
85174.7;407.3;2680785.82;1267946.69;8.511987;47.557266
85179;407.4;2680789.68;1267944.85;8.512038;47.557249
85183.2;407.4;2680793.4;1267943.02;8.512087;47.557232
85187.09999999999;407.4;2680796.96;1267941.28;8.512134;47.557216
85191.2;407.5;2680800.6;1267939.44;8.512182;47.557199
85195.5;407.6;2680804.39;1267937.49;8.512232;47.557181
85199.59999999999;407.6;2680807.88;1267935.21;8.512278;47.55716
85203.7;407.6;2680811.22;1267932.92;8.512322;47.557139
85207.7;407.7;2680814.64;1267930.74;8.512367;47.557119
85212.2;407.8;2680818.44;1267928.35;8.512417;47.557097
85217;407.8;2680822.83;1267926.4;8.512475;47.557079
85221.8;407.8;2680827.22;1267924.46;8.512533;47.557061
85226.7;407.9;2680831.69;1267922.52;8.512592;47.557043
85231.5;408;2680836.23;1267921.03;8.512652;47.557029
85236;408;2680840.61;1267919.98;8.51271;47.557019
85240.7;408.1;2680845.35;1267920.04;8.512773;47.557019
85246;408;2680850.37;1267921.55;8.51284;47.557032
85251.59999999999;408;2680854.99;1267924.73;8.512902;47.55706
85257.4;408;2680858.93;1267929.01;8.512955;47.557098
85263.3;408.1;2680862.09;1267933.95;8.512998;47.557142
85268.9;408.3;2680864.74;1267938.99;8.513034;47.557187
85274.4;408.5;2680867.15;1267943.91;8.513067;47.557231
85279.7;408.8;2680869.27;1267948.72;8.513096;47.557274
85284.7;409;2680871.16;1267953.42;8.513122;47.557316
85289.4;409.2;2680872.91;1267957.78;8.513146;47.557355
85294.09999999999;409.5;2680874.66;1267962.14;8.51317;47.557394
85298.59999999999;409.7;2680876.41;1267966.28;8.513194;47.557431
85303.09999999999;409.9;2680878.16;1267970.42;8.513218;47.557468
85307.7;410.1;2680879.98;1267974.56;8.513243;47.557505
85312.09999999999;410.3;2680881.81;1267978.59;8.513268;47.557541
85316.4;410.5;2680883.64;1267982.5;8.513293;47.557576
85320.7;410.7;2680885.39;1267986.42;8.513317;47.557611
85324.9;410.9;2680887.22;1267990.22;8.513342;47.557645
85329.09999999999;411;2680889.2;1267993.92;8.513369;47.557678
85333.2;411.2;2680891.64;1267997.18;8.513402;47.557707
85337.4;411.2;2680894.84;1267999.89;8.513445;47.557731
85342;411.6;2680899.11;1268001.62;8.513502;47.557746
85346;411.1;2680903.17;1268001.67;8.513556;47.557746
85349.3;411;2680906.12;1268000.38;8.513595;47.557734
85353.3;410.9;2680908.65;1267997.19;8.513628;47.557705
85358.5;411;2680903.62;1267996.23;8.513561;47.557697
85363.8;411;2680898.27;1267996.71;8.51349;47.557702
85369.3;411.1;2680892.77;1267997.08;8.513417;47.557706
85375.5;411.3;2680887.46;1268000.12;8.513347;47.557734
85378.8;411.3;2680884.8;1268002.2;8.513312;47.557753
85382;411.2;2680881.63;1268002.71;8.51327;47.557758
85385.59999999999;411;2680878.49;1268001.11;8.513228;47.557744
85389.59999999999;410.9;2680876.12;1267997.86;8.513196;47.557715
85394.9;410.9;2680874.08;1267992.94;8.513168;47.557671
85405.9;410.3;2680874.08;1267981.93;8.513166;47.557572
85411.59999999999;410;2680871.9;1267976.67;8.513136;47.557525
85417.5;409.7;2680869.56;1267971.3;8.513104;47.557477
85423;409.5;2680867.07;1267966.37;8.51307;47.557433
85429.5;409.2;2680864.21;1267960.55;8.513031;47.557381
85435.4;408.9;2680861.96;1267955.07;8.513;47.557332
85440.7;408.8;2680860.14;1267950.16;8.512975;47.557288
85445.59999999999;408.5;2680858.7;1267945.47;8.512955;47.557246
85449.5;408.4;2680857.4;1267941.78;8.512937;47.557213
85454.3;408.2;2680854.89;1267937.63;8.512903;47.557176
85459.09999999999;408.1;2680852.09;1267933.81;8.512865;47.557142
85462.9;408;2680850.02;1267930.56;8.512837;47.557113
85470.5;408;2680847.64;1267923.3;8.512804;47.557048
85475.09999999999;408.1;2680847.1;1267918.73;8.512796;47.557007
85479.8;408.1;2680848.36;1267914.3;8.512812;47.556967
85483.9;408.1;2680850.82;1267911;8.512844;47.556937
85487.8;408.1;2680853.56;1267908.25;8.51288;47.556912
85491.7;408.1;2680856.9;1267906.19;8.512924;47.556893
85495.8;408.1;2680860.54;1267904.35;8.512972;47.556876
85499.59999999999;408.2;2680864.1;1267902.95;8.513019;47.556863
85503.09999999999;408.2;2680867.43;1267901.77;8.513063;47.556852
85507.2;408.2;2680871.43;1267900.72;8.513116;47.556842
85511.59999999999;408.2;2680875.66;1267899.88;8.513172;47.556834
85515.59999999999;408.4;2680879.66;1267899.05;8.513225;47.556826
85519;408.3;2680882.91;1267898.2;8.513268;47.556818
85524;408.3;2680887.52;1267896.38;8.513329;47.556801
85527.5;408.4;2680890.63;1267894.64;8.51337;47.556785
85532.4;408.4;2680895.03;1267892.48;8.513428;47.556765
85535.7;408.5;2680898.06;1267891.18;8.513468;47.556753
85538.8;408.4;2680901.01;1267890.22;8.513507;47.556744
85542;408.5;2680904.1;1267889.6;8.513548;47.556738
85547.3;408.5;2680909.17;1267887.89;8.513615;47.556722
85551.5;408.6;2680911.55;1267884.47;8.513646;47.556691
85554.9;408.7;2680908.79;1267882.43;8.513609;47.556673
85558.4;408.7;2680906.05;1267884.62;8.513573;47.556693
85562.09999999999;408.7;2680909.17;1267882.66;8.513614;47.556675
85565.8;408.8;2680912.65;1267881.38;8.51366;47.556663
85570.59999999999;408.8;2680917.04;1267879.43;8.513718;47.556645
85575.59999999999;408.8;2680921.51;1267877.16;8.513777;47.556624
85580.3;408.9;2680925.61;1267874.88;8.513831;47.556603
85584.9;408.9;2680929.7;1267872.94;8.513885;47.556585
85589.2;408.9;2680933.71;1267871.21;8.513938;47.556569
85593.5;408.9;2680937.72;1267869.6;8.513991;47.556554
85597.7;408.9;2680941.51;1267867.98;8.514041;47.556539
85601.4;409;2680945.14;1267867.03;8.514089;47.55653
85605.09999999999;409.2;2680948.82;1267867.3;8.514138;47.556532
85608.3;408.9;2680951.12;1267869.56;8.514169;47.556552
85611.9;408.9;2680950.4;1267873.11;8.51416;47.556584
85616.9;408.9;2680946.74;1267876.5;8.514112;47.556615
85622.4;408.8;2680941.67;1267878.55;8.514045;47.556634
85627.9;408.7;2680936.3;1267879.92;8.513974;47.556647
85635.7;408.5;2680928.75;1267881.6;8.513874;47.556663
85641;408.5;2680923.9;1267883.86;8.51381;47.556684
85646.2;408.5;2680919.35;1267886.36;8.51375;47.556707
85651.4;408.4;2680914.65;1267888.63;8.513688;47.556728
85656.8;408.4;2680909.95;1267891.12;8.513626;47.556751
85666.2;408.5;2680902.5;1267896.92;8.513528;47.556804
85671.8;408.3;2680898.31;1267900.64;8.513473;47.556838
85677.2;408.3;2680893.68;1267903.47;8.513412;47.556864
85682.2;408.3;2680889.13;1267905.52;8.513352;47.556883
85687.3;408.3;2680884.51;1267907.57;8.513291;47.556902
85691.9;408.3;2680880.12;1267909.06;8.513233;47.556916
85696.8;408.1;2680875.58;1267911;8.513173;47.556934
85701.59999999999;408.1;2680871.34;1267913.06;8.513117;47.556953
85705.7;408.2;2680867.33;1267914.23;8.513064;47.556964
85709.9;408.1;2680863.69;1267916.18;8.513016;47.556982
85716;408.1;2680858.6;1267919.55;8.512949;47.557013
85720.8;408;2680854.65;1267922.28;8.512897;47.557038
85724.3;408;2680851.76;1267924.35;8.512859;47.557057
85730.3;408.1;2680853.64;1267930.05;8.512885;47.557108
85736;408.2;2680854.54;1267935.62;8.512898;47.557158
85742.2;408.5;2680858.54;1267940.46;8.512952;47.557201
85748.4;408.6;2680862.32;1267945.29;8.513003;47.557244
85754.5;408.9;2680865.03;1267950.78;8.51304;47.557293
85761.09999999999;409.1;2680868.33;1267956.49;8.513085;47.557344
85766.7;409.4;2680870.67;1267961.53;8.513117;47.557389
85772.09999999999;409.7;2680873.7;1267966.02;8.513158;47.557429
85778;409.9;2680876.34;1267971.28;8.513194;47.557476
85783.5;410.2;2680879.13;1267976.1;8.513232;47.557519
85789;410.4;2680881.62;1267981.03;8.513266;47.557563
85794.5;410.6;2680884.12;1267985.85;8.5133;47.557606
85800.09999999999;410.9;2680887.14;1267990.56;8.513341;47.557648
85805.09999999999;411.1;2680889.71;1267994.93;8.513376;47.557687
85810.2;411.2;2680891.91;1267999.52;8.513406;47.557728
85815.7;411.5;2680894.55;1268004.34;8.513442;47.557771
85821.09999999999;410.5;2680896.44;1268009.37;8.513468;47.557816
85826;407.8;2680898.26;1268013.95;8.513493;47.557857
85831;405.8;2680900.31;1268018.43;8.513521;47.557897
85835.8;405.7;2680902.43;1268022.79;8.51355;47.557936
85840.5;405.6;2680904.48;1268027.05;8.513578;47.557974
85844.9;405.7;2680906.23;1268031.07;8.513602;47.55801
85849.5;405.6;2680908.28;1268035.22;8.51363;47.558047
85853.59999999999;405.5;2680910.26;1268038.8;8.513657;47.558079
85857.5;405.5;2680912.02;1268042.27;8.513681;47.55811
85862.2;407.8;2680913.32;1268046.74;8.513699;47.55815
85867;411.6;2680915.14;1268051.21;8.513724;47.55819
85871.4;412.9;2680916.74;1268055.35;8.513746;47.558227
85876.4;413;2680918.4;1268060.04;8.513769;47.558269
85881.7;413.1;2680920.82;1268064.74;8.513802;47.558311
85886.5;413.2;2680922.8;1268069.11;8.513829;47.55835
85891.5;413.3;2680925.75;1268073.15;8.513869;47.558386
85896;413.3;2680928.79;1268076.42;8.51391;47.558415
85899.7;413.2;2680932;1268078.24;8.513953;47.558431
85903.8;413.1;2680936.07;1268077.85;8.514007;47.558427
85906.9;413;2680939.17;1268077.12;8.514048;47.55842
85912.3;412.8;2680942.09;1268072.6;8.514086;47.558379
85917.4;412.8;2680945.53;1268068.86;8.514131;47.558345
85923.09999999999;412.5;2680950.02;1268065.37;8.51419;47.558313
85929.3;412.4;2680954.52;1268061.09;8.514249;47.558274
85935.3;412.2;2680958.87;1268056.93;8.514306;47.558236
85941.3;412;2680964.25;1268054.33;8.514377;47.558212
85947.59999999999;411.8;2680970.08;1268051.96;8.514454;47.55819
85954.09999999999;411.7;2680975.98;1268049.15;8.514532;47.558164
85960.3;411.5;2680981.08;1268045.66;8.514599;47.558132
85967.2;411.3;2680987.29;1268042.64;8.514681;47.558104
85974.4;411.2;2680993.51;1268039.05;8.514763;47.558071
85982.3;411.2;2681000.71;1268035.7;8.514858;47.55804
85989.3;411.2;2681006.48;1268031.78;8.514934;47.558004
85996.2;411.2;2681012.48;1268028.41;8.515013;47.557973
86003.3;411.3;2681018.62;1268024.83;8.515094;47.55794
86008.7;411.3;2681023.96;1268025.46;8.515165;47.557945
86015.59999999999;411.4;2681029.73;1268021.65;8.515241;47.55791
86024;411.6;2681037.83;1268023.76;8.515349;47.557928
86031.8;411.8;2681045.32;1268021.3;8.515448;47.557905
86039.4;411.9;2681052.06;1268017.95;8.515537;47.557874
86046.5;412.1;2681058.21;1268014.25;8.515618;47.55784
86053.8;412.2;2681065.43;1268014.8;8.515714;47.557844
86060.7;412.3;2681071.42;1268011.32;8.515793;47.557812
86066.9;412.4;2681077.25;1268009.29;8.51587;47.557793
86072.8;412.5;2681082.48;1268006.47;8.515939;47.557767
86080.5;412.5;2681089.16;1268002.67;8.516027;47.557732
86087.9;412.7;2681096.4;1268001.1;8.516123;47.557717
86093.4;412.7;2681101.48;1267998.95;8.51619;47.557697
86099.7;412.8;2681106.5;1267995.12;8.516256;47.557662
86106.9;412.8;2681111.98;1267990.53;8.516328;47.55762
86114.4;412.9;2681118.06;1267986.05;8.516408;47.557579
86124.5;413;2681127.88;1267983.85;8.516538;47.557558
86131.2;413.1;2681133.65;1267980.48;8.516614;47.557527
86138.7;413.1;2681140.24;1267976.9;8.516701;47.557494
86145.4;413.3;2681145.72;1267972.98;8.516773;47.557458
86153;413.5;2681151.21;1267967.83;8.516845;47.557411
86160.7;413.7;2681157.37;1267963.13;8.516926;47.557368
86167.9;413.8;2681163.44;1267959.32;8.517006;47.557333
86174.5;413.8;2681169.5;1267956.73;8.517086;47.557309
86179.5;413.9;2681174.41;1267955.58;8.517151;47.557298
86186.3;414;2681180.33;1267952.21;8.517229;47.557267
86193.3;414.2;2681186.98;1267949.97;8.517317;47.557246
86200.2;414.1;2681193.7;1267948.39;8.517406;47.557231
86205.7;414.2;2681198.99;1267946.91;8.517476;47.557217
86212.8;414.4;2681205.57;1267944.44;8.517563;47.557194
86219.5;415.2;2681212.22;1267943.09;8.517651;47.557181
86225.9;415.4;2681218.34;1267941.39;8.517732;47.557165
86232.3;414.7;2681223.44;1267937.46;8.517799;47.557129
86238.7;414.8;2681229.49;1267935.32;8.517879;47.557109
86244.9;414.9;2681234.36;1267931.61;8.517943;47.557075
86250.9;414.9;2681237.06;1267926.19;8.517978;47.557026
86258;415.3;2681244.01;1267924.84;8.51807;47.557013
86263.7;415.2;2681249.45;1267923.25;8.518142;47.556998
86271.4;414.6;2681256.35;1267919.79;8.518233;47.556966
86280.8;415.4;2681265.75;1267920.25;8.518358;47.556969
86286.8;415.5;2681270.69;1267916.76;8.518423;47.556937
86294.5;415.7;2681278.24;1267915.53;8.518523;47.556925
86305.59999999999;416.7;2681289.21;1267917.01;8.518669;47.556937
86315.5;420;2681298.88;1267919.26;8.518798;47.556956
86321.9;418.6;2681304.42;1267916;8.518871;47.556926
86329.7;418.8;2681311.54;1267912.87;8.518965;47.556897
86336.8;417.5;2681317.61;1267909.29;8.519045;47.556864
86343.2;417.6;2681323.67;1267907.15;8.519125;47.556844
86348;417.3;2681327.54;1267904.31;8.519176;47.556818
86353.7;416.4;2681332.77;1267901.94;8.519245;47.556796
86364.8;419.4;2681343.66;1267903.98;8.51939;47.556813
86371.9;419.9;2681350.39;1267901.84;8.519479;47.556793
86377;418;2681353.45;1267897.66;8.519519;47.556755
86384.09999999999;418.4;2681360.11;1267895.31;8.519607;47.556733
86391.2;418.4;2681366.84;1267893.18;8.519696;47.556713
86397.8;418.4;2681373.05;1267890.7;8.519778;47.55669
86405;418.6;2681379.92;1267888.69;8.519869;47.556671
86414.09999999999;420.5;2681388.94;1267889.81;8.519989;47.55668
86421.09999999999;420.4;2681395.67;1267887.79;8.520078;47.556661
86430;422.6;2681404.42;1267886.35;8.520194;47.556647
86436.9;422.7;2681411.14;1267884.67;8.520283;47.556631
86443.4;418.8;2681410.48;1267878.21;8.520273;47.556573
86450.5;417.7;2681416.92;1267875.3;8.520358;47.556546
86455.9;417.7;2681420.07;1267870.89;8.520399;47.556506
86462.2;417.8;2681426.19;1267869.2;8.52048;47.55649
86469.09999999999;417.9;2681432.54;1267866.73;8.520564;47.556467
86475.2;415.7;2681434.81;1267860.97;8.520593;47.556415
86481.4;414;2681439.38;1267856.92;8.520653;47.556378
86489;415.8;2681446.98;1267856.92;8.520754;47.556377
86495;415.9;2681452.8;1267855.44;8.520831;47.556363
86503.59999999999;417.6;2681461.45;1267855.34;8.520946;47.556361
86508.2;417.5;2681465.33;1267852.94;8.520997;47.556339
86514.7;416.3;2681470.06;1267848.45;8.521059;47.556298
86520.9;414.2;2681472.09;1267842.58;8.521085;47.556245
86525.5;414.3;2681476.41;1267840.87;8.521142;47.556229
86529.4;414.3;2681479.67;1267838.8;8.521185;47.55621
86536.3;414.3;2681486.18;1267836.55;8.521271;47.556189
86546;414.7;2681495.71;1267838.35;8.521398;47.556204
86554.8;415.7;2681504.46;1267837.25;8.521514;47.556193
86561.9;415.5;2681510.97;1267834.56;8.5216;47.556168
86568.59999999999;414.8;2681517.03;1267831.64;8.52168;47.556141
86576.8;414.9;2681524.02;1267827.4;8.521772;47.556102
86583.3;414.9;2681530.29;1267825.49;8.521855;47.556084
86590.3;415;2681536.87;1267823.13;8.521942;47.556062
86598.9;415;2681544.68;1267819.46;8.522045;47.556028
86607.59999999999;415;2681553.13;1267817.68;8.522157;47.556011
86615.9;415;2681561.22;1267815.57;8.522264;47.555991
86623.09999999999;415;2681568.31;1267814.22;8.522358;47.555978
86631.59999999999;415.1;2681576.11;1267810.88;8.522461;47.555947
86637.3;415.2;2681580.45;1267807.27;8.522518;47.555914
86641.3;415.2;2681581.93;1267803.51;8.522537;47.55588
86647.7;415.4;2681582.62;1267797.18;8.522545;47.555823
86651.59999999999;415.5;2681581.55;1267793.39;8.52253;47.555789
86658.09999999999;415.6;2681580.2;1267787.03;8.522511;47.555732
86663.5;415.7;2681578.77;1267781.9;8.522491;47.555686
86670.4;415.7;2681578.56;1267775;8.522487;47.555624
86676.7;415.8;2681578.2;1267768.66;8.522481;47.555567
86683.09999999999;415.9;2681578.81;1267762.33;8.522488;47.55551
86687.9;415.9;2681579.41;1267757.55;8.522495;47.555467
86694.8;416;2681580.33;1267750.67;8.522506;47.555405
86702.09999999999;416;2681582.38;1267743.69;8.522532;47.555342
86710.4;416.2;2681584.38;1267735.6;8.522557;47.555269
86714.59999999999;416.3;2681585.94;1267731.73;8.522577;47.555234
86719.8;416.3;2681588.63;1267727.32;8.522612;47.555194
86725;416.3;2681591.48;1267722.91;8.522649;47.555154
86729.09999999999;416.3;2681594.15;1267719.84;8.522684;47.555126
86732.8;416.3;2681595.71;1267716.52;8.522704;47.555096
86739.2;416.1;2681599.39;1267711.24;8.522752;47.555048
86743.09999999999;416.1;2681601.77;1267708.16;8.522783;47.55502
86748.5;416.2;2681605.73;1267704.54;8.522835;47.554987
86753.8;416.3;2681608.88;1267700.25;8.522876;47.554948
86758.59999999999;416.3;2681612.76;1267697.41;8.522927;47.554922
86765.09999999999;416.2;2681617.63;1267693.14;8.522991;47.554883
86771.7;412.9;2681623.98;1267691.12;8.523075;47.554864
86778;409.2;2681629.08;1267687.52;8.523142;47.554831
86784.5;406;2681634.55;1267683.92;8.523214;47.554798
86791.4;405.9;2681639.8;1267679.44;8.523283;47.554757
86798.09999999999;405.9;2681645.42;1267675.84;8.523357;47.554724
86804.59999999999;407.7;2681651.19;1267672.92;8.523433;47.554697
86810.3;410;2681655.75;1267669.43;8.523493;47.554665
86816.5;413.7;2681661.28;1267666.72;8.523566;47.55464
86821.7;416.8;2681665.83;1267664.23;8.523626;47.554617
86827.5;416.9;2681670.99;1267661.41;8.523694;47.554591
86833.3;416.9;2681675.85;1267658.25;8.523758;47.554562
86839.2;417;2681680.05;1267654.19;8.523813;47.554525
86843.7;416.9;2681683.48;1267651.24;8.523858;47.554498
86846.9;416.9;2681685.84;1267649.05;8.523889;47.554478
86850;416.9;2681688.57;1267647.64;8.523925;47.554465
86853.8;417.1;2681691.94;1267649.35;8.52397;47.55448
86857.09999999999;417.1;2681694.08;1267646.83;8.523998;47.554457
86861.4;417.1;2681696.98;1267643.64;8.524036;47.554428
86865.5;417.1;2681700.11;1267641.02;8.524077;47.554404
86870.7;417.3;2681704.07;1267637.62;8.524129;47.554373
86876.8;417.2;2681708.79;1267633.69;8.524191;47.554337
86883.5;417.3;2681714.04;1267629.64;8.52426;47.5543
86890.7;417.4;2681720.34;1267626.06;8.524343;47.554267
86898.3;417.5;2681727.31;1267622.93;8.524435;47.554238
86905.59999999999;417.5;2681733.6;1267619.24;8.524518;47.554204
86913.09999999999;417.6;2681740.05;1267615.55;8.524603;47.55417
86919.59999999999;417.7;2681745.52;1267612.07;8.524675;47.554138
86926;417.7;2681751.21;1267609.03;8.52475;47.55411
86932.7;417.8;2681757.05;1267605.67;8.524827;47.554079
86939.4;417.8;2681762.82;1267602.41;8.524903;47.554049
86946.5;417.9;2681768.82;1267598.49;8.524982;47.554013
86953.5;417.9;2681775.04;1267595.35;8.525064;47.553984
86960.09999999999;418;2681780.73;1267592.09;8.525139;47.553954
86967.09999999999;418;2681786.8;1267588.62;8.525219;47.553922
86972.8;418.2;2681792.03;1267586.24;8.525288;47.5539
86979.3;418.1;2681798.01;1267583.77;8.525367;47.553877
86985.3;418.2;2681803.17;1267580.62;8.525435;47.553848
86990.8;418.4;2681808.1;1267578.24;8.5255;47.553826
86997.09999999999;418.2;2681813.7;1267575.43;8.525574;47.5538
87002.8;418.3;2681818.79;1267572.72;8.525641;47.553775
87007.9;418.3;2681823.41;1267570.67;8.525702;47.553756
87012.59999999999;418.4;2681827.65;1267568.61;8.525758;47.553737
87017.09999999999;418.3;2681831.67;1267566.67;8.525811;47.553719
87021.4;418.2;2681835.61;1267564.72;8.525863;47.553701
87025.4;418.2;2681839.32;1267563.21;8.525912;47.553687
87028.7;418.2;2681842.42;1267562.15;8.525953;47.553677
87033;418.2;2681846.64;1267561.76;8.526009;47.553673
87038.09999999999;418.3;2681848.81;1267557.12;8.526037;47.553631
87042.09999999999;418.4;2681848.72;1267553.11;8.526035;47.553595
87047.09999999999;418.5;2681849.16;1267548.12;8.52604;47.55355
87052.9;418.6;2681851.42;1267542.81;8.526069;47.553502
87059.3;418.7;2681855.7;1267538.09;8.526125;47.553459
87069;418.8;2681865.14;1267535.66;8.52625;47.553436
87076;418.7;2681871.51;1267532.75;8.526334;47.553409
87083.2;418.9;2681877.95;1267529.61;8.526419;47.55338
87090.3;418.8;2681884.61;1267527.04;8.526507;47.553356
87097.09999999999;418.8;2681890.9;1267524.34;8.52659;47.553331
87104.4;418.9;2681897.71;1267521.77;8.52668;47.553307
87111.59999999999;418.9;2681904.44;1267519.41;8.526769;47.553285
87119.09999999999;418.9;2681911.62;1267517.18;8.526864;47.553264
87125.9;418.7;2681918.12;1267515.16;8.52695;47.553245
87132.7;418.8;2681924.63;1267513.13;8.527036;47.553226
87139.7;418.8;2681931.43;1267511.34;8.527126;47.553209
87146.59999999999;418.8;2681938.07;1267509.65;8.527214;47.553193
87153.5;418.6;2681944.8;1267508.08;8.527303;47.553178
87160.5;418.6;2681951.59;1267506.5;8.527393;47.553163
87167.2;418.6;2681958.09;1267504.81;8.527479;47.553147
87174.3;418.7;2681964.89;1267502.91;8.527569;47.553129
87181;418.7;2681971.32;1267500.99;8.527654;47.553111
87187.8;418.6;2681977.89;1267498.97;8.527741;47.553092
87194.7;418.6;2681984.62;1267497.4;8.52783;47.553077
87201.59999999999;418.5;2681991.26;1267495.71;8.527918;47.553061
87208.09999999999;418.4;2681997.47;1267493.68;8.528;47.553042
87215.09999999999;418.3;2682004.19;1267491.66;8.528089;47.553023
87221.5;418.3;2682010.1;1267489.3;8.528167;47.553001
87228.59999999999;418.3;2682016.83;1267487.06;8.528256;47.55298
87235.7;418.2;2682023.56;1267484.93;8.528345;47.55296
87241.59999999999;418.3;2682029.18;1267486.9;8.52842;47.552977
87245;418.3;2682031.99;1267485.05;8.528457;47.55296
87249.7;418.3;2682035.42;1267481.87;8.528502;47.552931
87254.3;418.3;2682037.81;1267477.9;8.528533;47.552895
87259.3;418.2;2682040.28;1267473.6;8.528565;47.552856
87265.4;418.2;2682043.21;1267468.19;8.528603;47.552807
87273.8;418.2;2682047.23;1267460.79;8.528655;47.55274
87281.09999999999;418.1;2682052.2;1267455.41;8.52872;47.552691
87289.09999999999;418.2;2682058.88;1267451.17;8.528808;47.552652
87295.9;418.2;2682064.95;1267447.92;8.528888;47.552622
87302.8;418.2;2682071.67;1267446.68;8.528977;47.55261
87309;418.2;2682077.78;1267445.32;8.529058;47.552597
87314.5;418.2;2682083.28;1267445.5;8.529131;47.552598
87321;418.1;2682088.8;1267448.81;8.529205;47.552627
87332.09999999999;418.2;2682099.29;1267452.62;8.529345;47.55266
87338.9;418.2;2682104.65;1267456.7;8.529417;47.552696
87347;418.2;2682110.67;1267462.23;8.529498;47.552745
87354.7;418.3;2682116.63;1267467.1;8.529578;47.552788
87362.9;418.4;2682123.11;1267472.08;8.529665;47.552832
87370.7;418.7;2682130.37;1267474.96;8.529762;47.552857
87376.9;418.8;2682136.53;1267475.71;8.529844;47.552863
87386.4;419;2682145.24;1267472.05;8.529959;47.552829
87393.8;419.1;2682152.2;1267469.37;8.530051;47.552804
87401.3;419.3;2682159.31;1267467.13;8.530145;47.552783
87409.2;419.4;2682166.65;1267464.23;8.530242;47.552756
87416.5;419.5;2682173.1;1267460.76;8.530327;47.552724
87424.3;419.6;2682179.34;1267456.07;8.530409;47.552681
87432.09999999999;419.7;2682185.13;1267450.92;8.530485;47.552634
87439.8;419.9;2682191.15;1267446;8.530564;47.552589
87448.2;420;2682197.47;1267440.53;8.530647;47.552539
87456.2;420.1;2682204.3;1267436.29;8.530737;47.5525
87463.4;420.2;2682209.94;1267431.92;8.530811;47.55246
87470.9;420.3;2682215.8;1267427.22;8.530888;47.552417
87478.9;420.4;2682222.04;1267422.19;8.53097;47.552371
87485.9;420.4;2682227.45;1267417.82;8.531041;47.552331
87493.09999999999;420.5;2682233.38;1267413.56;8.531119;47.552292
87500.2;420.6;2682238.27;1267408.52;8.531183;47.552246
87507.59999999999;420.7;2682244.27;1267404.15;8.531262;47.552206
87515.7;420.8;2682249.85;1267398.34;8.531335;47.552153
87522.4;420.9;2682254.44;1267393.4;8.531395;47.552108
87530;421;2682259.78;1267388.02;8.531465;47.552059
87538.09999999999;420.9;2682265.73;1267382.55;8.531543;47.552009
87545.09999999999;421.1;2682271.21;1267378.17;8.531615;47.551969
87552.09999999999;421.3;2682276.62;1267373.69;8.531686;47.551928
87559.2;421.2;2682282.25;1267369.43;8.53176;47.551889
87566.2;421.4;2682287.73;1267364.95;8.531832;47.551848
87573.9;421.4;2682293.74;1267360.25;8.531911;47.551805
87581.5;421.8;2682299.46;1267355.22;8.531986;47.551759
87588.8;421.7;2682305.54;1267351.19;8.532066;47.551722
87596.4;421.7;2682311.99;1267347.16;8.532151;47.551685
87603.4;421.9;2682317.84;1267343.35;8.532228;47.55165
87610.59999999999;421.9;2682323.33;1267338.65;8.5323;47.551607
87617.9;422.6;2682328.97;1267333.94;8.532374;47.551564
87625;422.3;2682335.04;1267330.25;8.532454;47.55153
87632.59999999999;422.2;2682341.42;1267326.22;8.532538;47.551493
87639.5;422.3;2682346.97;1267322.07;8.532611;47.551455
87646.4;422.4;2682352.89;1267318.49;8.532689;47.551422
87653.59999999999;422.5;2682358.82;1267314.45;8.532767;47.551385
87660.5;422.6;2682364.38;1267310.31;8.53284;47.551347
87667.9;422.8;2682370.24;1267305.83;8.532917;47.551306
87674.7;422.8;2682375.49;1267301.57;8.532986;47.551267
87681.9;422.9;2682381.35;1267297.31;8.533063;47.551228
87689.8;423;2682387.44;1267292.39;8.533143;47.551183
87696.2;423.1;2682393.13;1267289.36;8.533218;47.551155
87703.2;423.1;2682398.83;1267285.32;8.533293;47.551118
87709.8;423.5;2682403.93;1267281.17;8.53336;47.55108
87717;423.4;2682410.3;1267277.81;8.533444;47.551049
87724;423.3;2682416.59;1267274.78;8.533527;47.551021
87730.4;423.5;2682422.06;1267271.41;8.533599;47.55099
87737.9;423.5;2682428.44;1267267.5;8.533683;47.550954
87745.8;423.5;2682435.49;1267263.82;8.533776;47.55092
87753.2;423.5;2682442.16;1267260.57;8.533864;47.55089
87760.09999999999;423.4;2682448.52;1267257.88;8.533948;47.550865
87767.09999999999;423.4;2682454.74;1267254.74;8.53403;47.550836
87773.5;423.2;2682460.35;1267251.6;8.534104;47.550807
87779.59999999999;423.4;2682466.1;1267249.68;8.53418;47.550789
87785.8;423.4;2682471.2;1267246.08;8.534247;47.550756
87792.5;423.4;2682476.45;1267242.04;8.534316;47.550719
87798.4;423.4;2682481.53;1267238.88;8.534383;47.55069
87805.3;423.4;2682487.97;1267236.42;8.534468;47.550667
87812.7;423.4;2682494.34;1267232.72;8.534552;47.550633
87819.7;423.5;2682500.64;1267229.59;8.534635;47.550604
87826.8;423.5;2682507.15;1267226.79;8.534721;47.550578
87834;423.8;2682514.03;1267224.88;8.534812;47.55056
87839.59999999999;423.6;2682517.92;1267220.82;8.534863;47.550523
87847.09999999999;423.7;2682524.3;1267216.91;8.534947;47.550487
87854.2;423.8;2682530.67;1267213.66;8.535031;47.550457
87861.09999999999;423.8;2682536.37;1267209.85;8.535106;47.550422
87866.9;423.8;2682541.53;1267207.25;8.535174;47.550398
87872.59999999999;423.9;2682546.97;1267205.44;8.535246;47.550381
87880.3;424;2682554.31;1267202.98;8.535343;47.550358
87887.8;424;2682560.83;1267199.29;8.535429;47.550324
87894.59999999999;424.1;2682567.05;1267196.49;8.535511;47.550298
87901.4;424;2682572.89;1267193.01;8.535588;47.550266
87907.59999999999;424;2682577.47;1267188.96;8.535648;47.550229
87915;424.1;2682584.14;1267185.72;8.535736;47.550199
87920.09999999999;424.1;2682588.83;1267183.67;8.535798;47.55018
87927.7;424.2;2682595.95;1267180.88;8.535892;47.550154
87935.7;424.4;2682603.58;1267178.65;8.535993;47.550133
87941.8;424.5;2682609.26;1267176.28;8.536068;47.550111
87949.4;424.6;2682615.79;1267172.48;8.536154;47.550076
87956.2;424.7;2682622.29;1267170.57;8.53624;47.550058
87961.9;424.7;2682627;1267167.3;8.536302;47.550028
87968.4;424.7;2682632.18;1267163.37;8.53637;47.549992
87974.7;424.6;2682637.42;1267159.89;8.536439;47.54996
87981;424.8;2682643.03;1267156.96;8.536513;47.549933
87988.8;424.6;2682649.93;1267153.39;8.536604;47.5499
87995.09999999999;424.9;2682655.47;1267150.46;8.536677;47.549873
88002.4;424.7;2682661.11;1267145.76;8.536751;47.54983
88008.7;424.8;2682666.35;1267142.28;8.53682;47.549798
88015.3;424.8;2682671.97;1267138.8;8.536894;47.549766
88022.59999999999;424.8;2682678.42;1267135.33;8.536979;47.549734
88029.5;424.9;2682684.85;1267132.86;8.537064;47.549711
88036.09999999999;424.9;2682690.84;1267130.17;8.537143;47.549686
88043.3;425;2682697.65;1267127.7;8.537233;47.549663
88050.2;425.2;2682703.42;1267124;8.537309;47.549629
88056.09999999999;425.2;2682709.16;1267122.53;8.537385;47.549615
88063;425.2;2682714.72;1267118.38;8.537458;47.549577
88069.7;425.1;2682719.6;1267113.89;8.537522;47.549536
88075.7;425.3;2682725.34;1267112.19;8.537598;47.54952
88082.5;425.4;2682731.41;1267109.16;8.537678;47.549492
88089.8;425.5;2682737.34;1267104.8;8.537756;47.549452
88097.3;425.5;2682743.5;1267100.55;8.537837;47.549413
88104.2;425.6;2682749.42;1267097.07;8.537915;47.549381
88112.4;425.4;2682755.15;1267091.15;8.53799;47.549327
88119.4;425.4;2682760.34;1267086.44;8.538058;47.549284
88127;425.7;2682767.23;1267083.31;8.538149;47.549255
88134.2;425.7;2682773.01;1267078.94;8.538225;47.549215
88141;425.7;2682778.86;1267075.47;8.538302;47.549183
88148;425.8;2682784.49;1267071.43;8.538376;47.549146
88155.59999999999;425.9;2682791.02;1267067.52;8.538462;47.54911
88163.2;426;2682796.73;1267062.48;8.538537;47.549064
88170.2;426.1;2682802.51;1267058.56;8.538613;47.549028
88176.2;426.1;2682807.3;1267054.96;8.538676;47.548995
88181.9;426;2682811.72;1267051.35;8.538734;47.548962
88187.9;426.1;2682816.52;1267047.64;8.538797;47.548928
88195.4;426.1;2682822.38;1267043.05;8.538874;47.548886
88201.9;426.2;2682827.7;1267039.23;8.538944;47.548851
88208.4;426.5;2682833.54;1267036.53;8.539021;47.548826
88214.59999999999;426.6;2682838.7;1267033.05;8.539089;47.548794
88220.9;426.7;2682844.09;1267029.79;8.53916;47.548764
88227;426.7;2682849.33;1267026.64;8.539229;47.548735
88234.09999999999;426.8;2682855.04;1267022.49;8.539304;47.548697
88239.2;426.9;2682859.37;1267019.66;8.539361;47.548671
88246.09999999999;426.9;2682863.73;1267014.38;8.539418;47.548623
88254;426.8;2682869.98;1267009.58;8.5395;47.548579
88261.2;427;2682876.27;1267006;8.539583;47.548546
88266.3;427.2;2682880.46;1267003.05;8.539638;47.548519
88272.5;427;2682885.7;1266999.79;8.539707;47.548489
88279.59999999999;427.1;2682891.62;1266995.87;8.539785;47.548453
88286.59999999999;427.3;2682897.62;1266992.17;8.539864;47.548419
88292.5;427.4;2682902.85;1266989.58;8.539933;47.548395
88299.5;427.4;2682907.67;1266984.42;8.539996;47.548348
88306.3;427.5;2682914.03;1266982.06;8.54008;47.548326
88312.09999999999;427.1;2682919.04;1266979.13;8.540146;47.548299
88316.7;427.3;2682923.57;1266978.31;8.540206;47.548291
88322.3;427;2682928.5;1266975.71;8.540271;47.548267
88329;427.5;2682935.06;1266974.57;8.540358;47.548256
88336.09999999999;427.7;2682942.08;1266973.45;8.540451;47.548245
88345.3;427.8;2682950.64;1266970.01;8.540564;47.548213
88351.8;427.8;2682957.05;1266968.77;8.540649;47.548201
88357.9;427.8;2682962.95;1266967.18;8.540727;47.548186
88364.9;427.7;2682969.67;1266965.5;8.540816;47.54817
88372.2;427.9;2682976.92;1266964.15;8.540912;47.548157
88378.59999999999;427.6;2682983.26;1266963.13;8.540996;47.548147
88384.8;427.9;2682989.37;1266962.22;8.541077;47.548138
88391.09999999999;427.8;2682995.34;1266960.41;8.541156;47.548121
88397;427.8;2683001.23;1266959.49;8.541234;47.548112
88404.2;428.2;2683008.32;1266958.37;8.541328;47.548101
88409.8;428.4;2683013.89;1266958.11;8.541402;47.548098
88415.59999999999;428.3;2683019.7;1266957.64;8.541479;47.548093
88421.4;428.6;2683025.5;1266957.16;8.541556;47.548088
88426.8;428.5;2683030.64;1266955.68;8.541624;47.548074
88432.9;428.4;2683036.32;1266953.42;8.541699;47.548053
88440;428.5;2683042.54;1266950.06;8.541781;47.548022
88445.7;428.4;2683048.26;1266949.92;8.541857;47.54802
88452.09999999999;428.6;2683054.67;1266949.12;8.541942;47.548012
88458.59999999999;428.6;2683060.94;1266947.65;8.542025;47.547998
88464.5;428.6;2683066.62;1266945.84;8.5421;47.547981
88471.7;428.5;2683073.35;1266943.49;8.542189;47.547959
88478.8;428.7;2683080.3;1266942.03;8.542281;47.547945
88485.4;428.7;2683086.86;1266940.9;8.542368;47.547934
88492.8;428.8;2683093.96;1266939.11;8.542462;47.547917
88499;428.9;2683100.08;1266937.75;8.542543;47.547904
88504.59999999999;429;2683105.52;1266936.49;8.542615;47.547892
88511.8;429.5;2683112.68;1266936.04;8.54271;47.547887
88518.8;429.2;2683119.55;1266934.47;8.542801;47.547872
88525;429.1;2683125.73;1266934;8.542883;47.547867
88531.5;429.3;2683131.72;1266931.41;8.542962;47.547843
88538.9;429.4;2683139.03;1266930.63;8.543059;47.547835
88545.5;429.6;2683145.65;1266930.72;8.543147;47.547835
88550.9;429.6;2683150.87;1266929.57;8.543216;47.547824
88559;429.7;2683158.72;1266927.46;8.54332;47.547804
88565.7;429.8;2683165.36;1266926.44;8.543408;47.547794
88573.2;429.9;2683172.48;1266923.98;8.543502;47.547771
88579.5;430;2683178.52;1266922.29;8.543582;47.547755
88585.4;430.1;2683184.31;1266923.15;8.543659;47.547762
88590.9;430.4;2683189.67;1266922;8.54373;47.547751
88596.09999999999;430.3;2683194.73;1266920.74;8.543797;47.547739
88602;430.3;2683200.47;1266919.37;8.543873;47.547726
88608.8;430.6;2683207.19;1266918.13;8.543962;47.547714
88615.4;430.8;2683213.81;1266918.45;8.54405;47.547716
88621.59999999999;431.3;2683219.99;1266918.31;8.544132;47.547714
88627.59999999999;431.4;2683225.94;1266918.06;8.544211;47.547711
88634.59999999999;431.1;2683232.23;1266915.04;8.544294;47.547683
88641.09999999999;431;2683238.65;1266913.68;8.544379;47.54767
88646.59999999999;431.6;2683244.01;1266912.53;8.54445;47.547659
88652.3;431.8;2683249.66;1266912.17;8.544525;47.547655
88659.4;431.9;2683256.75;1266911.6;8.544619;47.547649
88665;432.1;2683262.4;1266911.35;8.544694;47.547646
88672.3;432.3;2683269.56;1266910.23;8.544789;47.547635
88678.3;432.5;2683275.45;1266908.97;8.544867;47.547623
88685.7;432.2;2683282.12;1266905.84;8.544955;47.547594
88691.2;432.6;2683287.56;1266904.92;8.545027;47.547585
88697.3;432.8;2683293.38;1266903.11;8.545104;47.547568
88702.59999999999;432.3;2683298.08;1266900.62;8.545166;47.547545
88708.7;432.1;2683304.12;1266899.48;8.545246;47.547534
88714.4;432.2;2683309.13;1266896.77;8.545312;47.547509
88720.4;432.3;2683314.8;1266894.96;8.545387;47.547492
88725.59999999999;432.5;2683319.87;1266893.59;8.545454;47.547479
88731.09999999999;432.6;2683325.23;1266892.33;8.545525;47.547467
88736.3;432.8;2683330.22;1266891.07;8.545591;47.547455
88743.2;433;2683337.14;1266891.39;8.545683;47.547457
88749.4;433.2;2683343.18;1266890.14;8.545763;47.547445
88756.59999999999;433.5;2683350.34;1266889.46;8.545858;47.547438
88763.8;434;2683357.57;1266889.45;8.545954;47.547437
88767.5;433.8;2683359.94;1266886.59;8.545985;47.547411
88772.3;434.2;2683364.62;1266885.66;8.546047;47.547402
88776.9;434.3;2683369.08;1266884.61;8.546106;47.547392
88780.9;434.5;2683372.87;1266883.1;8.546156;47.547378
88785.3;434.8;2683377.1;1266881.94;8.546212;47.547367
88789.5;434.9;2683378.66;1266878.07;8.546232;47.547332
88793.5;435.1;2683382.15;1266876.12;8.546278;47.547314
88802.8;435.6;2683391.31;1266877.69;8.5464;47.547327
88809.2;436.1;2683397.29;1266875.55;8.546479;47.547307
88814.59999999999;437.8;2683402.29;1266873.29;8.546545;47.547286
88819.5;437.9;2683405.5;1266869.67;8.546587;47.547253
88824.7;438.2;2683409.39;1266866.16;8.546638;47.547221
88829.4;438.6;2683412.53;1266862.65;8.546679;47.547189
88834.09999999999;438.6;2683415.74;1266859.25;8.546721;47.547158
88838.5;439;2683418.28;1266855.61;8.546754;47.547125
88843;439;2683420.51;1266851.75;8.546783;47.54709
88847.4;439.3;2683423.05;1266848.12;8.546816;47.547057
88852.3;439.5;2683425.82;1266844.15;8.546852;47.547021
88857;440.2;2683428.36;1266840.19;8.546885;47.546985
88861.59999999999;440.3;2683430.67;1266836.22;8.546915;47.546949
88866.09999999999;440.4;2683433.06;1266832.36;8.546946;47.546914
88870.59999999999;440.5;2683435.22;1266828.39;8.546974;47.546878
88875.3;440.6;2683437.47;1266824.3;8.547003;47.546841
88879.9;440.7;2683439.63;1266820.22;8.547031;47.546804
88884.7;440.7;2683441.87;1266816.02;8.54706;47.546766
88889.2;440.3;2683443.89;1266811.94;8.547086;47.546729
88893.59999999999;440.9;2683445.98;1266808.08;8.547113;47.546694
88898.4;441.3;2683448.44;1266804;8.547145;47.546657
88902.9;441.8;2683450.68;1266800.03;8.547174;47.546621
88907.4;442;2683453;1266796.17;8.547204;47.546586
88911.7;442;2683455.01;1266792.41;8.54723;47.546552
88916.4;441.9;2683457.4;1266788.33;8.547261;47.546515
88921.59999999999;443.1;2683460.02;1266783.92;8.547295;47.546475
88926.2;443.3;2683462.33;1266779.95;8.547325;47.546439
88931.09999999999;442.5;2683464.65;1266775.65;8.547355;47.5464
88935.9;442;2683466.97;1266771.34;8.547385;47.546361
88940.4;441.9;2683468.39;1266767.14;8.547403;47.546323
88946.5;442.5;2683473.04;1266763.09;8.547464;47.546286
88952.3;442.9;2683477.68;1266759.71;8.547525;47.546255
88957.9;444.3;2683481.5;1266755.65;8.547575;47.546218
88961.59999999999;444.7;2683483.95;1266752.79;8.547607;47.546192
88965.5;444.9;2683486.4;1266749.82;8.547639;47.546165
88970.2;444.5;2683489.09;1266745.97;8.547674;47.54613
88974.5;445.4;2683492.07;1266742.9;8.547713;47.546102
88978.8;445.6;2683496.16;1266741.4;8.547767;47.546088
88982.7;445.8;2683499.28;1266739.11;8.547808;47.546067
88986.7;446;2683502.62;1266736.93;8.547852;47.546047
88991.3;446.2;2683506.93;1266735.32;8.547909;47.546032
89000.59999999999;446.7;2683516.14;1266733.67;8.548031;47.546016
89007.09999999999;446.7;2683522.21;1266735.87;8.548112;47.546035
89011.8;446.9;2683526.53;1266734.04;8.548169;47.546018
89017.3;447;2683531.15;1266737.11;8.548231;47.546045
89022.4;447.1;2683535.48;1266739.73;8.548289;47.546068
89026.09999999999;447.2;2683538.85;1266741.22;8.548334;47.546081
89030.4;447.3;2683542.58;1266743.5;8.548384;47.546101
89035.3;447.3;2683545.39;1266747.43;8.548422;47.546136
89039.09999999999;447.5;2683546.31;1266751.12;8.548435;47.546169
89042.59999999999;447.7;2683545.44;1266754.55;8.548424;47.5462
89046.4;447.7;2683544.03;1266758.09;8.548406;47.546232
89051.8;447.7;2683542;1266763.06;8.54838;47.546277
89057.7;447.7;2683539.89;1266768.59;8.548353;47.546327
89064.09999999999;448;2683538.22;1266774.8;8.548332;47.546383
89070.5;448.2;2683537.23;1266781.12;8.54832;47.54644
89076.59999999999;448.4;2683536.62;1266787.12;8.548313;47.546494
89082.09999999999;448.7;2683536.09;1266792.67;8.548307;47.546544
89086.9;448.9;2683535.87;1266797.45;8.548305;47.546587
89092;449.1;2683535.95;1266802.56;8.548307;47.546633
89097.3;449.6;2683536.03;1266807.79;8.548309;47.54668
89102.4;449.4;2683535.88;1266812.91;8.548308;47.546726
89107.7;450.7;2683536.03;1266818.25;8.548311;47.546774
89113.2;450.6;2683536.7;1266823.7;8.548321;47.546823
89118.3;450.1;2683537.31;1266828.72;8.54833;47.546868
89122.7;450.4;2683537.77;1266833.17;8.548337;47.546908
89125.9;450.6;2683538.41;1266836.29;8.548346;47.546936
89129.7;450.9;2683537.9;1266840.07;8.54834;47.54697
89135.59999999999;451.2;2683539.86;1266845.54;8.548367;47.547019
89141.2;451.5;2683543.26;1266850.04;8.548413;47.547059
89147.09999999999;451.8;2683547.26;1266854.32;8.548467;47.547097
89152.5;451.9;2683551.35;1266857.94;8.548522;47.547129
89157.8;452.2;2683555.6;1266861.11;8.548579;47.547157
89162.59999999999;452.4;2683559.47;1266863.95;8.548631;47.547182
89167.09999999999;452.8;2683563.28;1266866.33;8.548682;47.547203
89170.7;453;2683566.42;1266868.16;8.548724;47.547219
89174.9;453.1;2683570.16;1266869.88;8.548774;47.547234
89179.5;453.3;2683574.5;1266871.5;8.548832;47.547248
89184.3;453.6;2683579.15;1266872.9;8.548894;47.54726
89189.09999999999;453.7;2683583.8;1266873.85;8.548956;47.547268
89193.8;454;2683588.46;1266874.7;8.549018;47.547275
89198.4;454.1;2683592.97;1266875.32;8.549078;47.54728
89203.3;454.4;2683597.85;1266876.05;8.549143;47.547286
89208.5;454.7;2683602.96;1266876.9;8.549211;47.547293
89213.59999999999;455.3;2683607.99;1266877.75;8.549278;47.5473
89218.4;455.2;2683612.8;1266878.27;8.549342;47.547304
89222.59999999999;455.7;2683616.94;1266878.33;8.549397;47.547304
89226.8;456.2;2683621.16;1266878.16;8.549453;47.547302
89231.09999999999;456.9;2683625.45;1266878;8.54951;47.5473
89235.3;457.2;2683629.67;1266877.84;8.549566;47.547298
89239.59999999999;457.4;2683633.96;1266877.79;8.549623;47.547297
89243.5;457.7;2683637.81;1266877.62;8.549674;47.547295
89247.4;457.9;2683641.8;1266877.68;8.549727;47.547295
89251.9;458.4;2683646.24;1266877.63;8.549786;47.547294
89256.09999999999;458.5;2683650.38;1266877.24;8.549841;47.54729
89260.09999999999;459;2683654.45;1266877.19;8.549895;47.547289
89264.59999999999;459.3;2683658.89;1266877.58;8.549954;47.547292
89268.7;459.2;2683663.03;1266877.53;8.550009;47.547291
89273;459.7;2683667.32;1266877.59;8.550066;47.547291
89277.8;459.9;2683672.13;1266877.88;8.55013;47.547293
89282.8;460;2683677.1;1266878.07;8.550196;47.547294
89288.5;460.3;2683682.74;1266878.59;8.550271;47.547298
89294.4;460.4;2683688.68;1266879.34;8.55035;47.547304
89306.8;460.5;2683700.13;1266883.95;8.550503;47.547344
89313;460.1;2683706.21;1266885.04;8.550584;47.547353
89316.9;460.4;2683710.06;1266884.31;8.550635;47.547346
89320.09999999999;460.5;2683713.22;1266884.47;8.550677;47.547347
89323.8;460.7;2683716.91;1266884.3;8.550726;47.547345
89329.7;460.8;2683722.61;1266886.16;8.550802;47.547361
89335.4;461.2;2683727.98;1266884.46;8.550873;47.547345
89339.09999999999;461.6;2683731.75;1266884.29;8.550923;47.547343
89344.4;462.8;2683736.94;1266884.7;8.550992;47.547346
89349.7;463.2;2683742.27;1266885.22;8.551063;47.54735
89354.3;463.4;2683746.8;1266884.84;8.551123;47.547346
89358.9;463.5;2683751.47;1266884.68;8.551185;47.547344
89363.7;463.4;2683756.21;1266884.52;8.551248;47.547342
89368.4;465.2;2683760.89;1266883.81;8.55131;47.547335
89372.8;464.9;2683765.19;1266882.98;8.551367;47.547327
89378.2;464.4;2683770.48;1266882.06;8.551437;47.547318
89384.2;466.9;2683776.51;1266881.59;8.551517;47.547313
89391.3;466;2683783.59;1266880.91;8.551611;47.547306
89398.5;466.9;2683790.61;1266879.45;8.551704;47.547292
89405.7;465.2;2683797.64;1266877.99;8.551797;47.547278
89413.5;459.4;2683805.12;1266875.77;8.551896;47.547257
89421.3;464.6;2683812.39;1266872.76;8.551992;47.547229
89429;462.1;2683819.73;1266870.41;8.552089;47.547207
89439.2;459.3;2683826.09;1266862.5;8.552172;47.547135
89444.5;461.3;2683827.59;1266857.4;8.552191;47.547089
89454.09999999999;460;2683829.83;1266848.09;8.552219;47.547005
89463.4;457.7;2683832.07;1266839.01;8.552247;47.546923
89474;456.7;2683837.69;1266830.08;8.55232;47.546842
89481.9;456.2;2683841.03;1266822.9;8.552363;47.546777
89492.4;455.8;2683844.56;1266813.05;8.552408;47.546688
89503.4;455.5;2683847.95;1266802.54;8.552451;47.546593
89512.3;455;2683852.8;1266795.04;8.552514;47.546525
89523.59999999999;454.5;2683856.49;1266784.42;8.552561;47.546429
89535.09999999999;454.1;2683863.24;1266775.07;8.552649;47.546344
89546.9;453.4;2683870.83;1266766.05;8.552748;47.546262
89558.8;452.8;2683878.63;1266757.05;8.55285;47.54618
89569.8;452.3;2683885.83;1266748.81;8.552944;47.546105
89581.3;451.6;2683894.15;1266740.81;8.553053;47.546032
89592.59999999999;451.2;2683901.8;1266732.47;8.553153;47.545956
89604.2;450.5;2683910.71;1266725.03;8.55327;47.545888
89615.9;450.1;2683919.7;1266717.6;8.553388;47.54582
89627.4;449.5;2683928.02;1266709.71;8.553497;47.545748
89639.09999999999;449.1;2683937.16;1266702.28;8.553617;47.54568
89650.3;448.6;2683945.77;1266695.17;8.55373;47.545615
89661.59999999999;448.1;2683954.68;1266688.18;8.553847;47.545551
89673.3;447.6;2683963.89;1266681.09;8.553968;47.545486
89685;447.1;2683973.1;1266673.88;8.554089;47.54542
89696.8;446.6;2683982.54;1266666.78;8.554213;47.545355
89708.8;446.1;2683991.61;1266658.8;8.554332;47.545282
89720.8;445.4;2684000.38;1266650.69;8.554447;47.545208
89732.9;444.8;2684009.23;1266642.48;8.554563;47.545133
89744.7;444.3;2684017.86;1266634.37;8.554676;47.545059
89757.09999999999;443.6;2684026.49;1266625.49;8.554789;47.544978
89769.2;443.1;2684034.9;1266616.71;8.554899;47.544898
89781.59999999999;442.6;2684043.01;1266607.37;8.555005;47.544813
89793.9;442.1;2684050.83;1266597.92;8.555107;47.544727
89806.09999999999;441.6;2684058.19;1266588.13;8.555203;47.544638
89818.7;440.9;2684064.75;1266577.44;8.555288;47.544541
89831.2;440.5;2684071.82;1266567.08;8.55538;47.544447
89843.5;440.2;2684077.32;1266556.04;8.555451;47.544347
89855.2;439.6;2684082.59;1266545.67;8.555519;47.544253
89867.4;439.1;2684088.17;1266534.85;8.555591;47.544155
89880.09999999999;438.6;2684093.38;1266523.25;8.555658;47.54405
89892.9;438;2684098.96;1266511.65;8.55573;47.543945
89905.5;437.5;2684105.81;1266501.07;8.555819;47.543849
89918.4;437;2684113.12;1266490.5;8.555914;47.543753
89931.3;436.5;2684121.54;1266480.72;8.556024;47.543664
89943.8;436.1;2684129.88;1266471.39;8.556133;47.543579
89957.2;435.6;2684140.31;1266462.98;8.55627;47.543502
89969.7;435.2;2684150.14;1266455.22;8.556399;47.543431
89982.3;434.7;2684160.92;1266448.7;8.556541;47.543371
89995.09999999999;434.3;2684171.42;1266441.4;8.556679;47.543304
90009.4;433.8;2684182.83;1266432.78;8.556829;47.543225
90021.9;433.3;2684192.88;1266425.36;8.556961;47.543157
90034.4;432.8;2684203.37;1266418.51;8.557099;47.543094
90048.59999999999;432.3;2684213.89;1266408.98;8.557237;47.543007
90060.9;431.8;2684223.04;1266400.77;8.557357;47.542932
90074;431.3;2684232.88;1266392.13;8.557486;47.542853
90086.3;430.8;2684242.33;1266384.37;8.55761;47.542782
90098.8;430.3;2684251.78;1266376.05;8.557734;47.542706
90111.9;429.9;2684262.95;1266369.32;8.557881;47.542644
90125.2;429.4;2684274.04;1266362.02;8.558027;47.542577
90138.09999999999;428.9;2684284.62;1266354.61;8.558166;47.542509
90151.59999999999;428.4;2684295.5;1266346.54;8.558309;47.542435
90166.2;427.8;2684306.26;1266336.68;8.55845;47.542345
90179.7;427.3;2684317.21;1266328.83;8.558594;47.542273
90192.7;426.8;2684327.79;1266321.2;8.558733;47.542203
90205.7;426.2;2684338.14;1266313.34;8.558869;47.542131
90218;425.8;2684347.88;1266305.92;8.558997;47.542063
90230.9;425.3;2684357.12;1266296.93;8.559118;47.541981
90243.09999999999;424.8;2684366.72;1266289.29;8.559244;47.541911
90256.7;424.3;2684377.75;1266281.44;8.559389;47.541839
90269.2;423.8;2684387.87;1266274.13;8.559522;47.541772
90281.4;423.3;2684397.68;1266266.82;8.559651;47.541705
90294;422.9;2684407.73;1266259.18;8.559783;47.541635
90306.9;421.6;2684418.53;1266252.11;8.559925;47.54157
90320.3;421.8;2684429.11;1266243.92;8.560064;47.541495
90331.8;421.2;2684438.76;1266237.61;8.560191;47.541437
90345.4;421.1;2684448.31;1266227.96;8.560316;47.541349
90358.5;420.7;2684458.67;1266219.99;8.560452;47.541276
90372.09999999999;420.2;2684469.03;1266211.13;8.560588;47.541195
90384.8;419.7;2684479.38;1266203.83;8.560724;47.541128
90398;419.2;2684489.14;1266194.96;8.560852;47.541047
90411.2;418.7;2684498.09;1266185.19;8.560969;47.540958
90424;418.3;2684506.81;1266175.86;8.561083;47.540873
90437.5;417.8;2684515.76;1266165.76;8.5612;47.540781
90451.59999999999;417.3;2684524.21;1266154.43;8.56131;47.540678
90465;416.8;2684533.01;1266144.33;8.561425;47.540586
90478.4;416.4;2684541.97;1266134.33;8.561542;47.540495
90491.2;416;2684550.16;1266124.55;8.561649;47.540406
90504.3;415.6;2684558.59;1266114.56;8.561759;47.540315
90517.3;415.3;2684566.94;1266104.56;8.561868;47.540224
90530;414.9;2684574.99;1266094.77;8.561973;47.540135
90544.3;414.6;2684583.66;1266083.33;8.562086;47.540031
90557.3;414.2;2684591.64;1266073.11;8.56219;47.539938
90570.3;413.9;2684599.76;1266062.99;8.562296;47.539846
90582.8;413.5;2684608.33;1266053.89;8.562408;47.539763
90595.3;413.2;2684617.63;1266045.46;8.56253;47.539686
90607.8;412.8;2684627.16;1266037.36;8.562655;47.539612
90620.8;412.6;2684636.63;1266028.49;8.562779;47.539531
90634;412.4;2684646.46;1266019.74;8.562908;47.539451
90646.3;412.2;2684656.65;1266012.77;8.563042;47.539387
90658.59999999999;412;2684667.21;1266006.47;8.563181;47.539329
90670.9;411.7;2684677.99;1266000.51;8.563323;47.539274
90683.8;411.6;2684689.08;1265993.88;8.563469;47.539213
90696.3;411.2;2684700.15;1265988.15;8.563615;47.53916
90709.3;411;2684712.27;1265983.54;8.563775;47.539117
90721.7;410.8;2684723.49;1265978.25;8.563923;47.539068
90733.4;410.5;2684733.74;1265972.51;8.564058;47.539015
90746.5;410.3;2684745.71;1265967.34;8.564216;47.538967
90759.4;410.1;2684757.16;1265961.39;8.564367;47.538912
90771.4;409.9;2684767.27;1265954.86;8.5645;47.538852
90784.09999999999;409.6;2684777.47;1265947.34;8.564634;47.538783
90796.5;409.4;2684787.88;1265940.59;8.564771;47.538721
90809.09999999999;409.1;2684798.01;1265933.06;8.564904;47.538652
90820.7;408.8;2684807;1265925.74;8.565022;47.538585
90832.4;408.8;2684816.06;1265918.42;8.565141;47.538518
90844.5;408.5;2684825.07;1265910.21;8.565259;47.538443
90857.2;408.2;2684834.6;1265901.9;8.565384;47.538367
90869.3;408.1;2684844.05;1265894.25;8.565508;47.538297
90881.5;407.9;2684853.12;1265886.15;8.565627;47.538223
90893.3;407.7;2684862.12;1265878.5;8.565745;47.538153
90905.7;407.6;2684870.9;1265869.73;8.56586;47.538073
90917.4;407.2;2684879.75;1265862.18;8.565976;47.538004
90928.7;407;2684888.73;1265855.3;8.566094;47.537941
90940.8;406.8;2684897.88;1265847.32;8.566214;47.537868
90952.2;406.7;2684906.79;1265840.22;8.566331;47.537803
90962.9;406.6;2684914.28;1265832.65;8.566429;47.537734
90974;406.4;2684922;1265824.65;8.56653;47.537661
90985;406.2;2684929.87;1265816.97;8.566633;47.537591
90995.8;406;2684937.29;1265809.08;8.56673;47.537519
91007.5;405.9;2684945.47;1265800.74;8.566837;47.537443
91018.2;405.8;2684952.66;1265792.84;8.566931;47.537371
91029.09999999999;405.6;2684959.78;1265784.49;8.567024;47.537295
91039.9;405.5;2684967.12;1265776.59;8.56712;47.537223
91050.59999999999;405.3;2684973.94;1265768.35;8.567209;47.537148
91061.4;405.1;2684980.24;1265759.65;8.567291;47.537069
91072.3;405;2684986.77;1265750.85;8.567376;47.536989
91083.9;404.8;2684993.38;1265741.38;8.567462;47.536903
91094.3;404.6;2684999.16;1265732.68;8.567537;47.536824
91104.5;404.5;2685005;1265724.31;8.567613;47.536748
91114.59999999999;404.4;2685010.91;1265716.17;8.56769;47.536674
91124.7;404.1;2685016.38;1265707.69;8.567761;47.536597
91135.4;404;2685022.31;1265698.77;8.567838;47.536516
91145.7;403.9;2685028.6;1265690.63;8.56792;47.536442
91155.5;403.7;2685033.69;1265682.25;8.567986;47.536366
91165.4;403.4;2685038.56;1265673.65;8.568049;47.536288
91175.3;403.1;2685043.28;1265664.93;8.56811;47.536209
91184.59999999999;402.8;2685048.51;1265657.22;8.568178;47.536139
91195.4;402.5;2685054.14;1265647.96;8.568251;47.536055
91206;402.2;2685059.62;1265638.92;8.568322;47.535973
91216.4;401.8;2685064.42;1265629.65;8.568384;47.535889
91225.8;401.5;2685069.58;1265621.83;8.568451;47.535818
91235.59999999999;401.3;2685074.22;1265613.22;8.568511;47.53574
91246.2;400.9;2685079.1;1265603.84;8.568574;47.535655
91255.8;400.7;2685084.26;1265595.69;8.568641;47.535581
91264.59999999999;400.4;2685088.07;1265587.73;8.56869;47.535509
91274.5;400.2;2685092.86;1265579.13;8.568752;47.535431
91284.8;399.9;2685098.41;1265570.42;8.568824;47.535352
91294;399.7;2685102.44;1265562.14;8.568876;47.535277
91304.4;399.6;2685107.25;1265552.87;8.568938;47.535193
91313.4;399.4;2685111.95;1265545.27;8.568999;47.535124
91322.8;399.5;2685117.56;1265537.67;8.569072;47.535055
91332.3;398.8;2685123.39;1265530.2;8.569148;47.534987
91341.09999999999;398.7;2685128.98;1265523.38;8.569221;47.534925
91350.4;398.2;2685135.18;1265516.47;8.569302;47.534862
91360.59999999999;397.8;2685142.07;1265509;8.569392;47.534794
91371.2;397.6;2685149.26;1265501.21;8.569486;47.534723
91379.59999999999;397.4;2685154.92;1265494.96;8.56956;47.534666
91388.9;397.3;2685161.79;1265488.72;8.56965;47.534609
91398.09999999999;397.1;2685168.51;1265482.36;8.569738;47.534551
91407.5;397;2685175.67;1265476.35;8.569832;47.534496
91416.7;397.1;2685181.87;1265469.55;8.569913;47.534434
91426;396.9;2685189.26;1265463.87;8.57001;47.534382
91434.9;396.9;2685195.67;1265457.74;8.570094;47.534326
91443.9;396.9;2685201.72;1265451.04;8.570173;47.534265
91452;396.8;2685207.89;1265445.79;8.570254;47.534217
91461.2;396.8;2685212.67;1265437.97;8.570316;47.534146
91469.9;396.8;2685218.86;1265431.83;8.570397;47.53409
91478.7;396.8;2685224.83;1265425.35;8.570475;47.534031
91487.5;396.7;2685230.28;1265418.43;8.570546;47.533968
91495.7;396.7;2685236.53;1265413.07;8.570628;47.533919
91504.9;396.8;2685241.83;1265405.58;8.570697;47.533851
91513.3;396.8;2685245.86;1265398.19;8.570749;47.533784
91521.4;396.7;2685251.44;1265392.38;8.570822;47.533731
91529.3;397.7;2685257.24;1265387.01;8.570898;47.533682
91537.2;397.9;2685263.11;1265381.76;8.570975;47.533634
91544.9;396.7;2685268.32;1265376.05;8.571043;47.533582
91553.4;396.7;2685274.65;1265370.36;8.571126;47.53353
91562;396.5;2685280.46;1265364.11;8.571202;47.533473
91570.2;396.5;2685286.27;1265358.3;8.571278;47.53342
91578.09999999999;396.5;2685292.37;1265353.27;8.571358;47.533374
91586.3;396.4;2685298.25;1265347.46;8.571435;47.533321
91594.3;396.9;2685303.61;1265341.53;8.571505;47.533267
91602;396.3;2685309.33;1265336.39;8.57158;47.53322
91609.2;396.3;2685315.34;1265332.47;8.571659;47.533184
91616.9;396.2;2685321.13;1265327.33;8.571735;47.533137
91624.59999999999;396.2;2685326.26;1265321.62;8.571802;47.533085
91632;396.1;2685331.46;1265316.36;8.57187;47.533037
91639.9;396.1;2685336.52;1265310.32;8.571936;47.532982
91647.3;396.2;2685341.94;1265305.28;8.572007;47.532936
91655.7;396.2;2685347.75;1265299.25;8.572083;47.532881
91663.4;396.2;2685352.65;1265293.31;8.572147;47.532827
91671;396.1;2685358.08;1265287.94;8.572218;47.532778
91678.3;396.1;2685363.2;1265282.68;8.572285;47.53273
91686.2;396.1;2685368.92;1265277.31;8.57236;47.532681
91694.09999999999;396.1;2685374.35;1265271.61;8.572431;47.532629
91701.59999999999;396;2685379.7;1265266.24;8.572501;47.53258
91709;396;2685385.19;1265261.42;8.572573;47.532536
91716.59999999999;396;2685389.8;1265255.26;8.572633;47.53248
91724.5;396;2685395.08;1265249.45;8.572702;47.532427
91732.4;395.9;2685400.44;1265243.63;8.572772;47.532374
91740;395.9;2685405.34;1265237.81;8.572836;47.532321
91748.9;395.8;2685412.72;1265232.91;8.572933;47.532276
91756.5;395.8;2685418.29;1265227.77;8.573006;47.532229
91764.2;395.8;2685423.49;1265222.06;8.573074;47.532177
91771.5;395.8;2685429.28;1265217.58;8.57315;47.532136
91778.59999999999;395.9;2685434.32;1265212.54;8.573216;47.53209
91786.2;396;2685440.49;1265208.18;8.573297;47.53205
91793.7;396;2685445.24;1265202.36;8.573359;47.531997
91801.8;396;2685451.42;1265197.11;8.57344;47.531949
91809.8;396.1;2685456.25;1265190.73;8.573503;47.531891
91817.09999999999;396.2;2685460.56;1265184.79;8.573559;47.531837
91824.5;396.2;2685464.41;1265178.5;8.573609;47.53178
91832.2;396.2;2685468.28;1265171.89;8.573659;47.53172
91839.2;396.2;2685471.6;1265165.71;8.573702;47.531664
91847;396.3;2685475.77;1265159.1;8.573756;47.531604
91854.9;396.4;2685480.3;1265152.6;8.573815;47.531545
91862.5;396.4;2685483.94;1265145.98;8.573862;47.531485
91870.09999999999;396.5;2685487.72;1265139.36;8.573911;47.531425
91877.9;396.5;2685490.99;1265132.3;8.573953;47.531361
91885.4;396.5;2685494.7;1265125.79;8.574001;47.531302
91893.09999999999;396.5;2685498.56;1265119.06;8.574051;47.531241
91900.9;396.6;2685501.9;1265112.1;8.574094;47.531178
91908.59999999999;396.6;2685505.69;1265105.38;8.574143;47.531117
91916.3;396.6;2685509.4;1265098.65;8.574191;47.531056
91924.4;396.7;2685512.75;1265091.24;8.574234;47.530989
91931.8;396.7;2685516.16;1265084.62;8.574278;47.530929
91939.3;396.7;2685521.28;1265079.14;8.574345;47.530879
91947;396.8;2685524.77;1265072.29;8.57439;47.530817
91954.3;396.8;2685528.4;1265066.01;8.574437;47.53076
91961.8;396.9;2685532.48;1265059.73;8.57449;47.530703
91969.3;397;2685535.82;1265052.99;8.574533;47.530642
91977.2;397.1;2685539.91;1265046.27;8.574586;47.530581
91984.8;397.1;2685545.33;1265040.9;8.574657;47.530532
91992.4;397.1;2685550.46;1265035.3;8.574724;47.530481
91999.2;397.2;2685554.6;1265029.91;8.574778;47.530432
92006.5;397.2;2685559.87;1265024.87;8.574847;47.530386
92013.7;397.2;2685564.99;1265019.72;8.574914;47.530339
92021.7;397.2;2685570.35;1265013.79;8.574984;47.530285
92030.9;397.3;2685577.22;1265007.78;8.575074;47.53023
92038.59999999999;397.3;2685581.23;1265001.16;8.575126;47.53017
92046.59999999999;397.4;2685586.14;1264994.78;8.57519;47.530112
92054.3;397.5;2685590.08;1264988.17;8.575241;47.530052
92062.09999999999;397.5;2685595.36;1264982.46;8.57531;47.53
92069.7;397.6;2685600.86;1264977.21;8.575382;47.529952
92077.4;397.6;2685605.09;1264970.82;8.575437;47.529894
92084.7;397.7;2685610.06;1264965.44;8.575502;47.529845
92092.09999999999;397.7;2685614.37;1264959.39;8.575558;47.52979
92099.5;397.8;2685618.97;1264953.67;8.575618;47.529738
92106.4;397.8;2685622.89;1264947.95;8.575669;47.529686
92113.5;397.9;2685627.57;1264942.57;8.57573;47.529637
92120.3;397.9;2685631.56;1264937.17;8.575782;47.529588
92127.09999999999;397.9;2685635.56;1264931.67;8.575834;47.529538
92134.4;398;2685640.38;1264926.18;8.575897;47.529488
92141.4;398;2685644.83;1264920.69;8.575955;47.529438
92149.2;398.1;2685650.04;1264914.87;8.576023;47.529385
92155.9;398.1;2685653.95;1264909.48;8.576074;47.529336
92162.7;398.1;2685657.73;1264903.86;8.576123;47.529285
92169.3;398.2;2685661.79;1264898.58;8.576176;47.529237
92175.7;398.3;2685666.23;1264893.98;8.576234;47.529195
92182.9;398.3;2685670.9;1264888.48;8.576295;47.529145
92190;398.4;2685676.09;1264883.67;8.576363;47.529101
92196.7;398.5;2685680.39;1264878.5;8.576419;47.529054
92203.8;398.5;2685684.76;1264872.89;8.576476;47.529003
92211;398.6;2685689.8;1264867.85;8.576542;47.528957
92217.8;398.6;2685694.03;1264862.46;8.576597;47.528908
92224.7;398.7;2685698.47;1264857.19;8.576655;47.52886
92233.09999999999;398.7;2685703.39;1264850.37;8.576719;47.528798
92239.8;398.6;2685707.46;1264845.09;8.576772;47.52875
92246.9;398.6;2685711.24;1264839.03;8.576821;47.528695
92254.3;398.6;2685715.76;1264833.2;8.57688;47.528642
92261.59999999999;398.5;2685719.92;1264827.26;8.576934;47.528588
92270.2;398.2;2685726.11;1264821.23;8.577015;47.528533
92278.5;398;2685731.99;1264815.42;8.577092;47.52848
92286.5;397.8;2685737.2;1264809.38;8.57716;47.528425
92295.09999999999;397.5;2685742.05;1264802.22;8.577223;47.52836
92303.2;397.4;2685747.56;1264796.3;8.577295;47.528306
92311.7;397.1;2685753.96;1264790.72;8.577379;47.528255
92320.09999999999;396.8;2685760.44;1264785.37;8.577464;47.528206
92328.3;396.6;2685767.36;1264781.02;8.577555;47.528166
92335.8;396.4;2685773.6;1264776.77;8.577637;47.528127
92344.09999999999;396.1;2685780.37;1264771.98;8.577726;47.528083
92352;396.1;2685787.06;1264767.74;8.577814;47.528044
92360.5;395.9;2685794.57;1264763.73;8.577913;47.528007
92368.7;396;2685801.56;1264759.5;8.578005;47.527968
92377.59999999999;396;2685809.53;1264755.5;8.57811;47.527931
92386.7;396.3;2685816.54;1264749.71;8.578202;47.527878
92395.59999999999;394.8;2685823.99;1264744.92;8.5783;47.527834
92404;394.5;2685829.21;1264738.33;8.578368;47.527774
92412.09999999999;394.2;2685833.23;1264731.27;8.57842;47.52771
92421.3;394;2685837.19;1264722.99;8.578471;47.527635
92430;393.8;2685839.57;1264714.57;8.578501;47.527559
92438.5;393.7;2685841.5;1264706.37;8.578525;47.527485
92446.7;393.6;2685842.6;1264698.16;8.578538;47.527411
92454.8;393.5;2685843.09;1264690.16;8.578543;47.527339
92463;393.4;2685844.04;1264681.94;8.578554;47.527265
92471.59999999999;393.3;2685844.54;1264673.39;8.578559;47.527188
92479.59999999999;393.3;2685844.66;1264665.38;8.578559;47.527116
92488;393.2;2685844.17;1264657.03;8.578551;47.527041
92496.9;393.2;2685844.61;1264648.15;8.578555;47.526961
92505;393.1;2685845.63;1264640.04;8.578567;47.526888
92513;393.1;2685846.57;1264632.16;8.578578;47.526817
92521;393;2685847.96;1264624.29;8.578595;47.526746
92529.09999999999;393;2685848.99;1264616.18;8.578607;47.526673
92536.3;393;2685849.69;1264609.08;8.578615;47.526609
92542.7;392.9;2685850.24;1264602.64;8.578621;47.526551
92552;392.9;2685850.52;1264593.41;8.578623;47.526468
92559.3;392.9;2685850.93;1264586.08;8.578627;47.526402
92567.9;392.8;2685851.73;1264577.53;8.578636;47.526325
92576;392.8;2685852.53;1264569.42;8.578645;47.526252
92583.8;392.7;2685853.17;1264561.65;8.578652;47.526182
92592.4;392.7;2685853.67;1264553.09;8.578657;47.526105
92600.3;392.6;2685854.08;1264545.2;8.578661;47.526034
92608.9;392.6;2685853.61;1264536.63;8.578653;47.525957
92616.9;392.6;2685853.8;1264528.63;8.578654;47.525885
92623.09999999999;392.6;2685854.11;1264522.41;8.578657;47.525829
92629;392.6;2685854.88;1264516.63;8.578666;47.525777
92637.09999999999;392.7;2685857.32;1264508.89;8.578697;47.525707
92644;392.8;2685859.6;1264502.36;8.578726;47.525648
92649.7;392.8;2685863.88;1264498.53;8.578782;47.525613
92656.7;388.3;2685867.88;1264492.8;8.578834;47.525561
92663.4;383.3;2685873.13;1264488.65;8.578903;47.525523
92670.4;384.5;2685879.06;1264484.96;8.578981;47.525489
92676.9;390;2685884.83;1264482.04;8.579057;47.525462
92683.4;393.7;2685890.3;1264478.56;8.579129;47.52543
92690.2;394;2685895.12;1264473.74;8.579192;47.525386
92696.7;394.3;2685899.18;1264468.57;8.579245;47.525339
92704.2;394.7;2685905.35;1264464.44;8.579326;47.525301
92712.09999999999;395;2685912.11;1264460.31;8.579415;47.525263
92719.4;395.4;2685918.71;1264457.07;8.579502;47.525233
92726.3;395.8;2685924.63;1264453.6;8.57958;47.525201
92732.9;396;2685930.26;1264450.23;8.579654;47.52517
92739.7;396.3;2685935.89;1264446.31;8.579728;47.525134
92746.3;396.8;2685941.22;1264442.5;8.579798;47.525099
92752.8;397.2;2685946.1;1264438.23;8.579862;47.52506
92759.09999999999;397.5;2685950.98;1264434.19;8.579926;47.525023
92765.2;397.3;2685956;1264430.7;8.579992;47.524991
92772.4;398.2;2685960.9;1264425.44;8.580056;47.524943
92778.7;398.3;2685965.77;1264421.5;8.58012;47.524907
92785.3;398.5;2685969.99;1264416.34;8.580175;47.52486
92791.09999999999;398.6;2685973.6;1264411.83;8.580222;47.524819
92796.5;398.9;2685976.45;1264407.2;8.580259;47.524777
92801.7;398.5;2685979.53;1264403.02;8.580299;47.524739
92807.59999999999;399.8;2685983.36;1264398.63;8.580349;47.524699
92813.09999999999;400.6;2685986.51;1264394.12;8.58039;47.524658
92816.9;400.7;2685988.66;1264390.92;8.580418;47.524629
92821.9;400.7;2685990.69;1264386.39;8.580444;47.524588
92826.8;401;2685993.01;1264382.09;8.580474;47.524549
92832.2;400.8;2685995.72;1264377.35;8.580509;47.524506
92837.7;401.9;2685998.57;1264372.72;8.580546;47.524464
92842.7;402.2;2686001.12;1264368.42;8.580579;47.524425
92846.8;402.3;2686003.5;1264365.01;8.58061;47.524394
92851;402.3;2686005.74;1264361.48;8.580639;47.524362
92855.3;403.1;2686008.05;1264357.85;8.580669;47.524329
92859.59999999999;403.2;2686010.51;1264354.32;8.580701;47.524297
92863.3;403.4;2686012.81;1264351.46;8.580731;47.524271
92866.7;403.6;2686015.04;1264348.83;8.58076;47.524247
92871.5;403.9;2686016.61;1264344.29;8.58078;47.524206
92876.7;404.1;2686020.13;1264340.45;8.580826;47.524171
92881;404.4;2686022.52;1264336.93;8.580857;47.524139
92885.4;404.7;2686024.53;1264332.95;8.580883;47.524103
92889.3;405;2686026.24;1264329.53;8.580905;47.524072
92892.9;405.2;2686028.24;1264326.56;8.580931;47.524045
92896.2;405.5;2686030.02;1264323.69;8.580954;47.524019
92900.2;405.6;2686031.95;1264320.27;8.580979;47.523988
92904.4;405.7;2686034.11;1264316.64;8.581007;47.523955
92908.8;406;2686036.42;1264312.89;8.581037;47.523921
92913.3;406.3;2686038.66;1264309.03;8.581066;47.523886
92916.59999999999;406.3;2686040.29;1264306.05;8.581087;47.523859
92920.09999999999;406.7;2686041.84;1264302.96;8.581107;47.523831
92923.5;406.8;2686043.32;1264299.87;8.581126;47.523803
92927.2;407;2686045.1;1264296.67;8.581149;47.523774
92931.4;407.3;2686047.63;1264293.26;8.581182;47.523743
92935.9;407.5;2686050.32;1264289.74;8.581217;47.523711
92940;407.6;2686053;1264286.55;8.581252;47.523682
92944;408;2686055.68;1264283.59;8.581287;47.523655
92948;408;2686058.21;1264280.51;8.58132;47.523627
92952.2;408.3;2686060.82;1264277.22;8.581354;47.523597
92956.5;408.4;2686063.65;1264274.03;8.581391;47.523568
92960.9;408.7;2686066.71;1264270.85;8.581431;47.523539
92965.3;408.9;2686069.92;1264267.78;8.581473;47.523511
92969.59999999999;409;2686073.05;1264264.83;8.581514;47.523484
92973.8;409.4;2686076.11;1264261.98;8.581554;47.523458
92977.59999999999;409.5;2686078.86;1264259.35;8.58159;47.523434
92981.3;409.6;2686081.46;1264256.72;8.581624;47.52341
92984.8;409.7;2686083.9;1264254.2;8.581656;47.523387
92988.09999999999;409.9;2686085.97;1264251.67;8.581683;47.523364
92993.59999999999;409.9;2686089.28;1264247.27;8.581726;47.523324
92997.5;410.2;2686092.62;1264245.21;8.58177;47.523305
93004.7;410.9;2686099.57;1264243.64;8.581862;47.52329
93009.09999999999;411.1;2686103.67;1264241.92;8.581916;47.523274
93013.7;411.2;2686107.69;1264239.76;8.581969;47.523254
93018.4;411.4;2686111.72;1264237.26;8.582022;47.523231
93023.09999999999;411.5;2686115.82;1264234.87;8.582076;47.523209
93028;411.7;2686119.92;1264232.37;8.58213;47.523186
93032.59999999999;411.9;2686124.02;1264230.1;8.582184;47.523165
93037.4;412.4;2686128.27;1264227.94;8.58224;47.523145
93042.09999999999;412.6;2686132.45;1264225.88;8.582295;47.523126
93046.59999999999;412.5;2686136.61;1264224.17;8.58235;47.52311
93051;412.7;2686140.71;1264222.56;8.582404;47.523095
93055.5;412.9;2686144.95;1264221.06;8.58246;47.523081
93059.9;413.2;2686149.18;1264219.68;8.582516;47.523068
93064.5;413.1;2686153.57;1264218.52;8.582574;47.523057
93068.8;413.3;2686157.66;1264217.13;8.582628;47.523044
93073.09999999999;413.7;2686161.75;1264215.64;8.582682;47.52303
93077.7;413.6;2686166.06;1264214.14;8.582739;47.523016
93082;413.8;2686170.15;1264212.65;8.582793;47.523002
93086.4;414.1;2686174.24;1264211.15;8.582847;47.522988
93090.9;414.5;2686178.55;1264209.88;8.582904;47.522976
93095.2;414.4;2686182.71;1264208.71;8.582959;47.522965
93099.4;414.9;2686186.79;1264207.77;8.583013;47.522956
93103.7;414.7;2686191.02;1264206.94;8.583069;47.522948
93108.4;415.1;2686195.56;1264205.9;8.583129;47.522938
93113;414.7;2686200.09;1264204.85;8.583189;47.522928
93117.7;414.8;2686204.63;1264203.7;8.583249;47.522917
93122.4;414.8;2686209.17;1264202.43;8.583309;47.522905
93127.2;415;2686213.78;1264201.27;8.58337;47.522894
93131.9;415;2686218.39;1264200.12;8.583431;47.522883
93136.59999999999;415.2;2686223;1264199.18;8.583492;47.522874
93141.7;415.2;2686227.98;1264198.25;8.583558;47.522865
93146.7;415.4;2686232.97;1264197.44;8.583624;47.522857
93151.7;415.4;2686237.88;1264196.51;8.583689;47.522848
93156.7;415.6;2686242.79;1264195.58;8.583754;47.522839
93161.9;415.6;2686247.85;1264194.65;8.583821;47.52283
93167;415.8;2686252.91;1264193.73;8.583888;47.522821
93172.09999999999;415.8;2686257.89;1264192.69;8.583954;47.522811
93177.09999999999;415.9;2686262.8;1264191.76;8.584019;47.522802
93182;416;2686267.64;1264190.83;8.584083;47.522793
93187;416.2;2686272.47;1264189.67;8.584147;47.522782
93192;416.2;2686277.31;1264188.52;8.584211;47.522771
93196.9;417.3;2686282.15;1264187.48;8.584275;47.522761
93201.7;417.1;2686286.76;1264186.32;8.584336;47.52275
93206;416.5;2686290.99;1264185.5;8.584392;47.522742
93210.5;416.4;2686295.37;1264184.56;8.58445;47.522733
93215.5;416.5;2686300.14;1264183.07;8.584513;47.522719
93220.8;416.6;2686305.35;1264181.93;8.584582;47.522708
93226.09999999999;416.5;2686310.63;1264181.34;8.584652;47.522702
93232.5;416.5;2686317.04;1264180.98;8.584737;47.522698
93237.59999999999;416.6;2686321.95;1264179.94;8.584802;47.522688
93242.5;416.6;2686326.79;1264179.12;8.584866;47.52268
93247.7;417.4;2686331.85;1264177.98;8.584933;47.522669
93253.09999999999;417;2686337.21;1264176.94;8.585004;47.522659
93258.2;416.8;2686342.2;1264175.79;8.58507;47.522648
93263.4;416.6;2686347.33;1264175.2;8.585138;47.522642
93268.8;416.5;2686352.75;1264175.17;8.58521;47.522641
93274;416.5;2686357.96;1264174.8;8.585279;47.522637
93279.2;416.5;2686363.08;1264174.65;8.585347;47.522635
93285.9;416.5;2686369.79;1264174.53;8.585436;47.522633
93291.59999999999;416.5;2686375.51;1264174.39;8.585512;47.522631
93296.2;416.6;2686380.12;1264173.9;8.585573;47.522626
93302.4;416.6;2686386.29;1264173.88;8.585655;47.522625
93307.8;416.7;2686391.72;1264173.74;8.585727;47.522623
93315.4;416.6;2686399.16;1264175.07;8.585826;47.522634
93321.09999999999;416.6;2686404.88;1264174.93;8.585902;47.522632
93326.5;416.6;2686410.23;1264174.67;8.585973;47.522629
93332;416.6;2686415.74;1264174.42;8.586046;47.522626
93337.9;416.6;2686421.6;1264175.4;8.586124;47.522634
93344.59999999999;416.6;2686428.3;1264175.72;8.586213;47.522636
93349.9;416.7;2686433.5;1264175.35;8.586282;47.522632
93354.8;416.7;2686438.47;1264175.2;8.586348;47.52263
93360.4;416.7;2686444.05;1264175.06;8.586422;47.522628
93366.09999999999;416.8;2686449.69;1264175.81;8.586497;47.522634
93372.4;416.7;2686455.93;1264176.45;8.58658;47.522639
93377.4;416.7;2686460.89;1264176.86;8.586646;47.522642
93382.8;416.8;2686466.3;1264177.72;8.586718;47.522649
93388.3;416.8;2686471.6;1264176.35;8.586788;47.522636
93393.2;416.8;2686476.49;1264176.75;8.586853;47.522639
93399.5;416.9;2686482.73;1264177.74;8.586936;47.522647
93405;416.9;2686488.22;1264177.7;8.587009;47.522646
93410.4;417;2686493.64;1264177.9;8.587081;47.522647
93415.7;417;2686498.92;1264177.53;8.587151;47.522643
93421.2;417;2686504.34;1264178.05;8.587223;47.522647
93427;417;2686510.21;1264178.36;8.587301;47.522649
93432.59999999999;417.1;2686515.7;1264178.66;8.587374;47.522651
93437.4;417.1;2686520.6;1264178.85;8.587439;47.522652
93443.8;417.1;2686526.75;1264180.27;8.587521;47.522664
93449.4;417.2;2686532.32;1264181.02;8.587595;47.52267
93454.7;417.2;2686537.49;1264182.43;8.587664;47.522682
93461.4;417.1;2686543.94;1264184.19;8.58775;47.522697
93467.8;417.2;2686550.18;1264185.62;8.587833;47.522709
93473.3;417.3;2686555.59;1264185.92;8.587905;47.522711
93478.9;417.3;2686561.23;1264186.67;8.58798;47.522717
93485.09999999999;417.3;2686567.24;1264187.87;8.58806;47.522727
93491;417.3;2686573.18;1264188.4;8.588139;47.522731
93498.3;417.3;2686579.46;1264192.16;8.588223;47.522764
93503.59999999999;417.4;2686584.64;1264193.02;8.588292;47.522771
93509.09999999999;417.4;2686590.05;1264194.1;8.588364;47.52278
93514.8;417.4;2686595.53;1264195.4;8.588437;47.522791
93520.09999999999;417.4;2686600.71;1264196.59;8.588506;47.522801
93525.7;417.5;2686606.27;1264197.45;8.58858;47.522808
93531;417.5;2686611.37;1264199.08;8.588648;47.522822
93536.5;417.5;2686616.62;1264200.38;8.588718;47.522833
93541.9;417.6;2686621.8;1264201.9;8.588787;47.522846
93547.3;417.6;2686627.21;1264202.76;8.588859;47.522853
93553;417.6;2686632.37;1264205.06;8.588928;47.522873
93559;417.6;2686637.83;1264207.58;8.589001;47.522895
93564.2;417.6;2686642.94;1264208.66;8.589069;47.522904
93570.09999999999;417.7;2686648.56;1264210.3;8.589144;47.522918
93575.59999999999;417.8;2686653.89;1264211.6;8.589215;47.522929
93580.5;417.8;2686658.78;1264212.34;8.58928;47.522935
93586.5;417.9;2686664.4;1264214.31;8.589355;47.522952
93591.9;417.9;2686669.57;1264215.95;8.589424;47.522966
93596.7;417.9;2686674.14;1264217.57;8.589485;47.52298
93602.8;417.9;2686679.92;1264219.32;8.589562;47.522995
93609.3;418;2686686.06;1264221.41;8.589644;47.523013
93615.9;418;2686692.28;1264223.84;8.589727;47.523034
93622.3;418.1;2686698.43;1264225.6;8.589809;47.523049
93628.9;418.1;2686704.73;1264227.58;8.589893;47.523066
93635.5;418.1;2686711.1;1264229.34;8.589978;47.523081
93641.4;418.1;2686716.65;1264231.09;8.590052;47.523096
93648;418.1;2686722.95;1264233.19;8.590136;47.523114
93654.59999999999;418.1;2686729.17;1264235.28;8.590219;47.523132
93662;418.1;2686736.14;1264237.83;8.590312;47.523154
93668.8;418.1;2686742.58;1264240.04;8.590398;47.523173
93675.09999999999;418.1;2686748.5;1264242.12;8.590477;47.523191
93681.8;418.2;2686754.95;1264244.11;8.590563;47.523208
93688.3;418.2;2686761.1;1264246.2;8.590645;47.523226
93695;418.2;2686767.31;1264248.63;8.590728;47.523247
93701.7;418.2;2686773.53;1264251.05;8.590811;47.523268
93708.3;418.2;2686779.9;1264253.04;8.590896;47.523285
93714.7;418.3;2686785.97;1264255.02;8.590977;47.523302
93721.09999999999;418.3;2686792.13;1264256.55;8.591059;47.523315
93727.9;418.3;2686798.81;1264257.87;8.591148;47.523326
93734.59999999999;418.4;2686805.42;1264259.31;8.591236;47.523338
93740.3;418.4;2686811.06;1264259.94;8.591311;47.523343
93746.8;418.4;2686817.53;1264260.15;8.591397;47.523344
93753.5;418.4;2686824.23;1264260.58;8.591486;47.523347
93760.09999999999;418.5;2686830.78;1264260.68;8.591573;47.523347
93766.59999999999;418.5;2686837.33;1264261.22;8.59166;47.523351
93773.2;418.5;2686843.88;1264261.43;8.591747;47.523352
93780.09999999999;418.6;2686850.81;1264261.08;8.591839;47.523348
93786.9;418.7;2686857.6;1264260.52;8.591929;47.523342
93794;418.8;2686864.68;1264260.51;8.592023;47.523341
93801;418.7;2686871.49;1264258.72;8.592113;47.523324
93808.09999999999;418.7;2686878.36;1264257.26;8.592204;47.52331
93815.5;418.7;2686885.4;1264254.92;8.592297;47.523288
93822.4;418.7;2686892.06;1264253.02;8.592385;47.52327
93829.4;418.7;2686898.57;1264250.44;8.592471;47.523246
93836.7;418.6;2686905.39;1264247.99;8.592561;47.523223
93844.2;418.7;2686912.36;1264245.2;8.592653;47.523197
93851.4;418.6;2686918.73;1264241.85;8.592737;47.523166
93858.5;418.5;2686924.67;1264237.93;8.592815;47.52313
93865.59999999999;418.6;2686930.82;1264234.35;8.592896;47.523097
93873;418.5;2686937.42;1264231.11;8.592983;47.523067
93880.3;418.4;2686943.73;1264227.31;8.593066;47.523032
93887.59999999999;418.4;2686950.04;1264223.62;8.593149;47.522998
93894.9;418.3;2686955.97;1264219.37;8.593227;47.522959
93902.59999999999;418.3;2686961.92;1264214.46;8.593305;47.522914
93911.59999999999;418.2;2686969.3;1264209.45;8.593402;47.522868
93921.8;418.3;2686978.19;1264204.36;8.593519;47.522821
93929;418.3;2686982.64;1264198.75;8.593577;47.52277
93937.4;418;2686987.49;1264191.82;8.59364;47.522707
93945.7;417.9;2686992.7;1264185.44;8.593708;47.522649
93953.5;417.8;2686996.64;1264178.72;8.593759;47.522588
93962.5;417.5;2687001.95;1264171.35;8.593828;47.522521
93971.59999999999;417.4;2687006.21;1264163.4;8.593883;47.522449
93979.9;417.3;2687010.01;1264156.01;8.593932;47.522382
93988;417;2687013.21;1264148.49;8.593973;47.522314
93996.8;416.9;2687016.64;1264140.43;8.594017;47.522241
94006.09999999999;416.6;2687019.41;1264131.57;8.594052;47.522161
94015.2;416.4;2687021.72;1264122.71;8.594081;47.522081
94025.5;416.1;2687023.76;1264112.62;8.594106;47.52199
94034.9;415.9;2687025.85;1264103.53;8.594132;47.521908
94044;415.8;2687027.49;1264094.55;8.594152;47.521827
94053.4;415.6;2687028.45;1264085.22;8.594163;47.521743
94063.59999999999;415.4;2687029.13;1264075;8.59417;47.521651
94073.2;415.4;2687030.32;1264065.46;8.594184;47.521565
94083.59999999999;415.4;2687030.4;1264055.12;8.594183;47.521472
94092.8;415.4;2687030.76;1264045.89;8.594186;47.521389
94102.59999999999;415.5;2687030.38;1264036.1;8.594179;47.521301
94111.7;415.5;2687029.53;1264027.08;8.594166;47.52122
94119.7;415.7;2687029.35;1264019.07;8.594162;47.521148
94128.5;423.6;2687028.5;1264010.28;8.594149;47.521069
94137.3;423.8;2687028.33;1264001.49;8.594145;47.52099
94145.9;423.8;2687027.85;1263992.92;8.594137;47.520913
94165.09999999999;417;2687024.74;1263973.97;8.594092;47.520743
94173.7;417.4;2687026.45;1263965.54;8.594113;47.520667
94178.59999999999;417.6;2687028.47;1263961.01;8.594139;47.520626
94186.59999999999;418;2687027.46;1263953.1;8.594124;47.520555
94195.59999999999;418.4;2687026.08;1263944.19;8.594104;47.520475
94203.2;418.8;2687026.27;1263936.63;8.594105;47.520407
94211.2;419.2;2687025.41;1263928.72;8.594092;47.520336
94219.3;419.8;2687024.55;1263920.59;8.594079;47.520263
94227.09999999999;420.2;2687024.29;1263912.8;8.594074;47.520193
94235;420.7;2687023.12;1263905;8.594057;47.520123
94243.5;421.1;2687022.49;1263896.54;8.594047;47.520047
94251.7;421.5;2687021.78;1263888.41;8.594036;47.519974
94259.8;422;2687021.38;1263880.29;8.594029;47.519901
94267.5;422.4;2687020.66;1263872.61;8.594018;47.519832
94275.09999999999;422.8;2687020.92;1263865.05;8.59402;47.519764
94283;423.1;2687020.44;1263857.15;8.594012;47.519693
94290.5;423.4;2687019.79;1263849.69;8.594002;47.519626
94298.3;423.9;2687020.21;1263841.91;8.594006;47.519556
94305.8;424.1;2687019.79;1263834.34;8.593999;47.519488
94313.09999999999;424.4;2687019.45;1263827.11;8.593993;47.519423
94319.7;424.7;2687021.87;1263820.92;8.594024;47.519367
94326.59999999999;424.9;2687021.67;1263814.02;8.59402;47.519305
94334.7;425.3;2687020.59;1263806;8.594004;47.519233
94343.7;425.6;2687020.57;1263796.99;8.594002;47.519152
94351.59999999999;425.8;2687019.78;1263789.19;8.59399;47.519082
94359.59999999999;426;2687018.99;1263781.18;8.593978;47.51901
94368.4;426.2;2687019.27;1263772.39;8.59398;47.518931
94376.59999999999;426.4;2687019.77;1263764.17;8.593985;47.518857
94384.4;426.7;2687021.46;1263756.64;8.594006;47.518789
94391.9;426.8;2687020.82;1263749.18;8.593996;47.518722
94399.09999999999;426.9;2687020.63;1263741.95;8.593992;47.518657
94406.59999999999;427.2;2687019.76;1263734.48;8.593979;47.51859
94413.9;427.3;2687019.79;1263727.14;8.593978;47.518524
94420.5;427.3;2687019.66;1263720.58;8.593975;47.518465
94427.09999999999;427.4;2687018.47;1263714.11;8.593958;47.518407
94433.9;427.3;2687017.52;1263707.32;8.593944;47.518346
94440.3;427.3;2687015.8;1263701.18;8.59392;47.518291
94447;427.5;2687015.3;1263694.5;8.593912;47.518231
94454.09999999999;427.4;2687013.74;1263687.58;8.59389;47.518169
94460.59999999999;427.4;2687013.08;1263681.12;8.59388;47.518111
94467.09999999999;427.5;2687012.43;1263674.66;8.59387;47.518053
94473.59999999999;427.4;2687011.62;1263668.2;8.593858;47.517995
94479.8;427.3;2687010.73;1263662.07;8.593845;47.51794
94485.9;427.3;2687009.99;1263656.05;8.593834;47.517886
94492.3;427.3;2687009.48;1263649.6;8.593826;47.517828
94498.8;427.2;2687009.65;1263643.15;8.593827;47.51777
94505.8;427.2;2687008.55;1263636.24;8.593811;47.517708
94512.09999999999;427.1;2687007.74;1263630;8.593799;47.517652
94518.2;427;2687007.52;1263623.88;8.593795;47.517597
94525.09999999999;427;2687007.25;1263616.98;8.59379;47.517535
94531.8;426.9;2687006.52;1263610.3;8.593779;47.517475
94538.3;426.8;2687005.94;1263603.84;8.59377;47.517417
94545.09999999999;426.8;2687005.58;1263597.05;8.593764;47.517356
94551.5;426.7;2687005.3;1263590.71;8.593759;47.517299
94557.8;426.7;2687005.85;1263584.38;8.593765;47.517242
94565.3;426.6;2687005.28;1263576.92;8.593756;47.517175
94572.59999999999;426.6;2687004.93;1263569.58;8.59375;47.517109
94579;426.5;2687004.42;1263563.23;8.593742;47.517052
94585.5;426.5;2687003.24;1263556.88;8.593725;47.516995
94591.3;426.4;2687002.57;1263551.08;8.593715;47.516943
94597.09999999999;426.4;2687002.28;1263545.3;8.59371;47.516891
94602.59999999999;426.4;2687002.13;1263539.85;8.593707;47.516842
94608.2;426.3;2687001.91;1263534.17;8.593703;47.516791
94613.5;426.3;2687001.31;1263528.94;8.593694;47.516744
94620;426.4;2687001.63;1263522.49;8.593697;47.516686
94626;426.4;2687002.1;1263516.49;8.593702;47.516632
94631.8;426.5;2687001.96;1263510.71;8.593699;47.51658
94638.2;426.6;2687002.66;1263504.27;8.593707;47.516522
94644.4;426.6;2687001.69;1263498.14;8.593693;47.516467
94650.59999999999;426.6;2687001.03;1263492.02;8.593683;47.516412
94656.4;426.7;2687000.06;1263486.33;8.593669;47.516361
94662.2;426.8;2686998.94;1263480.64;8.593653;47.51631
94668.2;426.9;2686998.27;1263474.63;8.593643;47.516256
94672.8;427;2686997.59;1263470.06;8.593633;47.516215
94677.7;427.1;2686996.83;1263465.27;8.593622;47.516172
94681.9;427.1;2686995.83;1263461.14;8.593608;47.516135
94686.59999999999;427.1;2686992.8;1263457.64;8.593567;47.516104
94692.4;427.2;2686990.01;1263452.49;8.593529;47.516058
94697.7;427.2;2686989.26;1263447.25;8.593518;47.516011
94703.8;427.3;2686991.45;1263441.61;8.593546;47.51596
94709.4;427.3;2686995.57;1263437.78;8.5936;47.515925
94715.3;427.4;2687000.37;1263434.4;8.593663;47.515894
94721.59999999999;427.3;2687006.42;1263432.6;8.593743;47.515877
94727.8;427.3;2687012.67;1263432.81;8.593826;47.515878
94734;427.4;2687018.65;1263431.23;8.593905;47.515863
94739.9;427.4;2687024.18;1263429.19;8.593978;47.515844
94747;427.3;2687028.93;1263423.93;8.59404;47.515796
94754.8;427.4;2687035.54;1263419.8;8.594127;47.515758
94760.59999999999;427.6;2687040.63;1263416.98;8.594194;47.515732
94767.09999999999;427.8;2687046.47;1263414.07;8.594271;47.515705
94774.09999999999;427.9;2687052.99;1263411.72;8.594357;47.515683
94780.2;428;2687058.52;1263409.02;8.59443;47.515658
94786.2;428.1;2687064.13;1263406.99;8.594504;47.515639
94792.3;428.2;2687069.96;1263405.07;8.594581;47.515621
94798;428.2;2687075.48;1263403.6;8.594654;47.515607
94804.2;428.2;2687081.31;1263401.57;8.594731;47.515588
94810.8;427.9;2687087.52;1263399.44;8.594813;47.515568
94816.7;428;2687093.34;1263398.3;8.59489;47.515557
94823;427.7;2687099.53;1263397.39;8.594972;47.515548
94829.3;428.2;2687105.79;1263396.37;8.595055;47.515538
94835.9;428;2687112.36;1263395.91;8.595142;47.515533
94842.2;428.2;2687118.69;1263395.45;8.595226;47.515528
94848.9;428.3;2687125.32;1263395.66;8.595314;47.515529
94855.4;428.3;2687131.87;1263395.86;8.595401;47.51553
94861.8;428.3;2687138.27;1263395.96;8.595486;47.51553
94868.2;428.3;2687144.68;1263395.61;8.595571;47.515526
94874.9;428.3;2687151.3;1263396.04;8.595659;47.515529
94881.3;428.3;2687157.69;1263396.69;8.595744;47.515534
94888;428.4;2687164.31;1263397.79;8.595832;47.515543
94894.7;428.4;2687170.84;1263399.11;8.595919;47.515554
94901.9;428.4;2687177.82;1263401.1;8.596012;47.515571
94908.5;428.5;2687184.28;1263402.53;8.596098;47.515583
94914.8;428.5;2687190.28;1263404.4;8.596178;47.515599
94921.7;428.5;2687196.72;1263406.83;8.596264;47.51562
94928.2;428.6;2687202.55;1263409.7;8.596342;47.515645
94934.59999999999;428.6;2687208.24;1263412.56;8.596418;47.51567
94941.59999999999;428.6;2687214.44;1263415.76;8.596501;47.515698
94948.4;428.7;2687220.57;1263418.86;8.596583;47.515725
94955.09999999999;428.7;2687226.4;1263422.17;8.596661;47.515754
94961.8;428.8;2687232.15;1263425.48;8.596738;47.515783
94968.59999999999;428.7;2687237.67;1263429.45;8.596812;47.515818
94975.3;428.8;2687243.42;1263432.98;8.596889;47.515849
94981.9;428.9;2687248.63;1263436.95;8.596959;47.515884
94988.59999999999;429;2687254.07;1263440.92;8.597032;47.515919
94995.4;429;2687259.36;1263445.23;8.597103;47.515957
95002.3;429;2687264.72;1263449.53;8.597175;47.515995
95008.9;429.1;2687269.7;1263453.94;8.597242;47.516034
95015.59999999999;429.1;2687274.68;1263458.35;8.597309;47.516073
95022.4;429.1;2687279.89;1263462.77;8.597379;47.516112
95027.9;429.2;2687284.06;1263466.28;8.597435;47.516143
95036;429.2;2687290;1263471.81;8.597515;47.516192
95042.5;429.2;2687294.83;1263476.11;8.59758;47.51623
95049.5;429.2;2687299.96;1263480.86;8.597649;47.516272
95056.59999999999;429.2;2687305.01;1263485.93;8.597717;47.516317
95063.09999999999;429.2;2687309.69;1263490.45;8.59778;47.516357
95069.7;429.3;2687314.21;1263495.3;8.597841;47.5164
95076.4;429.3;2687318.97;1263499.93;8.597905;47.516441
95082.8;429.3;2687323.42;1263504.55;8.597965;47.516482
95089.8;429.4;2687328.47;1263509.41;8.598033;47.516525
95096.9;429.4;2687333.67;1263514.16;8.598103;47.516567
95104;429.5;2687338.8;1263519.13;8.598172;47.516611
95110.5;429.6;2687343.09;1263523.97;8.59823;47.516654
95117.7;429.6;2687347.99;1263529.27;8.598296;47.516701
95124.3;429.6;2687352.82;1263533.79;8.598361;47.516741
95131;429.6;2687357.19;1263538.86;8.59842;47.516786
95137.4;429.7;2687361.56;1263543.59;8.598479;47.516828
95143.8;429.7;2687366.17;1263548;8.598541;47.516867
95150.59999999999;429.8;2687370.76;1263553.07;8.598603;47.516912
95157.2;429.8;2687375.29;1263557.81;8.598664;47.516954
95163.8;429.9;2687379.2;1263563.09;8.598717;47.517001
95170.4;429.9;2687383.8;1263567.83;8.598779;47.517043
95176.9;430;2687388.1;1263572.79;8.598837;47.517087
95183.4;430.1;2687392.4;1263577.63;8.598895;47.51713
95189.3;430.1;2687396.17;1263582.13;8.598946;47.51717
95195.5;430.1;2687399.86;1263587.08;8.598996;47.517214
95201.7;430.2;2687403.63;1263592.03;8.599047;47.517258
95208.2;430.2;2687407.17;1263597.53;8.599095;47.517307
95215.3;430.3;2687411.68;1263602.94;8.599156;47.517355
95222.4;430.3;2687414.68;1263609.43;8.599197;47.517413
95228.8;430.3;2687417.91;1263614.93;8.599241;47.517462
95235.8;430.4;2687421.13;1263621.09;8.599285;47.517517
95242;430.4;2687423.53;1263626.91;8.599318;47.517569
95249;430.5;2687426.68;1263633.07;8.599361;47.517624
95254.9;430.5;2687427.57;1263638.98;8.599374;47.517677
95261.4;430.6;2687429.89;1263645.02;8.599406;47.517731
95267.59999999999;430.6;2687431.99;1263650.83;8.599435;47.517783
95274.5;430.7;2687434.53;1263657.21;8.59947;47.51784
95280;430.7;2687435.58;1263662.67;8.599485;47.517889
95287.09999999999;430.7;2687438.12;1263669.27;8.59952;47.517948
95293.59999999999;430.8;2687439.99;1263675.52;8.599546;47.518004
95301.09999999999;430.8;2687441.69;1263682.78;8.59957;47.518069
95307.7;430.8;2687443.86;1263689.04;8.5996;47.518125
95312.8;430.9;2687444.84;1263694.05;8.599614;47.51817
95318.09999999999;430.9;2687446.04;1263699.19;8.599631;47.518216
95325.2;431;2687448.28;1263706;8.599662;47.518277
95331.59999999999;431.1;2687449.54;1263712.25;8.59968;47.518333
95338.59999999999;431.1;2687451.62;1263718.95;8.599709;47.518393
95344.7;431.1;2687453.42;1263724.76;8.599734;47.518445
95350.4;431.2;2687454.62;1263730.34;8.599751;47.518495
95356.9;431.2;2687456.64;1263736.48;8.599779;47.51855
95364;431.3;2687458.65;1263743.3;8.599807;47.518611
95370.2;431.3;2687461.12;1263749.01;8.599841;47.518662
95377.5;431.3;2687464.49;1263755.5;8.599887;47.51872
95382.5;431.3;2687466.61;1263759.98;8.599916;47.51876
95389.2;431.3;2687470.14;1263765.71;8.599964;47.518811
95396.2;431.5;2687473.9;1263771.55;8.600015;47.518863
95403;431.5;2687478.04;1263776.94;8.600071;47.518911
95409.9;431.5;2687482.17;1263782.57;8.600127;47.518961
95417.09999999999;431.7;2687486.38;1263788.3;8.600184;47.519012
95423.8;431.7;2687490.82;1263793.37;8.600244;47.519057
95430.59999999999;431.7;2687495.96;1263797.78;8.600313;47.519096
95437.3;431.8;2687501.4;1263801.75;8.600386;47.519131
95444;431.8;2687506.76;1263805.73;8.600458;47.519166
95450.59999999999;431.8;2687511.97;1263809.81;8.600528;47.519202
95457;431.9;2687517.12;1263813.66;8.600597;47.519236
95464;431.9;2687522.93;1263817.53;8.600675;47.51927
95470.59999999999;431.8;2687528.38;1263821.17;8.600748;47.519302
95477.4;431.9;2687533.89;1263825.14;8.600822;47.519337
95483.7;432;2687538.35;1263829.66;8.600882;47.519377
95489.59999999999;432;2687543.04;1263833.17;8.600945;47.519408
95495.9;432;2687548.34;1263836.59;8.601016;47.519438
95503.2;432;2687554.69;1263840.24;8.601101;47.51947
95510.3;432;2687560.66;1263844.11;8.601181;47.519504
95517.4;431.9;2687566.7;1263847.87;8.601262;47.519537
95524.3;431.9;2687572.22;1263851.95;8.601336;47.519573
95531;431.9;2687577.58;1263855.92;8.601408;47.519608
95538.09999999999;431.8;2687583.39;1263860.13;8.601486;47.519645
95545.4;431.8;2687589.21;1263864.44;8.601564;47.519683
95552.5;431.8;2687594.94;1263868.64;8.601641;47.51972
95559.7;431.7;2687601.14;1263872.4;8.601724;47.519753
95566.3;431.7;2687606.51;1263876.26;8.601796;47.519787
95573.5;431.6;2687612.63;1263879.91;8.601878;47.519819
95580.7;431.6;2687618.44;1263884.22;8.601956;47.519857
95588.09999999999;431.5;2687624.79;1263888.09;8.602041;47.519891
95595.4;431.4;2687631.06;1263891.86;8.602125;47.519924
95602.5;431.3;2687636.87;1263895.83;8.602203;47.519959
95609.4;431.3;2687642.54;1263899.7;8.602279;47.519993
95616.4;431.2;2687648.67;1263903.13;8.602361;47.520023
95623.8;431.2;2687655.17;1263906.67;8.602448;47.520054
95631.5;431.1;2687661.89;1263910.55;8.602538;47.520088
95638.9;431;2687668.31;1263914.2;8.602624;47.52012
95646.3;430.9;2687674.89;1263917.53;8.602712;47.520149
95652.9;430.9;2687680.8;1263920.51;8.602791;47.520175
95660;430.8;2687687.08;1263923.71;8.602875;47.520203
95666.9;430.8;2687693.37;1263926.59;8.602959;47.520228
95674.3;430.7;2687700.02;1263929.91;8.603048;47.520257
95681.59999999999;430.7;2687706.6;1263933.01;8.603136;47.520284
95688.9;430.6;2687713.42;1263935.78;8.603227;47.520308
95696.09999999999;430.6;2687720.08;1263938.44;8.603316;47.520331
95703.3;430.5;2687726.51;1263941.53;8.603402;47.520358
95708.3;430.5;2687731.23;1263943.27;8.603465;47.520373
95716;430.5;2687738.35;1263946.16;8.60356;47.520398
95722.09999999999;430.6;2687743.96;1263948.69;8.603635;47.52042
95729.3;430.5;2687750.62;1263951.45;8.603724;47.520444
95736.4;430.4;2687757.29;1263953.89;8.603813;47.520465
95741;430.4;2687761.64;1263955.29;8.603871;47.520477
95749.9;430.5;2687769.88;1263958.52;8.603981;47.520505
95756.7;430.4;2687776.4;1263960.62;8.604068;47.520523
95763.5;430.3;2687782.93;1263962.39;8.604155;47.520538
95769.59999999999;430.3;2687788.69;1263964.59;8.604232;47.520557
95775.8;430.3;2687794.62;1263966.23;8.604311;47.520571
95782.59999999999;430.3;2687800.99;1263968.55;8.604396;47.520591
95789.3;430.2;2687807.6;1263969.87;8.604484;47.520602
95795.59999999999;430.3;2687813.51;1263972.07;8.604563;47.520621
95802.9;430.2;2687820.73;1263973.29;8.604659;47.520631
95808.4;430.2;2687826.06;1263974.26;8.60473;47.520639
95814.09999999999;430.1;2687831.69;1263975.57;8.604805;47.52065
95820.8;430.1;2687838.15;1263977.22;8.604891;47.520664
95827.7;430.1;2687844.9;1263978.54;8.604981;47.520675
95834.09999999999;430.1;2687851.3;1263978.86;8.605066;47.520677
95847.7;430.1;2687863.88;1263984.05;8.605234;47.520722
95855.9;430.1;2687871.92;1263985.73;8.605341;47.520736
95862.59999999999;430.1;2687878.61;1263986.05;8.60543;47.520738
95869.7;430.1;2687885.6;1263987.26;8.605523;47.520748
95876.9;430.1;2687892.67;1263988.37;8.605617;47.520757
95885.7;430.1;2687901.14;1263991.05;8.60573;47.52078
95893.8;430.1;2687909.03;1263992.51;8.605835;47.520792
95899.4;430;2687914.67;1263992.92;8.60591;47.520795
95906.09999999999;430;2687921.29;1263993.58;8.605998;47.5208
95913.5;429.9;2687928.49;1263995.46;8.606094;47.520816
95919.2;429.9;2687934.21;1263995.66;8.60617;47.520817
95927.7;429.8;2687942.55;1263997.12;8.606281;47.520829
95934.09999999999;429.8;2687948.87;1263998.1;8.606365;47.520837
95941.2;429.7;2687955.69;1263999.87;8.606456;47.520852
95946.7;429.7;2687961.02;1264001.29;8.606527;47.520864
95954.4;429.6;2687968.45;1264003.29;8.606626;47.520881
95961.7;429.6;2687975.74;1264004.29;8.606723;47.520889
95969.2;429.4;2687983.19;1264004.95;8.606822;47.520894
95976.9;429.4;2687990.77;1264006.51;8.606923;47.520907
95984.7;429.3;2687998.36;1264008.18;8.607024;47.520921
95992.3;429.2;2688005.87;1264009.52;8.607124;47.520932
96001.5;429.1;2688014.97;1264010.54;8.607245;47.52094
96008.8;429;2688022.26;1264011.43;8.607342;47.520947
96016.9;428.9;2688030.33;1264010.99;8.607449;47.520942
96024.8;428.8;2688038.06;1264012.55;8.607552;47.520955
96031.9;428.9;2688045.05;1264013.88;8.607645;47.520966
96038.9;428.7;2688051.88;1264015.43;8.607736;47.520979
96047;428.6;2688059.68;1264017.55;8.60784;47.520997
96054.8;428.5;2688067.35;1264018.77;8.607942;47.521007
96062.4;428.5;2688074.62;1264021.1;8.608039;47.521027
96071.5;428.4;2688083.56;1264022.68;8.608158;47.52104
96078.9;428.2;2688090.93;1264023.46;8.608256;47.521046
96086;428.2;2688097.92;1264024.79;8.608349;47.521057
96096.5;428.1;2688108.12;1264027.39;8.608485;47.521079
96104.59999999999;428;2688116.09;1264028.51;8.608591;47.521088
96112.4;428;2688123.67;1264030.18;8.608692;47.521102
96120.7;427.9;2688131.94;1264031.08;8.608802;47.521109
96128.2;427.8;2688139.31;1264032.52;8.6089;47.521121
96136.59999999999;427.7;2688147.49;1264034.53;8.609009;47.521138
96144;427.6;2688154.78;1264035.53;8.609106;47.521146
96151.3;427.5;2688161.91;1264037.42;8.609201;47.521162
96159;427.4;2688169.58;1264037.98;8.609303;47.521166
96167.3;427.3;2688177.77;1264039.21;8.609412;47.521176
96174.3;427.2;2688184.69;1264039.98;8.609504;47.521182
96183.09999999999;427.2;2688193.01;1264042.89;8.609615;47.521207
96190.09999999999;427.2;2688199.92;1264044.32;8.609707;47.521219
96198.5;427.1;2688208.1;1264046.22;8.609816;47.521235
96206;427;2688215.54;1264047.23;8.609915;47.521243
96214;426.9;2688223.35;1264048.9;8.610019;47.521257
96221.8;426.8;2688231.01;1264050.24;8.610121;47.521268
96229.7;426.7;2688238.83;1264051.58;8.610225;47.521279
96236.9;426.6;2688245.97;1264052.35;8.61032;47.521285
96245.09999999999;426.4;2688254.01;1264053.58;8.610427;47.521295
96253.7;426.3;2688262.58;1264054.71;8.610541;47.521304
96261.8;426.1;2688270.47;1264056.39;8.610646;47.521318
96268.9;425.9;2688277.54;1264057.05;8.61074;47.521323
96277.09999999999;425.7;2688285.49;1264059.06;8.610846;47.52134
96285.4;425.5;2688293.68;1264060.74;8.610955;47.521354
96293.3;425.3;2688301.5;1264061.85;8.611059;47.521363
96298.9;425.1;2688307.07;1264061.82;8.611133;47.521362
96305.2;424.9;2688313.31;1264062.47;8.611216;47.521367
96316.4;424.4;2688324.27;1264064.86;8.611362;47.521387
96324.2;424.2;2688331.93;1264066.42;8.611464;47.5214
96333.59999999999;423.8;2688341.18;1264068.01;8.611587;47.521413
96343;423.3;2688350.59;1264068.04;8.611712;47.521412
96352.7;422.9;2688360.22;1264068.62;8.61184;47.521416
96362.09999999999;422.6;2688369.64;1264068.77;8.611965;47.521416
96370.59999999999;422.1;2688378.15;1264068.45;8.612078;47.521412
96380.8;422;2688388.27;1264067.15;8.612212;47.521399
96392.2;421;2688399.65;1264066.43;8.612363;47.521391
96401.9;420.4;2688409.1;1264064.24;8.612488;47.52137
96414.09999999999;419.6;2688421.24;1264063.31;8.612649;47.52136
96425.09999999999;419.1;2688431.69;1264059.91;8.612787;47.521328
96435.2;418.5;2688441.3;1264056.72;8.612914;47.521298
96447.5;417.9;2688453.52;1264055.45;8.613076;47.521285
96458.59999999999;417.4;2688463.83;1264051.38;8.613212;47.521247
96470.7;416.6;2688475.94;1264052.56;8.613373;47.521256
96479.9;416.3;2688485.04;1264053.37;8.613494;47.521262
96489.4;416;2688493.49;1264057.72;8.613607;47.5213
96499.5;415.7;2688502.38;1264062.52;8.613726;47.521342
96509.8;415.4;2688509.04;1264070.41;8.613816;47.521412
96519.7;415.4;2688515.41;1264077.95;8.613902;47.521479
96530;415.5;2688521.61;1264086.27;8.613986;47.521553
96539.7;415.4;2688530.05;1264091.07;8.614099;47.521595
96548.7;415.4;2688537.89;1264095.41;8.614204;47.521633
96558.8;415.2;2688547.9;1264096.34;8.614337;47.52164
96568.59999999999;414.8;2688557.63;1264095.04;8.614466;47.521627
96578.8;414.5;2688567.47;1264092.3;8.614596;47.521601
96589.09999999999;414.1;2688577.16;1264088.66;8.614724;47.521567
96599.5;413.6;2688586.35;1264083.91;8.614845;47.521523
96610.3;413.4;2688596.5;1264080.06;8.614979;47.521487
96626.9;413;2688613.08;1264079.42;8.615199;47.521479
96637.4;412.6;2688621.83;1264073.65;8.615314;47.521426
96647.3;412.3;2688629.98;1264067.99;8.615421;47.521374
96657.3;411.9;2688638.34;1264062.56;8.615531;47.521324
96667.4;411.7;2688647.01;1264057.35;8.615645;47.521276
96677.4;411.4;2688655.96;1264053.04;8.615763;47.521236
96687.59999999999;411.1;2688664.63;1264047.61;8.615877;47.521186
96697.7;410.8;2688673.59;1264042.85;8.615995;47.521142
96707.3;409.9;2688682.17;1264038.53;8.616108;47.521102
96718.09999999999;410.2;2688691.44;1264033.11;8.61623;47.521052
96728.09999999999;410;2688699.58;1264027.34;8.616337;47.520999
96739.2;409.7;2688707.91;1264019.9;8.616446;47.520931
96749.3;409.5;2688716.42;1264014.47;8.616558;47.520881
96759.09999999999;409.2;2688724.42;1264008.92;8.616663;47.52083
96770.2;408.9;2688733.92;1264003.06;8.616788;47.520776
96779.9;408.8;2688742.13;1263997.95;8.616896;47.520729
96791.09999999999;408.7;2688751.12;1263991.19;8.617014;47.520667
96800.5;408.6;2688758.66;1263985.64;8.617113;47.520616
96810.4;408.5;2688766.81;1263979.98;8.61722;47.520564
96820.3;408.4;2688773.7;1263972.85;8.61731;47.520499
96830.4;408.4;2688781.84;1263966.97;8.617417;47.520445
96839.8;408.5;2688788.72;1263960.51;8.617507;47.520386
96849;408.5;2688794.77;1263953.6;8.617586;47.520323
96858.5;408.6;2688799.94;1263945.67;8.617653;47.520251
96868;408.6;2688806.89;1263939.1;8.617744;47.520191
96877.09999999999;408.6;2688813.69;1263933.09;8.617833;47.520136
96885.8;408.7;2688818.84;1263926.05;8.6179;47.520072
96894.7;408.7;2688825.71;1263920.37;8.61799;47.52002
96903.9;409.3;2688831.61;1263913.34;8.618067;47.519956
96913.2;409;2688838.41;1263906.99;8.618156;47.519898
96922.3;409.5;2688845.35;1263901.2;8.618247;47.519845
96931.7;409.1;2688854.5;1263898.89;8.618368;47.519823
96940.5;409.2;2688861.44;1263893.44;8.618459;47.519773
96949.3;409.3;2688868.67;1263888.54;8.618554;47.519728
96958.2;409.4;2688875.83;1263883.2;8.618648;47.519679
96966.7;409.5;2688882.54;1263877.97;8.618736;47.519631
96974.9;409.5;2688889.24;1263873.28;8.618824;47.519588
96983.3;409.6;2688896.31;1263868.72;8.618917;47.519546
96991.2;409.7;2688902.04;1263863.25;8.618992;47.519496
96999.7;409.8;2688908.68;1263857.9;8.619079;47.519447
97007.3;409.8;2688916.09;1263856.23;8.619177;47.519431
97015.4;409.9;2688922.78;1263851.77;8.619265;47.51939
97023.2;410;2688929.55;1263847.76;8.619354;47.519353
97031.4;410.1;2688936.02;1263842.85;8.619439;47.519308
97039.3;410.2;2688942.49;1263838.28;8.619524;47.519266
97047.8;410.2;2688948.54;1263832.25;8.619603;47.519211
97056.3;410.3;2688955.69;1263827.69;8.619697;47.519169
97066.2;410.5;2688965.22;1263825.17;8.619823;47.519145
97073.9;410.6;2688971.17;1263820.25;8.619901;47.5191
97081.8;410.7;2688977.93;1263816.13;8.61999;47.519062
97088.9;410.8;2688983.86;1263812.33;8.620068;47.519027
97096.8;410.9;2688990.41;1263807.75;8.620154;47.518985
97105.09999999999;411;2688997.11;1263802.85;8.620242;47.51894
97112.3;411;2689002.01;1263797.59;8.620306;47.518892
97122;411.2;2689010.52;1263793.04;8.620418;47.51885
97129.5;411.3;2689016.98;1263789.25;8.620503;47.518815
97137.59999999999;411.4;2689024.41;1263785.91;8.620601;47.518784
97145.7;411.5;2689030.67;1263780.78;8.620683;47.518737
97152.2;411.6;2689036.07;1263777.19;8.620754;47.518704
97159.59999999999;411.7;2689042.23;1263773.06;8.620835;47.518666
97169.7;411.8;2689051.77;1263769.76;8.620961;47.518635
97177.09999999999;412;2689056.46;1263764.05;8.621022;47.518583
97184.2;412.1;2689062.24;1263759.91;8.621098;47.518545
97191.09999999999;412.2;2689067.88;1263755.88;8.621172;47.518508
97198;412.2;2689074.25;1263753.19;8.621256;47.518483
97204.8;412.3;2689079.44;1263748.82;8.621324;47.518443
97214.9;412.1;2689089.27;1263750.75;8.621455;47.518459
97221.8;412.2;2689095.57;1263747.73;8.621538;47.518431
97229;412.2;2689101.95;1263744.38;8.621622;47.5184
97236.3;412.2;2689108.7;1263741.7;8.621711;47.518375
97243.5;412.1;2689115.44;1263739.25;8.6218;47.518352
97252.59999999999;412.1;2689123.56;1263735.03;8.621907;47.518313
97260;412.1;2689130.16;1263731.69;8.621994;47.518282
97266.9;412.1;2689135.06;1263726.87;8.622058;47.518238
97273.8;412.1;2689140.55;1263722.61;8.62213;47.518199
97281;412.1;2689146.41;1263718.48;8.622207;47.518161
97288.4;412.1;2689153.45;1263716.25;8.6223;47.51814
97295.59999999999;412.1;2689159.9;1263713.01;8.622385;47.51811
97302.7;412.1;2689165.84;1263709.1;8.622463;47.518074
97310.8;412.2;2689171.72;1263703.62;8.62254;47.518024
97318;412.2;2689177.43;1263699.26;8.622615;47.517984
97324.59999999999;412.8;2689182.99;1263695.57;8.622688;47.51795
97331.8;412.2;2689189.29;1263692.1;8.622771;47.517918
97338.8;414.1;2689194.78;1263687.74;8.622843;47.517878
97346;414.4;2689200.79;1263683.82;8.622922;47.517842
97353.09999999999;413.9;2689206.8;1263680.13;8.623001;47.517808
97361.3;414;2689214.31;1263676.8;8.6231;47.517777
97368.7;413.4;2689221.2;1263674.12;8.623191;47.517752
97375;415;2689225.34;1263669.29;8.623245;47.517708
97382.09999999999;414.9;2689231.72;1263666.17;8.623329;47.517679
97390.59999999999;413.6;2689240.16;1263665.85;8.623441;47.517675
97398.3;412.8;2689247.65;1263663.85;8.62354;47.517656
97406.7;412.9;2689255.02;1263659.96;8.623637;47.51762
97414.09999999999;412.3;2689261.69;1263656.72;8.623725;47.51759
97420.9;413;2689267.4;1263652.92;8.6238;47.517555
97428.2;413.6;2689273.71;1263649.34;8.623883;47.517522
97435.59999999999;414.2;2689279.65;1263644.98;8.623961;47.517482
97443;412;2689286.54;1263642.31;8.624052;47.517457
97451.3;412;2689294.78;1263640.76;8.624161;47.517442
97459;411.9;2689301.61;1263637.31;8.624251;47.51741
97466.7;411.9;2689308.52;1263633.97;8.624342;47.517379
97474;412;2689315.12;1263630.73;8.624429;47.517349
97481.7;412;2689322.39;1263628.17;8.624525;47.517325
97490.09999999999;412.4;2689329.39;1263623.49;8.624617;47.517282
97497.9;411.9;2689336.59;1263620.49;8.624712;47.517254
97505.8;412;2689343.65;1263617.15;8.624805;47.517223
97513.5;412.4;2689349.82;1263612.46;8.624886;47.51718
97521.2;412.4;2689356.73;1263609.12;8.624977;47.517149
97528.7;412.7;2689363.56;1263605.89;8.625067;47.517119
97536.7;411.7;2689370.84;1263602.55;8.625163;47.517088
97545.09999999999;411.4;2689378.21;1263598.66;8.62526;47.517052
97552.59999999999;412.3;2689384;1263593.85;8.625336;47.517008
97560.9;412.4;2689391.3;1263589.85;8.625432;47.516971
97571;412;2689400.4;1263585.43;8.625552;47.51693
97579.9;411.7;2689408.44;1263581.66;8.625658;47.516895
97588.8;411;2689416.56;1263578.11;8.625765;47.516862
97597.5;410.9;2689424.45;1263574.34;8.625869;47.516827
97604.59999999999;411.2;2689430.24;1263570.31;8.625945;47.51679
97615.59999999999;410.5;2689440.97;1263567.91;8.626087;47.516767
97628.2;409.1;2689453.43;1263565.66;8.626252;47.516745
97639;408.9;2689463.72;1263562.7;8.626388;47.516717
97649.2;408.6;2689473.27;1263558.95;8.626514;47.516682
97658.3;408.4;2689481.83;1263555.86;8.626627;47.516653
97668.09999999999;408.1;2689491;1263552.55;8.626748;47.516622
97677.5;407.8;2689500.08;1263549.79;8.626868;47.516596
97686.8;407.5;2689509.01;1263547.37;8.626986;47.516573
97696.59999999999;407.1;2689518.46;1263544.96;8.627111;47.51655
97705.9;406.8;2689527.53;1263542.65;8.627231;47.516528
97715.3;406.4;2689536.47;1263539.67;8.627349;47.5165
97724.3;406;2689545.3;1263538.25;8.627466;47.516486
97733.3;405.6;2689554;1263535.82;8.627581;47.516463
97744.09999999999;405.1;2689564.65;1263534.09;8.627722;47.516446
97753.4;404.8;2689573.65;1263531.89;8.627841;47.516425
97763.4;404.4;2689583.26;1263528.93;8.627968;47.516397
97773.09999999999;403.9;2689592.78;1263527.18;8.628094;47.51638
97782.7;403.5;2689602.22;1263525.43;8.628219;47.516363
97792.3;403.2;2689611.67;1263523.8;8.628344;47.516347
97802.5;402.7;2689621.71;1263522.06;8.628477;47.51633
97812.9;402.3;2689631.77;1263519.54;8.62861;47.516306
97822.2;401.8;2689640.84;1263517.46;8.62873;47.516286
97832.2;401.5;2689650.59;1263515.27;8.628859;47.516265
97843.5;401.3;2689661.84;1263513.77;8.629008;47.51625
97853.8;400.8;2689671.96;1263511.92;8.629142;47.516232
97864.5;400.3;2689682.6;1263511.08;8.629283;47.516223
97874.7;399.9;2689692.58;1263508.68;8.629415;47.5162
97885.3;399.6;2689702.93;1263506.5;8.629552;47.516179
97895.4;399.3;2689712.96;1263505.54;8.629685;47.516169
97905.5;398.9;2689722.65;1263502.68;8.629813;47.516142
97915.59999999999;398.5;2689732.75;1263502.39;8.629947;47.516138
97926.09999999999;398.1;2689743.21;1263503.22;8.630086;47.516144
97936.5;397.7;2689753.68;1263503.49;8.630225;47.516145
97947.8;397.2;2689764.89;1263504.1;8.630374;47.516149
97959.5;396.8;2689776.63;1263504.73;8.63053;47.516153
97969;396.3;2689786.12;1263504.76;8.630656;47.516152
97982.59999999999;395.8;2689799.26;1263508.19;8.630831;47.516181
97993.8;395.3;2689809.51;1263512.68;8.630968;47.51622
98004.3;394.9;2689819.72;1263515.06;8.631104;47.51624
98015.4;394.4;2689830.53;1263517.56;8.631248;47.516261
98031.09999999999;393.8;2689845.68;1263521.68;8.63145;47.516296
98042.2;393.2;2689856.41;1263524.62;8.631593;47.516321
98052.9;392.8;2689866.45;1263528.22;8.631727;47.516352
98062.8;392.3;2689876.21;1263530.15;8.631857;47.516368
98073.5;391.9;2689886.41;1263533.2;8.631993;47.516394
98087.2;391.3;2689899.77;1263536.4;8.632171;47.516421
98098.3;390.8;2689910.35;1263539.68;8.632312;47.516449
98108.2;390.5;2689919.87;1263542.49;8.632439;47.516473
98119.8;389.9;2689931.21;1263544.66;8.63259;47.516491
98130.4;389.5;2689941.65;1263546.82;8.632729;47.516509
98141.9;388.9;2689952.52;1263550.44;8.632874;47.51654
98150.8;388.8;2689961.23;1263552.35;8.63299;47.516556
98161.4;388.4;2689971.51;1263554.84;8.633127;47.516577
98171.6;388.1;2689981.34;1263557.55;8.633258;47.5166
98180.9;387.7;2689990.5;1263559.36;8.63338;47.516615
98191.79999999999;387.5;2690001.24;1263561.3;8.633523;47.516631
98202.5;387.2;2690011.76;1263563.46;8.633663;47.516649
98212.7;386.9;2690021.75;1263565.17;8.633796;47.516663
98223.79999999999;386.6;2690032.64;1263567.34;8.633941;47.516681
98234;386.5;2690042.55;1263569.93;8.634073;47.516703
98243.4;386.5;2690051.7;1263572.08;8.634195;47.516721
98253.1;386.2;2690061.25;1263573.56;8.634322;47.516733
98262.29999999999;386.1;2690070.26;1263575.58;8.634442;47.51675
98270.7;386.2;2690078.05;1263578.7;8.634546;47.516777
98279.1;386.1;2690086.23;1263580.39;8.634655;47.516791
98287.6;386;2690094.49;1263582.4;8.634765;47.516808
98296;386;2690102.75;1263584.08;8.634875;47.516822
98304.7;385.9;2690111.15;1263586.44;8.634987;47.516842
98313.5;385.9;2690119.7;1263588.57;8.635101;47.51686
98322.29999999999;385.8;2690128.18;1263590.7;8.635214;47.516878
98330.9;385.7;2690136.68;1263592.05;8.635327;47.516889
98339.29999999999;385.6;2690144.94;1263593.74;8.635437;47.516903
98347.6;385.5;2690152.97;1263595.64;8.635544;47.516919
98356;385.4;2690161.31;1263596.76;8.635655;47.516928
98364.7;385.2;2690169.8;1263598.67;8.635768;47.516944
98373.2;385;2690178.05;1263600.69;8.635878;47.516961
98381.9;385;2690186.69;1263602.16;8.635993;47.516973
98391.4;384.9;2690195.93;1263604.19;8.636116;47.51699
98400.4;384.8;2690204.71;1263606.21;8.636233;47.517007
98409.1;384.7;2690213.19;1263608.12;8.636346;47.517023
98417.2;384.5;2690221.16;1263609.58;8.636452;47.517035
98425.4;384.5;2690229.28;1263610.37;8.63656;47.517041
98433.79999999999;384.4;2690237.62;1263611.83;8.636671;47.517053
98443.4;384.4;2690247.01;1263613.64;8.636796;47.517068
98451.9;384.3;2690255.19;1263615.88;8.636905;47.517087
98461.7;384.4;2690264.72;1263618.25;8.637032;47.517107
98470.1;384.4;2690272.82;1263620.37;8.63714;47.517125
98478.7;384.4;2690280.68;1263623.94;8.637245;47.517156
98488.7;384.4;2690290.52;1263625.76;8.637376;47.517171
98497.6;384.4;2690299.32;1263626.67;8.637493;47.517178
98506.2;384.5;2690307.41;1263629.58;8.637601;47.517203
98514.79999999999;384.5;2690315.81;1263631.71;8.637713;47.517221
98522.2;384.4;2690323.14;1263630.59;8.63781;47.51721
98530.1;384.4;2690330.88;1263631.94;8.637913;47.517221
98538.29999999999;384.4;2690338.99;1263633.28;8.638021;47.517232
98548.5;384.4;2690349.06;1263634.99;8.638155;47.517246
98557.7;384.5;2690357.68;1263638.02;8.63827;47.517272
98566.2;384.6;2690366.01;1263639.92;8.638381;47.517288
98574.2;384.6;2690373.5;1263642.6;8.638481;47.517311
98581.7;384.7;2690381.02;1263643.49;8.638581;47.517318
98588.9;384.7;2690387.69;1263646.15;8.63867;47.517341
98596.29999999999;382.5;2690394.89;1263647.93;8.638766;47.517356
98603.6;384.9;2690402.11;1263648.82;8.638862;47.517363
98611.79999999999;384.9;2690409.98;1263651.16;8.638967;47.517383
98619.1;385.1;2690417.2;1263652.16;8.639063;47.517391
98625.79999999999;385.2;2690423.81;1263653.48;8.639151;47.517402
98633.6;385.5;2690431.39;1263655.05;8.639252;47.517415
98640.29999999999;385.6;2690437.92;1263656.59;8.639339;47.517428
98646.4;385.8;2690443.94;1263657.46;8.639419;47.517435
98653.2;386;2690450.71;1263658.12;8.639509;47.51744
98660;386.2;2690457.31;1263659.89;8.639597;47.517455
98667;386.6;2690464.22;1263661;8.639689;47.517464
98671.9;386.5;2690468.95;1263662.18;8.639752;47.517474
98696.79999999999;387.3;2690491.31;1263673.09;8.640051;47.517569
98703.9;387.5;2690498.38;1263673.86;8.640145;47.517575
98710.6;387.8;2690504.91;1263675.41;8.640232;47.517588
98715.7;388;2690509.62;1263677.37;8.640295;47.517605
98721.7;388.3;2690515.56;1263678.46;8.640374;47.517614
98726.79999999999;388.6;2690520.27;1263680.43;8.640437;47.517631
98733.2;388.9;2690526.59;1263681.19;8.640521;47.517637
98741.4;389.3;2690534.54;1263683.2;8.640627;47.517654
98747;389.5;2690540.02;1263684.51;8.6407;47.517665
98751.5;389.7;2690544.45;1263685.24;8.640759;47.517671
98757.7;390;2690550.22;1263687.33;8.640836;47.517689
98764.4;390.3;2690556.83;1263688.88;8.640924;47.517702
98772.9;390.7;2690565.09;1263690.45;8.641034;47.517715
98778.9;391;2690570.95;1263691.77;8.641112;47.517726
98785.6;391.3;2690577.56;1263692.98;8.6412;47.517736
98791.2;391.6;2690583.13;1263692.95;8.641274;47.517735
98801.2;391.9;2690591.95;1263697.87;8.641392;47.517778
98806.79999999999;392.2;2690597.52;1263697.62;8.641466;47.517775
98815.29999999999;392.6;2690605.86;1263699.08;8.641577;47.517787
98820;393;2690610.55;1263698.27;8.641639;47.517779
98824.6;393.2;2690615.07;1263697.89;8.641699;47.517775
98829.1;393.4;2690619.43;1263698.96;8.641757;47.517784
98838.5;394.1;2690628.27;1263702.1;8.641875;47.517811
98844;394.3;2690633.67;1263703.18;8.641947;47.51782
98850.2;394.6;2690639.93;1263702.72;8.64203;47.517815
98853.79999999999;394.7;2690642.16;1263699.98;8.642059;47.51779
98857.4;394.8;2690645.71;1263699.14;8.642106;47.517782
98864.7;395.3;2690652.37;1263702.13;8.642195;47.517808
98868.79999999999;395.4;2690656.44;1263701.86;8.642249;47.517805
98873.4;395.7;2690661.03;1263702.27;8.64231;47.517808
98887.5;396.5;2690674.06;1263707.58;8.642484;47.517854
98890.6;396.6;2690677.08;1263706.74;8.642524;47.517846
98894.7;396.9;2690681.16;1263706.13;8.642578;47.51784
98900.5;397.2;2690686.96;1263706.22;8.642655;47.51784
98905.4;397.4;2690691.53;1263707.74;8.642716;47.517853
98912.7;398.8;2690698.67;1263709.29;8.642811;47.517866
98916.79999999999;398.9;2690702.82;1263708.8;8.642866;47.517861
98921.79999999999;398;2690707.59;1263707.32;8.642929;47.517847
98927;398.4;2690712.78;1263707.4;8.642998;47.517847
98930.4;398.5;2690714.19;1263704.31;8.643016;47.517819
98934.4;398.7;2690718.18;1263704.03;8.643069;47.517816
98938.5;398.8;2690722.19;1263703.32;8.643122;47.517809
98942.9;399;2690726.13;1263701.37;8.643174;47.517791
98948.2;399.3;2690731.39;1263702.12;8.643244;47.517797
98952.2;399.4;2690735.32;1263701.29;8.643296;47.517789
98956.4;399.6;2690739.47;1263701.02;8.643351;47.517786
98961.29999999999;399.9;2690744.37;1263700.99;8.643416;47.517785
98965.5;400.1;2690748.16;1263699.27;8.643466;47.517769
98969.79999999999;400.2;2690752.46;1263698.89;8.643523;47.517765
98973.2;400.3;2690755.86;1263698.16;8.643568;47.517758
98977.2;400.5;2690759.78;1263698.33;8.64362;47.517759
98987.1;400.9;2690769.63;1263699.49;8.643751;47.517768
98992.4;401.1;2690774.91;1263699.01;8.643821;47.517763
98996.79999999999;401.2;2690779.07;1263697.52;8.643876;47.517749
99001.7;401.2;2690783.69;1263695.92;8.643937;47.517734
99007.2;401.5;2690788.63;1263693.44;8.644002;47.517711
99011.7;401.6;2690793.08;1263692.95;8.644061;47.517706
99016.1;401.7;2690797.45;1263692.68;8.644119;47.517703
99020.29999999999;401.7;2690801.6;1263692.3;8.644174;47.517699
99024.5;401.9;2690805.83;1263691.81;8.64423;47.517694
99029;402;2690810.35;1263691.44;8.64429;47.51769
99033.79999999999;402.1;2690815.1;1263691.18;8.644353;47.517687
99038.4;402.2;2690819.71;1263690.8;8.644414;47.517683
99043.2;402.3;2690824.53;1263690.77;8.644478;47.517682
99047.4;402.4;2690828.67;1263690.5;8.644533;47.517679
99051.4;402.5;2690832.67;1263690.22;8.644586;47.517676
99055.7;402.5;2690836.97;1263690.07;8.644643;47.517674
99060.2;402.5;2690841.49;1263689.91;8.644703;47.517672
99064.6;402.6;2690845.86;1263689.65;8.644761;47.517669
99068.6;402.5;2690849.86;1263689.26;8.644814;47.517665
99072.9;402.5;2690854.16;1263688.89;8.644871;47.517661
99077.5;402.5;2690858.69;1263688.18;8.644931;47.517654
99082.5;402.4;2690863.53;1263687.14;8.644995;47.517644
99088.79999999999;402.4;2690869;1263684;8.645067;47.517615
99094.1;402.3;2690874.21;1263683.08;8.645136;47.517606
99099.79999999999;402.3;2690879.85;1263683.72;8.645211;47.517611
99104.9;402.2;2690884.96;1263684.47;8.645279;47.517617
99110.79999999999;402.3;2690890.43;1263686.55;8.645352;47.517635
99117.5;402.1;2690896.65;1263689.09;8.645435;47.517657
99124.6;402;2690903.55;1263690.87;8.645527;47.517672
99134.7;401.8;2690913.31;1263693.24;8.645657;47.517692
99141.7;401.6;2690920.3;1263693.79;8.64575;47.517696
99150;401.5;2690928.59;1263694.03;8.64586;47.517697
99157.9;401.3;2690936.44;1263692.93;8.645964;47.517686
99166.1;401.2;2690944.65;1263692.72;8.646073;47.517683
99173.4;401.1;2690951.89;1263692.06;8.646169;47.517676
99181.9;400.9;2690960.41;1263691.85;8.646282;47.517673
99189.7;400.8;2690968.24;1263691.75;8.646386;47.517671
99198;400.7;2690976.53;1263691.66;8.646496;47.517669
99206.2;400.6;2690984.75;1263691.56;8.646605;47.517667
99214.1;400.5;2690992.58;1263691.35;8.646709;47.517664
99222.1;400.5;2691000.64;1263691.47;8.646816;47.517664
99229.79999999999;400.4;2691008.33;1263691.48;8.646918;47.517663
99238;400.3;2691016.54;1263691.16;8.647027;47.517659
99245.7;400.2;2691024.15;1263690.83;8.647128;47.517655
99253.7;400.1;2691032.22;1263690.51;8.647235;47.517651
99261.7;400;2691040.2;1263690.75;8.647341;47.517652
99269.6;399.9;2691048.11;1263690.87;8.647446;47.517652
99277.6;399.8;2691056.09;1263691.22;8.647552;47.517654
99285.7;399.7;2691064.22;1263691.34;8.64766;47.517654
99293.7;399.6;2691072.14;1263691.02;8.647765;47.51765
99301.7;399.5;2691080.13;1263690.81;8.647871;47.517647
99309.79999999999;399.4;2691088.26;1263691.04;8.647979;47.517648
99317.7;399.3;2691096.17;1263691.28;8.648084;47.517649
99325.9;399.2;2691104.37;1263691.63;8.648193;47.517651
99334;399.1;2691112.43;1263691.75;8.6483;47.517651
99343.29999999999;398.9;2691121.76;1263692.23;8.648424;47.517654
99351.5;398.8;2691129.98;1263692.02;8.648533;47.517651
99359.79999999999;398.7;2691138.19;1263692.26;8.648642;47.517652
99368;398.7;2691146.47;1263692.39;8.648752;47.517652
99376.2;398.6;2691154.6;1263692.62;8.64886;47.517653
99384;398.5;2691162.44;1263692.3;8.648964;47.517649
99391.79999999999;398.4;2691170.2;1263692.09;8.649067;47.517646
99400.2;398.3;2691178.64;1263692.33;8.649179;47.517647
99408.29999999999;398.5;2691186.7;1263691.89;8.649286;47.517642
99416.4;398.2;2691194.76;1263692.24;8.649393;47.517644
99425.9;398.1;2691204.32;1263692.95;8.64952;47.517649
99434.2;398;2691212.51;1263693.74;8.649629;47.517655
99442.4;397.9;2691220.73;1263693.42;8.649738;47.517651
99450.9;398;2691229.24;1263693.44;8.649851;47.51765
99459.1;398;2691237.38;1263693.23;8.649959;47.517647
99466.2;397.8;2691244.45;1263694.12;8.650053;47.517654
99473.4;397.9;2691251.68;1263694.45;8.650149;47.517656
99481.79999999999;397.9;2691259.94;1263695.69;8.650259;47.517666
99490.1;397.8;2691268.13;1263697.04;8.650368;47.517677
99497.6;397.7;2691275.49;1263698.6;8.650466;47.51769
99506.1;397.6;2691283.83;1263700.29;8.650577;47.517704
99514.4;397.5;2691291.85;1263702.53;8.650684;47.517723
99522.79999999999;397.4;2691300.12;1263703.54;8.650794;47.517731
99530.9;397.2;2691308.09;1263705.11;8.6509;47.517744
99537.79999999999;397.3;2691314.92;1263706.33;8.650991;47.517754
99546.29999999999;397.2;2691323.02;1263708.68;8.651099;47.517774
99555.2;397.1;2691331.41;1263711.7;8.651211;47.5178
99563.6;397;2691339.19;1263715.04;8.651315;47.517829
99573.2;396.9;2691347.95;1263718.85;8.651432;47.517862
99581.5;396.8;2691355.04;1263723.18;8.651527;47.5179
99590.9;396.7;2691363.02;1263728.09;8.651634;47.517943
99599.4;396.6;2691369.87;1263733.2;8.651726;47.517988
99608;396.5;2691377.03;1263737.98;8.651822;47.51803
99616.6;396.5;2691383.04;1263744.08;8.651903;47.518084
99624.9;396.4;2691389.51;1263749.29;8.65199;47.51813
99633.4;396.1;2691396.29;1263754.4;8.652081;47.518175
99642;395.9;2691403.06;1263759.73;8.652172;47.518222
99650.4;395.9;2691409.61;1263765.06;8.65226;47.518269
99659;395.6;2691415.92;1263770.83;8.652345;47.51832
99667.5;395.6;2691422.39;1263776.27;8.652432;47.518368
99675.29999999999;392.5;2691428.57;1263781.03;8.652515;47.51841
99682.79999999999;389.5;2691434.6;1263785.58;8.652596;47.51845
99691;390.9;2691441;1263790.68;8.652682;47.518495
99699.6;389.1;2691447.77;1263796.01;8.652773;47.518542
99708.2;388.5;2691454.62;1263801.23;8.652865;47.518588
99717.6;388.6;2691462.3;1263806.69;8.652968;47.518636
99726.5;388.6;2691469.6;1263811.69;8.653066;47.51868
99735.2;390.4;2691477.14;1263816.15;8.653167;47.518719
99744.6;391;2691485.05;1263821.05;8.653273;47.518762
99753.6;394.6;2691492.74;1263825.73;8.653376;47.518803
99762.5;394.4;2691500.5;1263830.19;8.65348;47.518842
99772.1;394.3;2691508.95;1263834.77;8.653593;47.518882
99781.5;394.2;2691517.39;1263838.9;8.653706;47.518918
99790.9;394.1;2691525.84;1263842.92;8.653819;47.518953
99801.4;393.9;2691535.18;1263847.85;8.653944;47.518996
99810.29999999999;393.7;2691543.34;1263851.31;8.654053;47.519026
99819.4;393.8;2691551.88;1263854.56;8.654167;47.519054
99828.2;393.6;2691560.27;1263857.24;8.654279;47.519077
99837;393.5;2691568.67;1263859.71;8.654391;47.519098
99845.9;393.6;2691577.22;1263862.29;8.654505;47.51912
99854.6;393.5;2691585.79;1263863.64;8.654619;47.519131
99862.9;393.4;2691593.9;1263865.22;8.654727;47.519144
99870.5;393.4;2691601.41;1263866.44;8.654827;47.519154
99878;393.4;2691608.85;1263867.78;8.654926;47.519165
99885.2;393.4;2691615.83;1263869.23;8.655019;47.519177
99892.79999999999;393.4;2691623.34;1263870.68;8.655119;47.519189
99900.5;393.3;2691630.93;1263872.02;8.65522;47.5192
99907.6;393.3;2691637.84;1263873.46;8.655312;47.519212
99915.2;393.3;2691645.35;1263875.02;8.655412;47.519225
99922.4;393.3;2691652.41;1263876.02;8.655506;47.519233
99929.2;393.4;2691659.1;1263877.24;8.655595;47.519243
99936.2;393.4;2691666.09;1263878.12;8.655688;47.51925
99942.7;393.4;2691672.39;1263879.78;8.655772;47.519264
99949.6;393.4;2691679.15;1263880.99;8.655862;47.519274
99957;393.5;2691686.12;1263883.33;8.655955;47.519294
99963.1;393.5;2691692.13;1263884.75;8.656035;47.519306
99969.7;393.5;2691698.58;1263886.08;8.656121;47.519317
99976.6;393.6;2691705.42;1263886.96;8.656212;47.519324
99983.6;393.7;2691712.18;1263888.62;8.656302;47.519338
99990.1;393.7;2691718.48;1263890.28;8.656386;47.519352
99996.2;393.7;2691724.57;1263890.93;8.656467;47.519357
100002.2;393.7;2691730.35;1263892.46;8.656544;47.51937
100009;393.8;2691736.87;1263894.34;8.656631;47.519386
100016.1;393.9;2691743.94;1263895.01;8.656725;47.519391
100022.79999999999;394;2691750.47;1263896.45;8.656812;47.519403
100029.2;394;2691756.86;1263897.32;8.656897;47.51941
100035.29999999999;394;2691762.88;1263898.2;8.656977;47.519417
100042.5;394.1;2691770.02;1263899.08;8.657072;47.519424
100047.7;394.1;2691775.23;1263898.39;8.657141;47.519417
100054.6;394.2;2691781.99;1263899.6;8.657231;47.519427
100061.29999999999;394.2;2691788.52;1263900.93;8.657318;47.519438
100067.29999999999;394.3;2691794.38;1263902.13;8.657396;47.519448
100071.9;394.3;2691799.05;1263901.98;8.657458;47.519446
100077.6;394.4;2691804.61;1263902.96;8.657532;47.519454
100083;394.4;2691810.03;1263903.15;8.657604;47.519455
100089.29999999999;394.5;2691816.27;1263904.14;8.657687;47.519463
100094.6;394.7;2691821.48;1263903.55;8.657756;47.519457
100097.79999999999;394.2;2691824.71;1263903.71;8.657799;47.519458
100104;393.4;2691830.89;1263903.37;8.657881;47.519454
100109.6;394.3;2691836.37;1263904.56;8.657954;47.519464
100116.7;393.5;2691843.2;1263906.56;8.658045;47.519481
100122.4;394.2;2691848.84;1263907.2;8.65812;47.519486
100128.6;394.3;2691854.92;1263908.3;8.658201;47.519495
100134.79999999999;394.8;2691860.69;1263910.61;8.658278;47.519515
100146.29999999999;394.9;2691871.31;1263915.11;8.65842;47.519554
100153.1;394.9;2691878;1263916.22;8.658509;47.519563
100163.6;395.1;2691887.89;1263919.6;8.658641;47.519592
100169.7;395.1;2691894.07;1263919.81;8.658723;47.519593
100176.1;395.2;2691900.47;1263919.79;8.658808;47.519592
100182.6;395.2;2691906.89;1263918.78;8.658893;47.519582
100186.5;395.2;2691909.57;1263916.04;8.658928;47.519557
100192.79999999999;395.2;2691915.83;1263915.25;8.659011;47.519549
100198.5;395.4;2691921.5;1263914.23;8.659086;47.519539
100203.9;395.4;2691926.78;1263913.31;8.659156;47.51953
100210;395.5;2691932.75;1263912.07;8.659235;47.519518
100215.6;395.4;2691938.2;1263910.93;8.659307;47.519507
100222.5;395.6;2691945;1263909.37;8.659397;47.519492
100228.79999999999;395.6;2691951.12;1263908.02;8.659478;47.519479
100236.6;395.7;2691958.54;1263905.68;8.659576;47.519457
100243.2;395.7;2691965.04;1263904.23;8.659662;47.519443
100250.79999999999;395.9;2691972.23;1263901.89;8.659757;47.519421
100256.6;395.9;2691977.76;1263900.2;8.65983;47.519405
100262.9;395.9;2691983.81;1263898.52;8.65991;47.519389
100268.9;396;2691989.64;1263896.83;8.659987;47.519373
100276.2;396.1;2691996.74;1263895.27;8.660081;47.519358
100284.29999999999;396.2;2692004.68;1263893.84;8.660186;47.519344
100290.4;396.2;2692010.43;1263891.7;8.660262;47.519324
100296.4;396.3;2692016.19;1263889.9;8.660338;47.519307
100304.1;396.3;2692023.17;1263886.79;8.66043;47.519278
100310.5;396.4;2692029.01;1263884.1;8.660507;47.519253
100315.79999999999;396;2692033.72;1263881.72;8.660569;47.519231
100322.29999999999;396.5;2692040.06;1263880.38;8.660653;47.519218
100328.2;396.5;2692045.6;1263878.24;8.660726;47.519198
100334;396.6;2692050.17;1263874.64;8.660786;47.519165
100342.2;396.6;2692058.11;1263872.76;8.660891;47.519147
100350.9;396;2692065.2;1263867.76;8.660984;47.519101
100357.6;396.4;2692071.91;1263867.08;8.661073;47.519094
100364.5;396.4;2692078.42;1263864.85;8.661159;47.519073
100370;396.1;2692083.43;1263862.59;8.661225;47.519052
100375.79999999999;396.1;2692088.59;1263860;8.661293;47.519028
100384.6;396;2692097;1263857.24;8.661404;47.519002
100390.7;396.2;2692103.04;1263856.23;8.661484;47.518992
100399.1;396.4;2692110.63;1263852.79;8.661584;47.51896
100404.79999999999;396.8;2692116.29;1263852.1;8.661659;47.518953
100411;396.3;2692122.05;1263849.74;8.661735;47.518931
100417;396.3;2692127.66;1263847.6;8.661809;47.518911
100422.79999999999;396.5;2692133.18;1263845.8;8.661882;47.518894
100428.6;396.9;2692138.71;1263844.22;8.661955;47.518879
100435.2;396.5;2692144.92;1263841.87;8.662037;47.518857
100442.2;397.1;2692151.94;1263841.2;8.66213;47.51885
100447.9;397.3;2692156.8;1263838.27;8.662194;47.518823
100454.79999999999;397.1;2692163.66;1263837.93;8.662285;47.518819
100461.6;397.7;2692170.24;1263836.26;8.662372;47.518803
100468.4;397.6;2692176.82;1263834.58;8.662459;47.518787
100474;397.7;2692182.34;1263833.44;8.662532;47.518776
100481.4;397.6;2692189.73;1263832.78;8.66263;47.518769
100487.5;397.6;2692195.2;1263830.2;8.662702;47.518745
100493.1;397.7;2692200.65;1263828.61;8.662774;47.51873
100499.29999999999;397.7;2692206.26;1263826.14;8.662848;47.518707
100506;397.8;2692212.76;1263824.58;8.662934;47.518692
100511.6;397.8;2692218.21;1263823.33;8.663006;47.51868
100518;397.9;2692224.48;1263821.87;8.663089;47.518666
100524.4;397.9;2692230.39;1263819.52;8.663167;47.518644
100530.79999999999;397.9;2692236.45;1263817.39;8.663247;47.518624
100536.6;397.6;2692241.98;1263815.69;8.66332;47.518608
100542.7;397.9;2692247.52;1263813.11;8.663393;47.518584
100548.9;398;2692253.49;1263811.54;8.663472;47.518569
100555.1;398.1;2692259.69;1263810.52;8.663554;47.518559
100562.29999999999;398.1;2692266.71;1263809.3;8.663647;47.518547
100568.9;398.2;2692272.85;1263806.72;8.663728;47.518523
100575.4;398.2;2692278.33;1263803.25;8.6638;47.518491
100581.1;398.3;2692283.99;1263802.78;8.663875;47.518486
100586.9;398.3;2692289.51;1263801.09;8.663948;47.51847
100593.2;398.4;2692295.57;1263799.07;8.664028;47.518451
100599.2;398.4;2692301.39;1263797.83;8.664105;47.518439
100605;398.4;2692307.06;1263796.58;8.66418;47.518427
100611.2;398.5;2692313.04;1263795.12;8.664259;47.518413
100617.2;398.7;2692318.86;1263793.65;8.664336;47.518399
100623.29999999999;398.7;2692324.69;1263791.63;8.664413;47.51838
100629.29999999999;398.9;2692330.58;1263790.61;8.664491;47.51837
100635.1;398.8;2692336.25;1263789.25;8.664566;47.518357
100641.1;398.9;2692342.07;1263787.9;8.664643;47.518344
100647.2;398.9;2692347.76;1263785.65;8.664718;47.518323
100653.2;398.9;2692353.65;1263784.52;8.664796;47.518312
100659.29999999999;399;2692359.33;1263782.5;8.664871;47.518293
100665.4;399;2692365.16;1263780.7;8.664948;47.518276
100671.4;399;2692370.91;1263779.01;8.665024;47.51826
100677.2;398.9;2692376.44;1263777.09;8.665097;47.518242
100683.7;399.3;2692382.79;1263775.64;8.665181;47.518228
100691.29999999999;399.3;2692390.2;1263773.86;8.665279;47.518211
100697.4;399;2692396.1;1263772.51;8.665357;47.518198
100704.1;399.1;2692402.6;1263771.05;8.665443;47.518184
100711;399.3;2692409.41;1263769.6;8.665533;47.51817
100717.1;399.1;2692415.3;1263768.25;8.665611;47.518157
100723;399.4;2692421.05;1263766.89;8.665687;47.518144
100729;399.3;2692427.02;1263765.87;8.665766;47.518134
100734.7;399.2;2692432.61;1263764.63;8.66584;47.518122
100741.5;399.4;2692439.18;1263763.29;8.665927;47.518109
100747.79999999999;399.3;2692445.38;1263761.83;8.666009;47.518095
100752.7;399.2;2692450.15;1263760.9;8.666072;47.518086
100757.7;399.3;2692455.05;1263760.09;8.666137;47.518078
100762.6;399.2;2692459.96;1263759.27;8.666202;47.51807
100767.9;399.4;2692465.1;1263758.24;8.66627;47.51806
100773.1;399.2;2692470.24;1263757.43;8.666338;47.518052
100778.5;399.4;2692475.46;1263756.07;8.666407;47.518039
100783.79999999999;399.4;2692480.74;1263755.26;8.666477;47.518031
100789.5;399.4;2692486.26;1263753.79;8.66655;47.518017
100795.29999999999;399.5;2692491.86;1263752.43;8.666624;47.518004
100800.7;399.6;2692497.22;1263751.63;8.666695;47.517996
100806.9;399.6;2692503.4;1263751.39;8.666777;47.517993
100812.5;399.7;2692508.91;1263750.59;8.66685;47.517985
100818;399.7;2692514.35;1263749.56;8.666922;47.517975
100823;399.7;2692518.98;1263747.74;8.666983;47.517958
100828.9;399.8;2692524.72;1263746.39;8.667059;47.517945
100834.2;399.6;2692529.94;1263745.13;8.667128;47.517933
100840.9;399.8;2692536.65;1263744.91;8.667217;47.51793
100846.29999999999;399.7;2692541.93;1263744.32;8.667287;47.517924
100851.29999999999;399.8;2692546.91;1263743.73;8.667353;47.517918
100857.1;399.7;2692552.65;1263742.82;8.667429;47.517909
100862.79999999999;399.7;2692558.31;1263742.35;8.667504;47.517904
100868.4;399.3;2692563.83;1263741.11;8.667577;47.517892
100874.7;399.3;2692569.95;1263739.64;8.667658;47.517878
100878.79999999999;399.3;2692574.02;1263739.71;8.667712;47.517878
100888.1;401.2;2692583.27;1263740.85;8.667835;47.517887
100892.9;400.8;2692588.03;1263740.15;8.667898;47.51788
100899.29999999999;400.6;2692594.26;1263741.36;8.667981;47.51789
100903.29999999999;400.6;2692598.08;1263742.53;8.668032;47.5179
100908.5;400.7;2692603.26;1263743.5;8.668101;47.517908
100913.1;400.8;2692607.86;1263743.57;8.668162;47.517908
100918.5;400.8;2692613.03;1263745.1;8.668231;47.517921
100925.5;400.9;2692619.71;1263747.1;8.66832;47.517938
100932.2;400.9;2692626.35;1263746.42;8.668408;47.517931
100937.7;401;2692631.92;1263746.4;8.668482;47.51793
100943.6;401;2692637.71;1263746.93;8.668559;47.517934
100950.4;401.1;2692644.56;1263747.26;8.66865;47.517936
100956.29999999999;401.1;2692650.37;1263746.69;8.668727;47.51793
100962;401.2;2692656.1;1263746.33;8.668803;47.517926
100967.1;401.3;2692661.16;1263745.41;8.66887;47.517917
100973.2;401.3;2692667.2;1263744.84;8.66895;47.517911
100977.9;401.4;2692671.3;1263742.57;8.669004;47.51789
100984.4;401.4;2692677.79;1263742.22;8.66909;47.517886
100992.79999999999;401.5;2692686.14;1263743.13;8.669201;47.517893
100998.6;401.5;2692691.93;1263743.45;8.669278;47.517895
101004.9;401.5;2692698.17;1263744.43;8.669361;47.517903
101010.5;401.6;2692703.68;1263743.63;8.669434;47.517895
101016.4;401.7;2692709.5;1263742.5;8.669511;47.517884
101023.5;401.7;2692716.4;1263744.28;8.669603;47.517899
101030.29999999999;401.8;2692723.18;1263744.16;8.669693;47.517897
101037;401.8;2692729.48;1263746.37;8.669777;47.517916
101042.7;401.8;2692735.2;1263746.24;8.669853;47.517914
101048.7;401.9;2692741.15;1263746.44;8.669932;47.517915
101054.7;402;2692747.17;1263746.76;8.670012;47.517917
101059.29999999999;402;2692751.59;1263748.16;8.670071;47.517929
101064.5;402;2692756.63;1263749.13;8.670138;47.517937
101072.29999999999;402;2692764.28;1263751.03;8.67024;47.517953
101076.2;402.1;2692768.03;1263751.87;8.67029;47.51796
101081.29999999999;402;2692773.07;1263752.84;8.670357;47.517968
101085.9;402.1;2692777.59;1263752.46;8.670417;47.517964
101091.1;402.1;2692782.78;1263752.99;8.670486;47.517968
101097.7;402.1;2692789.16;1263754.65;8.670571;47.517982
101104.1;402.1;2692795.39;1263756.19;8.670654;47.517995
101109.9;402.2;2692801.17;1263757.06;8.670731;47.518002
101116.7;402.2;2692807.78;1263758.61;8.670819;47.518015
101127.7;402.2;2692817.88;1263762.88;8.670954;47.518052
101133.4;402.3;2692823.51;1263764.08;8.671029;47.518062
101140.2;402.3;2692829.88;1263766.3;8.671114;47.518081
101146.7;402.3;2692836.18;1263767.84;8.671198;47.518094
101153.7;402.4;2692843.01;1263769.5;8.671289;47.518108
101160.1;402.4;2692849.24;1263770.94;8.671372;47.51812
101166.1;402.5;2692855.18;1263771.7;8.671451;47.518126
101171.9;402.6;2692860.97;1263772.57;8.671528;47.518133
101177.6;402.7;2692866.61;1263773.32;8.671603;47.518139
101184;402.7;2692872.84;1263774.64;8.671686;47.51815
101190.2;402.8;2692878.92;1263775.96;8.671767;47.518161
101196.79999999999;402.8;2692885.22;1263777.73;8.671851;47.518176
101203;402.8;2692891.3;1263779.05;8.671932;47.518187
101209.4;402.8;2692897.61;1263780.26;8.672016;47.518197
101215.29999999999;402.9;2692903.47;1263781.24;8.672094;47.518205
101221.6;402.9;2692909.63;1263782.34;8.672176;47.518214
101227.6;403;2692915.57;1263783.1;8.672255;47.51822
101235;403.1;2692922.54;1263785.66;8.672348;47.518242
101242.4;403.2;2692929.58;1263787.99;8.672442;47.518262
101249;403.3;2692936.12;1263788.76;8.672529;47.518268
101255.5;403.4;2692942.51;1263789.97;8.672614;47.518278
101261;403.5;2692947.83;1263791.17;8.672685;47.518288
101266.5;403.5;2692953.32;1263791.81;8.672758;47.518293
101273.79999999999;403.6;2692960.46;1263793.37;8.672853;47.518306
101280.6;403.8;2692966.59;1263796.36;8.672935;47.518332
101288.1;403.8;2692973.87;1263797.92;8.673032;47.518345
101294.6;404;2692980.36;1263797.24;8.673118;47.518338
101301.7;404;2692987.44;1263797.24;8.673212;47.518337
101310.6;404.2;2692996.23;1263798.49;8.673329;47.518347
101316.4;404.2;2693002.02;1263799.03;8.673406;47.518351
101325.1;404.3;2693010.67;1263800.39;8.673521;47.518362
101334.5;404.5;2693019.74;1263802.86;8.673642;47.518383
101340.7;404.5;2693025.91;1263803.41;8.673724;47.518387
101345.2;404.6;2693030.36;1263803.25;8.673783;47.518385
101351.1;404.6;2693036.23;1263803.68;8.673861;47.518388
101357.4;404.6;2693041.92;1263800.99;8.673936;47.518363
101361.79999999999;404.7;2693046.3;1263800.39;8.673994;47.518357
101364.79999999999;404.7;2693049.31;1263800.22;8.674034;47.518355
101370.29999999999;404.9;2693054.61;1263798.63;8.674104;47.51834
101375.1;404.8;2693059.29;1263797.93;8.674166;47.518333
101380.79999999999;404.9;2693064.96;1263797.13;8.674241;47.518325
101387.4;404.9;2693071.57;1263797.9;8.674329;47.518331
101392.9;405.1;2693077;1263797.87;8.674401;47.51833
101398.4;405.4;2693082.57;1263798.07;8.674475;47.518331
101402.79999999999;405.5;2693086.93;1263798.7;8.674533;47.518336
101407.4;405.6;2693091.52;1263798.77;8.674594;47.518336
101410.79999999999;405.7;2693094.84;1263798.6;8.674638;47.518334
101414.4;405.8;2693098.53;1263798.66;8.674687;47.518334
101417.7;405.8;2693101.77;1263798.71;8.67473;47.518334
101421.29999999999;405.9;2693105.38;1263798.76;8.674778;47.518334
101424.9;406;2693108.99;1263799.04;8.674826;47.518336
101428.4;406.1;2693112.46;1263798.88;8.674872;47.518334
101431.5;406.1;2693115.55;1263798.92;8.674913;47.518334
101434.5;406.2;2693118.56;1263799.31;8.674953;47.518337
101437.6;406.2;2693121.64;1263799.47;8.674994;47.518338
101441.2;406.4;2693125.1;1263800.3;8.67504;47.518345
101444.6;406.5;2693128.56;1263800.13;8.675086;47.518343
101448.4;406.6;2693132.24;1263800.86;8.675135;47.518349
101454.2;406.8;2693138.04;1263800.84;8.675212;47.518348
101457.7;406.9;2693141.5;1263801.33;8.675258;47.518352
101461.9;407.1;2693145.63;1263801.96;8.675313;47.518357
101466.5;407.4;2693150.3;1263802.47;8.675375;47.518361
101471.79999999999;407.5;2693155.49;1263802.89;8.675444;47.518364
101476.9;407.7;2693160.61;1263803.08;8.675512;47.518365
101483.6;408.9;2693167.22;1263804.08;8.6756;47.518373
101489.2;408;2693172.31;1263801.6;8.675667;47.51835
101495.4;408.5;2693178.48;1263802.03;8.675749;47.518353
101500.5;408.9;2693183.52;1263802.22;8.675816;47.518354
101506.6;408.6;2693189.63;1263801.87;8.675897;47.51835
101511.29999999999;409.9;2693194.03;1263800.16;8.675955;47.518334
101516.6;411.1;2693199.38;1263800.02;8.676026;47.518332
101521.79999999999;410.9;2693204.3;1263798.54;8.676091;47.518318
101526.7;410.3;2693209.13;1263797.73;8.676155;47.51831
101531.79999999999;411.7;2693213.98;1263796.14;8.676219;47.518295
101537.1;411.2;2693218.76;1263793.77;8.676282;47.518273
101542.2;411.2;2693222.58;1263790.38;8.676332;47.518242
101547.29999999999;409.7;2693226.03;1263786.65;8.676377;47.518208
101552.9;408.7;2693230.38;1263783.17;8.676434;47.518176
101558.4;408.7;2693234.8;1263779.79;8.676492;47.518145
101564;408.7;2693239.74;1263777.2;8.676557;47.518121
101569.6;410.1;2693244.38;1263774.16;8.676618;47.518093
101575.29999999999;409.5;2693248.73;1263770.44;8.676675;47.518059
101581.5;409.3;2693253.24;1263766.18;8.676734;47.51802
101587.7;408.3;2693257.31;1263761.46;8.676787;47.517977
101593.9;408.2;2693261.23;1263756.74;8.676838;47.517934
101600;408.1;2693265.14;1263752.02;8.676889;47.517891
101606.29999999999;407.8;2693268.99;1263746.97;8.676939;47.517845
101613;407.7;2693272.84;1263741.58;8.676989;47.517796
101619.7;407.5;2693276.47;1263735.96;8.677036;47.517745
101626.1;407.3;2693279.87;1263730.46;8.67708;47.517695
101632.29999999999;407.3;2693283.42;1263725.4;8.677126;47.517649
101638.29999999999;407.2;2693286.89;1263720.45;8.677171;47.517604
101643.79999999999;407.2;2693290.34;1263716.17;8.677216;47.517565
101649.29999999999;407.1;2693293.58;1263711.77;8.677258;47.517525
101655.2;407.1;2693296.97;1263706.93;8.677302;47.517481
101662.1;407.1;2693301.79;1263702;8.677365;47.517436
101669.29999999999;407.2;2693306.99;1263697.08;8.677433;47.517391
101675.9;407.2;2693311.66;1263692.37;8.677494;47.517348
101681.9;407.2;2693315.5;1263687.76;8.677544;47.517306
101688;407.2;2693319.19;1263682.93;8.677592;47.517262
101694.1;407.3;2693322.44;1263677.75;8.677634;47.517215
101700.2;407.3;2693325.24;1263672.35;8.67767;47.517166
101705.6;407.4;2693328.84;1263668.29;8.677717;47.517129
101711;407.3;2693332.52;1263664.35;8.677765;47.517093
101716.79999999999;407.3;2693337.02;1263660.64;8.677824;47.517059
101723.29999999999;407.3;2693341.84;1263656.38;8.677887;47.51702
101728.79999999999;407.5;2693345.96;1263652.66;8.677941;47.516986
101734.79999999999;408.5;2693350.47;1263648.73;8.678;47.51695
101742.1;408;2693355.67;1263643.58;8.678068;47.516903
101750.9;408.1;2693361.21;1263636.78;8.67814;47.516841
101760;407.9;2693367.12;1263629.86;8.678217;47.516778
101778.4;407.8;2693377.9;1263614.91;8.678357;47.516642
101786;407.9;2693384.22;1263610.79;8.67844;47.516604
101794.5;407.9;2693390.41;1263604.88;8.678521;47.51655
101802.4;407.8;2693397.55;1263601.54;8.678615;47.516519
101809.5;407.8;2693403.78;1263598.2;8.678697;47.516488
101816.9;407.8;2693410.16;1263594.4;8.678781;47.516453
101824.1;407.8;2693416.47;1263590.95;8.678864;47.516421
101831;407.9;2693423.06;1263588.83;8.678951;47.516401
101837.6;407.9;2693428.69;1263585.47;8.679025;47.51637
101843.29999999999;407.9;2693433.19;1263581.87;8.679084;47.516337
101848.9;407.9;2693438.2;1263579.5;8.67915;47.516315
101858.9;408;2693447.23;1263575.09;8.679269;47.516274
101869.6;408.1;2693457.92;1263575.7;8.679411;47.516278
101876.9;408.1;2693464.3;1263572.24;8.679495;47.516246
101883.79999999999;408.1;2693470.45;1263569.11;8.679576;47.516217
101890.29999999999;408.2;2693476.37;1263566.32;8.679654;47.516191
101897.7;408.2;2693483.62;1263565.21;8.67975;47.51618
101903.4;408.2;2693488.93;1263562.96;8.67982;47.516159
101910.6;408.2;2693495.89;1263561.4;8.679912;47.516144
101915.7;408.2;2693500.37;1263558.91;8.679971;47.516121
101921;408.3;2693505.44;1263557.32;8.680038;47.516106
101927.79999999999;408.3;2693511.66;1263554.64;8.68012;47.516081
101933.79999999999;408.4;2693517.27;1263552.51;8.680194;47.516061
101940.4;408.4;2693523.05;1263549.37;8.68027;47.516032
101945.79999999999;408.6;2693526.43;1263545.09;8.680314;47.515993
101956.79999999999;408.5;2693537.36;1263544.6;8.680459;47.515987
101964.6;408.4;2693545.07;1263543.38;8.680561;47.515975
101973.79999999999;408.5;2693554.2;1263541.86;8.680682;47.51596
101980.4;408.6;2693559.61;1263538.05;8.680753;47.515925
101986.2;408.6;2693564.63;1263535.13;8.680819;47.515898
101993.1;408.6;2693571.07;1263532.68;8.680904;47.515875
101998.1;408.6;2693575.55;1263530.63;8.680963;47.515856
102002.2;408.6;2693578.46;1263527.68;8.681001;47.515829
102009.79999999999;408.7;2693585.87;1263526.13;8.681099;47.515814
102013.7;408.6;2693588.4;1263523.16;8.681132;47.515787
102017.9;408.6;2693589.97;1263519.19;8.681152;47.515751
102022.1;408.7;2693587.92;1263515.6;8.681124;47.515719
102029.5;408.7;2693592.98;1263510.12;8.68119;47.515669
102037;408.6;2693599.15;1263505.99;8.681271;47.515631
102044.2;408.7;2693604.2;1263500.84;8.681337;47.515584
102051.4;408.5;2693609.33;1263495.7;8.681404;47.515537
102058.7;408.6;2693614.6;1263490.78;8.681473;47.515492
102066.2;408.4;2693619.96;1263485.41;8.681543;47.515443
102074.1;408.5;2693626.07;1263480.39;8.681623;47.515397
102086.1;408.4;2693636.11;1263473.99;8.681755;47.515338
102091.6;408.4;2693640.39;1263470.5;8.681811;47.515306
102097.5;408.4;2693644.38;1263466.12;8.681863;47.515266
102103;408.4;2693648.28;1263462.29;8.681914;47.515231
102110.7;408.1;2693654.75;1263458.05;8.681999;47.515192
102119.4;408.1;2693663.08;1263455.51;8.682109;47.515168
102125;408.3;2693667.79;1263452.48;8.682171;47.51514
102130.79999999999;408.2;2693670.29;1263447.29;8.682203;47.515093
102135.4;408.3;2693673.06;1263443.55;8.682239;47.515059
102141.6;408.3;2693678.31;1263440.3;8.682308;47.515029
102150.29999999999;408.3;2693686.96;1263440.77;8.682423;47.515032
102155.5;408.3;2693691.75;1263438.62;8.682486;47.515012
102161.29999999999;408.6;2693695.21;1263434.01;8.682531;47.51497
102166.5;408.5;2693700.35;1263432.98;8.682599;47.51496
102170.5;408.5;2693703.77;1263430.92;8.682644;47.514941
102173.9;408.6;2693707.16;1263430.86;8.682689;47.51494
102178.2;408.6;2693710.45;1263428.02;8.682732;47.514914
102181.79999999999;408.7;2693712.75;1263425.28;8.682762;47.514889
102187.1;408.7;2693717.6;1263423.24;8.682826;47.51487
102192.9;408.7;2693723.13;1263421.33;8.682899;47.514852
102199.1;408.8;2693728.31;1263417.96;8.682967;47.514821
102207;408.9;2693735.95;1263415.97;8.683068;47.514802
102214.2;409;2693742.91;1263414.3;8.68316;47.514786
102222;409.1;2693750.54;1263412.53;8.683261;47.514769
102226.9;409.1;2693753.99;1263409.03;8.683306;47.514737
102233.1;409.1;2693759.97;1263407.34;8.683385;47.514721
102237.7;409.2;2693762.89;1263403.83;8.683423;47.514689
102244.7;409.4;2693768.01;1263399.02;8.68349;47.514645
102251.4;409.4;2693773.57;1263395.33;8.683563;47.514611
102258.7;409.5;2693779.88;1263391.65;8.683646;47.514577
102264.9;409.5;2693784.91;1263388.06;8.683712;47.514544
102271.5;409.7;2693789.95;1263383.8;8.683778;47.514505
102278.1;409.8;2693794.54;1263379.09;8.683838;47.514462
102284.79999999999;409.9;2693799.81;1263374.95;8.683907;47.514424
102292;409.9;2693806.63;1263372.61;8.683997;47.514402
102298.4;410;2693811.66;1263368.58;8.684063;47.514365
102304.9;410.1;2693816.77;1263364.65;8.68413;47.514329
102312.4;410.2;2693822.42;1263359.74;8.684204;47.514284
102319.1;410.2;2693828.5;1263356.72;8.684284;47.514256
102324.5;410.3;2693833.5;1263354.8;8.68435;47.514238
102330.6;410.4;2693837.64;1263350.31;8.684404;47.514197
102337.79999999999;410.5;2693841.65;1263344.37;8.684456;47.514143
102343.9;410.6;2693847.56;1263342.68;8.684534;47.514127
102351.2;410.6;2693853.43;1263338.33;8.684611;47.514087
102356.7;410.7;2693856.96;1263334.16;8.684657;47.514049
102366.9;410.8;2693867.15;1263333.09;8.684792;47.514038
102375;410.9;2693873.77;1263328.53;8.684879;47.513996
102382.79999999999;411.1;2693880.9;1263325.42;8.684973;47.513967
102389.29999999999;411.2;2693886.68;1263322.4;8.685049;47.513939
102396.1;411.3;2693892.46;1263318.82;8.685125;47.513906
102401.2;411.3;2693895.69;1263314.87;8.685167;47.51387
102407.6;411.4;2693900.28;1263310.38;8.685227;47.513829
102413.6;411.4;2693904.42;1263306;8.685281;47.513789
102421.1;411.5;2693909.18;1263300.29;8.685343;47.513737
102428.79999999999;411.6;2693914.62;1263294.71;8.685414;47.513686
102437;411.6;2693921.39;1263290.25;8.685503;47.513645
102446.79999999999;411.7;2693931.13;1263288.74;8.685632;47.51363
102453.5;411.8;2693935.58;1263283.7;8.68569;47.513584
102460.7;411.9;2693940.26;1263278.32;8.685751;47.513535
102469.2;411.9;2693945.12;1263271.28;8.685814;47.513471
102475;412.1;2693950.72;1263269.93;8.685888;47.513458
102480.9;412.1;2693955.96;1263267.23;8.685957;47.513433
102487.9;412.1;2693962.26;1263264.22;8.68604;47.513405
102492.4;412.2;2693965.77;1263261.38;8.686086;47.513379
102499.7;412.3;2693972.08;1263257.7;8.686169;47.513345
102507;412.4;2693977.36;1263252.67;8.686238;47.513299
102514.6;412.5;2693982.72;1263247.31;8.686308;47.51325
102521;412.6;2693988.2;1263243.83;8.68638;47.513218
102527.79999999999;412.6;2693993.39;1263239.47;8.686448;47.513178
102533.7;412.7;2693998.49;1263236.55;8.686515;47.513151
102539.7;412.8;2694003.66;1263233.4;8.686583;47.513122
102546.1;412.9;2694008.92;1263229.82;8.686652;47.513089
102552.2;412.9;2694014.09;1263226.68;8.68672;47.51306
102560.1;413;2694021.01;1263222.78;8.686811;47.513024
102566.79999999999;413.1;2694025.68;1263217.96;8.686872;47.51298
102574.29999999999;413.2;2694032.44;1263214.74;8.686961;47.51295
102581.4;413.3;2694037.93;1263210.26;8.687033;47.512909
102586.79999999999;413.4;2694042.2;1263206.88;8.687089;47.512878
102593.5;413.4;2694047.54;1263202.97;8.687159;47.512842
102600.29999999999;413.5;2694052.36;1263198.15;8.687222;47.512798
102607.29999999999;413.6;2694058.52;1263194.69;8.687303;47.512766
102613.79999999999;413.7;2694064.51;1263192.23;8.687382;47.512743
102619.9;413.7;2694069.32;1263188.41;8.687445;47.512708
102626.5;413.8;2694075.31;1263185.73;8.687524;47.512683
102634.4;413.9;2694082.08;1263181.61;8.687613;47.512645
102641.79999999999;414;2694087.29;1263176.47;8.687681;47.512598
102648.7;414.1;2694093.08;1263172.55;8.687757;47.512562
102655.1;414.1;2694098.18;1263168.86;8.687824;47.512528
102661.7;414.2;2694103.59;1263165.05;8.687895;47.512493
102668.29999999999;414.3;2694109.3;1263161.58;8.68797;47.512461
102675;414.4;2694115;1263158.11;8.688045;47.512429
102680.9;414.5;2694120.03;1263155.08;8.688111;47.512401
102688.2;414.6;2694125.68;1263150.39;8.688185;47.512358
102695;414.7;2694131.16;1263146.36;8.688257;47.512321
102695;414.8;2694135.83;1263142.21;8.688318;47.512283
102703;414.9;2694142.89;1263138.54;8.688411;47.512249
102710.9;413.8;2694149;1263133.52;8.688491;47.512203
102718.2;409.3;2694155.6;1263130.29;8.688578;47.512173
102725.1;409.2;2694161.39;1263126.6;8.688654;47.512139
102732.9;409.2;2694167.42;1263121.59;8.688733;47.512093
102740;410.1;2694172.69;1263116.89;8.688802;47.51205
102747.4;415.4;2694178.49;1263112.2;8.688878;47.512007
102755.3;415.5;2694184.3;1263106.95;8.688954;47.511959
102761.5;415.5;2694189.41;1263103.37;8.689021;47.511926
102767.6;415.6;2694194.51;1263100.11;8.689088;47.511896
102774.7;415.7;2694200.52;1263096.2;8.689167;47.51186
102781.6;415.8;2694206.6;1263092.96;8.689247;47.51183
102787.5;415.8;2694211.7;1263090.04;8.689314;47.511803
102794;415.8;2694217.18;1263086.46;8.689386;47.51177
102800.2;415.9;2694222.43;1263083.21;8.689455;47.51174
102806.6;416;2694227.68;1263079.62;8.689524;47.511707
102812.8;416;2694232.64;1263075.92;8.689589;47.511673
102818.4;416.1;2694237.14;1263072.54;8.689648;47.511642
102825.1;416.2;2694242.77;1263068.96;8.689722;47.511609
102830.9;416.3;2694247.42;1263065.37;8.689783;47.511576
102836.8;416.3;2694252.37;1263062.33;8.689848;47.511548
102842.7;416.4;2694257.61;1263059.53;8.689917;47.511522
102850.5;416.5;2694263.27;1263054.17;8.689991;47.511473
102856.1;416.5;2694267.7;1263050.79;8.690049;47.511442
102863.8;416.6;2694273.43;1263045.66;8.690124;47.511395
102870.4;416.7;2694278.77;1263041.63;8.690194;47.511358
102877.7;416.7;2694284.86;1263037.72;8.690274;47.511322
102885.5;416.8;2694291.41;1263033.38;8.69036;47.511282
102892.9;416.9;2694297.65;1263029.47;8.690442;47.511246
102900.1;416.9;2694303.66;1263025.57;8.690521;47.51121
102907.7;417;2694309.98;1263021.22;8.690604;47.51117
102915;417.1;2694316;1263017.09;8.690683;47.511132
102921.7;417.2;2694321.41;1263013.17;8.690754;47.511096
102927.9;417.3;2694326.22;1263009.36;8.690817;47.511061
102934.1;417.3;2694331.1;1263005.54;8.690881;47.511026
102940.6;417.4;2694336.36;1263001.62;8.69095;47.51099
102947.2;417.4;2694341.85;1262997.93;8.691022;47.510956
102953.8;417.5;2694347.33;1262994.35;8.691094;47.510923
102959.9;417.6;2694352.51;1262990.98;8.691162;47.510892
102966;417.6;2694357.61;1262987.73;8.691229;47.510862
102971.8;417.8;2694362.4;1262984.47;8.691292;47.510832
102977.8;417.8;2694367.21;1262980.88;8.691355;47.510799
102983.9;417.9;2694372.16;1262977.29;8.69142;47.510766
102990.3;418;2694377.27;1262973.48;8.691487;47.510731
102996.6;418.1;2694382.45;1262969.89;8.691555;47.510698
103003;418.2;2694387.78;1262966.42;8.691625;47.510666
103009;418.3;2694392.73;1262962.94;8.69169;47.510634
103014.6;418.3;2694397.23;1262959.67;8.691749;47.510604
103020.4;418.4;2694402.1;1262956.53;8.691813;47.510575
103026.5;418.6;2694407.57;1262953.83;8.691885;47.51055
103032.6;418.6;2694413.26;1262951.59;8.69196;47.510529
103038.9;418.7;2694419.39;1262949.91;8.692041;47.510513
103045.5;418.6;2694425.88;1262949.01;8.692127;47.510504
103051.8;418.7;2694432.22;1262948.44;8.692211;47.510498
103058.3;418.7;2694438.7;1262948.44;8.692297;47.510497
103064.2;418.7;2694444.57;1262948.53;8.692375;47.510497
103070.2;418.8;2694450.6;1262948.85;8.692455;47.510499
103076.3;418.8;2694456.69;1262949.28;8.692536;47.510502
103082.4;418.9;2694462.71;1262949.71;8.692616;47.510505
103088.3;418.8;2694468.58;1262950.25;8.692694;47.510509
103094.1;418.9;2694474.38;1262950.67;8.692771;47.510512
103100;418.9;2694480.25;1262951.1;8.692849;47.510515
103105.6;418.9;2694485.89;1262951.3;8.692924;47.510516
103111.5;419;2694491.76;1262951.73;8.693002;47.510519
103117.7;419;2694497.93;1262952.5;8.693084;47.510525
103124.1;419;2694504.24;1262953.49;8.693168;47.510533
103130.4;419;2694510.4;1262954.59;8.69325;47.510542
103136.8;419;2694516.71;1262955.8;8.693334;47.510552
103143.6;419;2694523.4;1262956.91;8.693423;47.510561
103150;419;2694529.79;1262957.68;8.693508;47.510567
103156.6;419;2694536.41;1262958.23;8.693596;47.510571
103163.2;419.1;2694542.96;1262958.55;8.693683;47.510573
103169.1;419.1;2694548.84;1262958.54;8.693761;47.510572
103176;419.1;2694555.68;1262959.2;8.693852;47.510577
103183.1;419.1;2694562.84;1262959.54;8.693947;47.510579
103189.8;419.1;2694569.54;1262959.65;8.694036;47.510579
103196.3;419.1;2694576.02;1262959.86;8.694122;47.51058
103203.2;419.2;2694582.87;1262960.31;8.694213;47.510583
103209.8;419.1;2694589.49;1262960.86;8.694301;47.510587
103215.9;419.1;2694595.5;1262961.62;8.694381;47.510593
103222.1;419.2;2694601.59;1262962.83;8.694462;47.510603
103228;419.3;2694607.29;1262964.25;8.694538;47.510615
103233.7;419.3;2694612.84;1262965.68;8.694612;47.510627
103239.2;419.4;2694618.17;1262967.1;8.694683;47.510639
103244.1;419.4;2694622.97;1262968.18;8.694747;47.510648
103249.6;419.4;2694628.3;1262969.48;8.694818;47.510659
103255.9;419.5;2694634.38;1262971.14;8.694899;47.510673
103261.8;419.5;2694640.16;1262972.34;8.694976;47.510683
103266.8;419.6;2694645.12;1262972.98;8.695042;47.510688
103271.5;419.6;2694649.79;1262973.39;8.695104;47.510691
103276.3;419.6;2694654.6;1262973.69;8.695168;47.510693
103280.9;419.6;2694659.2;1262973.76;8.695229;47.510693
103285.9;419.6;2694664.17;1262973.84;8.695295;47.510693
103292.5;419.7;2694670.71;1262974.5;8.695382;47.510698
103299.7;419.7;2694677.85;1262975.73;8.695477;47.510708
103306.2;419.8;2694684.24;1262976.83;8.695562;47.510717
103312;419.9;2694689.95;1262977.7;8.695638;47.510724
103317;420;2694694.92;1262977.56;8.695704;47.510722
103321.4;420.1;2694699.24;1262976.4;8.695761;47.510711
103324.8;420.3;2694702.13;1262974.67;8.695799;47.510695
103329;420.1;2694704.82;1262971.49;8.695834;47.510666
103332.6;420.1;2694702.6;1262968.56;8.695804;47.51064
103335.9;420.1;2694700.01;1262970.52;8.69577;47.510658
103340.1;420.2;2694698.21;1262974.38;8.695747;47.510693
103343.6;420;2694696.51;1262977.36;8.695725;47.51072
103347.3;420;2694693.91;1262979.99;8.695691;47.510744
103351.2;420;2694690.48;1262981.93;8.695646;47.510762
103355.3;419.9;2694686.48;1262982.76;8.695593;47.51077
103359.6;419.8;2694682.19;1262982.47;8.695536;47.510768
103363.4;419.8;2694678.43;1262981.63;8.695486;47.510761
103367.4;419.7;2694674.69;1262980.46;8.695436;47.510751
103371.4;419.7;2694670.86;1262979.17;8.695385;47.51074
103375.4;419.7;2694667.04;1262978.11;8.695334;47.510731
103379.3;419.7;2694663.13;1262977.49;8.695282;47.510726
103383.4;419.7;2694659.07;1262976.98;8.695228;47.510722
103388.4;419.6;2694654.11;1262976.35;8.695162;47.510717
103396.1;419.6;2694646.43;1262975.78;8.69506;47.510713
103403.6;419.5;2694638.97;1262976.1;8.694961;47.510717
103412.4;419.5;2694630.17;1262975.07;8.694844;47.510709
103421.4;419.5;2694621.3;1262973.49;8.694726;47.510696
103431.8;419.4;2694610.98;1262973.88;8.694589;47.510701
103439;419.3;2694603.92;1262972.43;8.694495;47.510689
103446.8;419.3;2694596.08;1262972.42;8.694391;47.51069
103454.6;419.2;2694588.33;1262972.18;8.694288;47.510689
103461.1;419.3;2694581.85;1262972.08;8.694202;47.510689
103466.5;419.3;2694576.52;1262970.99;8.694131;47.51068
103474.2;419.3;2694569.48;1262967.88;8.694037;47.510653
103478.2;419.3;2694568.11;1262964.07;8.694018;47.510619
103482.8;419.1;2694568.41;1262959.52;8.694021;47.510578
103490;419;2694570.63;1262952.66;8.694049;47.510516
103497.5;418.8;2694572.33;1262945.35;8.69407;47.51045
103502.8;418.6;2694571.44;1262940.11;8.694057;47.510403
103508.9;418.4;2694569.27;1262934.4;8.694027;47.510352
103514.6;418.1;2694566.25;1262929.57;8.693986;47.510309
103521.4;418;2694560.51;1262926.03;8.693909;47.510278
103528.4;417.9;2694554.69;1262922.16;8.693831;47.510244
103535;417.8;2694549.1;1262918.62;8.693756;47.510213
103541.3;417.7;2694543.88;1262915.09;8.693686;47.510182
103548.4;417.7;2694538.07;1262910.99;8.693608;47.510146
103555.7;417.6;2694532.65;1262906.13;8.693535;47.510103
103562.3;417.6;2694527.6;1262901.82;8.693467;47.510065
103566.5;417.5;2694526.23;1262897.91;8.693448;47.51003
103572.1;417.5;2694523.21;1262893.19;8.693407;47.509988
103577.7;417.5;2694518.75;1262889.78;8.693347;47.509958
103584.3;417.4;2694512.37;1262888.12;8.693262;47.509944
103591.1;417.3;2694506.86;1262884.03;8.693188;47.509908
103597.6;417.2;2694502.11;1262879.62;8.693124;47.509869
103604.4;417.1;2694496.36;1262875.97;8.693047;47.509837
103611.9;417;2694491.1;1262870.66;8.692976;47.50979
103618.3;417;2694486.42;1262866.24;8.692913;47.509751
103624.7;416.9;2694481.59;1262862.05;8.692848;47.509714
103630.8;417;2694481.54;1262855.93;8.692846;47.509659
103637;417;2694477.55;1262851.2;8.692792;47.509617
103642.8;417.1;2694475.3;1262845.94;8.692761;47.50957
103648.1;416.9;2694471.9;1262841.88;8.692715;47.509534
103654.4;416.9;2694468.44;1262836.6;8.692668;47.509487
103659.1;416.8;2694466.32;1262832.34;8.692639;47.509449
103662.8;416.8;2694464.41;1262829.2;8.692613;47.509421
103667;416.9;2694462.59;1262825.39;8.692588;47.509387
103671.3;417;2694460.77;1262821.46;8.692563;47.509352
103675.2;417.1;2694459.4;1262817.88;8.692544;47.50932
103679.1;417.2;2694457.72;1262814.3;8.692521;47.509288
103682.6;417.2;2694456.19;1262811.16;8.6925;47.50926
103686.4;417.2;2694454.89;1262807.58;8.692482;47.509228
103690.6;417.3;2694453.59;1262803.67;8.692464;47.509193
103694.8;417.3;2694452.23;1262799.64;8.692445;47.509157
103698.7;417.4;2694450.93;1262795.95;8.692427;47.509124
103702;417.4;2694449.7;1262792.93;8.69241;47.509097
103705.8;417.4;2694448.25;1262789.46;8.69239;47.509066
103709.5;417.4;2694446.49;1262786.1;8.692366;47.509036
103713.2;417.5;2694444.96;1262782.74;8.692345;47.509006
103717.3;417.5;2694445.55;1262778.74;8.692352;47.50897
103722.1;417.5;2694443.59;1262774.37;8.692325;47.508931
103726;417.6;2694442.52;1262770.58;8.69231;47.508897
103730.4;417.7;2694442.29;1262766.24;8.692306;47.508858
103736;417.7;2694441.02;1262760.77;8.692288;47.508809
103740.3;417.8;2694439.27;1262756.85;8.692264;47.508774
103745.3;417.8;2694437.16;1262752.25;8.692235;47.508733
103751.3;417.9;2694434.76;1262746.77;8.692202;47.508684
103757.8;417.9;2694432.45;1262740.72;8.69217;47.50863
103765.4;417.9;2694430.84;1262733.25;8.692147;47.508563
103772.1;417.9;2694428.3;1262727.09;8.692112;47.508508
103778.6;418.1;2694425.3;1262721.26;8.692071;47.508456
103784.3;418.1;2694422.9;1262716.11;8.692038;47.50841
103789.9;418.1;2694420.19;1262711.28;8.692001;47.508367
103795.7;418.2;2694417.56;1262706.01;8.691965;47.50832
103801.3;418.2;2694413.93;1262701.84;8.691916;47.508283
103808.1;418.3;2694408.58;1262697.64;8.691844;47.508246
103814.5;418.4;2694402.82;1262694.77;8.691767;47.508221
103820.2;418.5;2694398.97;1262690.59;8.691715;47.508184
103827;418.6;2694392.76;1262687.71;8.691632;47.508159
103833.2;418.7;2694387.3;1262684.96;8.691559;47.508135
103839.6;418.7;2694382.09;1262681.21;8.691489;47.508102
103846;418.7;2694376.26;1262678.44;8.691411;47.508078
103852.1;418.7;2694370.56;1262676.35;8.691335;47.50806
103859;418.8;2694364.04;1262674.13;8.691248;47.508041
103865.5;418.8;2694357.9;1262671.92;8.691166;47.508022
103871.9;418.8;2694352.38;1262668.72;8.691092;47.507994
103878.4;418.9;2694346.47;1262666.07;8.691013;47.507971
103885.2;419;2694340.1;1262663.52;8.690928;47.507949
103891.5;419;2694334.34;1262660.98;8.690851;47.507927
103897.8;419;2694328.5;1262658.67;8.690773;47.507907
103904.1;419;2694322.5;1262656.79;8.690693;47.507891
103910.5;419.1;2694316.83;1262653.81;8.690617;47.507865
103915.7;419;2694311.88;1262652.06;8.690551;47.50785
103922;419.1;2694306.35;1262649.08;8.690477;47.507824
103928.4;419.1;2694300.83;1262645.99;8.690403;47.507797
103935.1;419;2694295.08;1262642.56;8.690326;47.507767
103941.7;419;2694289.41;1262639.03;8.69025;47.507736
103948.2;419;2694283.58;1262636.15;8.690172;47.507711
103954.8;419;2694277.98;1262632.73;8.690097;47.507681
103960.8;418.9;2694272.6;1262630.08;8.690025;47.507658
103966.5;418.9;2694267.36;1262627.89;8.689955;47.507639
103972.1;418.8;2694262.2;1262625.69;8.689886;47.50762
103978.3;418.8;2694256.59;1262622.94;8.689811;47.507596
103984;418.7;2694251.51;1262620.41;8.689743;47.507574
103990.3;418.8;2694246.05;1262617.32;8.68967;47.507547
103996.2;418.7;2694240.75;1262614.68;8.689599;47.507524
104002.4;418.7;2694235.29;1262611.81;8.689526;47.507499
104009.2;418.8;2694229.47;1262608.27;8.689448;47.507468
104014.9;418.8;2694224.31;1262605.74;8.689379;47.507446
104020.8;418.8;2694219;1262603.21;8.689308;47.507424
104027.8;418.8;2694212.96;1262599.78;8.689227;47.507394
104034.4;418.9;2694206.9;1262597.01;8.689146;47.50737
104040.8;418.9;2694201.76;1262593.26;8.689077;47.507337
104047.4;418.9;2694196.16;1262589.72;8.689002;47.507306
104053.9;418.8;2694190.41;1262586.74;8.688925;47.50728
104060.3;419;2694184.96;1262583.32;8.688852;47.50725
104064.8;418.7;2694180.53;1262582.36;8.688793;47.507242
104072.3;418.9;2694174.27;1262578.25;8.688709;47.507206
104078.6;419.1;2694168.58;1262575.61;8.688633;47.507183
104085.6;419.3;2694162.46;1262572.28;8.688551;47.507154
104092.2;419.1;2694156.71;1262569.08;8.688474;47.507126
104098.8;419.2;2694150.8;1262566.09;8.688395;47.5071
104105;419.2;2694145.12;1262563.56;8.688319;47.507078
104111.8;419.3;2694139.14;1262560.35;8.688239;47.50705
104118;419.8;2694133.84;1262557.04;8.688168;47.507021
104124.4;419.3;2694128.32;1262553.95;8.688094;47.506994
104130.9;419.3;2694122.88;1262550.3;8.688021;47.506962
104137.2;419.3;2694117.58;1262546.88;8.68795;47.506932
104144.2;419.2;2694112.07;1262542.57;8.687876;47.506894
104151.1;419.2;2694106.72;1262538.26;8.687804;47.506856
104157.5;419.1;2694101.27;1262534.95;8.687731;47.506827
104163.9;419.1;2694095.51;1262532.07;8.687654;47.506802
104170.8;419;2694089.7;1262528.31;8.687576;47.506769
104177.8;418.9;2694083.8;1262524.66;8.687497;47.506737
104184.6;418.7;2694077.83;1262521.23;8.687417;47.506707
104191.9;418.5;2694071.32;1262518.01;8.68733;47.506679
104199.3;418.3;2694064.82;1262514.57;8.687243;47.506649
104206.4;418.1;2694058.39;1262511.47;8.687157;47.506622
104214.2;417.8;2694051.52;1262507.69;8.687065;47.506589
104222;417.7;2694044.57;1262504.13;8.686972;47.506558
104229.9;417.4;2694037.7;1262500.35;8.68688;47.506525
104237.4;417.5;2694030.89;1262497.13;8.686789;47.506497
104242.7;417.5;2694026.57;1262494.06;8.686731;47.50647
104248.9;417.6;2694021.12;1262491.08;8.686658;47.506444
104256.3;417.5;2694015.62;1262486.21;8.686584;47.506401
104268;417.7;2694005.7;1262479.94;8.686451;47.506346
104277;418.1;2693997.62;1262476.03;8.686343;47.506312
104285.6;418.3;2693991.16;1262470.37;8.686256;47.506262
104291.8;418.5;2693985.78;1262467.17;8.686184;47.506234
104298;418.7;2693980.56;1262463.97;8.686114;47.506206
104304;418.9;2693975.87;1262460.23;8.686051;47.506173
104310.7;419;2693970.21;1262456.58;8.685975;47.506141
104316.7;419.2;2693965.05;1262453.6;8.685906;47.506115
104321.3;419.2;2693960.71;1262451.98;8.685848;47.506101
104327.4;419.3;2693956.03;1262448.01;8.685785;47.506066
104332.8;419.4;2693951.32;1262445.49;8.685722;47.506044
104338.2;419.4;2693946.54;1262442.97;8.685658;47.506022
104343.7;419.4;2693942.07;1262439.67;8.685598;47.505993
104349.2;419.4;2693937.44;1262436.71;8.685536;47.505967
104353.3;419.4;2693933.62;1262435.31;8.685485;47.505955
104360.9;419.4;2693927.52;1262430.77;8.685403;47.505915
104366.8;419.4;2693922.44;1262427.8;8.685335;47.505889
104372.7;419.3;2693917.29;1262424.93;8.685266;47.505864
104377.9;419.3;2693913.04;1262421.98;8.685209;47.505838
104383.2;419.2;2693908.64;1262419.01;8.68515;47.505812
104387.6;419.2;2693904.75;1262416.95;8.685098;47.505794
104392.2;419.1;2693900.95;1262414.33;8.685047;47.505771
104398.7;419;2693897.27;1262408.94;8.684997;47.505723
104404.2;418.9;2693894.18;1262404.44;8.684955;47.505683
104410.3;418.8;2693891.55;1262398.84;8.684919;47.505633
104414.6;418.8;2693891.24;1262394.61;8.684914;47.505595
104420.4;418.9;2693892.17;1262388.84;8.684925;47.505543
104427.4;419;2693896.32;1262383.23;8.684979;47.505492
104433.9;419.1;2693901.06;1262378.86;8.685041;47.505452
104440.7;419.2;2693906.63;1262374.84;8.685114;47.505415
104448.1;419.4;2693913.45;1262372.16;8.685204;47.50539
104454.5;419.6;2693919.8;1262370.82;8.685288;47.505377
104461.8;419.7;2693926.55;1262368.15;8.685377;47.505352
104468.4;419.8;2693932.76;1262366.02;8.685459;47.505332
104475.7;419.8;2693939.66;1262363.68;8.68555;47.50531
104482.2;419.9;2693945.73;1262361.22;8.68563;47.505287
104489.3;420;2693952.1;1262358.21;8.685714;47.505259
104498.2;420.1;2693960.73;1262355.79;8.685828;47.505236
104504.6;420.2;2693966.28;1262352.65;8.685901;47.505207
104511.4;420.2;2693972.29;1262349.41;8.68598;47.505177
104517.7;420.3;2693977.69;1262346.27;8.686051;47.505148
104522.6;420.3;2693980.69;1262342.32;8.68609;47.505112
104529.3;420.3;2693986.61;1262339.3;8.686168;47.505084
104536.8;420.3;2693993.44;1262336.18;8.686258;47.505055
104544;420.4;2693999.9;1262333.06;8.686343;47.505026
104551.7;420.5;2694006.74;1262329.5;8.686433;47.504993
104559;420.5;2694013.27;1262326.16;8.686519;47.504962
104566.3;420.5;2694019.73;1262322.81;8.686604;47.504931
104572.9;420.6;2694025.58;1262319.79;8.686681;47.504903
104580.5;420.7;2694032.27;1262316.12;8.686769;47.504869
104586.8;420.7;2694037.74;1262312.98;8.686841;47.50484
104594;420.7;2694043.76;1262309.07;8.68692;47.504804
104601.4;420.7;2694049.78;1262304.72;8.686999;47.504764
104610.2;420.7;2694056.2;1262298.71;8.687083;47.504709
104616.6;420.8;2694062.05;1262296.02;8.68716;47.504684
104624.7;420.9;2694069.34;1262292.58;8.687256;47.504652
104632;421.1;2694076.23;1262290.13;8.687347;47.504629
104637.8;421.1;2694081.25;1262287.21;8.687413;47.504602
104643.2;421.1;2694085.97;1262284.61;8.687475;47.504578
104651.1;421.2;2694093.18;1262281.28;8.68757;47.504547
104661.4;421.4;2694103.36;1262280.44;8.687705;47.504538
104669.9;421.4;2694111.03;1262276.67;8.687806;47.504503
104675.8;421.4;2694115.09;1262272.4;8.687859;47.504464
104683.2;421.4;2694121.04;1262268.05;8.687937;47.504424
104689.6;421.5;2694126.08;1262264.01;8.688003;47.504387
104697.3;421.5;2694132.18;1262259.44;8.688083;47.504345
104704.3;421.5;2694137.68;1262254.97;8.688155;47.504304
104711.9;421.6;2694143.92;1262250.73;8.688237;47.504265
104719.4;421.7;2694150.46;1262246.94;8.688323;47.50423
104727.1;421.7;2694156.93;1262242.93;8.688408;47.504193
104733.7;421.7;2694161.97;1262238.56;8.688474;47.504153
104741.9;421.8;2694169.19;1262234.78;8.688569;47.504118
104749.5;421.9;2694175.66;1262230.66;8.688654;47.50408
104756.7;422;2694181.68;1262226.87;8.688733;47.504045
104764.3;422;2694186.89;1262221.28;8.688801;47.503994
104771.7;422;2694193.06;1262217.15;8.688882;47.503956
104779.2;422.1;2694199.3;1262213.02;8.688964;47.503918
104786.4;422.1;2694205.25;1262208.89;8.689042;47.50388
104793.7;422.1;2694211.04;1262204.54;8.689118;47.50384
104801.9;422.1;2694217.23;1262199.19;8.689199;47.503791
104808.8;422.1;2694222.65;1262194.94;8.68927;47.503752
104816.6;422.1;2694229.05;1262190.37;8.689354;47.50371
104824;422.2;2694234.7;1262185.57;8.689428;47.503666
104831.4;422.2;2694240.28;1262180.76;8.689501;47.503622
104838.5;422.3;2694245.41;1262175.84;8.689568;47.503577
104846.3;422.3;2694251.66;1262171.27;8.68965;47.503535
104853.2;422.3;2694256.26;1262166.12;8.68971;47.503488
104860.6;422.3;2694261.84;1262161.2;8.689783;47.503443
104867.3;422.3;2694267.55;1262157.62;8.689858;47.50341
104875;422.3;2694272.39;1262151.69;8.689921;47.503356
104882;422.4;2694277.15;1262146.54;8.689983;47.503309
104889;422.3;2694282.05;1262141.62;8.690047;47.503264
104900.7;422.4;2694293.47;1262138.8;8.690198;47.503237
104908.3;422.4;2694299.79;1262134.56;8.690281;47.503198
104923.6;423.6;2694315.09;1262134.69;8.690484;47.503197
104930.9;423.2;2694316.26;1262127.49;8.690498;47.503132
104937.8;422.5;2694319.22;1262121.31;8.690536;47.503076
104945.9;422.6;2694320.78;1262113.32;8.690555;47.503004
104952.5;422.6;2694324.93;1262108.27;8.690609;47.502958
104959.5;422.6;2694330.13;1262103.47;8.690677;47.502914
104967.3;422.6;2694336.82;1262099.57;8.690765;47.502878
104975.1;422.6;2694342.71;1262094.44;8.690842;47.502831
104983.6;422.6;2694350.01;1262090.1;8.690938;47.502791
104990.8;422.7;2694355.73;1262085.75;8.691013;47.502751
104998.3;422.7;2694361.46;1262080.84;8.691088;47.502706
105005.6;422.7;2694366.37;1262075.47;8.691152;47.502657
105013.1;422.7;2694371.95;1262070.44;8.691225;47.502611
105020.6;422.8;2694377.53;1262065.41;8.691298;47.502565
105027.9;422.8;2694382.96;1262060.61;8.691369;47.502521
105035.3;422.8;2694388.61;1262055.8;8.691443;47.502477
105043.1;422.8;2694395.09;1262051.35;8.691528;47.502436
105050.4;422.8;2694400.22;1262046.2;8.691595;47.502389
105059.3;422.8;2694407.16;1262040.64;8.691686;47.502338
105066.7;422.8;2694412.67;1262035.73;8.691758;47.502293
105074.6;422.8;2694418.18;1262030.03;8.69183;47.502241
105082.1;422.9;2694423.69;1262024.89;8.691902;47.502194
105089.6;422.9;2694428.6;1262019.3;8.691966;47.502143
105097.1;422.8;2694433.44;1262013.6;8.692029;47.502091
105104.8;422.8;2694440.35;1262010.15;8.69212;47.502059
105112.7;422.8;2694447.05;1262006.03;8.692208;47.502021
105119.8;422.9;2694453.43;1262002.91;8.692292;47.501992
105127.8;423.1;2694460.35;1261998.79;8.692383;47.501954
105135.7;423.2;2694466.76;1261994.11;8.692467;47.501911
105143.4;423.2;2694472.49;1261988.98;8.692542;47.501864
105150.8;423.2;2694477.33;1261983.5;8.692605;47.501814
105158.6;423.4;2694484.02;1261979.49;8.692693;47.501777
105166.4;423.2;2694488.79;1261973.23;8.692755;47.50172
105173.7;423.1;2694490.57;1261966.14;8.692777;47.501656
105181.9;423.1;2694495.94;1261960;8.692847;47.5016
105189.6;423.1;2694500.93;1261954.07;8.692912;47.501546
105197;423.1;2694504.72;1261947.79;8.692961;47.501489
105206.3;423;2694502.76;1261938.64;8.692933;47.501407
105214;423;2694507.23;1261932.38;8.692991;47.50135
105223.8;423.1;2694516.33;1261928.74;8.693111;47.501316
105232;423.1;2694521.48;1261922.37;8.693178;47.501258
105240.2;423.2;2694528.26;1261917.81;8.693267;47.501216
105249.9;423.1;2694532.17;1261908.98;8.693317;47.501136
105258.1;423.1;2694535.31;1261901.36;8.693357;47.501067
105266.2;423.1;2694539.56;1261894.42;8.693412;47.501004
105275.5;423.1;2694543.76;1261886.14;8.693466;47.500929
105282.8;423.2;2694547.56;1261879.87;8.693515;47.500872
105291.2;423.2;2694551.37;1261872.48;8.693564;47.500805
105300.5;423;2694559.21;1261867.49;8.693667;47.500759
105307.6;423.1;2694562.55;1261861.2;8.69371;47.500702
105316;423.1;2694566.59;1261853.82;8.693762;47.500635
105323.8;423.1;2694570.84;1261847.32;8.693817;47.500576
105331;423.2;2694573.88;1261840.7;8.693856;47.500516
105337.4;423.1;2694578.77;1261836.66;8.69392;47.500479
105344.5;423.1;2694582.63;1261830.72;8.69397;47.500425
105351.9;423.2;2694586.05;1261824.1;8.694014;47.500365
105360;423.2;2694588.59;1261816.47;8.694046;47.500296
105369;423.3;2694594.8;1261809.9;8.694127;47.500236
105376.3;423.3;2694598.21;1261803.5;8.694171;47.500178
105383.4;423.2;2694601.55;1261797.22;8.694214;47.500121
105390.5;423.2;2694604.67;1261790.82;8.694254;47.500063
105398.1;423.2;2694608.92;1261784.55;8.694309;47.500006
105405.5;423.2;2694613.31;1261778.5;8.694366;47.499951
105413.4;423.4;2694616.59;1261771.33;8.694408;47.499886
105420.4;423.4;2694620.45;1261765.5;8.694458;47.499833
105428.2;423.5;2694624.92;1261759.12;8.694516;47.499775
105434.9;423.5;2694629.3;1261754.07;8.694573;47.499729
105441.8;423.5;2694632.93;1261748.24;8.69462;47.499676
105448.8;423.5;2694637.39;1261742.75;8.694678;47.499626
105456;423.5;2694642.6;1261737.83;8.694746;47.499581
105464.5;423.5;2694648.27;1261731.47;8.69482;47.499523
105472.7;423.5;2694653.28;1261724.99;8.694885;47.499464
105480.7;423.5;2694658.42;1261718.84;8.694952;47.499408
105489;423.6;2694662.68;1261711.79;8.695007;47.499344
105497.8;423.6;2694668.89;1261705.44;8.695088;47.499286
105506.6;423.6;2694675.01;1261699.2;8.695168;47.499229
105514.9;423.6;2694679.87;1261692.5;8.695231;47.499168
105523.2;423.6;2694685.47;1261686.36;8.695304;47.499112
105531.5;423.6;2694690.85;1261680;8.695374;47.499054
105538.8;423.6;2694695.53;1261674.4;8.695435;47.499003
105546.3;423.6;2694700.07;1261668.47;8.695494;47.498949
105553.8;423.7;2694704.69;1261662.54;8.695554;47.498895
105561.6;423.7;2694709.54;1261656.39;8.695617;47.498839
105569;423.8;2694714.37;1261650.79;8.69568;47.498788
105577.2;423.8;2694720.56;1261645.45;8.695761;47.498739
105584.3;423.9;2694724.72;1261639.73;8.695815;47.498687
105592;424;2694728.97;1261633.24;8.69587;47.498628
105600;424.2;2694733.23;1261626.52;8.695925;47.498567
105607.2;424.3;2694737.32;1261620.58;8.695978;47.498513
105615.1;424.2;2694742.46;1261614.55;8.696045;47.498458
105623.5;424.3;2694748.58;1261608.86;8.696125;47.498406
105630.9;424.3;2694754.9;1261604.85;8.696208;47.498369
105641.5;424.2;2694765.05;1261601.79;8.696342;47.49834
105649.9;424.2;2694772.27;1261597.68;8.696437;47.498302
105657.4;424.2;2694778.74;1261593.89;8.696522;47.498267
105665.4;424.2;2694785.44;1261589.44;8.69661;47.498226
105673.5;424.2;2694792.73;1261586;8.696706;47.498194
105681.3;424.2;2694800.01;1261583.11;8.696802;47.498167
105689.1;424.2;2694807.29;1261580.34;8.696898;47.498141
105697.7;424.3;2694814.01;1261575;8.696986;47.498092
105705.3;424.3;2694821.21;1261572.44;8.697081;47.498068
105712.5;424.3;2694827.74;1261569.32;8.697167;47.498039
105720;424.4;2694834.5;1261566.21;8.697256;47.49801
105727.5;424.4;2694841.69;1261563.88;8.697351;47.497988
105735.1;424.4;2694848.67;1261561.1;8.697443;47.497962
105742.8;424.4;2694855.95;1261558.43;8.697539;47.497937
105750.4;424.4;2694862.93;1261555.54;8.697631;47.49791
105758;424.2;2694869.84;1261552.32;8.697722;47.49788
105765.8;424.3;2694877.04;1261549.32;8.697817;47.497852
105773.4;424.3;2694884.03;1261546.21;8.697909;47.497823
105781.1;424.3;2694891.01;1261543.09;8.698001;47.497794
105788.5;424.5;2694897.55;1261539.64;8.698087;47.497762
105795.8;424.4;2694904.23;1261536.63;8.698175;47.497734
105804.5;424.5;2694912.27;1261533.43;8.698281;47.497704
105813.6;424.7;2694920.69;1261529.89;8.698392;47.497671
105821.2;424.6;2694927.38;1261526.33;8.69848;47.497638
105828.6;424.7;2694934.06;1261522.99;8.698568;47.497607
105836.2;424.8;2694940.68;1261519.32;8.698655;47.497573
105843.5;424.8;2694947.36;1261516.31;8.698743;47.497545
105851;424.9;2694954.26;1261513.53;8.698834;47.497519
105858.9;424.9;2694961.55;1261510.31;8.69893;47.497489
105866.4;424.9;2694968.45;1261507.42;8.699021;47.497462
105873.6;424.9;2694974.84;1261504.07;8.699105;47.497431
105881.9;425;2694982.21;1261500.3;8.699202;47.497396
105889.6;425.1;2694989.34;1261497.41;8.699296;47.497369
105896.7;425;2694996.01;1261494.96;8.699384;47.497346
105904.3;425.2;2695002.77;1261491.62;8.699473;47.497315
105911.3;425.2;2695009.29;1261489.06;8.699559;47.497291
105918.9;425.3;2695016.13;1261485.61;8.699649;47.497259
105927.8;425.2;2695024.61;1261483.08;8.699761;47.497235
105935;425.2;2695031.36;1261480.63;8.69985;47.497212
105941.9;425.3;2695037.66;1261477.62;8.699933;47.497184
105949.6;425.4;2695044.57;1261474.39;8.700024;47.497154
105956.7;425.4;2695051.32;1261471.94;8.700113;47.497131
105963.4;425.5;2695057.68;1261470.04;8.700197;47.497113
105971.2;425.5;2695064.67;1261466.6;8.700289;47.497081
105978.8;425.6;2695071.43;1261463.15;8.700378;47.497049
105985.8;425.7;2695077.88;1261460.25;8.700463;47.497022
105993.1;425.7;2695084.34;1261456.91;8.700548;47.496991
106003.6;425.8;2695094.82;1261456.85;8.700687;47.496989
106010.9;426;2695101.35;1261453.62;8.700773;47.496959
106018;426;2695107.95;1261450.84;8.70086;47.496933
106025.2;426.1;2695114.41;1261447.83;8.700945;47.496905
106032.4;426.3;2695121.08;1261444.93;8.701033;47.496878
106039.3;426.4;2695127.16;1261441.8;8.701113;47.496849
106046.1;426.5;2695133.24;1261438.79;8.701193;47.496821
106052.7;426.6;2695139.24;1261435.99;8.701272;47.496795
106059.4;426.7;2695145.31;1261433.2;8.701352;47.496769
106066;426.9;2695151.53;1261430.85;8.701434;47.496747
106073.2;427;2695157.18;1261426.39;8.701508;47.496706
106080.5;427.1;2695163.93;1261423.71;8.701597;47.496681
106088.6;427.3;2695172.06;1261424.4;8.701705;47.496686
106094.9;427.4;2695177.82;1261422.05;8.701781;47.496664
106101.9;427.6;2695184.42;1261419.71;8.701868;47.496642
106108.7;427.7;2695190.06;1261415.91;8.701942;47.496607
106115.9;427.9;2695197.23;1261415.02;8.702037;47.496598
106122.2;428;2695203.29;1261413.12;8.702117;47.49658
106129.5;428.2;2695209.16;1261408.87;8.702194;47.496541
106136.5;428.3;2695214.58;1261404.4;8.702265;47.4965
106142.6;428.4;2695220.49;1261402.72;8.702343;47.496484
106149.1;428.6;2695226.62;1261400.82;8.702424;47.496466
106155.8;428.8;2695232.85;1261398.14;8.702506;47.496441
106161.7;428.9;2695238.59;1261397.01;8.702582;47.49643
106168.1;429.1;2695244.36;1261394.21;8.702658;47.496404
106174.6;429.2;2695250.36;1261391.86;8.702737;47.496382
106182.4;429.5;2695258.14;1261390.65;8.70284;47.49637
106188.9;429.5;2695263.91;1261387.74;8.702916;47.496343
106195.6;429.6;2695269.84;1261384.61;8.702994;47.496314
106202.1;429.8;2695275.69;1261381.81;8.703071;47.496288
106208.7;429.9;2695281.83;1261379.24;8.703152;47.496264
106215.5;430.1;2695286.95;1261374.88;8.703219;47.496224
106222.2;430.2;2695292.37;1261370.85;8.70329;47.496187
106228.7;430.3;2695297.34;1261366.7;8.703355;47.496149
106235.2;430.5;2695302.67;1261362.9;8.703425;47.496114
106241.9;430.6;2695307.94;1261358.87;8.703494;47.496077
106248.1;430.8;2695313.7;1261356.63;8.70357;47.496056
106254.4;431;2695319.11;1261353.27;8.703641;47.496025
106260.8;431.1;2695324.07;1261349.23;8.703706;47.495988
106268.3;431.3;2695330.32;1261345.11;8.703788;47.49595
106274.9;431.5;2695335.73;1261341.3;8.703859;47.495915
106281.4;431.7;2695341.58;1261338.51;8.703936;47.495889
106288;431.8;2695346.91;1261334.59;8.704006;47.495853
106295.8;432.1;2695352.06;1261328.78;8.704073;47.4958
106302.6;432.2;2695357.47;1261324.64;8.704144;47.495762
106308.8;432.4;2695362.51;1261320.94;8.70421;47.495728
106315.1;432.6;2695367.76;1261317.58;8.704279;47.495697
106321.1;432.8;2695372.72;1261314.21;8.704344;47.495666
106327.6;433;2695378.35;1261310.96;8.704418;47.495636
106333.6;433.2;2695383.45;1261307.71;8.704485;47.495606
106339.9;433.4;2695389.07;1261305.02;8.704559;47.495581
106346;433.5;2695394.47;1261302.11;8.70463;47.495554
106351.9;433.7;2695399.42;1261298.85;8.704695;47.495524
106358.3;433.9;2695404.82;1261295.49;8.704766;47.495493
106363.8;434;2695409.61;1261292.68;8.704829;47.495467
106370;434.2;2695414.79;1261289.31;8.704897;47.495436
106376.2;434.4;2695420.41;1261286.62;8.704971;47.495411
106382.5;434.6;2695425.74;1261283.37;8.705041;47.495381
106388.6;434.7;2695431.36;1261281.02;8.705115;47.495359
106395.3;434.9;2695437.94;1261279.46;8.705202;47.495344
106401;435.1;2695443.17;1261277.32;8.705271;47.495324
106406.3;435.2;2695447.96;1261275.06;8.705334;47.495303
106412.1;435.3;2695453.12;1261272.47;8.705402;47.495279
106417.8;435.3;2695458.29;1261270;8.70547;47.495256
106422.6;435.4;2695462.69;1261267.96;8.705528;47.495237
106428.2;435.4;2695467.78;1261265.59;8.705595;47.495215
106432.9;435.4;2695471.52;1261262.87;8.705644;47.49519
106438.4;435.4;2695476.67;1261260.95;8.705712;47.495172
106443.7;435.5;2695481.24;1261258.25;8.705772;47.495147
106449.2;435.5;2695486.1;1261255.66;8.705836;47.495123
106454.6;435.4;2695490.08;1261251.94;8.705888;47.495089
106460.1;435.4;2695494.8;1261249.24;8.70595;47.495064
106465.6;435.4;2695499.3;1261246.09;8.706009;47.495035
106470.8;435.4;2695503.79;1261243.38;8.706068;47.49501
106476.4;435.4;2695508.73;1261240.68;8.706133;47.494985
106483.6;435.4;2695513.71;1261235.53;8.706198;47.494938
106489.8;435.3;2695518.97;1261232.17;8.706267;47.494907
106495.7;435.4;2695523.18;1261228.12;8.706322;47.49487
106502.1;435.4;2695528.66;1261224.76;8.706394;47.494839
106508.8;435.3;2695534.22;1261220.96;8.706467;47.494804
106515.4;435.4;2695539.56;1261217.16;8.706537;47.494769
106522;435.2;2695544.9;1261213.24;8.706607;47.494733
106528;435.3;2695549.63;1261209.54;8.706669;47.494699
106534.5;435.3;2695555.18;1261206.18;8.706742;47.494668
106540.7;435.2;2695559.48;1261201.8;8.706798;47.494628
106549.1;435.2;2695565.3;1261195.67;8.706874;47.494572
106555.2;435.2;2695569.59;1261191.29;8.70693;47.494532
106560;435.2;2695571.77;1261187.1;8.706958;47.494494
106568.7;435.4;2695580.52;1261186.9;8.707074;47.494491
106575.4;435.3;2695584.97;1261181.97;8.707132;47.494446
106582.3;435.4;2695590.9;1261178.4;8.70721;47.494413
106588.5;435.3;2695595.57;1261174.25;8.707271;47.494375
106595.3;435.3;2695600.54;1261169.66;8.707336;47.494333
106605;435.2;2695601.23;1261160;8.707343;47.494246
106613.1;435.2;2695606.6;1261153.86;8.707413;47.49419
106619.6;435.2;2695611.12;1261149.26;8.707472;47.494148
106626.1;435.2;2695615.79;1261144.66;8.707533;47.494106
106632.1;435.1;2695619.78;1261140.28;8.707585;47.494066
106638.3;435.1;2695624.37;1261136.02;8.707645;47.494027
106644.3;435.1;2695628.29;1261131.52;8.707696;47.493986
106651;435.1;2695632.07;1261126.02;8.707745;47.493936
106656.6;435.1;2695635.98;1261121.97;8.707796;47.493899
106662.3;435.1;2695640.04;1261117.92;8.707849;47.493862
106667.2;435;2695642.52;1261113.74;8.707881;47.493824
106671.8;435.1;2695645.29;1261110.11;8.707917;47.493791
106676.9;435;2695648.37;1261106.05;8.707957;47.493754
106680.6;435;2695650.98;1261103.31;8.707991;47.493729
106685.4;435;2695653.68;1261099.35;8.708026;47.493693
106690.5;435;2695656.84;1261095.4;8.708067;47.493657
106695.8;435;2695660.07;1261091.22;8.708109;47.493619
106701.2;435;2695663.6;1261087.17;8.708155;47.493582
106706.3;435;2695667.05;1261083.33;8.7082;47.493547
106711.2;434.9;2695670.35;1261079.71;8.708243;47.493514
106716.1;435;2695673.58;1261076.1;8.708285;47.493481
106720.8;434.9;2695676.87;1261072.7;8.708328;47.49345
106725.2;434.9;2695679.86;1261069.53;8.708367;47.493421
106728.8;434.9;2695682.02;1261066.56;8.708395;47.493394
106733.7;434.9;2695683.98;1261062.14;8.70842;47.493354
106737.2;435;2695685.83;1261059.17;8.708444;47.493327
106741;434.9;2695688.81;1261061.67;8.708484;47.493349
106744.4;434.9;2695691.77;1261060.16;8.708523;47.493335
106747.7;434.9;2695692.5;1261056.94;8.708532;47.493306
106753.7;434.9;2695696.72;1261052.56;8.708587;47.493266
106759.2;434.9;2695700.33;1261048.51;8.708634;47.493229
106765.7;434.9;2695704.33;1261043.35;8.708686;47.493182
106772.6;434.8;2695708.64;1261037.97;8.708742;47.493133
106779.3;434.8;2695713.09;1261032.92;8.7088;47.493087
106787.2;434.8;2695718.38;1261027.12;8.708869;47.493034
106793;434.7;2695718.25;1261021.33;8.708866;47.492982
106799.3;434.7;2695715.33;1261015.72;8.708826;47.492932
106805.1;434.8;2695711.63;1261011.22;8.708776;47.492892
106810.9;434.7;2695707.63;1261007.04;8.708722;47.492855
106817.2;434.7;2695703.49;1261002.3;8.708666;47.492813
106823.7;434.6;2695698.35;1260998.32;8.708597;47.492778
106830.4;434.6;2695692.99;1260994.35;8.708525;47.492743
106837.6;434.5;2695688.03;1260989.04;8.708458;47.492696
106844.7;434.3;2695683.59;1260983.52;8.708398;47.492647
106852.1;434.2;2695678.4;1260978.32;8.708328;47.492601
106858;434.2;2695674.17;1260974.14;8.708271;47.492564
106864.7;434.1;2695668.58;1260970.49;8.708196;47.492532
106871.9;434.1;2695663.77;1260965.18;8.708131;47.492485
106879.1;434;2695658.5;1260960.2;8.70806;47.492441
106886.3;433.8;2695653.15;1260955.45;8.707988;47.492399
106893.8;433.6;2695647.42;1260950.46;8.707911;47.492355
106902;433.5;2695641.87;1260944.48;8.707836;47.492302
106909.5;433.2;2695636.3;1260939.5;8.707761;47.492258
106916.7;433.2;2695630.72;1260934.96;8.707686;47.492218
106922.7;433.1;2695625.88;1260931.32;8.707621;47.492186
106926.4;433;2695623.36;1260928.61;8.707587;47.492162
106933;432.8;2695618.76;1260923.98;8.707525;47.492121
106940.5;432.7;2695613.19;1260918.88;8.70745;47.492076
106946.5;432.5;2695610.11;1260913.72;8.707408;47.49203
106953.8;432.5;2695604.38;1260909.18;8.707331;47.49199
106960.4;432.4;2695599.47;1260904.87;8.707265;47.491952
106966.8;432.4;2695594.95;1260900.24;8.707204;47.491911
106976.4;432;2695585.96;1260896.98;8.707084;47.491883
106983.7;432;2695580.82;1260902.24;8.707017;47.491931
106987.5;432;2695578.74;1260905.32;8.70699;47.491959
106993.6;431.9;2695574.74;1260909.92;8.706938;47.492001
106999.9;431.8;2695570.67;1260914.75;8.706885;47.492045
107007.1;431.5;2695565.91;1260920.12;8.706823;47.492094
107014.9;431.4;2695560.25;1260925.48;8.706749;47.492143
107021;431.1;2695555.51;1260929.4;8.706687;47.492179
107028.8;431;2695549.85;1260934.76;8.706613;47.492228
107035.1;430.9;2695544.89;1260938.68;8.706548;47.492264
107040.9;430.8;2695540.01;1260941.83;8.706484;47.492293
107049.1;430.6;2695532.21;1260944.26;8.706381;47.492316
107054.9;430.6;2695526.89;1260942.06;8.70631;47.492297
107062.3;430.6;2695520.63;1260938.07;8.706226;47.492262
107068.5;430.7;2695517.17;1260932.9;8.706179;47.492216
107075.2;430.8;2695512.27;1260928.37;8.706113;47.492176
107081.4;430.8;2695507.66;1260924.18;8.706051;47.492139
107087.4;430.9;2695502.97;1260920.44;8.705988;47.492106
107093.3;430.9;2695498.75;1260916.25;8.705931;47.492069
107098.2;431;2695495.72;1260912.43;8.70589;47.492035
107102.2;431;2695492.98;1260909.49;8.705853;47.492009
107105.8;431;2695490.68;1260906.78;8.705822;47.491985
107109.9;431;2695487.87;1260903.74;8.705784;47.491958
107113.8;431.1;2695485.74;1260900.48;8.705755;47.491929
107118.4;431.1;2695484;1260896.22;8.705731;47.491891
107122.9;431.2;2695481.65;1260892.4;8.705699;47.491857
107127.5;431.2;2695478.69;1260888.91;8.705659;47.491826
107131.5;431.2;2695476.1;1260885.86;8.705624;47.491799
107135.2;431.2;2695474.04;1260882.83;8.705596;47.491772
107138.3;431.3;2695471.81;1260880.68;8.705566;47.491753
107141.7;431.3;2695470.58;1260877.44;8.705549;47.491724
107145.3;431.3;2695467.29;1260876.05;8.705505;47.491712
