{
  "type": "FeatureCollection",
  "features": [
    {
      "type": "Feature",
      "geometry": {
        "type": "Point",
        "coordinates": [
          -63.4202,
          -59.35564
        ]
      },
      "properties": {
        "id": 0,
        "category": "sensor",
        "value": 65.09
      }
    },
    {
      "type": "Feature",
      "geometry": {
        "type": "Point",
        "coordinates": [
          -153.92294,
          6.09994
        ]
      },
      "properties": {
        "id": 1,
        "category": "station",
        "value": 36.57
      }
    },
    {
      "type": "Feature",
      "geometry": {
        "type": "Point",
        "coordinates": [
          -159.12039,
          1.26407
        ]
      },
      "properties": {
        "id": 2,
        "category": "poi",
        "value": 3.75
      }
    },
    {
      "type": "Feature",
      "geometry": {
        "type": "Point",
        "coordinates": [
          -23.88755,
          -73.12458
        ]
      },
      "properties": {
        "id": 3,
        "category": "node",
        "value": 9.07
      }
    },
    {
      "type": "Feature",
      "geometry": {
        "type": "Point",
        "coordinates": [
          -27.17309,
          55.56486
        ]
      },
      "properties": {
        "id": 4,
        "category": "sensor",
        "value": 12.38
      }
    },
    {
      "type": "Feature",
      "geometry": {
        "type": "Point",
        "coordinates": [
          -99.63397,
          21.66365
        ]
      },
      "properties": {
        "id": 5,
        "category": "station",
        "value": 94.77
      }
    },
    {
      "type": "Feature",
      "geometry": {
        "type": "Point",
        "coordinates": [
          27.75706,
          -17.56432
        ]
      },
      "properties": {
        "id": 6,
        "category": "poi",
        "value": 97.63
      }
    },
    {
      "type": "Feature",
      "geometry": {
        "type": "Point",
        "coordinates": [
          -163.23023,
          60.93964
        ]
      },
      "properties": {
        "id": 7,
        "category": "node",
        "value": 28.96
      }
    },
    {
      "type": "Feature",
      "geometry": {
        "type": "Point",
        "coordinates": [
          -128.06817,
          -64.97532
        ]
      },
      "properties": {
        "id": 8,
        "category": "sensor",
        "value": 30.85
      }
    },
    {
      "type": "Feature",
      "geometry": {
        "type": "Point",
        "coordinates": [
          113.80549,
          -54.27652
        ]
      },
      "properties": {
        "id": 9,
        "category": "station",
        "value": 58.16
      }
    },
    {
      "type": "Feature",
      "geometry": {
        "type": "Point",
        "coordinates": [
          50.00885,
          -21.69242
        ]
      },
      "properties": {
        "id": 10,
        "category": "poi",
        "value": 54.77
      }
    },
    {
      "type": "Feature",
      "geometry": {
        "type": "Point",
        "coordinates": [
          -157.39597,
          -74.8678
        ]
      },
      "properties": {
        "id": 11,
        "category": "node",
        "value": 20.6
      }
    },
    {
      "type": "Feature",
      "geometry": {
        "type": "Point",
        "coordinates": [
          64.94399,
          -12.30931
        ]
      },
      "properties": {
        "id": 12,
        "category": "sensor",
        "value": 31.41
      }
    },
    {
      "type": "Feature",
      "geometry": {
        "type": "Point",
        "coordinates": [
          30.80227,
          -7.95866
        ]
      },
      "properties": {
        "id": 13,
        "category": "station",
        "value": 29.98
      }
    },
    {
      "type": "Feature",
      "geometry": {
        "type": "Point",
        "coordinates": [
          105.97661,
          33.82905
        ]
      },
      "properties": {
        "id": 14,
        "category": "poi",
        "value": 24.41
      }
    },
    {
      "type": "Feature",
      "geometry": {
        "type": "Point",
        "coordinates": [
          26.79254,
          4.28341
        ]
      },
      "properties": {
        "id": 15,
        "category": "node",
        "value": 87.51
      }
    },
    {
      "type": "Feature",
      "geometry": {
        "type": "Point",
        "coordinates": [
          82.6003,
          -36.05058
        ]
      },
      "properties": {
        "id": 16,
        "category": "sensor",
        "value": 98.02
      }
    },
    {
      "type": "Feature",
      "geometry": {
        "type": "Point",
        "coordinates": [
          -137.49632,
          -13.91912
        ]
      },
      "properties": {
        "id": 17,
        "category": "station",
        "value": 75.71
      }
    },
    {
      "type": "Feature",
      "geometry": {
        "type": "Point",
        "coordinates": [
          -125.28557,
          -1.87627
        ]
      },
      "properties": {
        "id": 18,
        "category": "poi",
        "value": 3.92
      }
    },
    {
      "type": "Feature",
      "geometry": {
        "type": "Point",
        "coordinates": [
          60.55771,
          44.97705
        ]
      },
      "properties": {
        "id": 19,
        "category": "node",
        "value": 57.3
      }
    },
    {
      "type": "Feature",
      "geometry": {
        "type": "Point",
        "coordinates": [
          135.17201,
          -31.66292
        ]
      },
      "properties": {
        "id": 20,
        "category": "sensor",
        "value": 69.53
      }
    },
    {
      "type": "Feature",
      "geometry": {
        "type": "Point",
        "coordinates": [
          33.97316,
          13.58218
        ]
      },
      "properties": {
        "id": 21,
        "category": "station",
        "value": 45.62
      }
    },
    {
      "type": "Feature",
      "geometry": {
        "type": "Point",
        "coordinates": [
          122.3884,
          75.59579
        ]
      },
      "properties": {
        "id": 22,
        "category": "poi",
        "value": 47.41
      }
    },
    {
      "type": "Feature",
      "geometry": {
        "type": "Point",
        "coordinates": [
          59.09479,
          -74.6862
        ]
      },
      "properties": {
        "id": 23,
        "category": "node",
        "value": 70.15
      }
    },
    {
      "type": "Feature",
      "geometry": {
        "type": "Point",
        "coordinates": [
          52.96639,
          83.82631
        ]
      },
      "properties": {
        "id": 24,
        "category": "sensor",
        "value": 82.19
      }
    },
    {
      "type": "Feature",
      "geometry": {
        "type": "Point",
        "coordinates": [
          -77.54561,
          -19.41545
        ]
      },
      "properties": {
        "id": 25,
        "category": "station",
        "value": 66.87
      }
    },
    {
      "type": "Feature",
      "geometry": {
        "type": "Point",
        "coordinates": [
          -171.87735,
          -6.5118
        ]
      },
      "properties": {
        "id": 26,
        "category": "poi",
        "value": 16.8
      }
    },
    {
      "type": "Feature",
      "geometry": {
        "type": "Point",
        "coordinates": [
          -137.84551,
          -74.97775
        ]
      },
      "properties": {
        "id": 27,
        "category": "node",
        "value": 76.82
      }
    },
    {
      "type": "Feature",
      "geometry": {
        "type": "Point",
        "coordinates": [
          -133.43752,
          -42.90548
        ]
      },
      "properties": {
        "id": 28,
        "category": "sensor",
        "value": 39.09
      }
    },
    {
      "type": "Feature",
      "geometry": {
        "type": "Point",
        "coordinates": [
          133.71191,
          -71.30118
        ]
      },
      "properties": {
        "id": 29,
        "category": "station",
        "value": 44.92
      }
    },
    {
      "type": "Feature",
      "geometry": {
        "type": "Point",
        "coordinates": [
          17.79837,
          65.17525
        ]
      },
      "properties": {
        "id": 30,
        "category": "poi",
        "value": 81.93
      }
    },
    {
      "type": "Feature",
      "geometry": {
        "type": "Point",
        "coordinates": [
          131.03441,
          -37.66842
        ]
      },
      "properties": {
        "id": 31,
        "category": "node",
        "value": 41.53
      }
    },
    {
      "type": "Feature",
      "geometry": {
        "type": "Point",
        "coordinates": [
          -50.84238,
          65.31278
        ]
      },
      "properties": {
        "id": 32,
        "category": "sensor",
        "value": 95.77
      }
    },
    {
      "type": "Feature",
      "geometry": {
        "type": "Point",
        "coordinates": [
          -125.66847,
          -55.04299
        ]
      },
      "properties": {
        "id": 33,
        "category": "station",
        "value": 23.2
      }
    },
    {
      "type": "Feature",
      "geometry": {
        "type": "Point",
        "coordinates": [
          -95.99901,
          -2.55634
        ]
      },
      "properties": {
        "id": 34,
        "category": "poi",
        "value": 58.91
      }
    },
    {
      "type": "Feature",
      "geometry": {
        "type": "Point",
        "coordinates": [
          -85.41122,
          -84.30409
        ]
      },
      "properties": {
        "id": 35,
        "category": "node",
        "value": 41.89
      }
    },
    {
      "type": "Feature",
      "geometry": {
        "type": "Point",
        "coordinates": [
          -47.06871,
          11.27801
        ]
      },
      "properties": {
        "id": 36,
        "category": "sensor",
        "value": 95.31
      }
    },
    {
      "type": "Feature",
      "geometry": {
        "type": "Point",
        "coordinates": [
          68.57772,
          2.63354
        ]
      },
      "properties": {
        "id": 37,
        "category": "station",
        "value": 61.76
      }
    },
    {
      "type": "Feature",
      "geometry": {
        "type": "Point",
        "coordinates": [
          63.43203,
          -75.82121
        ]
      },
      "properties": {
        "id": 38,
        "category": "poi",
        "value": 89.95
      }
    },
    {
      "type": "Feature",
      "geometry": {
        "type": "Point",
        "coordinates": [
          100.78902,
          63.66724
        ]
      },
      "properties": {
        "id": 39,
        "category": "node",
        "value": 79.79
      }
    },
    {
      "type": "Feature",
      "geometry": {
        "type": "Point",
        "coordinates": [
          -38.74359,
          -17.1736
        ]
      },
      "properties": {
        "id": 40,
        "category": "sensor",
        "value": 10.35
      }
    },
    {
      "type": "Feature",
      "geometry": {
        "type": "Point",
        "coordinates": [
          48.34424,
          -74.41787
        ]
      },
      "properties": {
        "id": 41,
        "category": "station",
        "value": 6.73
      }
    },
    {
      "type": "Feature",
      "geometry": {
        "type": "Point",
        "coordinates": [
          -104.84525,
          -57.40846
        ]
      },
      "properties": {
        "id": 42,
        "category": "poi",
        "value": 34.01
      }
    },
    {
      "type": "Feature",
      "geometry": {
        "type": "Point",
        "coordinates": [
          -161.07278,
          -84.96034
        ]
      },
      "properties": {
        "id": 43,
        "category": "node",
        "value": 15.13
      }
    },
    {
      "type": "Feature",
      "geometry": {
        "type": "Point",
        "coordinates": [
          -143.47283,
          -23.18631
        ]
      },
      "properties": {
        "id": 44,
        "category": "sensor",
        "value": 2.55
      }
    },
    {
      "type": "Feature",
      "geometry": {
        "type": "Point",
        "coordinates": [
          134.75966,
          19.39173
        ]
      },
      "properties": {
        "id": 45,
        "category": "station",
        "value": 14.86
      }
    },
    {
      "type": "Feature",
      "geometry": {
        "type": "Point",
        "coordinates": [
          -89.18721,
          -25.94378
        ]
      },
      "properties": {
        "id": 46,
        "category": "poi",
        "value": 36.42
      }
    },
    {
      "type": "Feature",
      "geometry": {
        "type": "Point",
        "coordinates": [
          -135.7768,
          59.31928
        ]
      },
      "properties": {
        "id": 47,
        "category": "node",
        "value": 99.31
      }
    },
    {
      "type": "Feature",
      "geometry": {
        "type": "Point",
        "coordinates": [
          -12.24379,
          -2.74811
        ]
      },
      "properties": {
        "id": 48,
        "category": "sensor",
        "value": 8.59
      }
    },
    {
      "type": "Feature",
      "geometry": {
        "type": "Point",
        "coordinates": [
          -143.21246,
          -26.75191
        ]
      },
      "properties": {
        "id": 49,
        "category": "station",
        "value": 26.48
      }
    },
    {
      "type": "Feature",
      "geometry": {
        "type": "Point",
        "coordinates": [
          118.38794,
          -57.55544
        ]
      },
      "properties": {
        "id": 50,
        "category": "poi",
        "value": 2.31
      }
    },
    {
      "type": "Feature",
      "geometry": {
        "type": "Point",
        "coordinates": [
          162.35481,
          4.80376
        ]
      },
      "properties": {
        "id": 51,
        "category": "node",
        "value": 14.66
      }
    },
    {
      "type": "Feature",
      "geometry": {
        "type": "Point",
        "coordinates": [
          15.54207,
          -80.40278
        ]
      },
      "properties": {
        "id": 52,
        "category": "sensor",
        "value": 52.81
      }
    },
    {
      "type": "Feature",
      "geometry": {
        "type": "Point",
        "coordinates": [
          172.26045,
          61.76526
        ]
      },
      "properties": {
        "id": 53,
        "category": "station",
        "value": 69.62
      }
    },
    {
      "type": "Feature",
      "geometry": {
        "type": "Point",
        "coordinates": [
          -85.99853,
          -22.66104
        ]
      },
      "properties": {
        "id": 54,
        "category": "poi",
        "value": 16.7
      }
    },
    {
      "type": "Feature",
      "geometry": {
        "type": "Point",
        "coordinates": [
          97.89765,
          5.54071
        ]
      },
      "properties": {
        "id": 55,
        "category": "node",
        "value": 77.91
      }
    },
    {
      "type": "Feature",
      "geometry": {
        "type": "Point",
        "coordinates": [
          -61.3206,
          -47.08292
        ]
      },
      "properties": {
        "id": 56,
        "category": "sensor",
        "value": 81.15
      }
    },
    {
      "type": "Feature",
      "geometry": {
        "type": "Point",
        "coordinates": [
          174.57338,
          59.9469
        ]
      },
      "properties": {
        "id": 57,
        "category": "station",
        "value": 80.61
      }
    },
    {
      "type": "Feature",
      "geometry": {
        "type": "Point",
        "coordinates": [
          114.59986,
          40.77841
        ]
      },
      "properties": {
        "id": 58,
        "category": "poi",
        "value": 22.67
      }
    },
    {
      "type": "Feature",
      "geometry": {
        "type": "Point",
        "coordinates": [
          6.34994,
          -24.55437
        ]
      },
      "properties": {
        "id": 59,
        "category": "node",
        "value": 2.9
      }
    },
    {
      "type": "Feature",
      "geometry": {
        "type": "Point",
        "coordinates": [
          -169.94265,
          -37.49885
        ]
      },
      "properties": {
        "id": 60,
        "category": "sensor",
        "value": 25.92
      }
    },
    {
      "type": "Feature",
      "geometry": {
        "type": "Point",
        "coordinates": [
          69.3079,
          77.60756
        ]
      },
      "properties": {
        "id": 61,
        "category": "station",
        "value": 44.72
      }
    },
    {
      "type": "Feature",
      "geometry": {
        "type": "Point",
        "coordinates": [
          157.32763,
          82.96647
        ]
      },
      "properties": {
        "id": 62,
        "category": "poi",
        "value": 95.5
      }
    },
    {
      "type": "Feature",
      "geometry": {
        "type": "Point",
        "coordinates": [
          -48.73108,
          -47.52141
        ]
      },
      "properties": {
        "id": 63,
        "category": "node",
        "value": 22.68
      }
    },
    {
      "type": "Feature",
      "geometry": {
        "type": "Point",
        "coordinates": [
          -109.18578,
          -50.25653
        ]
      },
      "properties": {
        "id": 64,
        "category": "sensor",
        "value": 62.41
      }
    },
    {
      "type": "Feature",
      "geometry": {
        "type": "Point",
        "coordinates": [
          144.111,
          57.87404
        ]
      },
      "properties": {
        "id": 65,
        "category": "station",
        "value": 47.95
      }
    },
    {
      "type": "Feature",
      "geometry": {
        "type": "Point",
        "coordinates": [
          55.0721,
          50.93944
        ]
      },
      "properties": {
        "id": 66,
        "category": "poi",
        "value": 8.48
      }
    },
    {
      "type": "Feature",
      "geometry": {
        "type": "Point",
        "coordinates": [
          57.81083,
          69.66211
        ]
      },
      "properties": {
        "id": 67,
        "category": "node",
        "value": 78.23
      }
    },
    {
      "type": "Feature",
      "geometry": {
        "type": "Point",
        "coordinates": [
          90.05057,
          -3.73443
        ]
      },
      "properties": {
        "id": 68,
        "category": "sensor",
        "value": 17.85
      }
    },
    {
      "type": "Feature",
      "geometry": {
        "type": "Point",
        "coordinates": [
          104.08876,
          -28.47208
        ]
      },
      "properties": {
        "id": 69,
        "category": "station",
        "value": 80.08
      }
    },
    {
      "type": "Feature",
      "geometry": {
        "type": "Point",
        "coordinates": [
          169.79662,
          -17.70746
        ]
      },
      "properties": {
        "id": 70,
        "category": "poi",
        "value": 40.14
      }
    },
    {
      "type": "Feature",
      "geometry": {
        "type": "Point",
        "coordinates": [
          160.84692,
          38.21577
        ]
      },
      "properties": {
        "id": 71,
        "category": "node",
        "value": 17.0
      }
    },
    {
      "type": "Feature",
      "geometry": {
        "type": "Point",
        "coordinates": [
          -134.26619,
          -59.30438
        ]
      },
      "properties": {
        "id": 72,
        "category": "sensor",
        "value": 90.49
      }
    },
    {
      "type": "Feature",
      "geometry": {
        "type": "Point",
        "coordinates": [
          110.34071,
          -60.15037
        ]
      },
      "properties": {
        "id": 73,
        "category": "station",
        "value": 82.65
      }
    },
    {
      "type": "Feature",
      "geometry": {
        "type": "Point",
        "coordinates": [
          172.91014,
          26.73561
        ]
      },
      "properties": {
        "id": 74,
        "category": "poi",
        "value": 35.04
      }
    },
    {
      "type": "Feature",
      "geometry": {
        "type": "Point",
        "coordinates": [
          17.51762,
          -62.73275
        ]
      },
      "properties": {
        "id": 75,
        "category": "node",
        "value": 1.42
      }
    },
    {
      "type": "Feature",
      "geometry": {
        "type": "Point",
        "coordinates": [
          169.52046,
          25.44469
        ]
      },
      "properties": {
        "id": 76,
        "category": "sensor",
        "value": 52.66
      }
    },
    {
      "type": "Feature",
      "geometry": {
        "type": "Point",
        "coordinates": [
          156.10493,
          -11.2524
        ]
      },
      "properties": {
        "id": 77,
        "category": "station",
        "value": 87.17
      }
    },
    {
      "type": "Feature",
      "geometry": {
        "type": "Point",
        "coordinates": [
          117.41589,
          -49.1228
        ]
      },
      "properties": {
        "id": 78,
        "category": "poi",
        "value": 25.18
      }
    },
    {
      "type": "Feature",
      "geometry": {
        "type": "Point",
        "coordinates": [
          -74.53201,
          -44.1083
        ]
      },
      "properties": {
        "id": 79,
        "category": "node",
        "value": 58.64
      }
    },
    {
      "type": "Feature",
      "geometry": {
        "type": "Point",
        "coordinates": [
          -86.62867,
          -13.76787
        ]
      },
      "properties": {
        "id": 80,
        "category": "sensor",
        "value": 13.11
      }
    },
    {
      "type": "Feature",
      "geometry": {
        "type": "Point",
        "coordinates": [
          147.60614,
          -24.85672
        ]
      },
      "properties": {
        "id": 81,
        "category": "station",
        "value": 45.82
      }
    },
    {
      "type": "Feature",
      "geometry": {
        "type": "Point",
        "coordinates": [
          30.00556,
          68.73045
        ]
      },
      "properties": {
        "id": 82,
        "category": "poi",
        "value": 42.06
      }
    },
    {
      "type": "Feature",
      "geometry": {
        "type": "Point",
        "coordinates": [
          150.37959,
          0.28032
        ]
      },
      "properties": {
        "id": 83,
        "category": "node",
        "value": 53.18
      }
    },
    {
      "type": "Feature",
      "geometry": {
        "type": "Point",
        "coordinates": [
          8.46237,
          -81.82017
        ]
      },
      "properties": {
        "id": 84,
        "category": "sensor",
        "value": 44.01
      }
    },
    {
      "type": "Feature",
      "geometry": {
        "type": "Point",
        "coordinates": [
          -114.08116,
          -84.33148
        ]
      },
      "properties": {
        "id": 85,
        "category": "station",
        "value": 79.92
      }
    },
    {
      "type": "Feature",
      "geometry": {
        "type": "Point",
        "coordinates": [
          -117.95518,
          -4.5062
        ]
      },
      "properties": {
        "id": 86,
        "category": "poi",
        "value": 72.52
      }
    },
    {
      "type": "Feature",
      "geometry": {
        "type": "Point",
        "coordinates": [
          20.33122,
          -29.58303
        ]
      },
      "properties": {
        "id": 87,
        "category": "node",
        "value": 51.83
      }
    },
    {
      "type": "Feature",
      "geometry": {
        "type": "Point",
        "coordinates": [
          19.95907,
          48.32632
        ]
      },
      "properties": {
        "id": 88,
        "category": "sensor",
        "value": 10.61
      }
    },
    {
      "type": "Feature",
      "geometry": {
        "type": "Point",
        "coordinates": [
          21.70661,
          -42.75597
        ]
      },
      "properties": {
        "id": 89,
        "category": "station",
        "value": 27.69
      }
    },
    {
      "type": "Feature",
      "geometry": {
        "type": "Point",
        "coordinates": [
          98.014,
          1.31138
        ]
      },
      "properties": {
        "id": 90,
        "category": "poi",
        "value": 56.17
      }
    },
    {
      "type": "Feature",
      "geometry": {
        "type": "Point",
        "coordinates": [
          93.59753,
          70.12297
        ]
      },
      "properties": {
        "id": 91,
        "category": "node",
        "value": 44.32
      }
    },
    {
      "type": "Feature",
      "geometry": {
        "type": "Point",
        "coordinates": [
          40.51004,
          0.94403
        ]
      },
      "properties": {
        "id": 92,
        "category": "sensor",
        "value": 51.22
      }
    },
    {
      "type": "Feature",
      "geometry": {
        "type": "Point",
        "coordinates": [
          69.38316,
          -8.10122
        ]
      },
      "properties": {
        "id": 93,
        "category": "station",
        "value": 53.33
      }
    },
    {
      "type": "Feature",
      "geometry": {
        "type": "Point",
        "coordinates": [
          -7.90693,
          75.05519
        ]
      },
      "properties": {
        "id": 94,
        "category": "poi",
        "value": 69.92
      }
    },
    {
      "type": "Feature",
      "geometry": {
        "type": "Point",
        "coordinates": [
          135.55277,
          75.1707
        ]
      },
      "properties": {
        "id": 95,
        "category": "node",
        "value": 25.96
      }
    },
    {
      "type": "Feature",
      "geometry": {
        "type": "Point",
        "coordinates": [
          21.42497,
          75.3554
        ]
      },
      "properties": {
        "id": 96,
        "category": "sensor",
        "value": 84.0
      }
    },
    {
      "type": "Feature",
      "geometry": {
        "type": "Point",
        "coordinates": [
          -130.6316,
          -64.32427
        ]
      },
      "properties": {
        "id": 97,
        "category": "station",
        "value": 44.21
      }
    },
    {
      "type": "Feature",
      "geometry": {
        "type": "Point",
        "coordinates": [
          -153.8834,
          -44.09141
        ]
      },
      "properties": {
        "id": 98,
        "category": "poi",
        "value": 7.31
      }
    },
    {
      "type": "Feature",
      "geometry": {
        "type": "Point",
        "coordinates": [
          61.00997,
          48.26912
        ]
      },
      "properties": {
        "id": 99,
        "category": "node",
        "value": 89.7
      }
    },
    {
      "type": "Feature",
      "geometry": {
        "type": "Point",
        "coordinates": [
          -124.39922,
          36.74038
        ]
      },
      "properties": {
        "id": 100,
        "category": "sensor",
        "value": 66.03
      }
    },
    {
      "type": "Feature",
      "geometry": {
        "type": "Point",
        "coordinates": [
          -128.52756,
          65.08158
        ]
      },
      "properties": {
        "id": 101,
        "category": "station",
        "value": 96.75
      }
    },
    {
      "type": "Feature",
      "geometry": {
        "type": "Point",
        "coordinates": [
          -100.94838,
          76.9257
        ]
      },
      "properties": {
        "id": 102,
        "category": "poi",
        "value": 39.83
      }
    },
    {
      "type": "Feature",
      "geometry": {
        "type": "Point",
        "coordinates": [
          -4.58612,
          83.27815
        ]
      },
      "properties": {
        "id": 103,
        "category": "node",
        "value": 83.24
      }
    },
    {
      "type": "Feature",
      "geometry": {
        "type": "Point",
        "coordinates": [
          -121.87222,
          -11.64129
        ]
      },
      "properties": {
        "id": 104,
        "category": "sensor",
        "value": 51.56
      }
    },
    {
      "type": "Feature",
      "geometry": {
        "type": "Point",
        "coordinates": [
          -57.91819,
          -51.72341
        ]
      },
      "properties": {
        "id": 105,
        "category": "station",
        "value": 31.85
      }
    },
    {
      "type": "Feature",
      "geometry": {
        "type": "Point",
        "coordinates": [
          79.9743,
          -81.6879
        ]
      },
      "properties": {
        "id": 106,
        "category": "poi",
        "value": 55.41
      }
    },
    {
      "type": "Feature",
      "geometry": {
        "type": "Point",
        "coordinates": [
          -21.43508,
          -81.92606
        ]
      },
      "properties": {
        "id": 107,
        "category": "node",
        "value": 33.15
      }
    },
    {
      "type": "Feature",
      "geometry": {
        "type": "Point",
        "coordinates": [
          44.61375,
          2.08459
        ]
      },
      "properties": {
        "id": 108,
        "category": "sensor",
        "value": 6.43
      }
    },
    {
      "type": "Feature",
      "geometry": {
        "type": "Point",
        "coordinates": [
          174.62997,
          49.02172
        ]
      },
      "properties": {
        "id": 109,
        "category": "station",
        "value": 97.17
      }
    },
    {
      "type": "Feature",
      "geometry": {
        "type": "Point",
        "coordinates": [
          -142.27935,
          -39.85407
        ]
      },
      "properties": {
        "id": 110,
        "category": "poi",
        "value": 3.96
      }
    },
    {
      "type": "Feature",
      "geometry": {
        "type": "Point",
        "coordinates": [
          100.43907,
          -39.02416
        ]
      },
      "properties": {
        "id": 111,
        "category": "node",
        "value": 12.96
      }
    },
    {
      "type": "Feature",
      "geometry": {
        "type": "Point",
        "coordinates": [
          -27.98849,
          69.94035
        ]
      },
      "properties": {
        "id": 112,
        "category": "sensor",
        "value": 81.9
      }
    },
    {
      "type": "Feature",
      "geometry": {
        "type": "Point",
        "coordinates": [
          -86.90075,
          -59.60745
        ]
      },
      "properties": {
        "id": 113,
        "category": "station",
        "value": 91.92
      }
    },
    {
      "type": "Feature",
      "geometry": {
        "type": "Point",
        "coordinates": [
          25.41417,
          34.07097
        ]
      },
      "properties": {
        "id": 114,
        "category": "poi",
        "value": 8.95
      }
    },
    {
      "type": "Feature",
      "geometry": {
        "type": "Point",
        "coordinates": [
          -159.29046,
          31.99495
        ]
      },
      "properties": {
        "id": 115,
        "category": "node",
        "value": 42.53
      }
    },
    {
      "type": "Feature",
      "geometry": {
        "type": "Point",
        "coordinates": [
          -153.93093,
          74.51945
        ]
      },
      "properties": {
        "id": 116,
        "category": "sensor",
        "value": 63.44
      }
    },
    {
      "type": "Feature",
      "geometry": {
        "type": "Point",
        "coordinates": [
          108.58629,
          -70.76377
        ]
      },
      "properties": {
        "id": 117,
        "category": "station",
        "value": 85.62
      }
    },
    {
      "type": "Feature",
      "geometry": {
        "type": "Point",
        "coordinates": [
          -156.01589,
          61.67174
        ]
      },
      "properties": {
        "id": 118,
        "category": "poi",
        "value": 45.38
      }
    },
    {
      "type": "Feature",
      "geometry": {
        "type": "Point",
        "coordinates": [
          -57.90536,
          9.0209
        ]
      },
      "properties": {
        "id": 119,
        "category": "node",
        "value": 92.67
      }
    },
    {
      "type": "Feature",
      "geometry": {
        "type": "Point",
        "coordinates": [
          -83.57049,
          -63.03178
        ]
      },
      "properties": {
        "id": 120,
        "category": "sensor",
        "value": 52.69
      }
    },
    {
      "type": "Feature",
      "geometry": {
        "type": "Point",
        "coordinates": [
          -94.16298,
          -66.39325
        ]
      },
      "properties": {
        "id": 121,
        "category": "station",
        "value": 16.14
      }
    },
    {
      "type": "Feature",
      "geometry": {
        "type": "Point",
        "coordinates": [
          -161.8633,
          -50.6994
        ]
      },
      "properties": {
        "id": 122,
        "category": "poi",
        "value": 31.2
      }
    },
    {
      "type": "Feature",
      "geometry": {
        "type": "Point",
        "coordinates": [
          -70.19806,
          44.1147
        ]
      },
      "properties": {
        "id": 123,
        "category": "node",
        "value": 29.0
      }
    },
    {
      "type": "Feature",
      "geometry": {
        "type": "Point",
        "coordinates": [
          0.0319,
          -54.75702
        ]
      },
      "properties": {
        "id": 124,
        "category": "sensor",
        "value": 34.7
      }
    },
    {
      "type": "Feature",
      "geometry": {
        "type": "Point",
        "coordinates": [
          -173.46128,
          -42.42371
        ]
      },
      "properties": {
        "id": 125,
        "category": "station",
        "value": 1.53
      }
    },
    {
      "type": "Feature",
      "geometry": {
        "type": "Point",
        "coordinates": [
          83.90894,
          8.67835
        ]
      },
      "properties": {
        "id": 126,
        "category": "poi",
        "value": 18.95
      }
    },
    {
      "type": "Feature",
      "geometry": {
        "type": "Point",
        "coordinates": [
          -9.08617,
          73.88928
        ]
      },
      "properties": {
        "id": 127,
        "category": "node",
        "value": 10.63
      }
    },
    {
      "type": "Feature",
      "geometry": {
        "type": "Point",
        "coordinates": [
          114.81125,
          -11.52981
        ]
      },
      "properties": {
        "id": 128,
        "category": "sensor",
        "value": 49.5
      }
    },
    {
      "type": "Feature",
      "geometry": {
        "type": "Point",
        "coordinates": [
          120.46102,
          -18.17537
        ]
      },
      "properties": {
        "id": 129,
        "category": "station",
        "value": 50.67
      }
    },
    {
      "type": "Feature",
      "geometry": {
        "type": "Point",
        "coordinates": [
          67.58702,
          82.01489
        ]
      },
      "properties": {
        "id": 130,
        "category": "poi",
        "value": 34.27
      }
    },
    {
      "type": "Feature",
      "geometry": {
        "type": "Point",
        "coordinates": [
          119.62316,
          35.14332
        ]
      },
      "properties": {
        "id": 131,
        "category": "node",
        "value": 63.6
      }
    },
    {
      "type": "Feature",
      "geometry": {
        "type": "Point",
        "coordinates": [
          -34.30882,
          -25.91613
        ]
      },
      "properties": {
        "id": 132,
        "category": "sensor",
        "value": 5.44
      }
    },
    {
      "type": "Feature",
      "geometry": {
        "type": "Point",
        "coordinates": [
          -133.26531,
          -72.97712
        ]
      },
      "properties": {
        "id": 133,
        "category": "station",
        "value": 74.09
      }
    },
    {
      "type": "Feature",
      "geometry": {
        "type": "Point",
        "coordinates": [
          -87.9862,
          -57.24809
        ]
      },
      "properties": {
        "id": 134,
        "category": "poi",
        "value": 8.45
      }
    },
    {
      "type": "Feature",
      "geometry": {
        "type": "Point",
        "coordinates": [
          122.85683,
          62.99143
        ]
      },
      "properties": {
        "id": 135,
        "category": "node",
        "value": 67.05
      }
    },
    {
      "type": "Feature",
      "geometry": {
        "type": "Point",
        "coordinates": [
          -78.50402,
          -43.8238
        ]
      },
      "properties": {
        "id": 136,
        "category": "sensor",
        "value": 29.31
      }
    },
    {
      "type": "Feature",
      "geometry": {
        "type": "Point",
        "coordinates": [
          -14.59694,
          -58.2194
        ]
      },
      "properties": {
        "id": 137,
        "category": "station",
        "value": 44.58
      }
    },
    {
      "type": "Feature",
      "geometry": {
        "type": "Point",
        "coordinates": [
          -85.2325,
          78.50371
        ]
      },
      "properties": {
        "id": 138,
        "category": "poi",
        "value": 97.26
      }
    },
    {
      "type": "Feature",
      "geometry": {
        "type": "Point",
        "coordinates": [
          16.94641,
          -43.4441
        ]
      },
      "properties": {
        "id": 139,
        "category": "node",
        "value": 96.57
      }
    },
    {
      "type": "Feature",
      "geometry": {
        "type": "Point",
        "coordinates": [
          -68.56275,
          -24.38073
        ]
      },
      "properties": {
        "id": 140,
        "category": "sensor",
        "value": 0.11
      }
    },
    {
      "type": "Feature",
      "geometry": {
        "type": "Point",
        "coordinates": [
          -42.61442,
          -4.31058
        ]
      },
      "properties": {
        "id": 141,
        "category": "station",
        "value": 50.28
      }
    },
    {
      "type": "Feature",
      "geometry": {
        "type": "Point",
        "coordinates": [
          -107.64718,
          0.80506
        ]
      },
      "properties": {
        "id": 142,
        "category": "poi",
        "value": 0.5
      }
    },
    {
      "type": "Feature",
      "geometry": {
        "type": "Point",
        "coordinates": [
          -84.89927,
          -69.74192
        ]
      },
      "properties": {
        "id": 143,
        "category": "node",
        "value": 39.95
      }
    },
    {
      "type": "Feature",
      "geometry": {
        "type": "Point",
        "coordinates": [
          -164.9999,
          -81.176
        ]
      },
      "properties": {
        "id": 144,
        "category": "sensor",
        "value": 30.42
      }
    },
    {
      "type": "Feature",
      "geometry": {
        "type": "Point",
        "coordinates": [
          -96.18856,
          14.54916
        ]
      },
      "properties": {
        "id": 145,
        "category": "station",
        "value": 52.92
      }
    },
    {
      "type": "Feature",
      "geometry": {
        "type": "Point",
        "coordinates": [
          90.19463,
          26.78242
        ]
      },
      "properties": {
        "id": 146,
        "category": "poi",
        "value": 71.6
      }
    },
    {
      "type": "Feature",
      "geometry": {
        "type": "Point",
        "coordinates": [
          136.47265,
          -18.7822
        ]
      },
      "properties": {
        "id": 147,
        "category": "node",
        "value": 32.61
      }
    },
    {
      "type": "Feature",
      "geometry": {
        "type": "Point",
        "coordinates": [
          174.50247,
          -59.59126
        ]
      },
      "properties": {
        "id": 148,
        "category": "sensor",
        "value": 72.42
      }
    },
    {
      "type": "Feature",
      "geometry": {
        "type": "Point",
        "coordinates": [
          51.559,
          -77.55603
        ]
      },
      "properties": {
        "id": 149,
        "category": "station",
        "value": 83.53
      }
    },
    {
      "type": "Feature",
      "geometry": {
        "type": "Point",
        "coordinates": [
          141.09925,
          21.64646
        ]
      },
      "properties": {
        "id": 150,
        "category": "poi",
        "value": 73.39
      }
    },
    {
      "type": "Feature",
      "geometry": {
        "type": "Point",
        "coordinates": [
          112.39881,
          -61.31771
        ]
      },
      "properties": {
        "id": 151,
        "category": "node",
        "value": 52.38
      }
    },
    {
      "type": "Feature",
      "geometry": {
        "type": "Point",
        "coordinates": [
          1.57358,
          56.93939
        ]
      },
      "properties": {
        "id": 152,
        "category": "sensor",
        "value": 80.47
      }
    },
    {
      "type": "Feature",
      "geometry": {
        "type": "Point",
        "coordinates": [
          117.50728,
          14.29046
        ]
      },
      "properties": {
        "id": 153,
        "category": "station",
        "value": 89.28
      }
    },
    {
      "type": "Feature",
      "geometry": {
        "type": "Point",
        "coordinates": [
          65.84233,
          32.86544
        ]
      },
      "properties": {
        "id": 154,
        "category": "poi",
        "value": 22.99
      }
    },
    {
      "type": "Feature",
      "geometry": {
        "type": "Point",
        "coordinates": [
          -168.78221,
          -62.37416
        ]
      },
      "properties": {
        "id": 155,
        "category": "node",
        "value": 36.07
      }
    },
    {
      "type": "Feature",
      "geometry": {
        "type": "Point",
        "coordinates": [
          -142.23007,
          57.0896
        ]
      },
      "properties": {
        "id": 156,
        "category": "sensor",
        "value": 55.85
      }
    },
    {
      "type": "Feature",
      "geometry": {
        "type": "Point",
        "coordinates": [
          45.99616,
          21.4585
        ]
      },
      "properties": {
        "id": 157,
        "category": "station",
        "value": 68.07
      }
    },
    {
      "type": "Feature",
      "geometry": {
        "type": "Point",
        "coordinates": [
          -3.85405,
          -84.43656
        ]
      },
      "properties": {
        "id": 158,
        "category": "poi",
        "value": 79.77
      }
    },
    {
      "type": "Feature",
      "geometry": {
        "type": "Point",
        "coordinates": [
          89.37553,
          0.50508
        ]
      },
      "properties": {
        "id": 159,
        "category": "node",
        "value": 53.52
      }
    },
    {
      "type": "Feature",
      "geometry": {
        "type": "Point",
        "coordinates": [
          57.34782,
          -73.77144
        ]
      },
      "properties": {
        "id": 160,
        "category": "sensor",
        "value": 73.68
      }
    },
    {
      "type": "Feature",
      "geometry": {
        "type": "Point",
        "coordinates": [
          -89.21033,
          -72.3435
        ]
      },
      "properties": {
        "id": 161,
        "category": "station",
        "value": 26.56
      }
    },
    {
      "type": "Feature",
      "geometry": {
        "type": "Point",
        "coordinates": [
          82.56061,
          -50.11302
        ]
      },
      "properties": {
        "id": 162,
        "category": "poi",
        "value": 73.98
      }
    },
    {
      "type": "Feature",
      "geometry": {
        "type": "Point",
        "coordinates": [
          171.26463,
          -1.02871
        ]
      },
      "properties": {
        "id": 163,
        "category": "node",
        "value": 38.26
      }
    },
    {
      "type": "Feature",
      "geometry": {
        "type": "Point",
        "coordinates": [
          -7.55634,
          31.22842
        ]
      },
      "properties": {
        "id": 164,
        "category": "sensor",
        "value": 76.7
      }
    },
    {
      "type": "Feature",
      "geometry": {
        "type": "Point",
        "coordinates": [
          42.11065,
          24.26971
        ]
      },
      "properties": {
        "id": 165,
        "category": "station",
        "value": 7.75
      }
    },
    {
      "type": "Feature",
      "geometry": {
        "type": "Point",
        "coordinates": [
          -126.92697,
          -41.83015
        ]
      },
      "properties": {
        "id": 166,
        "category": "poi",
        "value": 74.32
      }
    },
    {
      "type": "Feature",
      "geometry": {
        "type": "Point",
        "coordinates": [
          -70.40983,
          11.51949
        ]
      },
      "properties": {
        "id": 167,
        "category": "node",
        "value": 1.25
      }
    },
    {
      "type": "Feature",
      "geometry": {
        "type": "Point",
        "coordinates": [
          -158.16203,
          -39.30863
        ]
      },
      "properties": {
        "id": 168,
        "category": "sensor",
        "value": 67.2
      }
    },
    {
      "type": "Feature",
      "geometry": {
        "type": "Point",
        "coordinates": [
          69.18666,
          29.8703
        ]
      },
      "properties": {
        "id": 169,
        "category": "station",
        "value": 29.09
      }
    },
    {
      "type": "Feature",
      "geometry": {
        "type": "Point",
        "coordinates": [
          5.95285,
          -6.00731
        ]
      },
      "properties": {
        "id": 170,
        "category": "poi",
        "value": 46.63
      }
    },
    {
      "type": "Feature",
      "geometry": {
        "type": "Point",
        "coordinates": [
          -137.33897,
          66.9227
        ]
      },
      "properties": {
        "id": 171,
        "category": "node",
        "value": 19.93
      }
    },
    {
      "type": "Feature",
      "geometry": {
        "type": "Point",
        "coordinates": [
          172.12527,
          74.16324
        ]
      },
      "properties": {
        "id": 172,
        "category": "sensor",
        "value": 1.75
      }
    },
    {
      "type": "Feature",
      "geometry": {
        "type": "Point",
        "coordinates": [
          -14.7705,
          54.38261
        ]
      },
      "properties": {
        "id": 173,
        "category": "station",
        "value": 96.81
      }
    },
    {
      "type": "Feature",
      "geometry": {
        "type": "Point",
        "coordinates": [
          -18.19765,
          -39.32827
        ]
      },
      "properties": {
        "id": 174,
        "category": "poi",
        "value": 20.98
      }
    },
    {
      "type": "Feature",
      "geometry": {
        "type": "Point",
        "coordinates": [
          160.41142,
          -49.1795
        ]
      },
      "properties": {
        "id": 175,
        "category": "node",
        "value": 58.15
      }
    },
    {
      "type": "Feature",
      "geometry": {
        "type": "Point",
        "coordinates": [
          -128.97336,
          4.09117
        ]
      },
      "properties": {
        "id": 176,
        "category": "sensor",
        "value": 95.27
      }
    },
    {
      "type": "Feature",
      "geometry": {
        "type": "Point",
        "coordinates": [
          -132.26217,
          54.43689
        ]
      },
      "properties": {
        "id": 177,
        "category": "station",
        "value": 50.87
      }
    },
    {
      "type": "Feature",
      "geometry": {
        "type": "Point",
        "coordinates": [
          139.27038,
          34.5673
        ]
      },
      "properties": {
        "id": 178,
        "category": "poi",
        "value": 23.14
      }
    },
    {
      "type": "Feature",
      "geometry": {
        "type": "Point",
        "coordinates": [
          143.17405,
          -2.35609
        ]
      },
      "properties": {
        "id": 179,
        "category": "node",
        "value": 2.48
      }
    },
    {
      "type": "Feature",
      "geometry": {
        "type": "Point",
        "coordinates": [
          -178.70743,
          -1.41166
        ]
      },
      "properties": {
        "id": 180,
        "category": "sensor",
        "value": 45.08
      }
    },
    {
      "type": "Feature",
      "geometry": {
        "type": "Point",
        "coordinates": [
          -71.29763,
          -61.07977
        ]
      },
      "properties": {
        "id": 181,
        "category": "station",
        "value": 34.4
      }
    },
    {
      "type": "Feature",
      "geometry": {
        "type": "Point",
        "coordinates": [
          -66.2119,
          57.83928
        ]
      },
      "properties": {
        "id": 182,
        "category": "poi",
        "value": 0.17
      }
    },
    {
      "type": "Feature",
      "geometry": {
        "type": "Point",
        "coordinates": [
          90.26425,
          57.64884
        ]
      },
      "properties": {
        "id": 183,
        "category": "node",
        "value": 12.0
      }
    },
    {
      "type": "Feature",
      "geometry": {
        "type": "Point",
        "coordinates": [
          153.50359,
          36.21401
        ]
      },
      "properties": {
        "id": 184,
        "category": "sensor",
        "value": 90.16
      }
    },
    {
      "type": "Feature",
      "geometry": {
        "type": "Point",
        "coordinates": [
          -75.66013,
          -21.72226
        ]
      },
      "properties": {
        "id": 185,
        "category": "station",
        "value": 39.29
      }
    },
    {
      "type": "Feature",
      "geometry": {
        "type": "Point",
        "coordinates": [
          179.5653,
          15.16003
        ]
      },
      "properties": {
        "id": 186,
        "category": "poi",
        "value": 36.07
      }
    },
    {
      "type": "Feature",
      "geometry": {
        "type": "Point",
        "coordinates": [
          -25.90101,
          -38.22361
        ]
      },
      "properties": {
        "id": 187,
        "category": "node",
        "value": 4.83
      }
    },
    {
      "type": "Feature",
      "geometry": {
        "type": "Point",
        "coordinates": [
          -143.38445,
          56.89492
        ]
      },
      "properties": {
        "id": 188,
        "category": "sensor",
        "value": 28.56
      }
    },
    {
      "type": "Feature",
      "geometry": {
        "type": "Point",
        "coordinates": [
          156.81236,
          -42.6148
        ]
      },
      "properties": {
        "id": 189,
        "category": "station",
        "value": 26.57
      }
    },
    {
      "type": "Feature",
      "geometry": {
        "type": "Point",
        "coordinates": [
          3.94668,
          -52.72566
        ]
      },
      "properties": {
        "id": 190,
        "category": "poi",
        "value": 37.33
      }
    },
    {
      "type": "Feature",
      "geometry": {
        "type": "Point",
        "coordinates": [
          164.2195,
          65.32531
        ]
      },
      "properties": {
        "id": 191,
        "category": "node",
        "value": 81.2
      }
    },
    {
      "type": "Feature",
      "geometry": {
        "type": "Point",
        "coordinates": [
          47.12249,
          70.28206
        ]
      },
      "properties": {
        "id": 192,
        "category": "sensor",
        "value": 94.07
      }
    },
    {
      "type": "Feature",
      "geometry": {
        "type": "Point",
        "coordinates": [
          17.72213,
          37.32734
        ]
      },
      "properties": {
        "id": 193,
        "category": "station",
        "value": 4.95
      }
    },
    {
      "type": "Feature",
      "geometry": {
        "type": "Point",
        "coordinates": [
          83.64689,
          -8.35373
        ]
      },
      "properties": {
        "id": 194,
        "category": "poi",
        "value": 75.27
      }
    },
    {
      "type": "Feature",
      "geometry": {
        "type": "Point",
        "coordinates": [
          52.01666,
          -36.34459
        ]
      },
      "properties": {
        "id": 195,
        "category": "node",
        "value": 4.9
      }
    },
    {
      "type": "Feature",
      "geometry": {
        "type": "Point",
        "coordinates": [
          153.63974,
          -63.35708
        ]
      },
      "properties": {
        "id": 196,
        "category": "sensor",
        "value": 47.22
      }
    },
    {
      "type": "Feature",
      "geometry": {
        "type": "Point",
        "coordinates": [
          -56.28137,
          -34.37878
        ]
      },
      "properties": {
        "id": 197,
        "category": "station",
        "value": 73.9
      }
    },
    {
      "type": "Feature",
      "geometry": {
        "type": "Point",
        "coordinates": [
          171.46662,
          -40.77126
        ]
      },
      "properties": {
        "id": 198,
        "category": "poi",
        "value": 65.6
      }
    },
    {
      "type": "Feature",
      "geometry": {
        "type": "Point",
        "coordinates": [
          -71.69894,
          9.74469
        ]
      },
      "properties": {
        "id": 199,
        "category": "node",
        "value": 39.44
      }
    },
    {
      "type": "Feature",
      "geometry": {
        "type": "Point",
        "coordinates": [
          -119.76031,
          -57.51832
        ]
      },
      "properties": {
        "id": 200,
        "category": "sensor",
        "value": 20.79
      }
    },
    {
      "type": "Feature",
      "geometry": {
        "type": "Point",
        "coordinates": [
          146.14557,
          -0.49712
        ]
      },
      "properties": {
        "id": 201,
        "category": "station",
        "value": 22.0
      }
    },
    {
      "type": "Feature",
      "geometry": {
        "type": "Point",
        "coordinates": [
          146.25338,
          84.40077
        ]
      },
      "properties": {
        "id": 202,
        "category": "poi",
        "value": 45.0
      }
    },
    {
      "type": "Feature",
      "geometry": {
        "type": "Point",
        "coordinates": [
          -129.74542,
          -52.29079
        ]
      },
      "properties": {
        "id": 203,
        "category": "node",
        "value": 9.07
      }
    },
    {
      "type": "Feature",
      "geometry": {
        "type": "Point",
        "coordinates": [
          -56.89612,
          -69.51396
        ]
      },
      "properties": {
        "id": 204,
        "category": "sensor",
        "value": 23.91
      }
    },
    {
      "type": "Feature",
      "geometry": {
        "type": "Point",
        "coordinates": [
          -86.99128,
          11.83502
        ]
      },
      "properties": {
        "id": 205,
        "category": "station",
        "value": 88.73
      }
    },
    {
      "type": "Feature",
      "geometry": {
        "type": "Point",
        "coordinates": [
          89.87674,
          -14.82712
        ]
      },
      "properties": {
        "id": 206,
        "category": "poi",
        "value": 41.39
      }
    },
    {
      "type": "Feature",
      "geometry": {
        "type": "Point",
        "coordinates": [
          8.70053,
          -20.93281
        ]
      },
      "properties": {
        "id": 207,
        "category": "node",
        "value": 33.82
      }
    },
    {
      "type": "Feature",
      "geometry": {
        "type": "Point",
        "coordinates": [
          -157.65857,
          -37.82222
        ]
      },
      "properties": {
        "id": 208,
        "category": "sensor",
        "value": 96.77
      }
    },
    {
      "type": "Feature",
      "geometry": {
        "type": "Point",
        "coordinates": [
          -134.68543,
          0.57728
        ]
      },
      "properties": {
        "id": 209,
        "category": "station",
        "value": 62.96
      }
    },
    {
      "type": "Feature",
      "geometry": {
        "type": "Point",
        "coordinates": [
          130.63009,
          -48.28627
        ]
      },
      "properties": {
        "id": 210,
        "category": "poi",
        "value": 27.1
      }
    },
    {
      "type": "Feature",
      "geometry": {
        "type": "Point",
        "coordinates": [
          -90.55669,
          -17.04129
        ]
      },
      "properties": {
        "id": 211,
        "category": "node",
        "value": 44.59
      }
    },
    {
      "type": "Feature",
      "geometry": {
        "type": "Point",
        "coordinates": [
          163.41969,
          59.27622
        ]
      },
      "properties": {
        "id": 212,
        "category": "sensor",
        "value": 87.29
      }
    },
    {
      "type": "Feature",
      "geometry": {
        "type": "Point",
        "coordinates": [
          -172.14822,
          -79.51861
        ]
      },
      "properties": {
        "id": 213,
        "category": "station",
        "value": 70.95
      }
    },
    {
      "type": "Feature",
      "geometry": {
        "type": "Point",
        "coordinates": [
          142.45075,
          -4.54439
        ]
      },
      "properties": {
        "id": 214,
        "category": "poi",
        "value": 58.72
      }
    },
    {
      "type": "Feature",
      "geometry": {
        "type": "Point",
        "coordinates": [
          -179.93567,
          -18.44141
        ]
      },
      "properties": {
        "id": 215,
        "category": "node",
        "value": 92.68
      }
    },
    {
      "type": "Feature",
      "geometry": {
        "type": "Point",
        "coordinates": [
          117.21211,
          60.42865
        ]
      },
      "properties": {
        "id": 216,
        "category": "sensor",
        "value": 97.22
      }
    },
    {
      "type": "Feature",
      "geometry": {
        "type": "Point",
        "coordinates": [
          -90.5525,
          -66.46218
        ]
      },
      "properties": {
        "id": 217,
        "category": "station",
        "value": 15.44
      }
    },
    {
      "type": "Feature",
      "geometry": {
        "type": "Point",
        "coordinates": [
          8.05162,
          30.95276
        ]
      },
      "properties": {
        "id": 218,
        "category": "poi",
        "value": 94.15
      }
    },
    {
      "type": "Feature",
      "geometry": {
        "type": "Point",
        "coordinates": [
          79.8247,
          25.04918
        ]
      },
      "properties": {
        "id": 219,
        "category": "node",
        "value": 76.48
      }
    },
    {
      "type": "Feature",
      "geometry": {
        "type": "Point",
        "coordinates": [
          -15.36298,
          8.75516
        ]
      },
      "properties": {
        "id": 220,
        "category": "sensor",
        "value": 3.95
      }
    },
    {
      "type": "Feature",
      "geometry": {
        "type": "Point",
        "coordinates": [
          101.6275,
          -45.46194
        ]
      },
      "properties": {
        "id": 221,
        "category": "station",
        "value": 91.99
      }
    },
    {
      "type": "Feature",
      "geometry": {
        "type": "Point",
        "coordinates": [
          52.38208,
          -33.35702
        ]
      },
      "properties": {
        "id": 222,
        "category": "poi",
        "value": 12.8
      }
    },
    {
      "type": "Feature",
      "geometry": {
        "type": "Point",
        "coordinates": [
          -89.35418,
          23.16949
        ]
      },
      "properties": {
        "id": 223,
        "category": "node",
        "value": 69.86
      }
    },
    {
      "type": "Feature",
      "geometry": {
        "type": "Point",
        "coordinates": [
          -139.63223,
          -73.04018
        ]
      },
      "properties": {
        "id": 224,
        "category": "sensor",
        "value": 52.44
      }
    },
    {
      "type": "Feature",
      "geometry": {
        "type": "Point",
        "coordinates": [
          29.84075,
          -19.02607
        ]
      },
      "properties": {
        "id": 225,
        "category": "station",
        "value": 22.36
      }
    },
    {
      "type": "Feature",
      "geometry": {
        "type": "Point",
        "coordinates": [
          36.38192,
          -83.22152
        ]
      },
      "properties": {
        "id": 226,
        "category": "poi",
        "value": 30.15
      }
    },
    {
      "type": "Feature",
      "geometry": {
        "type": "Point",
        "coordinates": [
          -14.15137,
          78.0198
        ]
      },
      "properties": {
        "id": 227,
        "category": "node",
        "value": 64.46
      }
    },
    {
      "type": "Feature",
      "geometry": {
        "type": "Point",
        "coordinates": [
          138.15865,
          -4.19828
        ]
      },
      "properties": {
        "id": 228,
        "category": "sensor",
        "value": 23.48
      }
    },
    {
      "type": "Feature",
      "geometry": {
        "type": "Point",
        "coordinates": [
          -91.05898,
          78.30442
        ]
      },
      "properties": {
        "id": 229,
        "category": "station",
        "value": 70.47
      }
    },
    {
      "type": "Feature",
      "geometry": {
        "type": "Point",
        "coordinates": [
          -69.33678,
          -81.29614
        ]
      },
      "properties": {
        "id": 230,
        "category": "poi",
        "value": 49.83
      }
    },
    {
      "type": "Feature",
      "geometry": {
        "type": "Point",
        "coordinates": [
          62.80677,
          -13.5973
        ]
      },
      "properties": {
        "id": 231,
        "category": "node",
        "value": 25.73
      }
    },
    {
      "type": "Feature",
      "geometry": {
        "type": "Point",
        "coordinates": [
          60.24782,
          72.27734
        ]
      },
      "properties": {
        "id": 232,
        "category": "sensor",
        "value": 22.68
      }
    },
    {
      "type": "Feature",
      "geometry": {
        "type": "Point",
        "coordinates": [
          -167.72493,
          -27.53123
        ]
      },
      "properties": {
        "id": 233,
        "category": "station",
        "value": 42.06
      }
    },
    {
      "type": "Feature",
      "geometry": {
        "type": "Point",
        "coordinates": [
          65.72401,
          -51.32646
        ]
      },
      "properties": {
        "id": 234,
        "category": "poi",
        "value": 79.71
      }
    },
    {
      "type": "Feature",
      "geometry": {
        "type": "Point",
        "coordinates": [
          86.08652,
          0.82933
        ]
      },
      "properties": {
        "id": 235,
        "category": "node",
        "value": 20.52
      }
    },
    {
      "type": "Feature",
      "geometry": {
        "type": "Point",
        "coordinates": [
          169.14914,
          -32.00832
        ]
      },
      "properties": {
        "id": 236,
        "category": "sensor",
        "value": 82.0
      }
    },
    {
      "type": "Feature",
      "geometry": {
        "type": "Point",
        "coordinates": [
          -96.90883,
          -47.35472
        ]
      },
      "properties": {
        "id": 237,
        "category": "station",
        "value": 76.05
      }
    },
    {
      "type": "Feature",
      "geometry": {
        "type": "Point",
        "coordinates": [
          -73.82417,
          76.82757
        ]
      },
      "properties": {
        "id": 238,
        "category": "poi",
        "value": 49.58
      }
    },
    {
      "type": "Feature",
      "geometry": {
        "type": "Point",
        "coordinates": [
          -112.56724,
          -47.0349
        ]
      },
      "properties": {
        "id": 239,
        "category": "node",
        "value": 41.7
      }
    },
    {
      "type": "Feature",
      "geometry": {
        "type": "Point",
        "coordinates": [
          59.50593,
          76.28942
        ]
      },
      "properties": {
        "id": 240,
        "category": "sensor",
        "value": 14.64
      }
    },
    {
      "type": "Feature",
      "geometry": {
        "type": "Point",
        "coordinates": [
          -38.35441,
          -48.79866
        ]
      },
      "properties": {
        "id": 241,
        "category": "station",
        "value": 97.41
      }
    },
    {
      "type": "Feature",
      "geometry": {
        "type": "Point",
        "coordinates": [
          -128.91201,
          -76.18711
        ]
      },
      "properties": {
        "id": 242,
        "category": "poi",
        "value": 6.01
      }
    },
    {
      "type": "Feature",
      "geometry": {
        "type": "Point",
        "coordinates": [
          -38.40419,
          67.68846
        ]
      },
      "properties": {
        "id": 243,
        "category": "node",
        "value": 88.36
      }
    },
    {
      "type": "Feature",
      "geometry": {
        "type": "Point",
        "coordinates": [
          83.78056,
          84.58007
        ]
      },
      "properties": {
        "id": 244,
        "category": "sensor",
        "value": 93.16
      }
    },
    {
      "type": "Feature",
      "geometry": {
        "type": "Point",
        "coordinates": [
          -61.47261,
          -53.46293
        ]
      },
      "properties": {
        "id": 245,
        "category": "station",
        "value": 93.59
      }
    },
    {
      "type": "Feature",
      "geometry": {
        "type": "Point",
        "coordinates": [
          88.67104,
          -79.57807
        ]
      },
      "properties": {
        "id": 246,
        "category": "poi",
        "value": 66.44
      }
    },
    {
      "type": "Feature",
      "geometry": {
        "type": "Point",
        "coordinates": [
          -43.69701,
          -21.43978
        ]
      },
      "properties": {
        "id": 247,
        "category": "node",
        "value": 33.17
      }
    },
    {
      "type": "Feature",
      "geometry": {
        "type": "Point",
        "coordinates": [
          -119.06606,
          -84.51198
        ]
      },
      "properties": {
        "id": 248,
        "category": "sensor",
        "value": 27.98
      }
    },
    {
      "type": "Feature",
      "geometry": {
        "type": "Point",
        "coordinates": [
          -53.47193,
          77.43752
        ]
      },
      "properties": {
        "id": 249,
        "category": "station",
        "value": 12.37
      }
    },
    {
      "type": "Feature",
      "geometry": {
        "type": "Point",
        "coordinates": [
          167.13764,
          -49.74159
        ]
      },
      "properties": {
        "id": 250,
        "category": "poi",
        "value": 35.66
      }
    },
    {
      "type": "Feature",
      "geometry": {
        "type": "Point",
        "coordinates": [
          115.7665,
          54.74136
        ]
      },
      "properties": {
        "id": 251,
        "category": "node",
        "value": 43.24
      }
    },
    {
      "type": "Feature",
      "geometry": {
        "type": "Point",
        "coordinates": [
          -162.26736,
          -4.51111
        ]
      },
      "properties": {
        "id": 252,
        "category": "sensor",
        "value": 37.27
      }
    },
    {
      "type": "Feature",
      "geometry": {
        "type": "Point",
        "coordinates": [
          151.02231,
          -52.18555
        ]
      },
      "properties": {
        "id": 253,
        "category": "station",
        "value": 36.42
      }
    },
    {
      "type": "Feature",
      "geometry": {
        "type": "Point",
        "coordinates": [
          142.91761,
          -79.85205
        ]
      },
      "properties": {
        "id": 254,
        "category": "poi",
        "value": 41.08
      }
    },
    {
      "type": "Feature",
      "geometry": {
        "type": "Point",
        "coordinates": [
          112.25683,
          45.33356
        ]
      },
      "properties": {
        "id": 255,
        "category": "node",
        "value": 4.06
      }
    },
    {
      "type": "Feature",
      "geometry": {
        "type": "Point",
        "coordinates": [
          -167.45242,
          -74.36141
        ]
      },
      "properties": {
        "id": 256,
        "category": "sensor",
        "value": 92.01
      }
    },
    {
      "type": "Feature",
      "geometry": {
        "type": "Point",
        "coordinates": [
          -87.47426,
          42.03876
        ]
      },
      "properties": {
        "id": 257,
        "category": "station",
        "value": 89.86
      }
    },
    {
      "type": "Feature",
      "geometry": {
        "type": "Point",
        "coordinates": [
          -57.93497,
          -38.70651
        ]
      },
      "properties": {
        "id": 258,
        "category": "poi",
        "value": 95.77
      }
    },
    {
      "type": "Feature",
      "geometry": {
        "type": "Point",
        "coordinates": [
          42.11225,
          -40.43068
        ]
      },
      "properties": {
        "id": 259,
        "category": "node",
        "value": 71.66
      }
    },
    {
      "type": "Feature",
      "geometry": {
        "type": "Point",
        "coordinates": [
          -66.06589,
          -38.14284
        ]
      },
      "properties": {
        "id": 260,
        "category": "sensor",
        "value": 0.38
      }
    },
    {
      "type": "Feature",
      "geometry": {
        "type": "Point",
        "coordinates": [
          92.03485,
          70.79813
        ]
      },
      "properties": {
        "id": 261,
        "category": "station",
        "value": 63.4
      }
    },
    {
      "type": "Feature",
      "geometry": {
        "type": "Point",
        "coordinates": [
          159.57005,
          -80.87636
        ]
      },
      "properties": {
        "id": 262,
        "category": "poi",
        "value": 23.39
      }
    },
    {
      "type": "Feature",
      "geometry": {
        "type": "Point",
        "coordinates": [
          -8.93194,
          77.6522
        ]
      },
      "properties": {
        "id": 263,
        "category": "node",
        "value": 95.39
      }
    },
    {
      "type": "Feature",
      "geometry": {
        "type": "Point",
        "coordinates": [
          -40.85468,
          -42.32204
        ]
      },
      "properties": {
        "id": 264,
        "category": "sensor",
        "value": 42.99
      }
    },
    {
      "type": "Feature",
      "geometry": {
        "type": "Point",
        "coordinates": [
          -2.34942,
          72.7769
        ]
      },
      "properties": {
        "id": 265,
        "category": "station",
        "value": 18.29
      }
    },
    {
      "type": "Feature",
      "geometry": {
        "type": "Point",
        "coordinates": [
          108.9246,
          40.54296
        ]
      },
      "properties": {
        "id": 266,
        "category": "poi",
        "value": 82.28
      }
    },
    {
      "type": "Feature",
      "geometry": {
        "type": "Point",
        "coordinates": [
          98.21138,
          18.23322
        ]
      },
      "properties": {
        "id": 267,
        "category": "node",
        "value": 32.78
      }
    },
    {
      "type": "Feature",
      "geometry": {
        "type": "Point",
        "coordinates": [
          -64.96244,
          -23.48407
        ]
      },
      "properties": {
        "id": 268,
        "category": "sensor",
        "value": 78.22
      }
    },
    {
      "type": "Feature",
      "geometry": {
        "type": "Point",
        "coordinates": [
          -151.55465,
          -51.457
        ]
      },
      "properties": {
        "id": 269,
        "category": "station",
        "value": 75.29
      }
    },
    {
      "type": "Feature",
      "geometry": {
        "type": "Point",
        "coordinates": [
          -90.9693,
          -73.99539
        ]
      },
      "properties": {
        "id": 270,
        "category": "poi",
        "value": 3.39
      }
    },
    {
      "type": "Feature",
      "geometry": {
        "type": "Point",
        "coordinates": [
          18.93407,
          -29.62108
        ]
      },
      "properties": {
        "id": 271,
        "category": "node",
        "value": 98.03
      }
    },
    {
      "type": "Feature",
      "geometry": {
        "type": "Point",
        "coordinates": [
          138.05087,
          82.93005
        ]
      },
      "properties": {
        "id": 272,
        "category": "sensor",
        "value": 26.49
      }
    },
    {
      "type": "Feature",
      "geometry": {
        "type": "Point",
        "coordinates": [
          -149.73026,
          -68.60816
        ]
      },
      "properties": {
        "id": 273,
        "category": "station",
        "value": 49.85
      }
    },
    {
      "type": "Feature",
      "geometry": {
        "type": "Point",
        "coordinates": [
          75.51762,
          -9.01627
        ]
      },
      "properties": {
        "id": 274,
        "category": "poi",
        "value": 23.42
      }
    },
    {
      "type": "Feature",
      "geometry": {
        "type": "Point",
        "coordinates": [
          -29.93737,
          20.4523
        ]
      },
      "properties": {
        "id": 275,
        "category": "node",
        "value": 67.41
      }
    },
    {
      "type": "Feature",
      "geometry": {
        "type": "Point",
        "coordinates": [
          89.27174,
          58.9878
        ]
      },
      "properties": {
        "id": 276,
        "category": "sensor",
        "value": 66.44
      }
    },
    {
      "type": "Feature",
      "geometry": {
        "type": "Point",
        "coordinates": [
          -136.38069,
          57.9481
        ]
      },
      "properties": {
        "id": 277,
        "category": "station",
        "value": 29.38
      }
    },
    {
      "type": "Feature",
      "geometry": {
        "type": "Point",
        "coordinates": [
          24.07831,
          -21.59492
        ]
      },
      "properties": {
        "id": 278,
        "category": "poi",
        "value": 73.81
      }
    },
    {
      "type": "Feature",
      "geometry": {
        "type": "Point",
        "coordinates": [
          -108.29157,
          -42.93705
        ]
      },
      "properties": {
        "id": 279,
        "category": "node",
        "value": 24.53
      }
    },
    {
      "type": "Feature",
      "geometry": {
        "type": "Point",
        "coordinates": [
          -124.80401,
          65.30853
        ]
      },
      "properties": {
        "id": 280,
        "category": "sensor",
        "value": 57.83
      }
    },
    {
      "type": "Feature",
      "geometry": {
        "type": "Point",
        "coordinates": [
          -62.51835,
          -17.66817
        ]
      },
      "properties": {
        "id": 281,
        "category": "station",
        "value": 99.24
      }
    },
    {
      "type": "Feature",
      "geometry": {
        "type": "Point",
        "coordinates": [
          2.63682,
          -45.66524
        ]
      },
      "properties": {
        "id": 282,
        "category": "poi",
        "value": 80.84
      }
    },
    {
      "type": "Feature",
      "geometry": {
        "type": "Point",
        "coordinates": [
          55.19756,
          83.46246
        ]
      },
      "properties": {
        "id": 283,
        "category": "node",
        "value": 10.23
      }
    },
    {
      "type": "Feature",
      "geometry": {
        "type": "Point",
        "coordinates": [
          -9.08541,
          54.24746
        ]
      },
      "properties": {
        "id": 284,
        "category": "sensor",
        "value": 84.06
      }
    },
    {
      "type": "Feature",
      "geometry": {
        "type": "Point",
        "coordinates": [
          149.1752,
          -78.13848
        ]
      },
      "properties": {
        "id": 285,
        "category": "station",
        "value": 29.37
      }
    },
    {
      "type": "Feature",
      "geometry": {
        "type": "Point",
        "coordinates": [
          -137.08201,
          -52.77256
        ]
      },
      "properties": {
        "id": 286,
        "category": "poi",
        "value": 97.3
      }
    },
    {
      "type": "Feature",
      "geometry": {
        "type": "Point",
        "coordinates": [
          29.94976,
          73.12954
        ]
      },
      "properties": {
        "id": 287,
        "category": "node",
        "value": 37.22
      }
    },
    {
      "type": "Feature",
      "geometry": {
        "type": "Point",
        "coordinates": [
          131.80584,
          -8.65064
        ]
      },
      "properties": {
        "id": 288,
        "category": "sensor",
        "value": 25.99
      }
    },
    {
      "type": "Feature",
      "geometry": {
        "type": "Point",
        "coordinates": [
          99.99946,
          75.76935
        ]
      },
      "properties": {
        "id": 289,
        "category": "station",
        "value": 10.58
      }
    },
    {
      "type": "Feature",
      "geometry": {
        "type": "Point",
        "coordinates": [
          34.61294,
          20.39116
        ]
      },
      "properties": {
        "id": 290,
        "category": "poi",
        "value": 21.76
      }
    },
    {
      "type": "Feature",
      "geometry": {
        "type": "Point",
        "coordinates": [
          -47.26492,
          -60.96719
        ]
      },
      "properties": {
        "id": 291,
        "category": "node",
        "value": 20.4
      }
    },
    {
      "type": "Feature",
      "geometry": {
        "type": "Point",
        "coordinates": [
          -88.23108,
          16.90197
        ]
      },
      "properties": {
        "id": 292,
        "category": "sensor",
        "value": 65.16
      }
    },
    {
      "type": "Feature",
      "geometry": {
        "type": "Point",
        "coordinates": [
          -106.76096,
          -83.06543
        ]
      },
      "properties": {
        "id": 293,
        "category": "station",
        "value": 32.72
      }
    },
    {
      "type": "Feature",
      "geometry": {
        "type": "Point",
        "coordinates": [
          64.19511,
          -53.52533
        ]
      },
      "properties": {
        "id": 294,
        "category": "poi",
        "value": 31.22
      }
    },
    {
      "type": "Feature",
      "geometry": {
        "type": "Point",
        "coordinates": [
          -106.7732,
          50.1978
        ]
      },
      "properties": {
        "id": 295,
        "category": "node",
        "value": 54.8
      }
    },
    {
      "type": "Feature",
      "geometry": {
        "type": "Point",
        "coordinates": [
          -157.22241,
          -67.76408
        ]
      },
      "properties": {
        "id": 296,
        "category": "sensor",
        "value": 39.53
      }
    },
    {
      "type": "Feature",
      "geometry": {
        "type": "Point",
        "coordinates": [
          18.04954,
          23.66093
        ]
      },
      "properties": {
        "id": 297,
        "category": "station",
        "value": 9.12
      }
    },
    {
      "type": "Feature",
      "geometry": {
        "type": "Point",
        "coordinates": [
          -121.07185,
          33.219
        ]
      },
      "properties": {
        "id": 298,
        "category": "poi",
        "value": 40.98
      }
    },
    {
      "type": "Feature",
      "geometry": {
        "type": "Point",
        "coordinates": [
          -78.01157,
          -32.70872
        ]
      },
      "properties": {
        "id": 299,
        "category": "node",
        "value": 95.32
      }
    },
    {
      "type": "Feature",
      "geometry": {
        "type": "Point",
        "coordinates": [
          -67.54972,
          11.30841
        ]
      },
      "properties": {
        "id": 300,
        "category": "sensor",
        "value": 35.72
      }
    },
    {
      "type": "Feature",
      "geometry": {
        "type": "Point",
        "coordinates": [
          -30.07966,
          61.92188
        ]
      },
      "properties": {
        "id": 301,
        "category": "station",
        "value": 99.66
      }
    },
    {
      "type": "Feature",
      "geometry": {
        "type": "Point",
        "coordinates": [
          -49.0387,
          -51.47573
        ]
      },
      "properties": {
        "id": 302,
        "category": "poi",
        "value": 72.8
      }
    },
    {
      "type": "Feature",
      "geometry": {
        "type": "Point",
        "coordinates": [
          -106.67982,
          -84.00098
        ]
      },
      "properties": {
        "id": 303,
        "category": "node",
        "value": 90.16
      }
    },
    {
      "type": "Feature",
      "geometry": {
        "type": "Point",
        "coordinates": [
          -27.44827,
          54.46266
        ]
      },
      "properties": {
        "id": 304,
        "category": "sensor",
        "value": 40.62
      }
    },
    {
      "type": "Feature",
      "geometry": {
        "type": "Point",
        "coordinates": [
          137.82166,
          -6.64594
        ]
      },
      "properties": {
        "id": 305,
        "category": "station",
        "value": 16.25
      }
    },
    {
      "type": "Feature",
      "geometry": {
        "type": "Point",
        "coordinates": [
          -174.65963,
          8.76314
        ]
      },
      "properties": {
        "id": 306,
        "category": "poi",
        "value": 64.07
      }
    },
    {
      "type": "Feature",
      "geometry": {
        "type": "Point",
        "coordinates": [
          147.52602,
          -69.86471
        ]
      },
      "properties": {
        "id": 307,
        "category": "node",
        "value": 62.22
      }
    },
    {
      "type": "Feature",
      "geometry": {
        "type": "Point",
        "coordinates": [
          -46.4963,
          0.75872
        ]
      },
      "properties": {
        "id": 308,
        "category": "sensor",
        "value": 14.59
      }
    },
    {
      "type": "Feature",
      "geometry": {
        "type": "Point",
        "coordinates": [
          -78.0138,
          3.59701
        ]
      },
      "properties": {
        "id": 309,
        "category": "station",
        "value": 92.55
      }
    },
    {
      "type": "Feature",
      "geometry": {
        "type": "Point",
        "coordinates": [
          -140.83458,
          -1.61336
        ]
      },
      "properties": {
        "id": 310,
        "category": "poi",
        "value": 80.48
      }
    },
    {
      "type": "Feature",
      "geometry": {
        "type": "Point",
        "coordinates": [
          168.07539,
          -51.45191
        ]
      },
      "properties": {
        "id": 311,
        "category": "node",
        "value": 12.67
      }
    },
    {
      "type": "Feature",
      "geometry": {
        "type": "Point",
        "coordinates": [
          159.50726,
          80.84292
        ]
      },
      "properties": {
        "id": 312,
        "category": "sensor",
        "value": 48.27
      }
    },
    {
      "type": "Feature",
      "geometry": {
        "type": "Point",
        "coordinates": [
          -160.78516,
          72.44853
        ]
      },
      "properties": {
        "id": 313,
        "category": "station",
        "value": 38.79
      }
    },
    {
      "type": "Feature",
      "geometry": {
        "type": "Point",
        "coordinates": [
          145.5195,
          20.4583
        ]
      },
      "properties": {
        "id": 314,
        "category": "poi",
        "value": 82.46
      }
    },
    {
      "type": "Feature",
      "geometry": {
        "type": "Point",
        "coordinates": [
          -122.30059,
          48.59035
        ]
      },
      "properties": {
        "id": 315,
        "category": "node",
        "value": 22.21
      }
    },
    {
      "type": "Feature",
      "geometry": {
        "type": "Point",
        "coordinates": [
          -34.38556,
          58.87973
        ]
      },
      "properties": {
        "id": 316,
        "category": "sensor",
        "value": 82.92
      }
    },
    {
      "type": "Feature",
      "geometry": {
        "type": "Point",
        "coordinates": [
          -114.1324,
          -47.91673
        ]
      },
      "properties": {
        "id": 317,
        "category": "station",
        "value": 39.97
      }
    },
    {
      "type": "Feature",
      "geometry": {
        "type": "Point",
        "coordinates": [
          6.44131,
          -19.79202
        ]
      },
      "properties": {
        "id": 318,
        "category": "poi",
        "value": 12.31
      }
    },
    {
      "type": "Feature",
      "geometry": {
        "type": "Point",
        "coordinates": [
          -91.0588,
          38.23006
        ]
      },
      "properties": {
        "id": 319,
        "category": "node",
        "value": 89.73
      }
    },
    {
      "type": "Feature",
      "geometry": {
        "type": "Point",
        "coordinates": [
          -165.20435,
          10.59836
        ]
      },
      "properties": {
        "id": 320,
        "category": "sensor",
        "value": 75.75
      }
    },
    {
      "type": "Feature",
      "geometry": {
        "type": "Point",
        "coordinates": [
          -166.27367,
          57.49472
        ]
      },
      "properties": {
        "id": 321,
        "category": "station",
        "value": 11.77
      }
    },
    {
      "type": "Feature",
      "geometry": {
        "type": "Point",
        "coordinates": [
          35.82712,
          8.50881
        ]
      },
      "properties": {
        "id": 322,
        "category": "poi",
        "value": 62.7
      }
    },
    {
      "type": "Feature",
      "geometry": {
        "type": "Point",
        "coordinates": [
          -69.76291,
          -13.58778
        ]
      },
      "properties": {
        "id": 323,
        "category": "node",
        "value": 58.26
      }
    },
    {
      "type": "Feature",
      "geometry": {
        "type": "Point",
        "coordinates": [
          -26.73366,
          27.00326
        ]
      },
      "properties": {
        "id": 324,
        "category": "sensor",
        "value": 44.68
      }
    },
    {
      "type": "Feature",
      "geometry": {
        "type": "Point",
        "coordinates": [
          -22.19307,
          -81.0262
        ]
      },
      "properties": {
        "id": 325,
        "category": "station",
        "value": 61.89
      }
    },
    {
      "type": "Feature",
      "geometry": {
        "type": "Point",
        "coordinates": [
          -3.77942,
          -45.00734
        ]
      },
      "properties": {
        "id": 326,
        "category": "poi",
        "value": 76.36
      }
    },
    {
      "type": "Feature",
      "geometry": {
        "type": "Point",
        "coordinates": [
          100.79096,
          -7.09086
        ]
      },
      "properties": {
        "id": 327,
        "category": "node",
        "value": 17.96
      }
    },
    {
      "type": "Feature",
      "geometry": {
        "type": "Point",
        "coordinates": [
          -9.64122,
          -66.79707
        ]
      },
      "properties": {
        "id": 328,
        "category": "sensor",
        "value": 12.85
      }
    },
    {
      "type": "Feature",
      "geometry": {
        "type": "Point",
        "coordinates": [
          -24.98436,
          -69.40877
        ]
      },
      "properties": {
        "id": 329,
        "category": "station",
        "value": 44.2
      }
    },
    {
      "type": "Feature",
      "geometry": {
        "type": "Point",
        "coordinates": [
          3.65805,
          -78.06965
        ]
      },
      "properties": {
        "id": 330,
        "category": "poi",
        "value": 63.64
      }
    },
    {
      "type": "Feature",
      "geometry": {
        "type": "Point",
        "coordinates": [
          -150.39323,
          39.69164
        ]
      },
      "properties": {
        "id": 331,
        "category": "node",
        "value": 77.76
      }
    },
    {
      "type": "Feature",
      "geometry": {
        "type": "Point",
        "coordinates": [
          4.13342,
          -75.77496
        ]
      },
      "properties": {
        "id": 332,
        "category": "sensor",
        "value": 50.39
      }
    },
    {
      "type": "Feature",
      "geometry": {
        "type": "Point",
        "coordinates": [
          -43.96945,
          76.64756
        ]
      },
      "properties": {
        "id": 333,
        "category": "station",
        "value": 13.62
      }
    },
    {
      "type": "Feature",
      "geometry": {
        "type": "Point",
        "coordinates": [
          128.54524,
          84.34111
        ]
      },
      "properties": {
        "id": 334,
        "category": "poi",
        "value": 73.21
      }
    },
    {
      "type": "Feature",
      "geometry": {
        "type": "Point",
        "coordinates": [
          113.3962,
          -52.06976
        ]
      },
      "properties": {
        "id": 335,
        "category": "node",
        "value": 98.17
      }
    },
    {
      "type": "Feature",
      "geometry": {
        "type": "Point",
        "coordinates": [
          -2.92681,
          77.62868
        ]
      },
      "properties": {
        "id": 336,
        "category": "sensor",
        "value": 91.6
      }
    },
    {
      "type": "Feature",
      "geometry": {
        "type": "Point",
        "coordinates": [
          -120.55985,
          49.02486
        ]
      },
      "properties": {
        "id": 337,
        "category": "station",
        "value": 93.06
      }
    },
    {
      "type": "Feature",
      "geometry": {
        "type": "Point",
        "coordinates": [
          -156.41416,
          -25.34744
        ]
      },
      "properties": {
        "id": 338,
        "category": "poi",
        "value": 75.62
      }
    },
    {
      "type": "Feature",
      "geometry": {
        "type": "Point",
        "coordinates": [
          -122.84372,
          67.41133
        ]
      },
      "properties": {
        "id": 339,
        "category": "node",
        "value": 27.5
      }
    },
    {
      "type": "Feature",
      "geometry": {
        "type": "Point",
        "coordinates": [
          113.6256,
          -60.59271
        ]
      },
      "properties": {
        "id": 340,
        "category": "sensor",
        "value": 50.22
      }
    },
    {
      "type": "Feature",
      "geometry": {
        "type": "Point",
        "coordinates": [
          151.16681,
          -49.58503
        ]
      },
      "properties": {
        "id": 341,
        "category": "station",
        "value": 26.29
      }
    },
    {
      "type": "Feature",
      "geometry": {
        "type": "Point",
        "coordinates": [
          2.16251,
          -30.75682
        ]
      },
      "properties": {
        "id": 342,
        "category": "poi",
        "value": 3.68
      }
    },
    {
      "type": "Feature",
      "geometry": {
        "type": "Point",
        "coordinates": [
          -114.4453,
          -57.59101
        ]
      },
      "properties": {
        "id": 343,
        "category": "node",
        "value": 93.64
      }
    },
    {
      "type": "Feature",
      "geometry": {
        "type": "Point",
        "coordinates": [
          64.68478,
          67.22023
        ]
      },
      "properties": {
        "id": 344,
        "category": "sensor",
        "value": 16.87
      }
    },
    {
      "type": "Feature",
      "geometry": {
        "type": "Point",
        "coordinates": [
          102.55295,
          -65.43662
        ]
      },
      "properties": {
        "id": 345,
        "category": "station",
        "value": 53.07
      }
    },
    {
      "type": "Feature",
      "geometry": {
        "type": "Point",
        "coordinates": [
          49.07472,
          -23.83755
        ]
      },
      "properties": {
        "id": 346,
        "category": "poi",
        "value": 87.3
      }
    },
    {
      "type": "Feature",
      "geometry": {
        "type": "Point",
        "coordinates": [
          19.86484,
          13.60743
        ]
      },
      "properties": {
        "id": 347,
        "category": "node",
        "value": 88.25
      }
    },
    {
      "type": "Feature",
      "geometry": {
        "type": "Point",
        "coordinates": [
          -142.34083,
          83.80228
        ]
      },
      "properties": {
        "id": 348,
        "category": "sensor",
        "value": 62.98
      }
    },
    {
      "type": "Feature",
      "geometry": {
        "type": "Point",
        "coordinates": [
          -38.06769,
          50.604
        ]
      },
      "properties": {
        "id": 349,
        "category": "station",
        "value": 26.48
      }
    },
    {
      "type": "Feature",
      "geometry": {
        "type": "Point",
        "coordinates": [
          176.57937,
          13.15129
        ]
      },
      "properties": {
        "id": 350,
        "category": "poi",
        "value": 36.03
      }
    },
    {
      "type": "Feature",
      "geometry": {
        "type": "Point",
        "coordinates": [
          95.27011,
          -9.81212
        ]
      },
      "properties": {
        "id": 351,
        "category": "node",
        "value": 17.68
      }
    },
    {
      "type": "Feature",
      "geometry": {
        "type": "Point",
        "coordinates": [
          87.6941,
          -76.79045
        ]
      },
      "properties": {
        "id": 352,
        "category": "sensor",
        "value": 81.98
      }
    },
    {
      "type": "Feature",
      "geometry": {
        "type": "Point",
        "coordinates": [
          -88.6851,
          23.67043
        ]
      },
      "properties": {
        "id": 353,
        "category": "station",
        "value": 98.41
      }
    },
    {
      "type": "Feature",
      "geometry": {
        "type": "Point",
        "coordinates": [
          30.91332,
          27.82875
        ]
      },
      "properties": {
        "id": 354,
        "category": "poi",
        "value": 31.26
      }
    },
    {
      "type": "Feature",
      "geometry": {
        "type": "Point",
        "coordinates": [
          -179.35525,
          -79.25516
        ]
      },
      "properties": {
        "id": 355,
        "category": "node",
        "value": 14.94
      }
    },
    {
      "type": "Feature",
      "geometry": {
        "type": "Point",
        "coordinates": [
          41.77874,
          -11.52041
        ]
      },
      "properties": {
        "id": 356,
        "category": "sensor",
        "value": 51.27
      }
    },
    {
      "type": "Feature",
      "geometry": {
        "type": "Point",
        "coordinates": [
          142.39528,
          -62.55604
        ]
      },
      "properties": {
        "id": 357,
        "category": "station",
        "value": 22.73
      }
    },
    {
      "type": "Feature",
      "geometry": {
        "type": "Point",
        "coordinates": [
          55.11903,
          -81.21078
        ]
      },
      "properties": {
        "id": 358,
        "category": "poi",
        "value": 0.26
      }
    },
    {
      "type": "Feature",
      "geometry": {
        "type": "Point",
        "coordinates": [
          -52.21347,
          -66.91835
        ]
      },
      "properties": {
        "id": 359,
        "category": "node",
        "value": 35.72
      }
    },
    {
      "type": "Feature",
      "geometry": {
        "type": "Point",
        "coordinates": [
          -99.26677,
          14.21046
        ]
      },
      "properties": {
        "id": 360,
        "category": "sensor",
        "value": 58.91
      }
    },
    {
      "type": "Feature",
      "geometry": {
        "type": "Point",
        "coordinates": [
          -106.49363,
          21.06803
        ]
      },
      "properties": {
        "id": 361,
        "category": "station",
        "value": 47.49
      }
    },
    {
      "type": "Feature",
      "geometry": {
        "type": "Point",
        "coordinates": [
          -131.49047,
          74.22046
        ]
      },
      "properties": {
        "id": 362,
        "category": "poi",
        "value": 24.36
      }
    },
    {
      "type": "Feature",
      "geometry": {
        "type": "Point",
        "coordinates": [
          -126.24729,
          -68.71321
        ]
      },
      "properties": {
        "id": 363,
        "category": "node",
        "value": 63.82
      }
    },
    {
      "type": "Feature",
      "geometry": {
        "type": "Point",
        "coordinates": [
          133.66282,
          47.96654
        ]
      },
      "properties": {
        "id": 364,
        "category": "sensor",
        "value": 40.2
      }
    },
    {
      "type": "Feature",
      "geometry": {
        "type": "Point",
        "coordinates": [
          -84.87366,
          -83.04567
        ]
      },
      "properties": {
        "id": 365,
        "category": "station",
        "value": 64.49
      }
    },
    {
      "type": "Feature",
      "geometry": {
        "type": "Point",
        "coordinates": [
          22.43922,
          -25.44344
        ]
      },
      "properties": {
        "id": 366,
        "category": "poi",
        "value": 64.56
      }
    },
    {
      "type": "Feature",
      "geometry": {
        "type": "Point",
        "coordinates": [
          -20.24847,
          74.31671
        ]
      },
      "properties": {
        "id": 367,
        "category": "node",
        "value": 73.35
      }
    },
    {
      "type": "Feature",
      "geometry": {
        "type": "Point",
        "coordinates": [
          -90.54107,
          68.59559
        ]
      },
      "properties": {
        "id": 368,
        "category": "sensor",
        "value": 4.4
      }
    },
    {
      "type": "Feature",
      "geometry": {
        "type": "Point",
        "coordinates": [
          11.34986,
          -15.98192
        ]
      },
      "properties": {
        "id": 369,
        "category": "station",
        "value": 23.77
      }
    },
    {
      "type": "Feature",
      "geometry": {
        "type": "Point",
        "coordinates": [
          -158.9835,
          47.40828
        ]
      },
      "properties": {
        "id": 370,
        "category": "poi",
        "value": 1.24
      }
    },
    {
      "type": "Feature",
      "geometry": {
        "type": "Point",
        "coordinates": [
          18.33226,
          74.9565
        ]
      },
      "properties": {
        "id": 371,
        "category": "node",
        "value": 14.23
      }
    },
    {
      "type": "Feature",
      "geometry": {
        "type": "Point",
        "coordinates": [
          -108.17342,
          18.3741
        ]
      },
      "properties": {
        "id": 372,
        "category": "sensor",
        "value": 50.69
      }
    },
    {
      "type": "Feature",
      "geometry": {
        "type": "Point",
        "coordinates": [
          50.96519,
          53.27474
        ]
      },
      "properties": {
        "id": 373,
        "category": "station",
        "value": 17.46
      }
    },
    {
      "type": "Feature",
      "geometry": {
        "type": "Point",
        "coordinates": [
          -68.6223,
          -33.95475
        ]
      },
      "properties": {
        "id": 374,
        "category": "poi",
        "value": 4.85
      }
    },
    {
      "type": "Feature",
      "geometry": {
        "type": "Point",
        "coordinates": [
          140.16687,
          48.10561
        ]
      },
      "properties": {
        "id": 375,
        "category": "node",
        "value": 71.54
      }
    },
    {
      "type": "Feature",
      "geometry": {
        "type": "Point",
        "coordinates": [
          -177.71422,
          58.55352
        ]
      },
      "properties": {
        "id": 376,
        "category": "sensor",
        "value": 74.52
      }
    },
    {
      "type": "Feature",
      "geometry": {
        "type": "Point",
        "coordinates": [
          -12.5044,
          41.09834
        ]
      },
      "properties": {
        "id": 377,
        "category": "station",
        "value": 45.25
      }
    },
    {
      "type": "Feature",
      "geometry": {
        "type": "Point",
        "coordinates": [
          -98.65857,
          -67.10211
        ]
      },
      "properties": {
        "id": 378,
        "category": "poi",
        "value": 23.23
      }
    },
    {
      "type": "Feature",
      "geometry": {
        "type": "Point",
        "coordinates": [
          -166.02568,
          -27.96227
        ]
      },
      "properties": {
        "id": 379,
        "category": "node",
        "value": 74.97
      }
    },
    {
      "type": "Feature",
      "geometry": {
        "type": "Point",
        "coordinates": [
          70.23932,
          58.70667
        ]
      },
      "properties": {
        "id": 380,
        "category": "sensor",
        "value": 71.17
      }
    },
    {
      "type": "Feature",
      "geometry": {
        "type": "Point",
        "coordinates": [
          -84.24443,
          9.14392
        ]
      },
      "properties": {
        "id": 381,
        "category": "station",
        "value": 43.61
      }
    },
    {
      "type": "Feature",
      "geometry": {
        "type": "Point",
        "coordinates": [
          103.84201,
          3.95159
        ]
      },
      "properties": {
        "id": 382,
        "category": "poi",
        "value": 26.53
      }
    },
    {
      "type": "Feature",
      "geometry": {
        "type": "Point",
        "coordinates": [
          51.12115,
          79.07394
        ]
      },
      "properties": {
        "id": 383,
        "category": "node",
        "value": 21.7
      }
    },
    {
      "type": "Feature",
      "geometry": {
        "type": "Point",
        "coordinates": [
          136.81627,
          -82.41129
        ]
      },
      "properties": {
        "id": 384,
        "category": "sensor",
        "value": 26.04
      }
    },
    {
      "type": "Feature",
      "geometry": {
        "type": "Point",
        "coordinates": [
          -95.00065,
          41.45937
        ]
      },
      "properties": {
        "id": 385,
        "category": "station",
        "value": 94.47
      }
    },
    {
      "type": "Feature",
      "geometry": {
        "type": "Point",
        "coordinates": [
          88.61449,
          -29.43186
        ]
      },
      "properties": {
        "id": 386,
        "category": "poi",
        "value": 88.02
      }
    },
    {
      "type": "Feature",
      "geometry": {
        "type": "Point",
        "coordinates": [
          -61.72066,
          -44.34148
        ]
      },
      "properties": {
        "id": 387,
        "category": "node",
        "value": 90.76
      }
    },
    {
      "type": "Feature",
      "geometry": {
        "type": "Point",
        "coordinates": [
          47.05058,
          32.7833
        ]
      },
      "properties": {
        "id": 388,
        "category": "sensor",
        "value": 66.52
      }
    },
    {
      "type": "Feature",
      "geometry": {
        "type": "Point",
        "coordinates": [
          172.44483,
          -5.1862
        ]
      },
      "properties": {
        "id": 389,
        "category": "station",
        "value": 83.97
      }
    },
    {
      "type": "Feature",
      "geometry": {
        "type": "Point",
        "coordinates": [
          71.14256,
          60.77887
        ]
      },
      "properties": {
        "id": 390,
        "category": "poi",
        "value": 43.72
      }
    },
    {
      "type": "Feature",
      "geometry": {
        "type": "Point",
        "coordinates": [
          80.8644,
          11.95788
        ]
      },
      "properties": {
        "id": 391,
        "category": "node",
        "value": 30.78
      }
    },
    {
      "type": "Feature",
      "geometry": {
        "type": "Point",
        "coordinates": [
          -103.6922,
          20.84575
        ]
      },
      "properties": {
        "id": 392,
        "category": "sensor",
        "value": 7.78
      }
    },
    {
      "type": "Feature",
      "geometry": {
        "type": "Point",
        "coordinates": [
          147.8843,
          -60.41886
        ]
      },
      "properties": {
        "id": 393,
        "category": "station",
        "value": 2.69
      }
    },
    {
      "type": "Feature",
      "geometry": {
        "type": "Point",
        "coordinates": [
          -141.59578,
          72.9213
        ]
      },
      "properties": {
        "id": 394,
        "category": "poi",
        "value": 34.49
      }
    },
    {
      "type": "Feature",
      "geometry": {
        "type": "Point",
        "coordinates": [
          -128.93703,
          -80.11545
        ]
      },
      "properties": {
        "id": 395,
        "category": "node",
        "value": 4.16
      }
    },
    {
      "type": "Feature",
      "geometry": {
        "type": "Point",
        "coordinates": [
          69.34508,
          22.75928
        ]
      },
      "properties": {
        "id": 396,
        "category": "sensor",
        "value": 69.7
      }
    },
    {
      "type": "Feature",
      "geometry": {
        "type": "Point",
        "coordinates": [
          85.24269,
          -73.8199
        ]
      },
      "properties": {
        "id": 397,
        "category": "station",
        "value": 59.05
      }
    },
    {
      "type": "Feature",
      "geometry": {
        "type": "Point",
        "coordinates": [
          -49.1738,
          53.98548
        ]
      },
      "properties": {
        "id": 398,
        "category": "poi",
        "value": 81.96
      }
    },
    {
      "type": "Feature",
      "geometry": {
        "type": "Point",
        "coordinates": [
          140.86088,
          -73.78877
        ]
      },
      "properties": {
        "id": 399,
        "category": "node",
        "value": 86.78
      }
    },
    {
      "type": "Feature",
      "geometry": {
        "type": "Point",
        "coordinates": [
          149.18716,
          75.53539
        ]
      },
      "properties": {
        "id": 400,
        "category": "sensor",
        "value": 10.71
      }
    },
    {
      "type": "Feature",
      "geometry": {
        "type": "Point",
        "coordinates": [
          -105.93957,
          -65.96515
        ]
      },
      "properties": {
        "id": 401,
        "category": "station",
        "value": 3.44
      }
    },
    {
      "type": "Feature",
      "geometry": {
        "type": "Point",
        "coordinates": [
          125.17821,
          53.04323
        ]
      },
      "properties": {
        "id": 402,
        "category": "poi",
        "value": 63.42
      }
    },
    {
      "type": "Feature",
      "geometry": {
        "type": "Point",
        "coordinates": [
          117.0217,
          22.3612
        ]
      },
      "properties": {
        "id": 403,
        "category": "node",
        "value": 28.74
      }
    },
    {
      "type": "Feature",
      "geometry": {
        "type": "Point",
        "coordinates": [
          -144.04425,
          -68.36349
        ]
      },
      "properties": {
        "id": 404,
        "category": "sensor",
        "value": 75.74
      }
    },
    {
      "type": "Feature",
      "geometry": {
        "type": "Point",
        "coordinates": [
          -106.20236,
          -30.74639
        ]
      },
      "properties": {
        "id": 405,
        "category": "station",
        "value": 42.38
      }
    },
    {
      "type": "Feature",
      "geometry": {
        "type": "Point",
        "coordinates": [
          -172.46935,
          -41.36061
        ]
      },
      "properties": {
        "id": 406,
        "category": "poi",
        "value": 28.26
      }
    },
    {
      "type": "Feature",
      "geometry": {
        "type": "Point",
        "coordinates": [
          77.67439,
          -22.43587
        ]
      },
      "properties": {
        "id": 407,
        "category": "node",
        "value": 32.08
      }
    },
    {
      "type": "Feature",
      "geometry": {
        "type": "Point",
        "coordinates": [
          167.0397,
          0.63534
        ]
      },
      "properties": {
        "id": 408,
        "category": "sensor",
        "value": 85.14
      }
    },
    {
      "type": "Feature",
      "geometry": {
        "type": "Point",
        "coordinates": [
          42.57931,
          -79.73317
        ]
      },
      "properties": {
        "id": 409,
        "category": "station",
        "value": 41.29
      }
    },
    {
      "type": "Feature",
      "geometry": {
        "type": "Point",
        "coordinates": [
          -22.87815,
          46.4144
        ]
      },
      "properties": {
        "id": 410,
        "category": "poi",
        "value": 34.68
      }
    },
    {
      "type": "Feature",
      "geometry": {
        "type": "Point",
        "coordinates": [
          73.67741,
          6.43969
        ]
      },
      "properties": {
        "id": 411,
        "category": "node",
        "value": 21.66
      }
    },
    {
      "type": "Feature",
      "geometry": {
        "type": "Point",
        "coordinates": [
          130.40616,
          -69.54878
        ]
      },
      "properties": {
        "id": 412,
        "category": "sensor",
        "value": 81.98
      }
    },
    {
      "type": "Feature",
      "geometry": {
        "type": "Point",
        "coordinates": [
          -118.66635,
          -84.77916
        ]
      },
      "properties": {
        "id": 413,
        "category": "station",
        "value": 20.2
      }
    },
    {
      "type": "Feature",
      "geometry": {
        "type": "Point",
        "coordinates": [
          94.38517,
          81.23717
        ]
      },
      "properties": {
        "id": 414,
        "category": "poi",
        "value": 0.44
      }
    },
    {
      "type": "Feature",
      "geometry": {
        "type": "Point",
        "coordinates": [
          -3.30372,
          -1.4477
        ]
      },
      "properties": {
        "id": 415,
        "category": "node",
        "value": 79.68
      }
    },
    {
      "type": "Feature",
      "geometry": {
        "type": "Point",
        "coordinates": [
          -113.57309,
          -0.92112
        ]
      },
      "properties": {
        "id": 416,
        "category": "sensor",
        "value": 34.72
      }
    },
    {
      "type": "Feature",
      "geometry": {
        "type": "Point",
        "coordinates": [
          119.4609,
          -40.70224
        ]
      },
      "properties": {
        "id": 417,
        "category": "station",
        "value": 94.39
      }
    },
    {
      "type": "Feature",
      "geometry": {
        "type": "Point",
        "coordinates": [
          -77.85729,
          -48.49856
        ]
      },
      "properties": {
        "id": 418,
        "category": "poi",
        "value": 69.95
      }
    },
    {
      "type": "Feature",
      "geometry": {
        "type": "Point",
        "coordinates": [
          -0.60638,
          -66.31305
        ]
      },
      "properties": {
        "id": 419,
        "category": "node",
        "value": 63.65
      }
    },
    {
      "type": "Feature",
      "geometry": {
        "type": "Point",
        "coordinates": [
          -150.88226,
          48.94539
        ]
      },
      "properties": {
        "id": 420,
        "category": "sensor",
        "value": 69.72
      }
    },
    {
      "type": "Feature",
      "geometry": {
        "type": "Point",
        "coordinates": [
          103.29593,
          21.74847
        ]
      },
      "properties": {
        "id": 421,
        "category": "station",
        "value": 35.56
      }
    },
    {
      "type": "Feature",
      "geometry": {
        "type": "Point",
        "coordinates": [
          -35.5426,
          -17.91809
        ]
      },
      "properties": {
        "id": 422,
        "category": "poi",
        "value": 89.04
      }
    },
    {
      "type": "Feature",
      "geometry": {
        "type": "Point",
        "coordinates": [
          -148.97775,
          66.03629
        ]
      },
      "properties": {
        "id": 423,
        "category": "node",
        "value": 2.52
      }
    },
    {
      "type": "Feature",
      "geometry": {
        "type": "Point",
        "coordinates": [
          -105.79796,
          -40.25678
        ]
      },
      "properties": {
        "id": 424,
        "category": "sensor",
        "value": 90.12
      }
    },
    {
      "type": "Feature",
      "geometry": {
        "type": "Point",
        "coordinates": [
          0.42846,
          -20.51813
        ]
      },
      "properties": {
        "id": 425,
        "category": "station",
        "value": 88.4
      }
    },
    {
      "type": "Feature",
      "geometry": {
        "type": "Point",
        "coordinates": [
          -95.91279,
          -6.64564
        ]
      },
      "properties": {
        "id": 426,
        "category": "poi",
        "value": 53.15
      }
    },
    {
      "type": "Feature",
      "geometry": {
        "type": "Point",
        "coordinates": [
          91.61125,
          43.0082
        ]
      },
      "properties": {
        "id": 427,
        "category": "node",
        "value": 64.63
      }
    },
    {
      "type": "Feature",
      "geometry": {
        "type": "Point",
        "coordinates": [
          -54.54524,
          -29.46777
        ]
      },
      "properties": {
        "id": 428,
        "category": "sensor",
        "value": 15.53
      }
    },
    {
      "type": "Feature",
      "geometry": {
        "type": "Point",
        "coordinates": [
          123.51819,
          27.55703
        ]
      },
      "properties": {
        "id": 429,
        "category": "station",
        "value": 74.2
      }
    },
    {
      "type": "Feature",
      "geometry": {
        "type": "Point",
        "coordinates": [
          -118.96181,
          -10.40433
        ]
      },
      "properties": {
        "id": 430,
        "category": "poi",
        "value": 77.34
      }
    },
    {
      "type": "Feature",
      "geometry": {
        "type": "Point",
        "coordinates": [
          28.50112,
          -63.5703
        ]
      },
      "properties": {
        "id": 431,
        "category": "node",
        "value": 46.2
      }
    },
    {
      "type": "Feature",
      "geometry": {
        "type": "Point",
        "coordinates": [
          138.64519,
          -44.55013
        ]
      },
      "properties": {
        "id": 432,
        "category": "sensor",
        "value": 19.16
      }
    },
    {
      "type": "Feature",
      "geometry": {
        "type": "Point",
        "coordinates": [
          -71.45723,
          34.53825
        ]
      },
      "properties": {
        "id": 433,
        "category": "station",
        "value": 84.37
      }
    },
    {
      "type": "Feature",
      "geometry": {
        "type": "Point",
        "coordinates": [
          -124.34604,
          -58.48243
        ]
      },
      "properties": {
        "id": 434,
        "category": "poi",
        "value": 24.76
      }
    },
    {
      "type": "Feature",
      "geometry": {
        "type": "Point",
        "coordinates": [
          -62.43747,
          3.77039
        ]
      },
      "properties": {
        "id": 435,
        "category": "node",
        "value": 16.09
      }
    },
    {
      "type": "Feature",
      "geometry": {
        "type": "Point",
        "coordinates": [
          -61.89297,
          -52.82352
        ]
      },
      "properties": {
        "id": 436,
        "category": "sensor",
        "value": 97.51
      }
    },
    {
      "type": "Feature",
      "geometry": {
        "type": "Point",
        "coordinates": [
          82.34363,
          -67.69288
        ]
      },
      "properties": {
        "id": 437,
        "category": "station",
        "value": 96.24
      }
    },
    {
      "type": "Feature",
      "geometry": {
        "type": "Point",
        "coordinates": [
          -143.41032,
          -19.68041
        ]
      },
      "properties": {
        "id": 438,
        "category": "poi",
        "value": 98.38
      }
    },
    {
      "type": "Feature",
      "geometry": {
        "type": "Point",
        "coordinates": [
          106.15961,
          39.65974
        ]
      },
      "properties": {
        "id": 439,
        "category": "node",
        "value": 43.49
      }
    },
    {
      "type": "Feature",
      "geometry": {
        "type": "Point",
        "coordinates": [
          -109.37126,
          23.45675
        ]
      },
      "properties": {
        "id": 440,
        "category": "sensor",
        "value": 10.69
      }
    },
    {
      "type": "Feature",
      "geometry": {
        "type": "Point",
        "coordinates": [
          -105.68017,
          -18.98199
        ]
      },
      "properties": {
        "id": 441,
        "category": "station",
        "value": 3.39
      }
    },
    {
      "type": "Feature",
      "geometry": {
        "type": "Point",
        "coordinates": [
          -36.35239,
          49.47073
        ]
      },
      "properties": {
        "id": 442,
        "category": "poi",
        "value": 69.34
      }
    },
    {
      "type": "Feature",
      "geometry": {
        "type": "Point",
        "coordinates": [
          0.17516,
          22.50422
        ]
      },
      "properties": {
        "id": 443,
        "category": "node",
        "value": 46.33
      }
    },
    {
      "type": "Feature",
      "geometry": {
        "type": "Point",
        "coordinates": [
          -128.94749,
          17.63049
        ]
      },
      "properties": {
        "id": 444,
        "category": "sensor",
        "value": 40.47
      }
    },
    {
      "type": "Feature",
      "geometry": {
        "type": "Point",
        "coordinates": [
          86.74048,
          69.36066
        ]
      },
      "properties": {
        "id": 445,
        "category": "station",
        "value": 43.0
      }
    },
    {
      "type": "Feature",
      "geometry": {
        "type": "Point",
        "coordinates": [
          26.63209,
          42.34701
        ]
      },
      "properties": {
        "id": 446,
        "category": "poi",
        "value": 42.12
      }
    },
    {
      "type": "Feature",
      "geometry": {
        "type": "Point",
        "coordinates": [
          -97.71674,
          37.77733
        ]
      },
      "properties": {
        "id": 447,
        "category": "node",
        "value": 88.01
      }
    },
    {
      "type": "Feature",
      "geometry": {
        "type": "Point",
        "coordinates": [
          98.65741,
          34.01335
        ]
      },
      "properties": {
        "id": 448,
        "category": "sensor",
        "value": 85.24
      }
    },
    {
      "type": "Feature",
      "geometry": {
        "type": "Point",
        "coordinates": [
          64.65475,
          24.0616
        ]
      },
      "properties": {
        "id": 449,
        "category": "station",
        "value": 45.39
      }
    },
    {
      "type": "Feature",
      "geometry": {
        "type": "Point",
        "coordinates": [
          -67.31486,
          21.80708
        ]
      },
      "properties": {
        "id": 450,
        "category": "poi",
        "value": 9.79
      }
    },
    {
      "type": "Feature",
      "geometry": {
        "type": "Point",
        "coordinates": [
          -28.95106,
          48.00427
        ]
      },
      "properties": {
        "id": 451,
        "category": "node",
        "value": 71.32
      }
    },
    {
      "type": "Feature",
      "geometry": {
        "type": "Point",
        "coordinates": [
          46.66129,
          -42.48963
        ]
      },
      "properties": {
        "id": 452,
        "category": "sensor",
        "value": 42.36
      }
    },
    {
      "type": "Feature",
      "geometry": {
        "type": "Point",
        "coordinates": [
          -16.12999,
          20.66669
        ]
      },
      "properties": {
        "id": 453,
        "category": "station",
        "value": 40.93
      }
    },
    {
      "type": "Feature",
      "geometry": {
        "type": "Point",
        "coordinates": [
          63.0882,
          73.13355
        ]
      },
      "properties": {
        "id": 454,
        "category": "poi",
        "value": 18.31
      }
    },
    {
      "type": "Feature",
      "geometry": {
        "type": "Point",
        "coordinates": [
          55.61629,
          47.2905
        ]
      },
      "properties": {
        "id": 455,
        "category": "node",
        "value": 38.87
      }
    },
    {
      "type": "Feature",
      "geometry": {
        "type": "Point",
        "coordinates": [
          -3.65754,
          80.68533
        ]
      },
      "properties": {
        "id": 456,
        "category": "sensor",
        "value": 3.81
      }
    },
    {
      "type": "Feature",
      "geometry": {
        "type": "Point",
        "coordinates": [
          15.60957,
          -57.65676
        ]
      },
      "properties": {
        "id": 457,
        "category": "station",
        "value": 78.18
      }
    },
    {
      "type": "Feature",
      "geometry": {
        "type": "Point",
        "coordinates": [
          158.61158,
          3.2674
        ]
      },
      "properties": {
        "id": 458,
        "category": "poi",
        "value": 10.11
      }
    },
    {
      "type": "Feature",
      "geometry": {
        "type": "Point",
        "coordinates": [
          26.84178,
          6.976
        ]
      },
      "properties": {
        "id": 459,
        "category": "node",
        "value": 71.73
      }
    },
    {
      "type": "Feature",
      "geometry": {
        "type": "Point",
        "coordinates": [
          4.38882,
          23.67442
        ]
      },
      "properties": {
        "id": 460,
        "category": "sensor",
        "value": 82.9
      }
    },
    {
      "type": "Feature",
      "geometry": {
        "type": "Point",
        "coordinates": [
          7.80778,
          -15.24073
        ]
      },
      "properties": {
        "id": 461,
        "category": "station",
        "value": 94.8
      }
    },
    {
      "type": "Feature",
      "geometry": {
        "type": "Point",
        "coordinates": [
          -104.36781,
          31.34125
        ]
      },
      "properties": {
        "id": 462,
        "category": "poi",
        "value": 39.25
      }
    },
    {
      "type": "Feature",
      "geometry": {
        "type": "Point",
        "coordinates": [
          94.57259,
          -64.19291
        ]
      },
      "properties": {
        "id": 463,
        "category": "node",
        "value": 98.45
      }
    },
    {
      "type": "Feature",
      "geometry": {
        "type": "Point",
        "coordinates": [
          -52.02972,
          -75.37489
        ]
      },
      "properties": {
        "id": 464,
        "category": "sensor",
        "value": 27.44
      }
    },
    {
      "type": "Feature",
      "geometry": {
        "type": "Point",
        "coordinates": [
          -36.1137,
          -82.73758
        ]
      },
      "properties": {
        "id": 465,
        "category": "station",
        "value": 41.86
      }
    },
    {
      "type": "Feature",
      "geometry": {
        "type": "Point",
        "coordinates": [
          -28.60306,
          33.70296
        ]
      },
      "properties": {
        "id": 466,
        "category": "poi",
        "value": 35.21
      }
    },
    {
      "type": "Feature",
      "geometry": {
        "type": "Point",
        "coordinates": [
          -84.54331,
          -46.84736
        ]
      },
      "properties": {
        "id": 467,
        "category": "node",
        "value": 74.15
      }
    },
    {
      "type": "Feature",
      "geometry": {
        "type": "Point",
        "coordinates": [
          158.37529,
          4.603
        ]
      },
      "properties": {
        "id": 468,
        "category": "sensor",
        "value": 21.89
      }
    },
    {
      "type": "Feature",
      "geometry": {
        "type": "Point",
        "coordinates": [
          108.53545,
          -18.36633
        ]
      },
      "properties": {
        "id": 469,
        "category": "station",
        "value": 21.2
      }
    },
    {
      "type": "Feature",
      "geometry": {
        "type": "Point",
        "coordinates": [
          -133.45229,
          47.02328
        ]
      },
      "properties": {
        "id": 470,
        "category": "poi",
        "value": 80.96
      }
    },
    {
      "type": "Feature",
      "geometry": {
        "type": "Point",
        "coordinates": [
          48.34744,
          -5.24303
        ]
      },
      "properties": {
        "id": 471,
        "category": "node",
        "value": 56.21
      }
    },
    {
      "type": "Feature",
      "geometry": {
        "type": "Point",
        "coordinates": [
          -98.64475,
          78.85692
        ]
      },
      "properties": {
        "id": 472,
        "category": "sensor",
        "value": 35.31
      }
    },
    {
      "type": "Feature",
      "geometry": {
        "type": "Point",
        "coordinates": [
          49.96673,
          54.18566
        ]
      },
      "properties": {
        "id": 473,
        "category": "station",
        "value": 81.62
      }
    },
    {
      "type": "Feature",
      "geometry": {
        "type": "Point",
        "coordinates": [
          -11.48368,
          -34.96181
        ]
      },
      "properties": {
        "id": 474,
        "category": "poi",
        "value": 54.83
      }
    },
    {
      "type": "Feature",
      "geometry": {
        "type": "Point",
        "coordinates": [
          -134.94021,
          56.73656
        ]
      },
      "properties": {
        "id": 475,
        "category": "node",
        "value": 35.47
      }
    },
    {
      "type": "Feature",
      "geometry": {
        "type": "Point",
        "coordinates": [
          126.24107,
          -39.53784
        ]
      },
      "properties": {
        "id": 476,
        "category": "sensor",
        "value": 37.61
      }
    },
    {
      "type": "Feature",
      "geometry": {
        "type": "Point",
        "coordinates": [
          -88.7223,
          -12.56224
        ]
      },
      "properties": {
        "id": 477,
        "category": "station",
        "value": 18.59
      }
    },
    {
      "type": "Feature",
      "geometry": {
        "type": "Point",
        "coordinates": [
          -179.02978,
          37.7042
        ]
      },
      "properties": {
        "id": 478,
        "category": "poi",
        "value": 28.12
      }
    },
    {
      "type": "Feature",
      "geometry": {
        "type": "Point",
        "coordinates": [
          -91.8118,
          -33.69055
        ]
      },
      "properties": {
        "id": 479,
        "category": "node",
        "value": 47.96
      }
    },
    {
      "type": "Feature",
      "geometry": {
        "type": "Point",
        "coordinates": [
          -25.74242,
          23.3412
        ]
      },
      "properties": {
        "id": 480,
        "category": "sensor",
        "value": 65.93
      }
    },
    {
      "type": "Feature",
      "geometry": {
        "type": "Point",
        "coordinates": [
          -49.52463,
          72.88346
        ]
      },
      "properties": {
        "id": 481,
        "category": "station",
        "value": 85.44
      }
    },
    {
      "type": "Feature",
      "geometry": {
        "type": "Point",
        "coordinates": [
          -159.45737,
          55.74298
        ]
      },
      "properties": {
        "id": 482,
        "category": "poi",
        "value": 90.58
      }
    },
    {
      "type": "Feature",
      "geometry": {
        "type": "Point",
        "coordinates": [
          102.25384,
          -61.13171
        ]
      },
      "properties": {
        "id": 483,
        "category": "node",
        "value": 83.13
      }
    },
    {
      "type": "Feature",
      "geometry": {
        "type": "Point",
        "coordinates": [
          47.93844,
          -82.45241
        ]
      },
      "properties": {
        "id": 484,
        "category": "sensor",
        "value": 1.15
      }
    },
    {
      "type": "Feature",
      "geometry": {
        "type": "Point",
        "coordinates": [
          162.63669,
          26.51265
        ]
      },
      "properties": {
        "id": 485,
        "category": "station",
        "value": 25.0
      }
    },
    {
      "type": "Feature",
      "geometry": {
        "type": "Point",
        "coordinates": [
          -143.4557,
          -60.73547
        ]
      },
      "properties": {
        "id": 486,
        "category": "poi",
        "value": 23.36
      }
    },
    {
      "type": "Feature",
      "geometry": {
        "type": "Point",
        "coordinates": [
          99.47001,
          -26.10451
        ]
      },
      "properties": {
        "id": 487,
        "category": "node",
        "value": 15.27
      }
    },
    {
      "type": "Feature",
      "geometry": {
        "type": "Point",
        "coordinates": [
          145.47142,
          49.58464
        ]
      },
      "properties": {
        "id": 488,
        "category": "sensor",
        "value": 16.79
      }
    },
    {
      "type": "Feature",
      "geometry": {
        "type": "Point",
        "coordinates": [
          140.80873,
          18.42241
        ]
      },
      "properties": {
        "id": 489,
        "category": "station",
        "value": 78.13
      }
    },
    {
      "type": "Feature",
      "geometry": {
        "type": "Point",
        "coordinates": [
          60.64485,
          66.96513
        ]
      },
      "properties": {
        "id": 490,
        "category": "poi",
        "value": 78.81
      }
    },
    {
      "type": "Feature",
      "geometry": {
        "type": "Point",
        "coordinates": [
          121.96909,
          -51.44701
        ]
      },
      "properties": {
        "id": 491,
        "category": "node",
        "value": 69.28
      }
    },
    {
      "type": "Feature",
      "geometry": {
        "type": "Point",
        "coordinates": [
          11.08637,
          41.12503
        ]
      },
      "properties": {
        "id": 492,
        "category": "sensor",
        "value": 43.86
      }
    },
    {
      "type": "Feature",
      "geometry": {
        "type": "Point",
        "coordinates": [
          137.76569,
          9.36084
        ]
      },
      "properties": {
        "id": 493,
        "category": "station",
        "value": 26.45
      }
    },
    {
      "type": "Feature",
      "geometry": {
        "type": "Point",
        "coordinates": [
          -95.69673,
          -61.31249
        ]
      },
      "properties": {
        "id": 494,
        "category": "poi",
        "value": 49.31
      }
    },
    {
      "type": "Feature",
      "geometry": {
        "type": "Point",
        "coordinates": [
          -158.95639,
          -5.59399
        ]
      },
      "properties": {
        "id": 495,
        "category": "node",
        "value": 14.44
      }
    },
    {
      "type": "Feature",
      "geometry": {
        "type": "Point",
        "coordinates": [
          -3.106,
          -0.31014
        ]
      },
      "properties": {
        "id": 496,
        "category": "sensor",
        "value": 53.95
      }
    },
    {
      "type": "Feature",
      "geometry": {
        "type": "Point",
        "coordinates": [
          130.63597,
          -83.87685
        ]
      },
      "properties": {
        "id": 497,
        "category": "station",
        "value": 84.08
      }
    },
    {
      "type": "Feature",
      "geometry": {
        "type": "Point",
        "coordinates": [
          -11.53425,
          10.63673
        ]
      },
      "properties": {
        "id": 498,
        "category": "poi",
        "value": 66.53
      }
    },
    {
      "type": "Feature",
      "geometry": {
        "type": "Point",
        "coordinates": [
          122.60372,
          -21.25716
        ]
      },
      "properties": {
        "id": 499,
        "category": "node",
        "value": 41.88
      }
    },
    {
      "type": "Feature",
      "geometry": {
        "type": "Point",
        "coordinates": [
          165.82087,
          -72.18262
        ]
      },
      "properties": {
        "id": 500,
        "category": "sensor",
        "value": 63.7
      }
    },
    {
      "type": "Feature",
      "geometry": {
        "type": "Point",
        "coordinates": [
          49.00541,
          -80.14998
        ]
      },
      "properties": {
        "id": 501,
        "category": "station",
        "value": 60.97
      }
    },
    {
      "type": "Feature",
      "geometry": {
        "type": "Point",
        "coordinates": [
          65.7317,
          73.35382
        ]
      },
      "properties": {
        "id": 502,
        "category": "poi",
        "value": 33.05
      }
    },
    {
      "type": "Feature",
      "geometry": {
        "type": "Point",
        "coordinates": [
          173.41655,
          1.80635
        ]
      },
      "properties": {
        "id": 503,
        "category": "node",
        "value": 48.47
      }
    },
    {
      "type": "Feature",
      "geometry": {
        "type": "Point",
        "coordinates": [
          143.12223,
          -79.23751
        ]
      },
      "properties": {
        "id": 504,
        "category": "sensor",
        "value": 71.82
      }
    },
    {
      "type": "Feature",
      "geometry": {
        "type": "Point",
        "coordinates": [
          45.10003,
          -27.43689
        ]
      },
      "properties": {
        "id": 505,
        "category": "station",
        "value": 86.17
      }
    },
    {
      "type": "Feature",
      "geometry": {
        "type": "Point",
        "coordinates": [
          -48.183,
          -4.3293
        ]
      },
      "properties": {
        "id": 506,
        "category": "poi",
        "value": 52.55
      }
    },
    {
      "type": "Feature",
      "geometry": {
        "type": "Point",
        "coordinates": [
          97.40678,
          -49.1767
        ]
      },
      "properties": {
        "id": 507,
        "category": "node",
        "value": 43.52
      }
    },
    {
      "type": "Feature",
      "geometry": {
        "type": "Point",
        "coordinates": [
          -27.9401,
          9.18469
        ]
      },
      "properties": {
        "id": 508,
        "category": "sensor",
        "value": 82.67
      }
    },
    {
      "type": "Feature",
      "geometry": {
        "type": "Point",
        "coordinates": [
          -74.56218,
          55.71479
        ]
      },
      "properties": {
        "id": 509,
        "category": "station",
        "value": 40.37
      }
    },
    {
      "type": "Feature",
      "geometry": {
        "type": "Point",
        "coordinates": [
          1.3497,
          -38.81135
        ]
      },
      "properties": {
        "id": 510,
        "category": "poi",
        "value": 50.64
      }
    },
    {
      "type": "Feature",
      "geometry": {
        "type": "Point",
        "coordinates": [
          170.9984,
          26.27506
        ]
      },
      "properties": {
        "id": 511,
        "category": "node",
        "value": 79.2
      }
    },
    {
      "type": "Feature",
      "geometry": {
        "type": "Point",
        "coordinates": [
          -60.87734,
          -31.09402
        ]
      },
      "properties": {
        "id": 512,
        "category": "sensor",
        "value": 29.92
      }
    },
    {
      "type": "Feature",
      "geometry": {
        "type": "Point",
        "coordinates": [
          31.12242,
          22.91955
        ]
      },
      "properties": {
        "id": 513,
        "category": "station",
        "value": 78.42
      }
    },
    {
      "type": "Feature",
      "geometry": {
        "type": "Point",
        "coordinates": [
          -165.5816,
          37.85501
        ]
      },
      "properties": {
        "id": 514,
        "category": "poi",
        "value": 88.56
      }
    },
    {
      "type": "Feature",
      "geometry": {
        "type": "Point",
        "coordinates": [
          16.3444,
          -76.55107
        ]
      },
      "properties": {
        "id": 515,
        "category": "node",
        "value": 30.04
      }
    },
    {
      "type": "Feature",
      "geometry": {
        "type": "Point",
        "coordinates": [
          -177.76416,
          -52.71007
        ]
      },
      "properties": {
        "id": 516,
        "category": "sensor",
        "value": 92.14
      }
    },
    {
      "type": "Feature",
      "geometry": {
        "type": "Point",
        "coordinates": [
          39.12682,
          26.86258
        ]
      },
      "properties": {
        "id": 517,
        "category": "station",
        "value": 78.9
      }
    },
    {
      "type": "Feature",
      "geometry": {
        "type": "Point",
        "coordinates": [
          147.53599,
          18.99582
        ]
      },
      "properties": {
        "id": 518,
        "category": "poi",
        "value": 61.67
      }
    },
    {
      "type": "Feature",
      "geometry": {
        "type": "Point",
        "coordinates": [
          45.65314,
          33.3886
        ]
      },
      "properties": {
        "id": 519,
        "category": "node",
        "value": 59.63
      }
    },
    {
      "type": "Feature",
      "geometry": {
        "type": "Point",
        "coordinates": [
          65.15253,
          -48.87476
        ]
      },
      "properties": {
        "id": 520,
        "category": "sensor",
        "value": 66.7
      }
    },
    {
      "type": "Feature",
      "geometry": {
        "type": "Point",
        "coordinates": [
          -15.16344,
          44.65471
        ]
      },
      "properties": {
        "id": 521,
        "category": "station",
        "value": 10.14
      }
    },
    {
      "type": "Feature",
      "geometry": {
        "type": "Point",
        "coordinates": [
          -114.73266,
          -78.7138
        ]
      },
      "properties": {
        "id": 522,
        "category": "poi",
        "value": 77.45
      }
    },
    {
      "type": "Feature",
      "geometry": {
        "type": "Point",
        "coordinates": [
          149.06983,
          26.47196
        ]
      },
      "properties": {
        "id": 523,
        "category": "node",
        "value": 36.89
      }
    },
    {
      "type": "Feature",
      "geometry": {
        "type": "Point",
        "coordinates": [
          116.13985,
          48.71181
        ]
      },
      "properties": {
        "id": 524,
        "category": "sensor",
        "value": 56.21
      }
    },
    {
      "type": "Feature",
      "geometry": {
        "type": "Point",
        "coordinates": [
          -87.11902,
          -33.65314
        ]
      },
      "properties": {
        "id": 525,
        "category": "station",
        "value": 42.18
      }
    },
    {
      "type": "Feature",
      "geometry": {
        "type": "Point",
        "coordinates": [
          -65.34825,
          -11.78524
        ]
      },
      "properties": {
        "id": 526,
        "category": "poi",
        "value": 64.18
      }
    },
    {
      "type": "Feature",
      "geometry": {
        "type": "Point",
        "coordinates": [
          156.18907,
          -75.71497
        ]
      },
      "properties": {
        "id": 527,
        "category": "node",
        "value": 56.75
      }
    },
    {
      "type": "Feature",
      "geometry": {
        "type": "Point",
        "coordinates": [
          -165.8234,
          -64.79602
        ]
      },
      "properties": {
        "id": 528,
        "category": "sensor",
        "value": 81.03
      }
    },
    {
      "type": "Feature",
      "geometry": {
        "type": "Point",
        "coordinates": [
          27.11568,
          71.16705
        ]
      },
      "properties": {
        "id": 529,
        "category": "station",
        "value": 44.65
      }
    },
    {
      "type": "Feature",
      "geometry": {
        "type": "Point",
        "coordinates": [
          -174.91304,
          -19.18572
        ]
      },
      "properties": {
        "id": 530,
        "category": "poi",
        "value": 59.2
      }
    },
    {
      "type": "Feature",
      "geometry": {
        "type": "Point",
        "coordinates": [
          157.57898,
          81.73337
        ]
      },
      "properties": {
        "id": 531,
        "category": "node",
        "value": 47.54
      }
    },
    {
      "type": "Feature",
      "geometry": {
        "type": "Point",
        "coordinates": [
          -31.52985,
          -67.65266
        ]
      },
      "properties": {
        "id": 532,
        "category": "sensor",
        "value": 64.45
      }
    },
    {
      "type": "Feature",
      "geometry": {
        "type": "Point",
        "coordinates": [
          -103.58031,
          -59.20008
        ]
      },
      "properties": {
        "id": 533,
        "category": "station",
        "value": 1.55
      }
    },
    {
      "type": "Feature",
      "geometry": {
        "type": "Point",
        "coordinates": [
          -178.27802,
          31.23938
        ]
      },
      "properties": {
        "id": 534,
        "category": "poi",
        "value": 12.17
      }
    },
    {
      "type": "Feature",
      "geometry": {
        "type": "Point",
        "coordinates": [
          167.88544,
          -70.01632
        ]
      },
      "properties": {
        "id": 535,
        "category": "node",
        "value": 86.95
      }
    },
    {
      "type": "Feature",
      "geometry": {
        "type": "Point",
        "coordinates": [
          -133.57134,
          -81.9779
        ]
      },
      "properties": {
        "id": 536,
        "category": "sensor",
        "value": 71.94
      }
    },
    {
      "type": "Feature",
      "geometry": {
        "type": "Point",
        "coordinates": [
          -92.78266,
          39.70476
        ]
      },
      "properties": {
        "id": 537,
        "category": "station",
        "value": 18.74
      }
    },
    {
      "type": "Feature",
      "geometry": {
        "type": "Point",
        "coordinates": [
          -161.95007,
          46.58392
        ]
      },
      "properties": {
        "id": 538,
        "category": "poi",
        "value": 71.36
      }
    },
    {
      "type": "Feature",
      "geometry": {
        "type": "Point",
        "coordinates": [
          127.97823,
          39.0527
        ]
      },
      "properties": {
        "id": 539,
        "category": "node",
        "value": 8.43
      }
    },
    {
      "type": "Feature",
      "geometry": {
        "type": "Point",
        "coordinates": [
          46.30434,
          35.56998
        ]
      },
      "properties": {
        "id": 540,
        "category": "sensor",
        "value": 46.06
      }
    },
    {
      "type": "Feature",
      "geometry": {
        "type": "Point",
        "coordinates": [
          155.64481,
          -41.8114
        ]
      },
      "properties": {
        "id": 541,
        "category": "station",
        "value": 96.43
      }
    },
    {
      "type": "Feature",
      "geometry": {
        "type": "Point",
        "coordinates": [
          78.19564,
          -83.06184
        ]
      },
      "properties": {
        "id": 542,
        "category": "poi",
        "value": 1.47
      }
    },
    {
      "type": "Feature",
      "geometry": {
        "type": "Point",
        "coordinates": [
          54.25109,
          53.94839
        ]
      },
      "properties": {
        "id": 543,
        "category": "node",
        "value": 7.97
      }
    },
    {
      "type": "Feature",
      "geometry": {
        "type": "Point",
        "coordinates": [
          -68.01746,
          39.00513
        ]
      },
      "properties": {
        "id": 544,
        "category": "sensor",
        "value": 16.6
      }
    },
    {
      "type": "Feature",
      "geometry": {
        "type": "Point",
        "coordinates": [
          129.94832,
          -2.32416
        ]
      },
      "properties": {
        "id": 545,
        "category": "station",
        "value": 5.98
      }
    },
    {
      "type": "Feature",
      "geometry": {
        "type": "Point",
        "coordinates": [
          -47.67639,
          12.74375
        ]
      },
      "properties": {
        "id": 546,
        "category": "poi",
        "value": 43.87
      }
    },
    {
      "type": "Feature",
      "geometry": {
        "type": "Point",
        "coordinates": [
          63.67661,
          -60.36589
        ]
      },
      "properties": {
        "id": 547,
        "category": "node",
        "value": 79.74
      }
    },
    {
      "type": "Feature",
      "geometry": {
        "type": "Point",
        "coordinates": [
          -49.22439,
          24.63109
        ]
      },
      "properties": {
        "id": 548,
        "category": "sensor",
        "value": 62.97
      }
    },
    {
      "type": "Feature",
      "geometry": {
        "type": "Point",
        "coordinates": [
          -29.5327,
          -19.42463
        ]
      },
      "properties": {
        "id": 549,
        "category": "station",
        "value": 78.62
      }
    },
    {
      "type": "Feature",
      "geometry": {
        "type": "Point",
        "coordinates": [
          160.1719,
          48.38612
        ]
      },
      "properties": {
        "id": 550,
        "category": "poi",
        "value": 56.68
      }
    },
    {
      "type": "Feature",
      "geometry": {
        "type": "Point",
        "coordinates": [
          -74.74021,
          -74.69157
        ]
      },
      "properties": {
        "id": 551,
        "category": "node",
        "value": 97.4
      }
    },
    {
      "type": "Feature",
      "geometry": {
        "type": "Point",
        "coordinates": [
          73.17565,
          55.65948
        ]
      },
      "properties": {
        "id": 552,
        "category": "sensor",
        "value": 33.2
      }
    },
    {
      "type": "Feature",
      "geometry": {
        "type": "Point",
        "coordinates": [
          38.09629,
          81.16615
        ]
      },
      "properties": {
        "id": 553,
        "category": "station",
        "value": 83.13
      }
    },
    {
      "type": "Feature",
      "geometry": {
        "type": "Point",
        "coordinates": [
          36.40943,
          -32.53838
        ]
      },
      "properties": {
        "id": 554,
        "category": "poi",
        "value": 42.86
      }
    },
    {
      "type": "Feature",
      "geometry": {
        "type": "Point",
        "coordinates": [
          139.72465,
          -20.96494
        ]
      },
      "properties": {
        "id": 555,
        "category": "node",
        "value": 68.48
      }
    },
    {
      "type": "Feature",
      "geometry": {
        "type": "Point",
        "coordinates": [
          36.64155,
          67.33971
        ]
      },
      "properties": {
        "id": 556,
        "category": "sensor",
        "value": 80.75
      }
    },
    {
      "type": "Feature",
      "geometry": {
        "type": "Point",
        "coordinates": [
          -78.00865,
          -84.71355
        ]
      },
      "properties": {
        "id": 557,
        "category": "station",
        "value": 26.3
      }
    },
    {
      "type": "Feature",
      "geometry": {
        "type": "Point",
        "coordinates": [
          -27.89999,
          14.72931
        ]
      },
      "properties": {
        "id": 558,
        "category": "poi",
        "value": 81.6
      }
    },
    {
      "type": "Feature",
      "geometry": {
        "type": "Point",
        "coordinates": [
          139.47663,
          -77.80958
        ]
      },
      "properties": {
        "id": 559,
        "category": "node",
        "value": 83.32
      }
    },
    {
      "type": "Feature",
      "geometry": {
        "type": "Point",
        "coordinates": [
          112.23087,
          62.42488
        ]
      },
      "properties": {
        "id": 560,
        "category": "sensor",
        "value": 57.19
      }
    },
    {
      "type": "Feature",
      "geometry": {
        "type": "Point",
        "coordinates": [
          -81.41447,
          59.70103
        ]
      },
      "properties": {
        "id": 561,
        "category": "station",
        "value": 80.7
      }
    },
    {
      "type": "Feature",
      "geometry": {
        "type": "Point",
        "coordinates": [
          66.46997,
          70.33738
        ]
      },
      "properties": {
        "id": 562,
        "category": "poi",
        "value": 34.69
      }
    },
    {
      "type": "Feature",
      "geometry": {
        "type": "Point",
        "coordinates": [
          -149.37712,
          9.12464
        ]
      },
      "properties": {
        "id": 563,
        "category": "node",
        "value": 79.74
      }
    },
    {
      "type": "Feature",
      "geometry": {
        "type": "Point",
        "coordinates": [
          -107.845,
          42.5313
        ]
      },
      "properties": {
        "id": 564,
        "category": "sensor",
        "value": 93.17
      }
    },
    {
      "type": "Feature",
      "geometry": {
        "type": "Point",
        "coordinates": [
          -95.7484,
          18.17269
        ]
      },
      "properties": {
        "id": 565,
        "category": "station",
        "value": 67.77
      }
    },
    {
      "type": "Feature",
      "geometry": {
        "type": "Point",
        "coordinates": [
          -12.48375,
          -49.88036
        ]
      },
      "properties": {
        "id": 566,
        "category": "poi",
        "value": 25.47
      }
    },
    {
      "type": "Feature",
      "geometry": {
        "type": "Point",
        "coordinates": [
          90.40809,
          49.58305
        ]
      },
      "properties": {
        "id": 567,
        "category": "node",
        "value": 45.97
      }
    },
    {
      "type": "Feature",
      "geometry": {
        "type": "Point",
        "coordinates": [
          -148.42765,
          52.11774
        ]
      },
      "properties": {
        "id": 568,
        "category": "sensor",
        "value": 77.22
      }
    },
    {
      "type": "Feature",
      "geometry": {
        "type": "Point",
        "coordinates": [
          -96.16808,
          13.53037
        ]
      },
      "properties": {
        "id": 569,
        "category": "station",
        "value": 89.69
      }
    },
    {
      "type": "Feature",
      "geometry": {
        "type": "Point",
        "coordinates": [
          138.63384,
          3.71595
        ]
      },
      "properties": {
        "id": 570,
        "category": "poi",
        "value": 47.66
      }
    },
    {
      "type": "Feature",
      "geometry": {
        "type": "Point",
        "coordinates": [
          32.15831,
          -52.84426
        ]
      },
      "properties": {
        "id": 571,
        "category": "node",
        "value": 19.23
      }
    },
    {
      "type": "Feature",
      "geometry": {
        "type": "Point",
        "coordinates": [
          -114.95042,
          34.18091
        ]
      },
      "properties": {
        "id": 572,
        "category": "sensor",
        "value": 36.28
      }
    },
    {
      "type": "Feature",
      "geometry": {
        "type": "Point",
        "coordinates": [
          23.19509,
          -16.57648
        ]
      },
      "properties": {
        "id": 573,
        "category": "station",
        "value": 51.72
      }
    },
    {
      "type": "Feature",
      "geometry": {
        "type": "Point",
        "coordinates": [
          -126.35675,
          -77.41894
        ]
      },
      "properties": {
        "id": 574,
        "category": "poi",
        "value": 99.71
      }
    },
    {
      "type": "Feature",
      "geometry": {
        "type": "Point",
        "coordinates": [
          -45.34545,
          -66.95989
        ]
      },
      "properties": {
        "id": 575,
        "category": "node",
        "value": 63.27
      }
    },
    {
      "type": "Feature",
      "geometry": {
        "type": "Point",
        "coordinates": [
          103.44512,
          -58.45366
        ]
      },
      "properties": {
        "id": 576,
        "category": "sensor",
        "value": 59.72
      }
    },
    {
      "type": "Feature",
      "geometry": {
        "type": "Point",
        "coordinates": [
          -55.8282,
          3.30766
        ]
      },
      "properties": {
        "id": 577,
        "category": "station",
        "value": 2.06
      }
    },
    {
      "type": "Feature",
      "geometry": {
        "type": "Point",
        "coordinates": [
          -167.91153,
          83.36879
        ]
      },
      "properties": {
        "id": 578,
        "category": "poi",
        "value": 86.61
      }
    },
    {
      "type": "Feature",
      "geometry": {
        "type": "Point",
        "coordinates": [
          -4.92641,
          11.42127
        ]
      },
      "properties": {
        "id": 579,
        "category": "node",
        "value": 26.16
      }
    },
    {
      "type": "Feature",
      "geometry": {
        "type": "Point",
        "coordinates": [
          100.50868,
          -12.5885
        ]
      },
      "properties": {
        "id": 580,
        "category": "sensor",
        "value": 94.65
      }
    },
    {
      "type": "Feature",
      "geometry": {
        "type": "Point",
        "coordinates": [
          96.20963,
          54.20123
        ]
      },
      "properties": {
        "id": 581,
        "category": "station",
        "value": 96.35
      }
    },
    {
      "type": "Feature",
      "geometry": {
        "type": "Point",
        "coordinates": [
          -88.56161,
          -78.56201
        ]
      },
      "properties": {
        "id": 582,
        "category": "poi",
        "value": 20.1
      }
    },
    {
      "type": "Feature",
      "geometry": {
        "type": "Point",
        "coordinates": [
          -114.93526,
          -70.77842
        ]
      },
      "properties": {
        "id": 583,
        "category": "node",
        "value": 5.1
      }
    },
    {
      "type": "Feature",
      "geometry": {
        "type": "Point",
        "coordinates": [
          20.65689,
          63.01338
        ]
      },
      "properties": {
        "id": 584,
        "category": "sensor",
        "value": 45.83
      }
    },
    {
      "type": "Feature",
      "geometry": {
        "type": "Point",
        "coordinates": [
          160.99382,
          69.68635
        ]
      },
      "properties": {
        "id": 585,
        "category": "station",
        "value": 6.42
      }
    },
    {
      "type": "Feature",
      "geometry": {
        "type": "Point",
        "coordinates": [
          35.30455,
          -17.44256
        ]
      },
      "properties": {
        "id": 586,
        "category": "poi",
        "value": 11.99
      }
    },
    {
      "type": "Feature",
      "geometry": {
        "type": "Point",
        "coordinates": [
          165.34678,
          -41.27707
        ]
      },
      "properties": {
        "id": 587,
        "category": "node",
        "value": 56.45
      }
    },
    {
      "type": "Feature",
      "geometry": {
        "type": "Point",
        "coordinates": [
          50.62787,
          77.5914
        ]
      },
      "properties": {
        "id": 588,
        "category": "sensor",
        "value": 66.97
      }
    },
    {
      "type": "Feature",
      "geometry": {
        "type": "Point",
        "coordinates": [
          -38.47742,
          -8.78162
        ]
      },
      "properties": {
        "id": 589,
        "category": "station",
        "value": 15.97
      }
    },
    {
      "type": "Feature",
      "geometry": {
        "type": "Point",
        "coordinates": [
          167.67666,
          83.59168
        ]
      },
      "properties": {
        "id": 590,
        "category": "poi",
        "value": 22.17
      }
    },
    {
      "type": "Feature",
      "geometry": {
        "type": "Point",
        "coordinates": [
          -166.0926,
          -41.50343
        ]
      },
      "properties": {
        "id": 591,
        "category": "node",
        "value": 35.2
      }
    },
    {
      "type": "Feature",
      "geometry": {
        "type": "Point",
        "coordinates": [
          144.99163,
          68.77729
        ]
      },
      "properties": {
        "id": 592,
        "category": "sensor",
        "value": 83.72
      }
    },
    {
      "type": "Feature",
      "geometry": {
        "type": "Point",
        "coordinates": [
          -163.06479,
          48.68345
        ]
      },
      "properties": {
        "id": 593,
        "category": "station",
        "value": 70.96
      }
    },
    {
      "type": "Feature",
      "geometry": {
        "type": "Point",
        "coordinates": [
          52.8072,
          82.52242
        ]
      },
      "properties": {
        "id": 594,
        "category": "poi",
        "value": 5.58
      }
    },
    {
      "type": "Feature",
      "geometry": {
        "type": "Point",
        "coordinates": [
          -127.87288,
          43.34163
        ]
      },
      "properties": {
        "id": 595,
        "category": "node",
        "value": 93.94
      }
    },
    {
      "type": "Feature",
      "geometry": {
        "type": "Point",
        "coordinates": [
          63.6801,
          -34.20523
        ]
      },
      "properties": {
        "id": 596,
        "category": "sensor",
        "value": 59.15
      }
    },
    {
      "type": "Feature",
      "geometry": {
        "type": "Point",
        "coordinates": [
          92.84321,
          -67.07861
        ]
      },
      "properties": {
        "id": 597,
        "category": "station",
        "value": 32.39
      }
    },
    {
      "type": "Feature",
      "geometry": {
        "type": "Point",
        "coordinates": [
          -87.47621,
          -63.89559
        ]
      },
      "properties": {
        "id": 598,
        "category": "poi",
        "value": 48.13
      }
    },
    {
      "type": "Feature",
      "geometry": {
        "type": "Point",
        "coordinates": [
          -119.31222,
          -44.46223
        ]
      },
      "properties": {
        "id": 599,
        "category": "node",
        "value": 14.31
      }
    },
    {
      "type": "Feature",
      "geometry": {
        "type": "Point",
        "coordinates": [
          63.95137,
          -82.85561
        ]
      },
      "properties": {
        "id": 600,
        "category": "sensor",
        "value": 71.72
      }
    },
    {
      "type": "Feature",
      "geometry": {
        "type": "Point",
        "coordinates": [
          -109.76265,
          -78.87786
        ]
      },
      "properties": {
        "id": 601,
        "category": "station",
        "value": 92.77
      }
    },
    {
      "type": "Feature",
      "geometry": {
        "type": "Point",
        "coordinates": [
          -100.60117,
          73.77605
        ]
      },
      "properties": {
        "id": 602,
        "category": "poi",
        "value": 86.68
      }
    },
    {
      "type": "Feature",
      "geometry": {
        "type": "Point",
        "coordinates": [
          139.93472,
          -61.24033
        ]
      },
      "properties": {
        "id": 603,
        "category": "node",
        "value": 44.72
      }
    },
    {
      "type": "Feature",
      "geometry": {
        "type": "Point",
        "coordinates": [
          -145.08453,
          72.89237
        ]
      },
      "properties": {
        "id": 604,
        "category": "sensor",
        "value": 84.22
      }
    },
    {
      "type": "Feature",
      "geometry": {
        "type": "Point",
        "coordinates": [
          46.21343,
          -8.10325
        ]
      },
      "properties": {
        "id": 605,
        "category": "station",
        "value": 33.98
      }
    },
    {
      "type": "Feature",
      "geometry": {
        "type": "Point",
        "coordinates": [
          116.3019,
          -3.81849
        ]
      },
      "properties": {
        "id": 606,
        "category": "poi",
        "value": 62.82
      }
    },
    {
      "type": "Feature",
      "geometry": {
        "type": "Point",
        "coordinates": [
          -128.60356,
          -47.31935
        ]
      },
      "properties": {
        "id": 607,
        "category": "node",
        "value": 5.67
      }
    },
    {
      "type": "Feature",
      "geometry": {
        "type": "Point",
        "coordinates": [
          76.94079,
          9.0736
        ]
      },
      "properties": {
        "id": 608,
        "category": "sensor",
        "value": 14.47
      }
    },
    {
      "type": "Feature",
      "geometry": {
        "type": "Point",
        "coordinates": [
          133.46033,
          -39.71255
        ]
      },
      "properties": {
        "id": 609,
        "category": "station",
        "value": 41.18
      }
    },
    {
      "type": "Feature",
      "geometry": {
        "type": "Point",
        "coordinates": [
          -123.95287,
          -38.91179
        ]
      },
      "properties": {
        "id": 610,
        "category": "poi",
        "value": 83.96
      }
    },
    {
      "type": "Feature",
      "geometry": {
        "type": "Point",
        "coordinates": [
          -59.57681,
          -56.47436
        ]
      },
      "properties": {
        "id": 611,
        "category": "node",
        "value": 49.1
      }
    },
    {
      "type": "Feature",
      "geometry": {
        "type": "Point",
        "coordinates": [
          -65.49593,
          68.5386
        ]
      },
      "properties": {
        "id": 612,
        "category": "sensor",
        "value": 11.42
      }
    },
    {
      "type": "Feature",
      "geometry": {
        "type": "Point",
        "coordinates": [
          172.30384,
          -75.335
        ]
      },
      "properties": {
        "id": 613,
        "category": "station",
        "value": 89.5
      }
    },
    {
      "type": "Feature",
      "geometry": {
        "type": "Point",
        "coordinates": [
          60.5808,
          -49.10305
        ]
      },
      "properties": {
        "id": 614,
        "category": "poi",
        "value": 47.75
      }
    },
    {
      "type": "Feature",
      "geometry": {
        "type": "Point",
        "coordinates": [
          -76.95607,
          -41.17517
        ]
      },
      "properties": {
        "id": 615,
        "category": "node",
        "value": 20.16
      }
    },
    {
      "type": "Feature",
      "geometry": {
        "type": "Point",
        "coordinates": [
          -48.85922,
          83.47356
        ]
      },
      "properties": {
        "id": 616,
        "category": "sensor",
        "value": 99.81
      }
    },
    {
      "type": "Feature",
      "geometry": {
        "type": "Point",
        "coordinates": [
          153.02872,
          -68.41398
        ]
      },
      "properties": {
        "id": 617,
        "category": "station",
        "value": 28.94
      }
    },
    {
      "type": "Feature",
      "geometry": {
        "type": "Point",
        "coordinates": [
          142.63181,
          -75.228
        ]
      },
      "properties": {
        "id": 618,
        "category": "poi",
        "value": 72.65
      }
    },
    {
      "type": "Feature",
      "geometry": {
        "type": "Point",
        "coordinates": [
          -74.33121,
          81.3673
        ]
      },
      "properties": {
        "id": 619,
        "category": "node",
        "value": 1.6
      }
    },
    {
      "type": "Feature",
      "geometry": {
        "type": "Point",
        "coordinates": [
          110.52831,
          -27.04599
        ]
      },
      "properties": {
        "id": 620,
        "category": "sensor",
        "value": 14.01
      }
    },
    {
      "type": "Feature",
      "geometry": {
        "type": "Point",
        "coordinates": [
          -179.30771,
          56.48161
        ]
      },
      "properties": {
        "id": 621,
        "category": "station",
        "value": 52.66
      }
    },
    {
      "type": "Feature",
      "geometry": {
        "type": "Point",
        "coordinates": [
          -113.10457,
          -11.00761
        ]
      },
      "properties": {
        "id": 622,
        "category": "poi",
        "value": 91.2
      }
    },
    {
      "type": "Feature",
      "geometry": {
        "type": "Point",
        "coordinates": [
          -101.42463,
          12.12777
        ]
      },
      "properties": {
        "id": 623,
        "category": "node",
        "value": 13.81
      }
    },
    {
      "type": "Feature",
      "geometry": {
        "type": "Point",
        "coordinates": [
          -115.15325,
          45.97578
        ]
      },
      "properties": {
        "id": 624,
        "category": "sensor",
        "value": 71.16
      }
    },
    {
      "type": "Feature",
      "geometry": {
        "type": "Point",
        "coordinates": [
          -109.18385,
          -71.52466
        ]
      },
      "properties": {
        "id": 625,
        "category": "station",
        "value": 8.74
      }
    },
    {
      "type": "Feature",
      "geometry": {
        "type": "Point",
        "coordinates": [
          39.08008,
          -0.76834
        ]
      },
      "properties": {
        "id": 626,
        "category": "poi",
        "value": 27.39
      }
    },
    {
      "type": "Feature",
      "geometry": {
        "type": "Point",
        "coordinates": [
          -105.82851,
          19.11366
        ]
      },
      "properties": {
        "id": 627,
        "category": "node",
        "value": 70.78
      }
    },
    {
      "type": "Feature",
      "geometry": {
        "type": "Point",
        "coordinates": [
          112.17014,
          14.09863
        ]
      },
      "properties": {
        "id": 628,
        "category": "sensor",
        "value": 20.23
      }
    },
    {
      "type": "Feature",
      "geometry": {
        "type": "Point",
        "coordinates": [
          -156.34969,
          39.56159
        ]
      },
      "properties": {
        "id": 629,
        "category": "station",
        "value": 40.81
      }
    },
    {
      "type": "Feature",
      "geometry": {
        "type": "Point",
        "coordinates": [
          79.79615,
          -75.58679
        ]
      },
      "properties": {
        "id": 630,
        "category": "poi",
        "value": 81.06
      }
    },
    {
      "type": "Feature",
      "geometry": {
        "type": "Point",
        "coordinates": [
          -59.32102,
          58.12434
        ]
      },
      "properties": {
        "id": 631,
        "category": "node",
        "value": 86.45
      }
    },
    {
      "type": "Feature",
      "geometry": {
        "type": "Point",
        "coordinates": [
          -2.51384,
          -82.37433
        ]
      },
      "properties": {
        "id": 632,
        "category": "sensor",
        "value": 91.02
      }
    },
    {
      "type": "Feature",
      "geometry": {
        "type": "Point",
        "coordinates": [
          -8.41884,
          63.24232
        ]
      },
      "properties": {
        "id": 633,
        "category": "station",
        "value": 26.63
      }
    },
    {
      "type": "Feature",
      "geometry": {
        "type": "Point",
        "coordinates": [
          -113.02122,
          56.37588
        ]
      },
      "properties": {
        "id": 634,
        "category": "poi",
        "value": 36.71
      }
    },
    {
      "type": "Feature",
      "geometry": {
        "type": "Point",
        "coordinates": [
          -121.14429,
          -21.90189
        ]
      },
      "properties": {
        "id": 635,
        "category": "node",
        "value": 59.49
      }
    },
    {
      "type": "Feature",
      "geometry": {
        "type": "Point",
        "coordinates": [
          -178.32978,
          3.36991
        ]
      },
      "properties": {
        "id": 636,
        "category": "sensor",
        "value": 44.58
      }
    },
    {
      "type": "Feature",
      "geometry": {
        "type": "Point",
        "coordinates": [
          5.62515,
          -64.46877
        ]
      },
      "properties": {
        "id": 637,
        "category": "station",
        "value": 71.46
      }
    },
    {
      "type": "Feature",
      "geometry": {
        "type": "Point",
        "coordinates": [
          113.95279,
          62.13022
        ]
      },
      "properties": {
        "id": 638,
        "category": "poi",
        "value": 32.1
      }
    },
    {
      "type": "Feature",
      "geometry": {
        "type": "Point",
        "coordinates": [
          76.02712,
          -20.16385
        ]
      },
      "properties": {
        "id": 639,
        "category": "node",
        "value": 75.13
      }
    },
    {
      "type": "Feature",
      "geometry": {
        "type": "Point",
        "coordinates": [
          -157.96512,
          63.37657
        ]
      },
      "properties": {
        "id": 640,
        "category": "sensor",
        "value": 95.41
      }
    },
    {
      "type": "Feature",
      "geometry": {
        "type": "Point",
        "coordinates": [
          -1.87073,
          2.26339
        ]
      },
      "properties": {
        "id": 641,
        "category": "station",
        "value": 53.05
      }
    },
    {
      "type": "Feature",
      "geometry": {
        "type": "Point",
        "coordinates": [
          13.43932,
          -81.48307
        ]
      },
      "properties": {
        "id": 642,
        "category": "poi",
        "value": 96.74
      }
    },
    {
      "type": "Feature",
      "geometry": {
        "type": "Point",
        "coordinates": [
          -99.46837,
          -53.99305
        ]
      },
      "properties": {
        "id": 643,
        "category": "node",
        "value": 10.27
      }
    },
    {
      "type": "Feature",
      "geometry": {
        "type": "Point",
        "coordinates": [
          -89.83509,
          53.91613
        ]
      },
      "properties": {
        "id": 644,
        "category": "sensor",
        "value": 3.01
      }
    },
    {
      "type": "Feature",
      "geometry": {
        "type": "Point",
        "coordinates": [
          -145.2703,
          33.82444
        ]
      },
      "properties": {
        "id": 645,
        "category": "station",
        "value": 19.51
      }
    },
    {
      "type": "Feature",
      "geometry": {
        "type": "Point",
        "coordinates": [
          -173.63255,
          16.8977
        ]
      },
      "properties": {
        "id": 646,
        "category": "poi",
        "value": 57.65
      }
    },
    {
      "type": "Feature",
      "geometry": {
        "type": "Point",
        "coordinates": [
          8.24806,
          34.44971
        ]
      },
      "properties": {
        "id": 647,
        "category": "node",
        "value": 10.29
      }
    },
    {
      "type": "Feature",
      "geometry": {
        "type": "Point",
        "coordinates": [
          133.02941,
          36.90668
        ]
      },
      "properties": {
        "id": 648,
        "category": "sensor",
        "value": 4.52
      }
    },
    {
      "type": "Feature",
      "geometry": {
        "type": "Point",
        "coordinates": [
          -135.7023,
          -1.08938
        ]
      },
      "properties": {
        "id": 649,
        "category": "station",
        "value": 50.08
      }
    },
    {
      "type": "Feature",
      "geometry": {
        "type": "Point",
        "coordinates": [
          -79.33578,
          -64.25365
        ]
      },
      "properties": {
        "id": 650,
        "category": "poi",
        "value": 40.57
      }
    },
    {
      "type": "Feature",
      "geometry": {
        "type": "Point",
        "coordinates": [
          -130.69633,
          15.60805
        ]
      },
      "properties": {
        "id": 651,
        "category": "node",
        "value": 86.11
      }
    },
    {
      "type": "Feature",
      "geometry": {
        "type": "Point",
        "coordinates": [
          -127.00061,
          12.38304
        ]
      },
      "properties": {
        "id": 652,
        "category": "sensor",
        "value": 74.66
      }
    },
    {
      "type": "Feature",
      "geometry": {
        "type": "Point",
        "coordinates": [
          -120.84371,
          55.42235
        ]
      },
      "properties": {
        "id": 653,
        "category": "station",
        "value": 93.76
      }
    },
    {
      "type": "Feature",
      "geometry": {
        "type": "Point",
        "coordinates": [
          -40.05189,
          -13.51771
        ]
      },
      "properties": {
        "id": 654,
        "category": "poi",
        "value": 83.97
      }
    },
    {
      "type": "Feature",
      "geometry": {
        "type": "Point",
        "coordinates": [
          9.22155,
          -17.74231
        ]
      },
      "properties": {
        "id": 655,
        "category": "node",
        "value": 94.13
      }
    },
    {
      "type": "Feature",
      "geometry": {
        "type": "Point",
        "coordinates": [
          99.68657,
          -27.44674
        ]
      },
      "properties": {
        "id": 656,
        "category": "sensor",
        "value": 24.04
      }
    },
    {
      "type": "Feature",
      "geometry": {
        "type": "Point",
        "coordinates": [
          -59.37029,
          -10.95108
        ]
      },
      "properties": {
        "id": 657,
        "category": "station",
        "value": 98.12
      }
    },
    {
      "type": "Feature",
      "geometry": {
        "type": "Point",
        "coordinates": [
          109.57624,
          70.17104
        ]
      },
      "properties": {
        "id": 658,
        "category": "poi",
        "value": 81.5
      }
    },
    {
      "type": "Feature",
      "geometry": {
        "type": "Point",
        "coordinates": [
          125.14704,
          -75.89596
        ]
      },
      "properties": {
        "id": 659,
        "category": "node",
        "value": 51.74
      }
    },
    {
      "type": "Feature",
      "geometry": {
        "type": "Point",
        "coordinates": [
          164.82996,
          73.83661
        ]
      },
      "properties": {
        "id": 660,
        "category": "sensor",
        "value": 24.93
      }
    },
    {
      "type": "Feature",
      "geometry": {
        "type": "Point",
        "coordinates": [
          -28.03099,
          22.55727
        ]
      },
      "properties": {
        "id": 661,
        "category": "station",
        "value": 36.44
      }
    },
    {
      "type": "Feature",
      "geometry": {
        "type": "Point",
        "coordinates": [
          11.0874,
          -73.22508
        ]
      },
      "properties": {
        "id": 662,
        "category": "poi",
        "value": 43.3
      }
    },
    {
      "type": "Feature",
      "geometry": {
        "type": "Point",
        "coordinates": [
          1.71888,
          -81.45925
        ]
      },
      "properties": {
        "id": 663,
        "category": "node",
        "value": 13.94
      }
    },
    {
      "type": "Feature",
      "geometry": {
        "type": "Point",
        "coordinates": [
          169.09062,
          47.01853
        ]
      },
      "properties": {
        "id": 664,
        "category": "sensor",
        "value": 93.69
      }
    },
    {
      "type": "Feature",
      "geometry": {
        "type": "Point",
        "coordinates": [
          47.95615,
          52.57566
        ]
      },
      "properties": {
        "id": 665,
        "category": "station",
        "value": 88.44
      }
    },
    {
      "type": "Feature",
      "geometry": {
        "type": "Point",
        "coordinates": [
          138.4712,
          -79.15648
        ]
      },
      "properties": {
        "id": 666,
        "category": "poi",
        "value": 64.16
      }
    },
    {
      "type": "Feature",
      "geometry": {
        "type": "Point",
        "coordinates": [
          -84.32208,
          30.33462
        ]
      },
      "properties": {
        "id": 667,
        "category": "node",
        "value": 27.34
      }
    },
    {
      "type": "Feature",
      "geometry": {
        "type": "Point",
        "coordinates": [
          15.2116,
          72.14523
        ]
      },
      "properties": {
        "id": 668,
        "category": "sensor",
        "value": 62.13
      }
    },
    {
      "type": "Feature",
      "geometry": {
        "type": "Point",
        "coordinates": [
          -89.79079,
          3.45185
        ]
      },
      "properties": {
        "id": 669,
        "category": "station",
        "value": 43.37
      }
    },
    {
      "type": "Feature",
      "geometry": {
        "type": "Point",
        "coordinates": [
          162.31171,
          -36.12112
        ]
      },
      "properties": {
        "id": 670,
        "category": "poi",
        "value": 30.54
      }
    },
    {
      "type": "Feature",
      "geometry": {
        "type": "Point",
        "coordinates": [
          53.10723,
          -64.53519
        ]
      },
      "properties": {
        "id": 671,
        "category": "node",
        "value": 59.43
      }
    },
    {
      "type": "Feature",
      "geometry": {
        "type": "Point",
        "coordinates": [
          164.19053,
          2.34241
        ]
      },
      "properties": {
        "id": 672,
        "category": "sensor",
        "value": 26.84
      }
    },
    {
      "type": "Feature",
      "geometry": {
        "type": "Point",
        "coordinates": [
          -12.08978,
          5.75135
        ]
      },
      "properties": {
        "id": 673,
        "category": "station",
        "value": 14.84
      }
    },
    {
      "type": "Feature",
      "geometry": {
        "type": "Point",
        "coordinates": [
          -135.38878,
          -62.66722
        ]
      },
      "properties": {
        "id": 674,
        "category": "poi",
        "value": 29.36
      }
    },
    {
      "type": "Feature",
      "geometry": {
        "type": "Point",
        "coordinates": [
          -33.64415,
          -35.98778
        ]
      },
      "properties": {
        "id": 675,
        "category": "node",
        "value": 24.34
      }
    },
    {
      "type": "Feature",
      "geometry": {
        "type": "Point",
        "coordinates": [
          -148.375,
          7.87348
        ]
      },
      "properties": {
        "id": 676,
        "category": "sensor",
        "value": 83.97
      }
    },
    {
      "type": "Feature",
      "geometry": {
        "type": "Point",
        "coordinates": [
          39.58294,
          11.93047
        ]
      },
      "properties": {
        "id": 677,
        "category": "station",
        "value": 65.04
      }
    },
    {
      "type": "Feature",
      "geometry": {
        "type": "Point",
        "coordinates": [
          -107.57093,
          35.76117
        ]
      },
      "properties": {
        "id": 678,
        "category": "poi",
        "value": 46.09
      }
    },
    {
      "type": "Feature",
      "geometry": {
        "type": "Point",
        "coordinates": [
          17.29071,
          19.17595
        ]
      },
      "properties": {
        "id": 679,
        "category": "node",
        "value": 46.9
      }
    },
    {
      "type": "Feature",
      "geometry": {
        "type": "Point",
        "coordinates": [
          -68.21837,
          -43.81674
        ]
      },
      "properties": {
        "id": 680,
        "category": "sensor",
        "value": 22.16
      }
    },
    {
      "type": "Feature",
      "geometry": {
        "type": "Point",
        "coordinates": [
          4.48182,
          -19.86082
        ]
      },
      "properties": {
        "id": 681,
        "category": "station",
        "value": 58.57
      }
    },
    {
      "type": "Feature",
      "geometry": {
        "type": "Point",
        "coordinates": [
          -175.72387,
          -25.04901
        ]
      },
      "properties": {
        "id": 682,
        "category": "poi",
        "value": 86.19
      }
    },
    {
      "type": "Feature",
      "geometry": {
        "type": "Point",
        "coordinates": [
          -94.12507,
          9.63104
        ]
      },
      "properties": {
        "id": 683,
        "category": "node",
        "value": 49.14
      }
    },
    {
      "type": "Feature",
      "geometry": {
        "type": "Point",
        "coordinates": [
          -77.46481,
          82.87679
        ]
      },
      "properties": {
        "id": 684,
        "category": "sensor",
        "value": 29.55
      }
    },
    {
      "type": "Feature",
      "geometry": {
        "type": "Point",
        "coordinates": [
          97.96629,
          -58.04366
        ]
      },
      "properties": {
        "id": 685,
        "category": "station",
        "value": 6.68
      }
    },
    {
      "type": "Feature",
      "geometry": {
        "type": "Point",
        "coordinates": [
          133.65826,
          -10.20236
        ]
      },
      "properties": {
        "id": 686,
        "category": "poi",
        "value": 6.2
      }
    },
    {
      "type": "Feature",
      "geometry": {
        "type": "Point",
        "coordinates": [
          -40.36061,
          -10.21748
        ]
      },
      "properties": {
        "id": 687,
        "category": "node",
        "value": 73.54
      }
    },
    {
      "type": "Feature",
      "geometry": {
        "type": "Point",
        "coordinates": [
          -140.67207,
          -46.7216
        ]
      },
      "properties": {
        "id": 688,
        "category": "sensor",
        "value": 95.93
      }
    },
    {
      "type": "Feature",
      "geometry": {
        "type": "Point",
        "coordinates": [
          85.90938,
          -58.73133
        ]
      },
      "properties": {
        "id": 689,
        "category": "station",
        "value": 33.7
      }
    },
    {
      "type": "Feature",
      "geometry": {
        "type": "Point",
        "coordinates": [
          -53.11649,
          29.80847
        ]
      },
      "properties": {
        "id": 690,
        "category": "poi",
        "value": 61.63
      }
    },
    {
      "type": "Feature",
      "geometry": {
        "type": "Point",
        "coordinates": [
          125.99733,
          54.60292
        ]
      },
      "properties": {
        "id": 691,
        "category": "node",
        "value": 51.78
      }
    },
    {
      "type": "Feature",
      "geometry": {
        "type": "Point",
        "coordinates": [
          85.95598,
          41.35742
        ]
      },
      "properties": {
        "id": 692,
        "category": "sensor",
        "value": 75.97
      }
    },
    {
      "type": "Feature",
      "geometry": {
        "type": "Point",
        "coordinates": [
          -8.91417,
          48.44018
        ]
      },
      "properties": {
        "id": 693,
        "category": "station",
        "value": 70.86
      }
    },
    {
      "type": "Feature",
      "geometry": {
        "type": "Point",
        "coordinates": [
          149.29368,
          -63.36365
        ]
      },
      "properties": {
        "id": 694,
        "category": "poi",
        "value": 87.08
      }
    },
    {
      "type": "Feature",
      "geometry": {
        "type": "Point",
        "coordinates": [
          -178.44343,
          45.16515
        ]
      },
      "properties": {
        "id": 695,
        "category": "node",
        "value": 58.58
      }
    },
    {
      "type": "Feature",
      "geometry": {
        "type": "Point",
        "coordinates": [
          -0.76205,
          78.66621
        ]
      },
      "properties": {
        "id": 696,
        "category": "sensor",
        "value": 57.2
      }
    },
    {
      "type": "Feature",
      "geometry": {
        "type": "Point",
        "coordinates": [
          -29.55235,
          48.22664
        ]
      },
      "properties": {
        "id": 697,
        "category": "station",
        "value": 87.28
      }
    },
    {
      "type": "Feature",
      "geometry": {
        "type": "Point",
        "coordinates": [
          38.64014,
          -20.4744
        ]
      },
      "properties": {
        "id": 698,
        "category": "poi",
        "value": 45.23
      }
    },
    {
      "type": "Feature",
      "geometry": {
        "type": "Point",
        "coordinates": [
          -15.15513,
          37.92034
        ]
      },
      "properties": {
        "id": 699,
        "category": "node",
        "value": 29.29
      }
    },
    {
      "type": "Feature",
      "geometry": {
        "type": "Point",
        "coordinates": [
          -39.3536,
          9.40978
        ]
      },
      "properties": {
        "id": 700,
        "category": "sensor",
        "value": 38.45
      }
    },
    {
      "type": "Feature",
      "geometry": {
        "type": "Point",
        "coordinates": [
          -64.08224,
          48.80325
        ]
      },
      "properties": {
        "id": 701,
        "category": "station",
        "value": 84.96
      }
    },
    {
      "type": "Feature",
      "geometry": {
        "type": "Point",
        "coordinates": [
          -0.16207,
          -9.51475
        ]
      },
      "properties": {
        "id": 702,
        "category": "poi",
        "value": 18.42
      }
    },
    {
      "type": "Feature",
      "geometry": {
        "type": "Point",
        "coordinates": [
          -70.54822,
          -60.35159
        ]
      },
      "properties": {
        "id": 703,
        "category": "node",
        "value": 57.54
      }
    },
    {
      "type": "Feature",
      "geometry": {
        "type": "Point",
        "coordinates": [
          29.36966,
          -70.05195
        ]
      },
      "properties": {
        "id": 704,
        "category": "sensor",
        "value": 92.02
      }
    },
    {
      "type": "Feature",
      "geometry": {
        "type": "Point",
        "coordinates": [
          -63.40791,
          58.37628
        ]
      },
      "properties": {
        "id": 705,
        "category": "station",
        "value": 83.82
      }
    },
    {
      "type": "Feature",
      "geometry": {
        "type": "Point",
        "coordinates": [
          165.15476,
          -50.26738
        ]
      },
      "properties": {
        "id": 706,
        "category": "poi",
        "value": 42.64
      }
    },
    {
      "type": "Feature",
      "geometry": {
        "type": "Point",
        "coordinates": [
          147.80639,
          -83.18231
        ]
      },
      "properties": {
        "id": 707,
        "category": "node",
        "value": 4.74
      }
    },
    {
      "type": "Feature",
      "geometry": {
        "type": "Point",
        "coordinates": [
          23.3765,
          -0.45265
        ]
      },
      "properties": {
        "id": 708,
        "category": "sensor",
        "value": 92.03
      }
    },
    {
      "type": "Feature",
      "geometry": {
        "type": "Point",
        "coordinates": [
          98.45337,
          6.54493
        ]
      },
      "properties": {
        "id": 709,
        "category": "station",
        "value": 99.83
      }
    },
    {
      "type": "Feature",
      "geometry": {
        "type": "Point",
        "coordinates": [
          6.28125,
          2.93516
        ]
      },
      "properties": {
        "id": 710,
        "category": "poi",
        "value": 68.52
      }
    },
    {
      "type": "Feature",
      "geometry": {
        "type": "Point",
        "coordinates": [
          -39.77367,
          -24.18895
        ]
      },
      "properties": {
        "id": 711,
        "category": "node",
        "value": 59.47
      }
    },
    {
      "type": "Feature",
      "geometry": {
        "type": "Point",
        "coordinates": [
          -53.60156,
          76.14299
        ]
      },
      "properties": {
        "id": 712,
        "category": "sensor",
        "value": 67.65
      }
    },
    {
      "type": "Feature",
      "geometry": {
        "type": "Point",
        "coordinates": [
          9.08937,
          -68.17573
        ]
      },
      "properties": {
        "id": 713,
        "category": "station",
        "value": 37.44
      }
    },
    {
      "type": "Feature",
      "geometry": {
        "type": "Point",
        "coordinates": [
          -35.67828,
          10.42758
        ]
      },
      "properties": {
        "id": 714,
        "category": "poi",
        "value": 57.41
      }
    },
    {
      "type": "Feature",
      "geometry": {
        "type": "Point",
        "coordinates": [
          136.74064,
          78.96007
        ]
      },
      "properties": {
        "id": 715,
        "category": "node",
        "value": 48.67
      }
    },
    {
      "type": "Feature",
      "geometry": {
        "type": "Point",
        "coordinates": [
          -21.54118,
          21.18271
        ]
      },
      "properties": {
        "id": 716,
        "category": "sensor",
        "value": 99.61
      }
    },
    {
      "type": "Feature",
      "geometry": {
        "type": "Point",
        "coordinates": [
          -56.41932,
          5.1236
        ]
      },
      "properties": {
        "id": 717,
        "category": "station",
        "value": 81.59
      }
    },
    {
      "type": "Feature",
      "geometry": {
        "type": "Point",
        "coordinates": [
          -118.53996,
          -30.92678
        ]
      },
      "properties": {
        "id": 718,
        "category": "poi",
        "value": 97.84
      }
    },
    {
      "type": "Feature",
      "geometry": {
        "type": "Point",
        "coordinates": [
          117.37055,
          2.14091
        ]
      },
      "properties": {
        "id": 719,
        "category": "node",
        "value": 11.05
      }
    },
    {
      "type": "Feature",
      "geometry": {
        "type": "Point",
        "coordinates": [
          142.02399,
          32.28082
        ]
      },
      "properties": {
        "id": 720,
        "category": "sensor",
        "value": 82.06
      }
    },
    {
      "type": "Feature",
      "geometry": {
        "type": "Point",
        "coordinates": [
          176.48948,
          65.98441
        ]
      },
      "properties": {
        "id": 721,
        "category": "station",
        "value": 42.09
      }
    },
    {
      "type": "Feature",
      "geometry": {
        "type": "Point",
        "coordinates": [
          -123.69613,
          -35.71252
        ]
      },
      "properties": {
        "id": 722,
        "category": "poi",
        "value": 51.16
      }
    },
    {
      "type": "Feature",
      "geometry": {
        "type": "Point",
        "coordinates": [
          1.75946,
          -53.02161
        ]
      },
      "properties": {
        "id": 723,
        "category": "node",
        "value": 18.24
      }
    },
    {
      "type": "Feature",
      "geometry": {
        "type": "Point",
        "coordinates": [
          46.83535,
          17.5317
        ]
      },
      "properties": {
        "id": 724,
        "category": "sensor",
        "value": 35.32
      }
    },
    {
      "type": "Feature",
      "geometry": {
        "type": "Point",
        "coordinates": [
          177.74958,
          23.2071
        ]
      },
      "properties": {
        "id": 725,
        "category": "station",
        "value": 4.23
      }
    },
    {
      "type": "Feature",
      "geometry": {
        "type": "Point",
        "coordinates": [
          -31.88965,
          48.89806
        ]
      },
      "properties": {
        "id": 726,
        "category": "poi",
        "value": 30.67
      }
    },
    {
      "type": "Feature",
      "geometry": {
        "type": "Point",
        "coordinates": [
          68.65124,
          -84.33478
        ]
      },
      "properties": {
        "id": 727,
        "category": "node",
        "value": 30.45
      }
    },
    {
      "type": "Feature",
      "geometry": {
        "type": "Point",
        "coordinates": [
          123.17686,
          14.65407
        ]
      },
      "properties": {
        "id": 728,
        "category": "sensor",
        "value": 66.81
      }
    },
    {
      "type": "Feature",
      "geometry": {
        "type": "Point",
        "coordinates": [
          -109.20586,
          -0.36357
        ]
      },
      "properties": {
        "id": 729,
        "category": "station",
        "value": 55.32
      }
    },
    {
      "type": "Feature",
      "geometry": {
        "type": "Point",
        "coordinates": [
          -84.23332,
          24.95793
        ]
      },
      "properties": {
        "id": 730,
        "category": "poi",
        "value": 53.15
      }
    },
    {
      "type": "Feature",
      "geometry": {
        "type": "Point",
        "coordinates": [
          178.95951,
          12.65951
        ]
      },
      "properties": {
        "id": 731,
        "category": "node",
        "value": 41.11
      }
    },
    {
      "type": "Feature",
      "geometry": {
        "type": "Point",
        "coordinates": [
          -136.25952,
          -58.34896
        ]
      },
      "properties": {
        "id": 732,
        "category": "sensor",
        "value": 75.95
      }
    },
    {
      "type": "Feature",
      "geometry": {
        "type": "Point",
        "coordinates": [
          -141.60739,
          -67.98239
        ]
      },
      "properties": {
        "id": 733,
        "category": "station",
        "value": 17.05
      }
    },
    {
      "type": "Feature",
      "geometry": {
        "type": "Point",
        "coordinates": [
          8.09825,
          54.93394
        ]
      },
      "properties": {
        "id": 734,
        "category": "poi",
        "value": 61.3
      }
    },
    {
      "type": "Feature",
      "geometry": {
        "type": "Point",
        "coordinates": [
          110.37603,
          -74.44041
        ]
      },
      "properties": {
        "id": 735,
        "category": "node",
        "value": 1.25
      }
    },
    {
      "type": "Feature",
      "geometry": {
        "type": "Point",
        "coordinates": [
          97.40915,
          -30.12027
        ]
      },
      "properties": {
        "id": 736,
        "category": "sensor",
        "value": 71.55
      }
    },
    {
      "type": "Feature",
      "geometry": {
        "type": "Point",
        "coordinates": [
          -52.61587,
          -56.19951
        ]
      },
      "properties": {
        "id": 737,
        "category": "station",
        "value": 26.66
      }
    },
    {
      "type": "Feature",
      "geometry": {
        "type": "Point",
        "coordinates": [
          -144.19594,
          68.65537
        ]
      },
      "properties": {
        "id": 738,
        "category": "poi",
        "value": 58.23
      }
    },
    {
      "type": "Feature",
      "geometry": {
        "type": "Point",
        "coordinates": [
          -54.39831,
          -8.52747
        ]
      },
      "properties": {
        "id": 739,
        "category": "node",
        "value": 38.57
      }
    },
    {
      "type": "Feature",
      "geometry": {
        "type": "Point",
        "coordinates": [
          -160.31561,
          66.39192
        ]
      },
      "properties": {
        "id": 740,
        "category": "sensor",
        "value": 58.27
      }
    },
    {
      "type": "Feature",
      "geometry": {
        "type": "Point",
        "coordinates": [
          165.46061,
          -10.26102
        ]
      },
      "properties": {
        "id": 741,
        "category": "station",
        "value": 62.02
      }
    },
    {
      "type": "Feature",
      "geometry": {
        "type": "Point",
        "coordinates": [
          -90.2414,
          -77.52361
        ]
      },
      "properties": {
        "id": 742,
        "category": "poi",
        "value": 93.08
      }
    },
    {
      "type": "Feature",
      "geometry": {
        "type": "Point",
        "coordinates": [
          127.69759,
          -31.48511
        ]
      },
      "properties": {
        "id": 743,
        "category": "node",
        "value": 89.89
      }
    },
    {
      "type": "Feature",
      "geometry": {
        "type": "Point",
        "coordinates": [
          113.72356,
          -33.37499
        ]
      },
      "properties": {
        "id": 744,
        "category": "sensor",
        "value": 60.26
      }
    },
    {
      "type": "Feature",
      "geometry": {
        "type": "Point",
        "coordinates": [
          165.61044,
          -0.75618
        ]
      },
      "properties": {
        "id": 745,
        "category": "station",
        "value": 94.97
      }
    },
    {
      "type": "Feature",
      "geometry": {
        "type": "Point",
        "coordinates": [
          -92.54597,
          -18.73479
        ]
      },
      "properties": {
        "id": 746,
        "category": "poi",
        "value": 71.85
      }
    },
    {
      "type": "Feature",
      "geometry": {
        "type": "Point",
        "coordinates": [
          -100.2966,
          -32.44316
        ]
      },
      "properties": {
        "id": 747,
        "category": "node",
        "value": 87.53
      }
    },
    {
      "type": "Feature",
      "geometry": {
        "type": "Point",
        "coordinates": [
          -5.61975,
          49.7686
        ]
      },
      "properties": {
        "id": 748,
        "category": "sensor",
        "value": 24.34
      }
    },
    {
      "type": "Feature",
      "geometry": {
        "type": "Point",
        "coordinates": [
          -117.55167,
          -24.07267
        ]
      },
      "properties": {
        "id": 749,
        "category": "station",
        "value": 18.66
      }
    },
    {
      "type": "Feature",
      "geometry": {
        "type": "Point",
        "coordinates": [
          169.75708,
          -35.58089
        ]
      },
      "properties": {
        "id": 750,
        "category": "poi",
        "value": 56.15
      }
    },
    {
      "type": "Feature",
      "geometry": {
        "type": "Point",
        "coordinates": [
          -138.64092,
          5.73758
        ]
      },
      "properties": {
        "id": 751,
        "category": "node",
        "value": 38.56
      }
    },
    {
      "type": "Feature",
      "geometry": {
        "type": "Point",
        "coordinates": [
          -34.84941,
          -73.87402
        ]
      },
      "properties": {
        "id": 752,
        "category": "sensor",
        "value": 12.33
      }
    },
    {
      "type": "Feature",
      "geometry": {
        "type": "Point",
        "coordinates": [
          117.2971,
          -25.28792
        ]
      },
      "properties": {
        "id": 753,
        "category": "station",
        "value": 24.49
      }
    },
    {
      "type": "Feature",
      "geometry": {
        "type": "Point",
        "coordinates": [
          -111.16962,
          -36.79023
        ]
      },
      "properties": {
        "id": 754,
        "category": "poi",
        "value": 23.72
      }
    },
    {
      "type": "Feature",
      "geometry": {
        "type": "Point",
        "coordinates": [
          -167.4303,
          27.92665
        ]
      },
      "properties": {
        "id": 755,
        "category": "node",
        "value": 34.14
      }
    },
    {
      "type": "Feature",
      "geometry": {
        "type": "Point",
        "coordinates": [
          -123.87838,
          34.99809
        ]
      },
      "properties": {
        "id": 756,
        "category": "sensor",
        "value": 9.26
      }
    },
    {
      "type": "Feature",
      "geometry": {
        "type": "Point",
        "coordinates": [
          -82.91964,
          56.95135
        ]
      },
      "properties": {
        "id": 757,
        "category": "station",
        "value": 12.78
      }
    },
    {
      "type": "Feature",
      "geometry": {
        "type": "Point",
        "coordinates": [
          -20.40887,
          57.17358
        ]
      },
      "properties": {
        "id": 758,
        "category": "poi",
        "value": 80.49
      }
    },
    {
      "type": "Feature",
      "geometry": {
        "type": "Point",
        "coordinates": [
          -122.68008,
          -25.00383
        ]
      },
      "properties": {
        "id": 759,
        "category": "node",
        "value": 72.25
      }
    },
    {
      "type": "Feature",
      "geometry": {
        "type": "Point",
        "coordinates": [
          -44.3183,
          77.92855
        ]
      },
      "properties": {
        "id": 760,
        "category": "sensor",
        "value": 20.81
      }
    },
    {
      "type": "Feature",
      "geometry": {
        "type": "Point",
        "coordinates": [
          162.33805,
          0.82105
        ]
      },
      "properties": {
        "id": 761,
        "category": "station",
        "value": 22.73
      }
    },
    {
      "type": "Feature",
      "geometry": {
        "type": "Point",
        "coordinates": [
          -17.03082,
          -62.73937
        ]
      },
      "properties": {
        "id": 762,
        "category": "poi",
        "value": 70.65
      }
    },
    {
      "type": "Feature",
      "geometry": {
        "type": "Point",
        "coordinates": [
          -86.12647,
          67.93495
        ]
      },
      "properties": {
        "id": 763,
        "category": "node",
        "value": 58.76
      }
    },
    {
      "type": "Feature",
      "geometry": {
        "type": "Point",
        "coordinates": [
          -47.52153,
          -43.13739
        ]
      },
      "properties": {
        "id": 764,
        "category": "sensor",
        "value": 60.82
      }
    },
    {
      "type": "Feature",
      "geometry": {
        "type": "Point",
        "coordinates": [
          -103.4849,
          63.30637
        ]
      },
      "properties": {
        "id": 765,
        "category": "station",
        "value": 12.28
      }
    },
    {
      "type": "Feature",
      "geometry": {
        "type": "Point",
        "coordinates": [
          4.6901,
          7.24078
        ]
      },
      "properties": {
        "id": 766,
        "category": "poi",
        "value": 27.04
      }
    },
    {
      "type": "Feature",
      "geometry": {
        "type": "Point",
        "coordinates": [
          97.82796,
          -19.581
        ]
      },
      "properties": {
        "id": 767,
        "category": "node",
        "value": 65.75
      }
    },
    {
      "type": "Feature",
      "geometry": {
        "type": "Point",
        "coordinates": [
          24.36515,
          -32.16588
        ]
      },
      "properties": {
        "id": 768,
        "category": "sensor",
        "value": 38.99
      }
    },
    {
      "type": "Feature",
      "geometry": {
        "type": "Point",
        "coordinates": [
          -149.02669,
          -54.90198
        ]
      },
      "properties": {
        "id": 769,
        "category": "station",
        "value": 85.1
      }
    },
    {
      "type": "Feature",
      "geometry": {
        "type": "Point",
        "coordinates": [
          -64.42662,
          27.6673
        ]
      },
      "properties": {
        "id": 770,
        "category": "poi",
        "value": 10.9
      }
    },
    {
      "type": "Feature",
      "geometry": {
        "type": "Point",
        "coordinates": [
          22.31664,
          -23.54802
        ]
      },
      "properties": {
        "id": 771,
        "category": "node",
        "value": 50.04
      }
    },
    {
      "type": "Feature",
      "geometry": {
        "type": "Point",
        "coordinates": [
          -73.09489,
          -73.79513
        ]
      },
      "properties": {
        "id": 772,
        "category": "sensor",
        "value": 31.13
      }
    },
    {
      "type": "Feature",
      "geometry": {
        "type": "Point",
        "coordinates": [
          -98.48706,
          -63.55746
        ]
      },
      "properties": {
        "id": 773,
        "category": "station",
        "value": 71.67
      }
    },
    {
      "type": "Feature",
      "geometry": {
        "type": "Point",
        "coordinates": [
          -78.34894,
          -16.42571
        ]
      },
      "properties": {
        "id": 774,
        "category": "poi",
        "value": 90.89
      }
    },
    {
      "type": "Feature",
      "geometry": {
        "type": "Point",
        "coordinates": [
          98.99885,
          65.06852
        ]
      },
      "properties": {
        "id": 775,
        "category": "node",
        "value": 86.13
      }
    },
    {
      "type": "Feature",
      "geometry": {
        "type": "Point",
        "coordinates": [
          -132.41957,
          -37.99143
        ]
      },
      "properties": {
        "id": 776,
        "category": "sensor",
        "value": 2.96
      }
    },
    {
      "type": "Feature",
      "geometry": {
        "type": "Point",
        "coordinates": [
          64.66487,
          27.81379
        ]
      },
      "properties": {
        "id": 777,
        "category": "station",
        "value": 35.14
      }
    },
    {
      "type": "Feature",
      "geometry": {
        "type": "Point",
        "coordinates": [
          -31.47456,
          27.04081
        ]
      },
      "properties": {
        "id": 778,
        "category": "poi",
        "value": 69.92
      }
    },
    {
      "type": "Feature",
      "geometry": {
        "type": "Point",
        "coordinates": [
          -90.56844,
          58.94143
        ]
      },
      "properties": {
        "id": 779,
        "category": "node",
        "value": 35.21
      }
    },
    {
      "type": "Feature",
      "geometry": {
        "type": "Point",
        "coordinates": [
          46.3778,
          -54.11833
        ]
      },
      "properties": {
        "id": 780,
        "category": "sensor",
        "value": 11.52
      }
    },
    {
      "type": "Feature",
      "geometry": {
        "type": "Point",
        "coordinates": [
          148.56698,
          39.78908
        ]
      },
      "properties": {
        "id": 781,
        "category": "station",
        "value": 71.26
      }
    },
    {
      "type": "Feature",
      "geometry": {
        "type": "Point",
        "coordinates": [
          -165.43733,
          -78.20025
        ]
      },
      "properties": {
        "id": 782,
        "category": "poi",
        "value": 16.2
      }
    },
    {
      "type": "Feature",
      "geometry": {
        "type": "Point",
        "coordinates": [
          -108.68843,
          -33.47707
        ]
      },
      "properties": {
        "id": 783,
        "category": "node",
        "value": 38.07
      }
    },
    {
      "type": "Feature",
      "geometry": {
        "type": "Point",
        "coordinates": [
          -165.87581,
          -32.14412
        ]
      },
      "properties": {
        "id": 784,
        "category": "sensor",
        "value": 63.83
      }
    },
    {
      "type": "Feature",
      "geometry": {
        "type": "Point",
        "coordinates": [
          -115.31823,
          57.70911
        ]
      },
      "properties": {
        "id": 785,
        "category": "station",
        "value": 57.02
      }
    },
    {
      "type": "Feature",
      "geometry": {
        "type": "Point",
        "coordinates": [
          77.98829,
          -41.69945
        ]
      },
      "properties": {
        "id": 786,
        "category": "poi",
        "value": 43.49
      }
    },
    {
      "type": "Feature",
      "geometry": {
        "type": "Point",
        "coordinates": [
          66.35795,
          -25.66335
        ]
      },
      "properties": {
        "id": 787,
        "category": "node",
        "value": 0.1
      }
    },
    {
      "type": "Feature",
      "geometry": {
        "type": "Point",
        "coordinates": [
          120.33885,
          47.00047
        ]
      },
      "properties": {
        "id": 788,
        "category": "sensor",
        "value": 28.63
      }
    },
    {
      "type": "Feature",
      "geometry": {
        "type": "Point",
        "coordinates": [
          -164.53448,
          60.20509
        ]
      },
      "properties": {
        "id": 789,
        "category": "station",
        "value": 60.74
      }
    },
    {
      "type": "Feature",
      "geometry": {
        "type": "Point",
        "coordinates": [
          -162.95515,
          -43.4423
        ]
      },
      "properties": {
        "id": 790,
        "category": "poi",
        "value": 11.12
      }
    },
    {
      "type": "Feature",
      "geometry": {
        "type": "Point",
        "coordinates": [
          104.91753,
          -49.27634
        ]
      },
      "properties": {
        "id": 791,
        "category": "node",
        "value": 91.45
      }
    },
    {
      "type": "Feature",
      "geometry": {
        "type": "Point",
        "coordinates": [
          89.82898,
          -70.35674
        ]
      },
      "properties": {
        "id": 792,
        "category": "sensor",
        "value": 69.47
      }
    },
    {
      "type": "Feature",
      "geometry": {
        "type": "Point",
        "coordinates": [
          -38.29123,
          42.08556
        ]
      },
      "properties": {
        "id": 793,
        "category": "station",
        "value": 82.87
      }
    },
    {
      "type": "Feature",
      "geometry": {
        "type": "Point",
        "coordinates": [
          -78.78035,
          -69.71129
        ]
      },
      "properties": {
        "id": 794,
        "category": "poi",
        "value": 94.64
      }
    },
    {
      "type": "Feature",
      "geometry": {
        "type": "Point",
        "coordinates": [
          -27.36874,
          73.13547
        ]
      },
      "properties": {
        "id": 795,
        "category": "node",
        "value": 69.16
      }
    },
    {
      "type": "Feature",
      "geometry": {
        "type": "Point",
        "coordinates": [
          85.89986,
          56.09819
        ]
      },
      "properties": {
        "id": 796,
        "category": "sensor",
        "value": 62.81
      }
    },
    {
      "type": "Feature",
      "geometry": {
        "type": "Point",
        "coordinates": [
          -16.99905,
          -75.7689
        ]
      },
      "properties": {
        "id": 797,
        "category": "station",
        "value": 69.83
      }
    },
    {
      "type": "Feature",
      "geometry": {
        "type": "Point",
        "coordinates": [
          -25.79386,
          2.01978
        ]
      },
      "properties": {
        "id": 798,
        "category": "poi",
        "value": 92.81
      }
    },
    {
      "type": "Feature",
      "geometry": {
        "type": "Point",
        "coordinates": [
          -134.04793,
          44.52679
        ]
      },
      "properties": {
        "id": 799,
        "category": "node",
        "value": 4.37
      }
    },
    {
      "type": "Feature",
      "geometry": {
        "type": "Point",
        "coordinates": [
          72.98633,
          51.9747
        ]
      },
      "properties": {
        "id": 800,
        "category": "sensor",
        "value": 26.12
      }
    },
    {
      "type": "Feature",
      "geometry": {
        "type": "Point",
        "coordinates": [
          16.70525,
          79.80044
        ]
      },
      "properties": {
        "id": 801,
        "category": "station",
        "value": 63.75
      }
    },
    {
      "type": "Feature",
      "geometry": {
        "type": "Point",
        "coordinates": [
          15.81538,
          -42.55269
        ]
      },
      "properties": {
        "id": 802,
        "category": "poi",
        "value": 5.94
      }
    },
    {
      "type": "Feature",
      "geometry": {
        "type": "Point",
        "coordinates": [
          -51.18271,
          -15.02154
        ]
      },
      "properties": {
        "id": 803,
        "category": "node",
        "value": 20.14
      }
    },
    {
      "type": "Feature",
      "geometry": {
        "type": "Point",
        "coordinates": [
          -68.20099,
          -61.78595
        ]
      },
      "properties": {
        "id": 804,
        "category": "sensor",
        "value": 70.7
      }
    },
    {
      "type": "Feature",
      "geometry": {
        "type": "Point",
        "coordinates": [
          61.32038,
          -44.56165
        ]
      },
      "properties": {
        "id": 805,
        "category": "station",
        "value": 24.17
      }
    },
    {
      "type": "Feature",
      "geometry": {
        "type": "Point",
        "coordinates": [
          5.53736,
          -9.34473
        ]
      },
      "properties": {
        "id": 806,
        "category": "poi",
        "value": 93.58
      }
    },
    {
      "type": "Feature",
      "geometry": {
        "type": "Point",
        "coordinates": [
          -53.47403,
          -34.10672
        ]
      },
      "properties": {
        "id": 807,
        "category": "node",
        "value": 88.47
      }
    },
    {
      "type": "Feature",
      "geometry": {
        "type": "Point",
        "coordinates": [
          -128.9203,
          10.75565
        ]
      },
      "properties": {
        "id": 808,
        "category": "sensor",
        "value": 33.36
      }
    },
    {
      "type": "Feature",
      "geometry": {
        "type": "Point",
        "coordinates": [
          113.54137,
          8.20423
        ]
      },
      "properties": {
        "id": 809,
        "category": "station",
        "value": 76.05
      }
    },
    {
      "type": "Feature",
      "geometry": {
        "type": "Point",
        "coordinates": [
          -119.08395,
          28.31051
        ]
      },
      "properties": {
        "id": 810,
        "category": "poi",
        "value": 59.87
      }
    },
    {
      "type": "Feature",
      "geometry": {
        "type": "Point",
        "coordinates": [
          -13.97563,
          45.24704
        ]
      },
      "properties": {
        "id": 811,
        "category": "node",
        "value": 83.12
      }
    },
    {
      "type": "Feature",
      "geometry": {
        "type": "Point",
        "coordinates": [
          -138.78783,
          -35.81218
        ]
      },
      "properties": {
        "id": 812,
        "category": "sensor",
        "value": 36.05
      }
    },
    {
      "type": "Feature",
      "geometry": {
        "type": "Point",
        "coordinates": [
          -105.6842,
          -74.74359
        ]
      },
      "properties": {
        "id": 813,
        "category": "station",
        "value": 28.09
      }
    },
    {
      "type": "Feature",
      "geometry": {
        "type": "Point",
        "coordinates": [
          -109.03928,
          34.27605
        ]
      },
      "properties": {
        "id": 814,
        "category": "poi",
        "value": 44.8
      }
    },
    {
      "type": "Feature",
      "geometry": {
        "type": "Point",
        "coordinates": [
          -139.3242,
          -29.83998
        ]
      },
      "properties": {
        "id": 815,
        "category": "node",
        "value": 46.87
      }
    },
    {
      "type": "Feature",
      "geometry": {
        "type": "Point",
        "coordinates": [
          -49.32869,
          -56.42379
        ]
      },
      "properties": {
        "id": 816,
        "category": "sensor",
        "value": 7.18
      }
    },
    {
      "type": "Feature",
      "geometry": {
        "type": "Point",
        "coordinates": [
          -176.1069,
          83.66175
        ]
      },
      "properties": {
        "id": 817,
        "category": "station",
        "value": 75.04
      }
    },
    {
      "type": "Feature",
      "geometry": {
        "type": "Point",
        "coordinates": [
          -149.77016,
          36.91402
        ]
      },
      "properties": {
        "id": 818,
        "category": "poi",
        "value": 98.02
      }
    },
    {
      "type": "Feature",
      "geometry": {
        "type": "Point",
        "coordinates": [
          22.91522,
          -66.50358
        ]
      },
      "properties": {
        "id": 819,
        "category": "node",
        "value": 48.89
      }
    },
    {
      "type": "Feature",
      "geometry": {
        "type": "Point",
        "coordinates": [
          -23.67347,
          -52.73254
        ]
      },
      "properties": {
        "id": 820,
        "category": "sensor",
        "value": 54.31
      }
    },
    {
      "type": "Feature",
      "geometry": {
        "type": "Point",
        "coordinates": [
          -177.01123,
          71.32463
        ]
      },
      "properties": {
        "id": 821,
        "category": "station",
        "value": 64.45
      }
    },
    {
      "type": "Feature",
      "geometry": {
        "type": "Point",
        "coordinates": [
          45.98794,
          73.9923
        ]
      },
      "properties": {
        "id": 822,
        "category": "poi",
        "value": 65.26
      }
    },
    {
      "type": "Feature",
      "geometry": {
        "type": "Point",
        "coordinates": [
          -89.49166,
          -43.18196
        ]
      },
      "properties": {
        "id": 823,
        "category": "node",
        "value": 13.87
      }
    },
    {
      "type": "Feature",
      "geometry": {
        "type": "Point",
        "coordinates": [
          -170.03934,
          46.65455
        ]
      },
      "properties": {
        "id": 824,
        "category": "sensor",
        "value": 83.96
      }
    },
    {
      "type": "Feature",
      "geometry": {
        "type": "Point",
        "coordinates": [
          -73.32647,
          -53.4251
        ]
      },
      "properties": {
        "id": 825,
        "category": "station",
        "value": 63.81
      }
    },
    {
      "type": "Feature",
      "geometry": {
        "type": "Point",
        "coordinates": [
          124.46076,
          72.53975
        ]
      },
      "properties": {
        "id": 826,
        "category": "poi",
        "value": 16.85
      }
    },
    {
      "type": "Feature",
      "geometry": {
        "type": "Point",
        "coordinates": [
          102.46211,
          56.16696
        ]
      },
      "properties": {
        "id": 827,
        "category": "node",
        "value": 74.23
      }
    },
    {
      "type": "Feature",
      "geometry": {
        "type": "Point",
        "coordinates": [
          -62.39755,
          -53.62772
        ]
      },
      "properties": {
        "id": 828,
        "category": "sensor",
        "value": 82.53
      }
    },
    {
      "type": "Feature",
      "geometry": {
        "type": "Point",
        "coordinates": [
          -64.74398,
          -22.35063
        ]
      },
      "properties": {
        "id": 829,
        "category": "station",
        "value": 55.11
      }
    },
    {
      "type": "Feature",
      "geometry": {
        "type": "Point",
        "coordinates": [
          -47.06063,
          56.33678
        ]
      },
      "properties": {
        "id": 830,
        "category": "poi",
        "value": 23.94
      }
    },
    {
      "type": "Feature",
      "geometry": {
        "type": "Point",
        "coordinates": [
          -165.14892,
          11.36781
        ]
      },
      "properties": {
        "id": 831,
        "category": "node",
        "value": 62.82
      }
    },
    {
      "type": "Feature",
      "geometry": {
        "type": "Point",
        "coordinates": [
          115.10435,
          34.94758
        ]
      },
      "properties": {
        "id": 832,
        "category": "sensor",
        "value": 90.52
      }
    },
    {
      "type": "Feature",
      "geometry": {
        "type": "Point",
        "coordinates": [
          160.17609,
          -0.95543
        ]
      },
      "properties": {
        "id": 833,
        "category": "station",
        "value": 49.95
      }
    },
    {
      "type": "Feature",
      "geometry": {
        "type": "Point",
        "coordinates": [
          -123.30631,
          -34.07273
        ]
      },
      "properties": {
        "id": 834,
        "category": "poi",
        "value": 58.11
      }
    },
    {
      "type": "Feature",
      "geometry": {
        "type": "Point",
        "coordinates": [
          -151.11621,
          31.95728
        ]
      },
      "properties": {
        "id": 835,
        "category": "node",
        "value": 16.36
      }
    },
    {
      "type": "Feature",
      "geometry": {
        "type": "Point",
        "coordinates": [
          -20.45219,
          79.86817
        ]
      },
      "properties": {
        "id": 836,
        "category": "sensor",
        "value": 8.97
      }
    },
    {
      "type": "Feature",
      "geometry": {
        "type": "Point",
        "coordinates": [
          -165.62049,
          -10.28455
        ]
      },
      "properties": {
        "id": 837,
        "category": "station",
        "value": 19.08
      }
    },
    {
      "type": "Feature",
      "geometry": {
        "type": "Point",
        "coordinates": [
          80.26211,
          -84.52361
        ]
      },
      "properties": {
        "id": 838,
        "category": "poi",
        "value": 84.08
      }
    },
    {
      "type": "Feature",
      "geometry": {
        "type": "Point",
        "coordinates": [
          127.91801,
          48.77627
        ]
      },
      "properties": {
        "id": 839,
        "category": "node",
        "value": 42.54
      }
    },
    {
      "type": "Feature",
      "geometry": {
        "type": "Point",
        "coordinates": [
          -78.02757,
          27.47626
        ]
      },
      "properties": {
        "id": 840,
        "category": "sensor",
        "value": 51.46
      }
    },
    {
      "type": "Feature",
      "geometry": {
        "type": "Point",
        "coordinates": [
          -28.36509,
          -27.42634
        ]
      },
      "properties": {
        "id": 841,
        "category": "station",
        "value": 43.87
      }
    },
    {
      "type": "Feature",
      "geometry": {
        "type": "Point",
        "coordinates": [
          59.7975,
          55.43223
        ]
      },
      "properties": {
        "id": 842,
        "category": "poi",
        "value": 90.4
      }
    },
    {
      "type": "Feature",
      "geometry": {
        "type": "Point",
        "coordinates": [
          -120.79269,
          -34.72415
        ]
      },
      "properties": {
        "id": 843,
        "category": "node",
        "value": 44.32
      }
    },
    {
      "type": "Feature",
      "geometry": {
        "type": "Point",
        "coordinates": [
          22.81443,
          -25.82258
        ]
      },
      "properties": {
        "id": 844,
        "category": "sensor",
        "value": 19.54
      }
    },
    {
      "type": "Feature",
      "geometry": {
        "type": "Point",
        "coordinates": [
          -149.38494,
          -29.97191
        ]
      },
      "properties": {
        "id": 845,
        "category": "station",
        "value": 46.05
      }
    },
    {
      "type": "Feature",
      "geometry": {
        "type": "Point",
        "coordinates": [
          169.6665,
          69.48012
        ]
      },
      "properties": {
        "id": 846,
        "category": "poi",
        "value": 86.54
      }
    },
    {
      "type": "Feature",
      "geometry": {
        "type": "Point",
        "coordinates": [
          170.77289,
          78.50905
        ]
      },
      "properties": {
        "id": 847,
        "category": "node",
        "value": 61.99
      }
    },
    {
      "type": "Feature",
      "geometry": {
        "type": "Point",
        "coordinates": [
          112.01332,
          -74.79856
        ]
      },
      "properties": {
        "id": 848,
        "category": "sensor",
        "value": 67.64
      }
    },
    {
      "type": "Feature",
      "geometry": {
        "type": "Point",
        "coordinates": [
          39.29352,
          -34.50342
        ]
      },
      "properties": {
        "id": 849,
        "category": "station",
        "value": 57.11
      }
    },
    {
      "type": "Feature",
      "geometry": {
        "type": "Point",
        "coordinates": [
          163.01168,
          -3.27552
        ]
      },
      "properties": {
        "id": 850,
        "category": "poi",
        "value": 64.74
      }
    },
    {
      "type": "Feature",
      "geometry": {
        "type": "Point",
        "coordinates": [
          -72.24773,
          -26.62051
        ]
      },
      "properties": {
        "id": 851,
        "category": "node",
        "value": 88.51
      }
    },
    {
      "type": "Feature",
      "geometry": {
        "type": "Point",
        "coordinates": [
          -169.977,
          -52.89642
        ]
      },
      "properties": {
        "id": 852,
        "category": "sensor",
        "value": 67.87
      }
    },
    {
      "type": "Feature",
      "geometry": {
        "type": "Point",
        "coordinates": [
          -18.9558,
          -70.51488
        ]
      },
      "properties": {
        "id": 853,
        "category": "station",
        "value": 66.05
      }
    },
    {
      "type": "Feature",
      "geometry": {
        "type": "Point",
        "coordinates": [
          -46.07644,
          13.73059
        ]
      },
      "properties": {
        "id": 854,
        "category": "poi",
        "value": 41.64
      }
    },
    {
      "type": "Feature",
      "geometry": {
        "type": "Point",
        "coordinates": [
          10.79225,
          11.01855
        ]
      },
      "properties": {
        "id": 855,
        "category": "node",
        "value": 39.63
      }
    },
    {
      "type": "Feature",
      "geometry": {
        "type": "Point",
        "coordinates": [
          -138.86871,
          -54.31472
        ]
      },
      "properties": {
        "id": 856,
        "category": "sensor",
        "value": 89.0
      }
    },
    {
      "type": "Feature",
      "geometry": {
        "type": "Point",
        "coordinates": [
          17.32099,
          -65.91379
        ]
      },
      "properties": {
        "id": 857,
        "category": "station",
        "value": 86.22
      }
    },
    {
      "type": "Feature",
      "geometry": {
        "type": "Point",
        "coordinates": [
          -88.74376,
          -68.856
        ]
      },
      "properties": {
        "id": 858,
        "category": "poi",
        "value": 53.08
      }
    },
    {
      "type": "Feature",
      "geometry": {
        "type": "Point",
        "coordinates": [
          -89.44482,
          -1.82287
        ]
      },
      "properties": {
        "id": 859,
        "category": "node",
        "value": 55.4
      }
    },
    {
      "type": "Feature",
      "geometry": {
        "type": "Point",
        "coordinates": [
          -98.44042,
          12.3602
        ]
      },
      "properties": {
        "id": 860,
        "category": "sensor",
        "value": 11.3
      }
    },
    {
      "type": "Feature",
      "geometry": {
        "type": "Point",
        "coordinates": [
          4.74638,
          15.0375
        ]
      },
      "properties": {
        "id": 861,
        "category": "station",
        "value": 8.02
      }
    },
    {
      "type": "Feature",
      "geometry": {
        "type": "Point",
        "coordinates": [
          -33.11054,
          -72.50957
        ]
      },
      "properties": {
        "id": 862,
        "category": "poi",
        "value": 43.95
      }
    },
    {
      "type": "Feature",
      "geometry": {
        "type": "Point",
        "coordinates": [
          130.8517,
          8.59568
        ]
      },
      "properties": {
        "id": 863,
        "category": "node",
        "value": 71.46
      }
    },
    {
      "type": "Feature",
      "geometry": {
        "type": "Point",
        "coordinates": [
          92.48419,
          -65.51572
        ]
      },
      "properties": {
        "id": 864,
        "category": "sensor",
        "value": 99.07
      }
    },
    {
      "type": "Feature",
      "geometry": {
        "type": "Point",
        "coordinates": [
          79.77577,
          -67.64415
        ]
      },
      "properties": {
        "id": 865,
        "category": "station",
        "value": 83.02
      }
    },
    {
      "type": "Feature",
      "geometry": {
        "type": "Point",
        "coordinates": [
          -38.89341,
          -55.88662
        ]
      },
      "properties": {
        "id": 866,
        "category": "poi",
        "value": 96.0
      }
    },
    {
      "type": "Feature",
      "geometry": {
        "type": "Point",
        "coordinates": [
          22.69203,
          46.7466
        ]
      },
      "properties": {
        "id": 867,
        "category": "node",
        "value": 13.68
      }
    },
    {
      "type": "Feature",
      "geometry": {
        "type": "Point",
        "coordinates": [
          99.41901,
          -75.21573
        ]
      },
      "properties": {
        "id": 868,
        "category": "sensor",
        "value": 23.69
      }
    },
    {
      "type": "Feature",
      "geometry": {
        "type": "Point",
        "coordinates": [
          -45.95511,
          -82.42091
        ]
      },
      "properties": {
        "id": 869,
        "category": "station",
        "value": 59.43
      }
    },
    {
      "type": "Feature",
      "geometry": {
        "type": "Point",
        "coordinates": [
          -103.27187,
          -34.0119
        ]
      },
      "properties": {
        "id": 870,
        "category": "poi",
        "value": 70.74
      }
    },
    {
      "type": "Feature",
      "geometry": {
        "type": "Point",
        "coordinates": [
          -26.64885,
          66.06666
        ]
      },
      "properties": {
        "id": 871,
        "category": "node",
        "value": 62.12
      }
    },
    {
      "type": "Feature",
      "geometry": {
        "type": "Point",
        "coordinates": [
          133.96502,
          10.70307
        ]
      },
      "properties": {
        "id": 872,
        "category": "sensor",
        "value": 91.75
      }
    },
    {
      "type": "Feature",
      "geometry": {
        "type": "Point",
        "coordinates": [
          133.47881,
          -56.43914
        ]
      },
      "properties": {
        "id": 873,
        "category": "station",
        "value": 74.54
      }
    },
    {
      "type": "Feature",
      "geometry": {
        "type": "Point",
        "coordinates": [
          -57.09768,
          44.81512
        ]
      },
      "properties": {
        "id": 874,
        "category": "poi",
        "value": 68.05
      }
    },
    {
      "type": "Feature",
      "geometry": {
        "type": "Point",
        "coordinates": [
          117.22697,
          -64.13721
        ]
      },
      "properties": {
        "id": 875,
        "category": "node",
        "value": 37.3
      }
    },
    {
      "type": "Feature",
      "geometry": {
        "type": "Point",
        "coordinates": [
          85.40977,
          76.16507
        ]
      },
      "properties": {
        "id": 876,
        "category": "sensor",
        "value": 72.18
      }
    },
    {
      "type": "Feature",
      "geometry": {
        "type": "Point",
        "coordinates": [
          -164.33864,
          17.64508
        ]
      },
      "properties": {
        "id": 877,
        "category": "station",
        "value": 9.96
      }
    },
    {
      "type": "Feature",
      "geometry": {
        "type": "Point",
        "coordinates": [
          17.57988,
          51.51357
        ]
      },
      "properties": {
        "id": 878,
        "category": "poi",
        "value": 11.3
      }
    },
    {
      "type": "Feature",
      "geometry": {
        "type": "Point",
        "coordinates": [
          153.1285,
          29.78703
        ]
      },
      "properties": {
        "id": 879,
        "category": "node",
        "value": 25.46
      }
    },
    {
      "type": "Feature",
      "geometry": {
        "type": "Point",
        "coordinates": [
          -110.46673,
          -9.04944
        ]
      },
      "properties": {
        "id": 880,
        "category": "sensor",
        "value": 83.82
      }
    },
    {
      "type": "Feature",
      "geometry": {
        "type": "Point",
        "coordinates": [
          29.29428,
          -65.69205
        ]
      },
      "properties": {
        "id": 881,
        "category": "station",
        "value": 2.1
      }
    },
    {
      "type": "Feature",
      "geometry": {
        "type": "Point",
        "coordinates": [
          -140.24981,
          51.11777
        ]
      },
      "properties": {
        "id": 882,
        "category": "poi",
        "value": 18.53
      }
    },
    {
      "type": "Feature",
      "geometry": {
        "type": "Point",
        "coordinates": [
          19.52864,
          -35.69405
        ]
      },
      "properties": {
        "id": 883,
        "category": "node",
        "value": 68.72
      }
    },
    {
      "type": "Feature",
      "geometry": {
        "type": "Point",
        "coordinates": [
          -42.90445,
          -60.47893
        ]
      },
      "properties": {
        "id": 884,
        "category": "sensor",
        "value": 87.54
      }
    },
    {
      "type": "Feature",
      "geometry": {
        "type": "Point",
        "coordinates": [
          13.83611,
          32.21837
        ]
      },
      "properties": {
        "id": 885,
        "category": "station",
        "value": 80.82
      }
    },
    {
      "type": "Feature",
      "geometry": {
        "type": "Point",
        "coordinates": [
          161.55593,
          -82.65388
        ]
      },
      "properties": {
        "id": 886,
        "category": "poi",
        "value": 34.24
      }
    },
    {
      "type": "Feature",
      "geometry": {
        "type": "Point",
        "coordinates": [
          -125.66399,
          0.30173
        ]
      },
      "properties": {
        "id": 887,
        "category": "node",
        "value": 87.31
      }
    },
    {
      "type": "Feature",
      "geometry": {
        "type": "Point",
        "coordinates": [
          108.16356,
          -78.97199
        ]
      },
      "properties": {
        "id": 888,
        "category": "sensor",
        "value": 18.23
      }
    },
    {
      "type": "Feature",
      "geometry": {
        "type": "Point",
        "coordinates": [
          114.58729,
          30.51708
        ]
      },
      "properties": {
        "id": 889,
        "category": "station",
        "value": 39.26
      }
    },
    {
      "type": "Feature",
      "geometry": {
        "type": "Point",
        "coordinates": [
          -8.72748,
          -58.0918
        ]
      },
      "properties": {
        "id": 890,
        "category": "poi",
        "value": 84.51
      }
    },
    {
      "type": "Feature",
      "geometry": {
        "type": "Point",
        "coordinates": [
          -38.37021,
          63.41347
        ]
      },
      "properties": {
        "id": 891,
        "category": "node",
        "value": 61.08
      }
    },
    {
      "type": "Feature",
      "geometry": {
        "type": "Point",
        "coordinates": [
          -152.68192,
          -29.0237
        ]
      },
      "properties": {
        "id": 892,
        "category": "sensor",
        "value": 21.63
      }
    },
    {
      "type": "Feature",
      "geometry": {
        "type": "Point",
        "coordinates": [
          141.83442,
          15.16796
        ]
      },
      "properties": {
        "id": 893,
        "category": "station",
        "value": 4.37
      }
    },
    {
      "type": "Feature",
      "geometry": {
        "type": "Point",
        "coordinates": [
          -118.89799,
          -23.63253
        ]
      },
      "properties": {
        "id": 894,
        "category": "poi",
        "value": 46.78
      }
    },
    {
      "type": "Feature",
      "geometry": {
        "type": "Point",
        "coordinates": [
          27.73528,
          -19.06018
        ]
      },
      "properties": {
        "id": 895,
        "category": "node",
        "value": 35.37
      }
    },
    {
      "type": "Feature",
      "geometry": {
        "type": "Point",
        "coordinates": [
          -177.84429,
          13.45748
        ]
      },
      "properties": {
        "id": 896,
        "category": "sensor",
        "value": 33.38
      }
    },
    {
      "type": "Feature",
      "geometry": {
        "type": "Point",
        "coordinates": [
          -172.61561,
          -6.90069
        ]
      },
      "properties": {
        "id": 897,
        "category": "station",
        "value": 98.64
      }
    },
    {
      "type": "Feature",
      "geometry": {
        "type": "Point",
        "coordinates": [
          -163.66266,
          -60.20913
        ]
      },
      "properties": {
        "id": 898,
        "category": "poi",
        "value": 67.1
      }
    },
    {
      "type": "Feature",
      "geometry": {
        "type": "Point",
        "coordinates": [
          -81.83993,
          -38.53253
        ]
      },
      "properties": {
        "id": 899,
        "category": "node",
        "value": 50.0
      }
    },
    {
      "type": "Feature",
      "geometry": {
        "type": "Point",
        "coordinates": [
          -85.65566,
          11.72334
        ]
      },
      "properties": {
        "id": 900,
        "category": "sensor",
        "value": 52.81
      }
    },
    {
      "type": "Feature",
      "geometry": {
        "type": "Point",
        "coordinates": [
          164.5058,
          83.67103
        ]
      },
      "properties": {
        "id": 901,
        "category": "station",
        "value": 3.41
      }
    },
    {
      "type": "Feature",
      "geometry": {
        "type": "Point",
        "coordinates": [
          21.82624,
          46.05517
        ]
      },
      "properties": {
        "id": 902,
        "category": "poi",
        "value": 87.24
      }
    },
    {
      "type": "Feature",
      "geometry": {
        "type": "Point",
        "coordinates": [
          98.74744,
          22.62731
        ]
      },
      "properties": {
        "id": 903,
        "category": "node",
        "value": 63.46
      }
    },
    {
      "type": "Feature",
      "geometry": {
        "type": "Point",
        "coordinates": [
          -49.35224,
          -37.13079
        ]
      },
      "properties": {
        "id": 904,
        "category": "sensor",
        "value": 79.53
      }
    },
    {
      "type": "Feature",
      "geometry": {
        "type": "Point",
        "coordinates": [
          134.21286,
          74.56943
        ]
      },
      "properties": {
        "id": 905,
        "category": "station",
        "value": 68.13
      }
    },
    {
      "type": "Feature",
      "geometry": {
        "type": "Point",
        "coordinates": [
          -70.56148,
          44.76646
        ]
      },
      "properties": {
        "id": 906,
        "category": "poi",
        "value": 73.95
      }
    },
    {
      "type": "Feature",
      "geometry": {
        "type": "Point",
        "coordinates": [
          3.20653,
          22.98562
        ]
      },
      "properties": {
        "id": 907,
        "category": "node",
        "value": 35.04
      }
    },
    {
      "type": "Feature",
      "geometry": {
        "type": "Point",
        "coordinates": [
          18.26646,
          -15.98638
        ]
      },
      "properties": {
        "id": 908,
        "category": "sensor",
        "value": 6.04
      }
    },
    {
      "type": "Feature",
      "geometry": {
        "type": "Point",
        "coordinates": [
          -58.60212,
          -30.056
        ]
      },
      "properties": {
        "id": 909,
        "category": "station",
        "value": 98.84
      }
    },
    {
      "type": "Feature",
      "geometry": {
        "type": "Point",
        "coordinates": [
          -6.67217,
          -22.56147
        ]
      },
      "properties": {
        "id": 910,
        "category": "poi",
        "value": 24.34
      }
    },
    {
      "type": "Feature",
      "geometry": {
        "type": "Point",
        "coordinates": [
          -95.46672,
          -25.62988
        ]
      },
      "properties": {
        "id": 911,
        "category": "node",
        "value": 13.56
      }
    },
    {
      "type": "Feature",
      "geometry": {
        "type": "Point",
        "coordinates": [
          -177.3963,
          63.06599
        ]
      },
      "properties": {
        "id": 912,
        "category": "sensor",
        "value": 45.31
      }
    },
    {
      "type": "Feature",
      "geometry": {
        "type": "Point",
        "coordinates": [
          -19.61342,
          11.68357
        ]
      },
      "properties": {
        "id": 913,
        "category": "station",
        "value": 30.24
      }
    },
    {
      "type": "Feature",
      "geometry": {
        "type": "Point",
        "coordinates": [
          -119.18908,
          -73.7247
        ]
      },
      "properties": {
        "id": 914,
        "category": "poi",
        "value": 30.15
      }
    },
    {
      "type": "Feature",
      "geometry": {
        "type": "Point",
        "coordinates": [
          -68.94129,
          38.53134
        ]
      },
      "properties": {
        "id": 915,
        "category": "node",
        "value": 55.13
      }
    },
    {
      "type": "Feature",
      "geometry": {
        "type": "Point",
        "coordinates": [
          157.47466,
          -27.12058
        ]
      },
      "properties": {
        "id": 916,
        "category": "sensor",
        "value": 92.12
      }
    },
    {
      "type": "Feature",
      "geometry": {
        "type": "Point",
        "coordinates": [
          30.00396,
          -71.39456
        ]
      },
      "properties": {
        "id": 917,
        "category": "station",
        "value": 17.87
      }
    },
    {
      "type": "Feature",
      "geometry": {
        "type": "Point",
        "coordinates": [
          28.97298,
          82.86858
        ]
      },
      "properties": {
        "id": 918,
        "category": "poi",
        "value": 35.7
      }
    },
    {
      "type": "Feature",
      "geometry": {
        "type": "Point",
        "coordinates": [
          98.79798,
          -12.19415
        ]
      },
      "properties": {
        "id": 919,
        "category": "node",
        "value": 86.83
      }
    },
    {
      "type": "Feature",
      "geometry": {
        "type": "Point",
        "coordinates": [
          -155.61106,
          -2.63231
        ]
      },
      "properties": {
        "id": 920,
        "category": "sensor",
        "value": 89.91
      }
    },
    {
      "type": "Feature",
      "geometry": {
        "type": "Point",
        "coordinates": [
          -80.68607,
          -41.21833
        ]
      },
      "properties": {
        "id": 921,
        "category": "station",
        "value": 2.31
      }
    },
    {
      "type": "Feature",
      "geometry": {
        "type": "Point",
        "coordinates": [
          -120.75656,
          -39.43132
        ]
      },
      "properties": {
        "id": 922,
        "category": "poi",
        "value": 70.44
      }
    },
    {
      "type": "Feature",
      "geometry": {
        "type": "Point",
        "coordinates": [
          -101.40687,
          -17.07249
        ]
      },
      "properties": {
        "id": 923,
        "category": "node",
        "value": 20.03
      }
    },
    {
      "type": "Feature",
      "geometry": {
        "type": "Point",
        "coordinates": [
          37.0448,
          61.89221
        ]
      },
      "properties": {
        "id": 924,
        "category": "sensor",
        "value": 64.81
      }
    },
    {
      "type": "Feature",
      "geometry": {
        "type": "Point",
        "coordinates": [
          -109.18406,
          39.76119
        ]
      },
      "properties": {
        "id": 925,
        "category": "station",
        "value": 96.31
      }
    },
    {
      "type": "Feature",
      "geometry": {
        "type": "Point",
        "coordinates": [
          36.36781,
          -71.51757
        ]
      },
      "properties": {
        "id": 926,
        "category": "poi",
        "value": 80.95
      }
    },
    {
      "type": "Feature",
      "geometry": {
        "type": "Point",
        "coordinates": [
          135.18578,
          -27.00274
        ]
      },
      "properties": {
        "id": 927,
        "category": "node",
        "value": 13.67
      }
    },
    {
      "type": "Feature",
      "geometry": {
        "type": "Point",
        "coordinates": [
          -112.2563,
          6.2797
        ]
      },
      "properties": {
        "id": 928,
        "category": "sensor",
        "value": 87.54
      }
    },
    {
      "type": "Feature",
      "geometry": {
        "type": "Point",
        "coordinates": [
          50.36121,
          71.89092
        ]
      },
      "properties": {
        "id": 929,
        "category": "station",
        "value": 21.22
      }
    },
    {
      "type": "Feature",
      "geometry": {
        "type": "Point",
        "coordinates": [
          -62.36995,
          42.38515
        ]
      },
      "properties": {
        "id": 930,
        "category": "poi",
        "value": 64.89
      }
    },
    {
      "type": "Feature",
      "geometry": {
        "type": "Point",
        "coordinates": [
          -34.08557,
          30.42382
        ]
      },
      "properties": {
        "id": 931,
        "category": "node",
        "value": 33.78
      }
    },
    {
      "type": "Feature",
      "geometry": {
        "type": "Point",
        "coordinates": [
          -159.3187,
          -14.57378
        ]
      },
      "properties": {
        "id": 932,
        "category": "sensor",
        "value": 4.55
      }
    },
    {
      "type": "Feature",
      "geometry": {
        "type": "Point",
        "coordinates": [
          45.47205,
          -28.13165
        ]
      },
      "properties": {
        "id": 933,
        "category": "station",
        "value": 49.44
      }
    },
    {
      "type": "Feature",
      "geometry": {
        "type": "Point",
        "coordinates": [
          35.22488,
          -41.30705
        ]
      },
      "properties": {
        "id": 934,
        "category": "poi",
        "value": 46.34
      }
    },
    {
      "type": "Feature",
      "geometry": {
        "type": "Point",
        "coordinates": [
          -175.10397,
          72.29913
        ]
      },
      "properties": {
        "id": 935,
        "category": "node",
        "value": 56.41
      }
    },
    {
      "type": "Feature",
      "geometry": {
        "type": "Point",
        "coordinates": [
          175.50889,
          -75.47702
        ]
      },
      "properties": {
        "id": 936,
        "category": "sensor",
        "value": 61.4
      }
    },
    {
      "type": "Feature",
      "geometry": {
        "type": "Point",
        "coordinates": [
          80.68854,
          -29.04176
        ]
      },
      "properties": {
        "id": 937,
        "category": "station",
        "value": 9.34
      }
    },
    {
      "type": "Feature",
      "geometry": {
        "type": "Point",
        "coordinates": [
          -123.77106,
          -60.74813
        ]
      },
      "properties": {
        "id": 938,
        "category": "poi",
        "value": 76.72
      }
    },
    {
      "type": "Feature",
      "geometry": {
        "type": "Point",
        "coordinates": [
          -147.64752,
          53.38294
        ]
      },
      "properties": {
        "id": 939,
        "category": "node",
        "value": 42.32
      }
    },
    {
      "type": "Feature",
      "geometry": {
        "type": "Point",
        "coordinates": [
          13.91793,
          15.04313
        ]
      },
      "properties": {
        "id": 940,
        "category": "sensor",
        "value": 55.5
      }
    },
    {
      "type": "Feature",
      "geometry": {
        "type": "Point",
        "coordinates": [
          56.64937,
          17.26675
        ]
      },
      "properties": {
        "id": 941,
        "category": "station",
        "value": 33.08
      }
    },
    {
      "type": "Feature",
      "geometry": {
        "type": "Point",
        "coordinates": [
          86.7899,
          -41.16874
        ]
      },
      "properties": {
        "id": 942,
        "category": "poi",
        "value": 71.14
      }
    },
    {
      "type": "Feature",
      "geometry": {
        "type": "Point",
        "coordinates": [
          94.79107,
          46.91859
        ]
      },
      "properties": {
        "id": 943,
        "category": "node",
        "value": 30.93
      }
    },
    {
      "type": "Feature",
      "geometry": {
        "type": "Point",
        "coordinates": [
          98.13814,
          81.15542
        ]
      },
      "properties": {
        "id": 944,
        "category": "sensor",
        "value": 45.32
      }
    },
    {
      "type": "Feature",
      "geometry": {
        "type": "Point",
        "coordinates": [
          -79.8254,
          3.9648
        ]
      },
      "properties": {
        "id": 945,
        "category": "station",
        "value": 94.09
      }
    },
    {
      "type": "Feature",
      "geometry": {
        "type": "Point",
        "coordinates": [
          -132.52873,
          -83.46315
        ]
      },
      "properties": {
        "id": 946,
        "category": "poi",
        "value": 47.58
      }
    },
    {
      "type": "Feature",
      "geometry": {
        "type": "Point",
        "coordinates": [
          55.92999,
          46.60786
        ]
      },
      "properties": {
        "id": 947,
        "category": "node",
        "value": 36.25
      }
    },
    {
      "type": "Feature",
      "geometry": {
        "type": "Point",
        "coordinates": [
          176.22906,
          -46.2115
        ]
      },
      "properties": {
        "id": 948,
        "category": "sensor",
        "value": 75.66
      }
    },
    {
      "type": "Feature",
      "geometry": {
        "type": "Point",
        "coordinates": [
          -147.63159,
          -80.24829
        ]
      },
      "properties": {
        "id": 949,
        "category": "station",
        "value": 13.41
      }
    },
    {
      "type": "Feature",
      "geometry": {
        "type": "Point",
        "coordinates": [
          -158.34014,
          0.31466
        ]
      },
      "properties": {
        "id": 950,
        "category": "poi",
        "value": 55.52
      }
    },
    {
      "type": "Feature",
      "geometry": {
        "type": "Point",
        "coordinates": [
          -114.54502,
          74.75706
        ]
      },
      "properties": {
        "id": 951,
        "category": "node",
        "value": 36.56
      }
    },
    {
      "type": "Feature",
      "geometry": {
        "type": "Point",
        "coordinates": [
          -126.24647,
          -54.83703
        ]
      },
      "properties": {
        "id": 952,
        "category": "sensor",
        "value": 73.77
      }
    },
    {
      "type": "Feature",
      "geometry": {
        "type": "Point",
        "coordinates": [
          151.72439,
          -57.44641
        ]
      },
      "properties": {
        "id": 953,
        "category": "station",
        "value": 2.9
      }
    },
    {
      "type": "Feature",
      "geometry": {
        "type": "Point",
        "coordinates": [
          100.1179,
          -43.76047
        ]
      },
      "properties": {
        "id": 954,
        "category": "poi",
        "value": 98.23
      }
    },
    {
      "type": "Feature",
      "geometry": {
        "type": "Point",
        "coordinates": [
          -0.38253,
          23.14135
        ]
      },
      "properties": {
        "id": 955,
        "category": "node",
        "value": 34.42
      }
    },
    {
      "type": "Feature",
      "geometry": {
        "type": "Point",
        "coordinates": [
          108.19237,
          -6.78318
        ]
      },
      "properties": {
        "id": 956,
        "category": "sensor",
        "value": 32.38
      }
    },
    {
      "type": "Feature",
      "geometry": {
        "type": "Point",
        "coordinates": [
          145.26024,
          -66.67327
        ]
      },
      "properties": {
        "id": 957,
        "category": "station",
        "value": 73.34
      }
    },
    {
      "type": "Feature",
      "geometry": {
        "type": "Point",
        "coordinates": [
          -156.44199,
          24.72816
        ]
      },
      "properties": {
        "id": 958,
        "category": "poi",
        "value": 40.19
      }
    },
    {
      "type": "Feature",
      "geometry": {
        "type": "Point",
        "coordinates": [
          131.06129,
          -74.80246
        ]
      },
      "properties": {
        "id": 959,
        "category": "node",
        "value": 56.42
      }
    },
    {
      "type": "Feature",
      "geometry": {
        "type": "Point",
        "coordinates": [
          -32.42614,
          71.25204
        ]
      },
      "properties": {
        "id": 960,
        "category": "sensor",
        "value": 94.5
      }
    },
    {
      "type": "Feature",
      "geometry": {
        "type": "Point",
        "coordinates": [
          45.76419,
          -46.90593
        ]
      },
      "properties": {
        "id": 961,
        "category": "station",
        "value": 25.19
      }
    },
    {
      "type": "Feature",
      "geometry": {
        "type": "Point",
        "coordinates": [
          -85.56451,
          -11.25494
        ]
      },
      "properties": {
        "id": 962,
        "category": "poi",
        "value": 23.14
      }
    },
    {
      "type": "Feature",
      "geometry": {
        "type": "Point",
        "coordinates": [
          -106.8461,
          44.05846
        ]
      },
      "properties": {
        "id": 963,
        "category": "node",
        "value": 64.27
      }
    },
    {
      "type": "Feature",
      "geometry": {
        "type": "Point",
        "coordinates": [
          -72.55428,
          84.03297
        ]
      },
      "properties": {
        "id": 964,
        "category": "sensor",
        "value": 21.66
      }
    },
    {
      "type": "Feature",
      "geometry": {
        "type": "Point",
        "coordinates": [
          25.02838,
          -58.35699
        ]
      },
      "properties": {
        "id": 965,
        "category": "station",
        "value": 86.31
      }
    },
    {
      "type": "Feature",
      "geometry": {
        "type": "Point",
        "coordinates": [
          132.93524,
          -39.56305
        ]
      },
      "properties": {
        "id": 966,
        "category": "poi",
        "value": 75.15
      }
    },
    {
      "type": "Feature",
      "geometry": {
        "type": "Point",
        "coordinates": [
          116.21872,
          -36.96379
        ]
      },
      "properties": {
        "id": 967,
        "category": "node",
        "value": 33.15
      }
    },
    {
      "type": "Feature",
      "geometry": {
        "type": "Point",
        "coordinates": [
          -5.20149,
          66.46483
        ]
      },
      "properties": {
        "id": 968,
        "category": "sensor",
        "value": 16.16
      }
    },
    {
      "type": "Feature",
      "geometry": {
        "type": "Point",
        "coordinates": [
          65.79841,
          16.59065
        ]
      },
      "properties": {
        "id": 969,
        "category": "station",
        "value": 45.3
      }
    },
    {
      "type": "Feature",
      "geometry": {
        "type": "Point",
        "coordinates": [
          28.52072,
          65.08587
        ]
      },
      "properties": {
        "id": 970,
        "category": "poi",
        "value": 20.98
      }
    },
    {
      "type": "Feature",
      "geometry": {
        "type": "Point",
        "coordinates": [
          138.0848,
          -23.73806
        ]
      },
      "properties": {
        "id": 971,
        "category": "node",
        "value": 77.98
      }
    },
    {
      "type": "Feature",
      "geometry": {
        "type": "Point",
        "coordinates": [
          130.8053,
          -54.00947
        ]
      },
      "properties": {
        "id": 972,
        "category": "sensor",
        "value": 86.4
      }
    },
    {
      "type": "Feature",
      "geometry": {
        "type": "Point",
        "coordinates": [
          178.13633,
          -34.40754
        ]
      },
      "properties": {
        "id": 973,
        "category": "station",
        "value": 2.44
      }
    },
    {
      "type": "Feature",
      "geometry": {
        "type": "Point",
        "coordinates": [
          -139.83894,
          80.63719
        ]
      },
      "properties": {
        "id": 974,
        "category": "poi",
        "value": 0.94
      }
    },
    {
      "type": "Feature",
      "geometry": {
        "type": "Point",
        "coordinates": [
          148.17855,
          -59.36357
        ]
      },
      "properties": {
        "id": 975,
        "category": "node",
        "value": 73.6
      }
    },
    {
      "type": "Feature",
      "geometry": {
        "type": "Point",
        "coordinates": [
          -144.88258,
          -56.31385
        ]
      },
      "properties": {
        "id": 976,
        "category": "sensor",
        "value": 68.28
      }
    },
    {
      "type": "Feature",
      "geometry": {
        "type": "Point",
        "coordinates": [
          -147.5167,
          -27.27824
        ]
      },
      "properties": {
        "id": 977,
        "category": "station",
        "value": 91.85
      }
    },
    {
      "type": "Feature",
      "geometry": {
        "type": "Point",
        "coordinates": [
          77.88839,
          64.93172
        ]
      },
      "properties": {
        "id": 978,
        "category": "poi",
        "value": 97.97
      }
    },
    {
      "type": "Feature",
      "geometry": {
        "type": "Point",
        "coordinates": [
          -168.15058,
          -45.11606
        ]
      },
      "properties": {
        "id": 979,
        "category": "node",
        "value": 79.21
      }
    },
    {
      "type": "Feature",
      "geometry": {
        "type": "Point",
        "coordinates": [
          68.20494,
          -78.56142
        ]
      },
      "properties": {
        "id": 980,
        "category": "sensor",
        "value": 50.48
      }
    },
    {
      "type": "Feature",
      "geometry": {
        "type": "Point",
        "coordinates": [
          -96.61365,
          -11.81563
        ]
      },
      "properties": {
        "id": 981,
        "category": "station",
        "value": 10.49
      }
    },
    {
      "type": "Feature",
      "geometry": {
        "type": "Point",
        "coordinates": [
          -172.82336,
          83.43251
        ]
      },
      "properties": {
        "id": 982,
        "category": "poi",
        "value": 31.65
      }
    },
    {
      "type": "Feature",
      "geometry": {
        "type": "Point",
        "coordinates": [
          136.28597,
          -64.52119
        ]
      },
      "properties": {
        "id": 983,
        "category": "node",
        "value": 48.74
      }
    },
    {
      "type": "Feature",
      "geometry": {
        "type": "Point",
        "coordinates": [
          -131.10829,
          -12.15929
        ]
      },
      "properties": {
        "id": 984,
        "category": "sensor",
        "value": 17.9
      }
    },
    {
      "type": "Feature",
      "geometry": {
        "type": "Point",
        "coordinates": [
          66.74059,
          -59.85091
        ]
      },
      "properties": {
        "id": 985,
        "category": "station",
        "value": 73.82
      }
    },
    {
      "type": "Feature",
      "geometry": {
        "type": "Point",
        "coordinates": [
          0.26237,
          -65.89827
        ]
      },
      "properties": {
        "id": 986,
        "category": "poi",
        "value": 35.36
      }
    },
    {
      "type": "Feature",
      "geometry": {
        "type": "Point",
        "coordinates": [
          -1.34405,
          71.17751
        ]
      },
      "properties": {
        "id": 987,
        "category": "node",
        "value": 34.94
      }
    },
    {
      "type": "Feature",
      "geometry": {
        "type": "Point",
        "coordinates": [
          -102.55055,
          79.47511
        ]
      },
      "properties": {
        "id": 988,
        "category": "sensor",
        "value": 88.32
      }
    },
    {
      "type": "Feature",
      "geometry": {
        "type": "Point",
        "coordinates": [
          83.30341,
          -38.59461
        ]
      },
      "properties": {
        "id": 989,
        "category": "station",
        "value": 17.72
      }
    },
    {
      "type": "Feature",
      "geometry": {
        "type": "Point",
        "coordinates": [
          -84.72662,
          -73.28346
        ]
      },
      "properties": {
        "id": 990,
        "category": "poi",
        "value": 4.32
      }
    },
    {
      "type": "Feature",
      "geometry": {
        "type": "Point",
        "coordinates": [
          3.15047,
          -15.61919
        ]
      },
      "properties": {
        "id": 991,
        "category": "node",
        "value": 55.66
      }
    },
    {
      "type": "Feature",
      "geometry": {
        "type": "Point",
        "coordinates": [
          -49.46045,
          -83.19968
        ]
      },
      "properties": {
        "id": 992,
        "category": "sensor",
        "value": 68.81
      }
    },
    {
      "type": "Feature",
      "geometry": {
        "type": "Point",
        "coordinates": [
          55.12121,
          7.47483
        ]
      },
      "properties": {
        "id": 993,
        "category": "station",
        "value": 54.88
      }
    },
    {
      "type": "Feature",
      "geometry": {
        "type": "Point",
        "coordinates": [
          68.50369,
          82.00144
        ]
      },
      "properties": {
        "id": 994,
        "category": "poi",
        "value": 87.41
      }
    },
    {
      "type": "Feature",
      "geometry": {
        "type": "Point",
        "coordinates": [
          78.39352,
          -17.12187
        ]
      },
      "properties": {
        "id": 995,
        "category": "node",
        "value": 31.83
      }
    },
    {
      "type": "Feature",
      "geometry": {
        "type": "Point",
        "coordinates": [
          -29.10631,
          80.39918
        ]
      },
      "properties": {
        "id": 996,
        "category": "sensor",
        "value": 38.71
      }
    },
    {
      "type": "Feature",
      "geometry": {
        "type": "Point",
        "coordinates": [
          -41.25067,
          -15.30468
        ]
      },
      "properties": {
        "id": 997,
        "category": "station",
        "value": 14.31
      }
    },
    {
      "type": "Feature",
      "geometry": {
        "type": "Point",
        "coordinates": [
          179.40779,
          -84.10734
        ]
      },
      "properties": {
        "id": 998,
        "category": "poi",
        "value": 60.78
      }
    },
    {
      "type": "Feature",
      "geometry": {
        "type": "Point",
        "coordinates": [
          153.46206,
          -41.70689
        ]
      },
      "properties": {
        "id": 999,
        "category": "node",
        "value": 61.09
      }
    },
    {
      "type": "Feature",
      "geometry": {
        "type": "Point",
        "coordinates": [
          -44.29146,
          -44.07046
        ]
      },
      "properties": {
        "id": 1000,
        "category": "sensor",
        "value": 19.84
      }
    },
    {
      "type": "Feature",
      "geometry": {
        "type": "Point",
        "coordinates": [
          -138.18046,
          58.31975
        ]
      },
      "properties": {
        "id": 1001,
        "category": "station",
        "value": 78.4
      }
    },
    {
      "type": "Feature",
      "geometry": {
        "type": "Point",
        "coordinates": [
          147.06752,
          -76.5833
        ]
      },
      "properties": {
        "id": 1002,
        "category": "poi",
        "value": 69.42
      }
    },
    {
      "type": "Feature",
      "geometry": {
        "type": "Point",
        "coordinates": [
          -63.22577,
          24.858
        ]
      },
      "properties": {
        "id": 1003,
        "category": "node",
        "value": 54.89
      }
    },
    {
      "type": "Feature",
      "geometry": {
        "type": "Point",
        "coordinates": [
          -66.37817,
          80.17422
        ]
      },
      "properties": {
        "id": 1004,
        "category": "sensor",
        "value": 0.09
      }
    },
    {
      "type": "Feature",
      "geometry": {
        "type": "Point",
        "coordinates": [
          88.63433,
          60.09037
        ]
      },
      "properties": {
        "id": 1005,
        "category": "station",
        "value": 51.01
      }
    },
    {
      "type": "Feature",
      "geometry": {
        "type": "Point",
        "coordinates": [
          33.2258,
          84.10728
        ]
      },
      "properties": {
        "id": 1006,
        "category": "poi",
        "value": 23.44
      }
    },
    {
      "type": "Feature",
      "geometry": {
        "type": "Point",
        "coordinates": [
          46.62488,
          41.36198
        ]
      },
      "properties": {
        "id": 1007,
        "category": "node",
        "value": 37.88
      }
    },
    {
      "type": "Feature",
      "geometry": {
        "type": "Point",
        "coordinates": [
          76.38226,
          -18.10094
        ]
      },
      "properties": {
        "id": 1008,
        "category": "sensor",
        "value": 52.63
      }
    },
    {
      "type": "Feature",
      "geometry": {
        "type": "Point",
        "coordinates": [
          40.61296,
          30.12447
        ]
      },
      "properties": {
        "id": 1009,
        "category": "station",
        "value": 32.21
      }
    },
    {
      "type": "Feature",
      "geometry": {
        "type": "Point",
        "coordinates": [
          46.40422,
          7.3215
        ]
      },
      "properties": {
        "id": 1010,
        "category": "poi",
        "value": 22.33
      }
    },
    {
      "type": "Feature",
      "geometry": {
        "type": "Point",
        "coordinates": [
          40.50636,
          -39.96182
        ]
      },
      "properties": {
        "id": 1011,
        "category": "node",
        "value": 90.87
      }
    },
    {
      "type": "Feature",
      "geometry": {
        "type": "Point",
        "coordinates": [
          -9.62046,
          37.66543
        ]
      },
      "properties": {
        "id": 1012,
        "category": "sensor",
        "value": 52.2
      }
    },
    {
      "type": "Feature",
      "geometry": {
        "type": "Point",
        "coordinates": [
          -8.41744,
          -47.39192
        ]
      },
      "properties": {
        "id": 1013,
        "category": "station",
        "value": 14.21
      }
    },
    {
      "type": "Feature",
      "geometry": {
        "type": "Point",
        "coordinates": [
          153.83833,
          4.88745
        ]
      },
      "properties": {
        "id": 1014,
        "category": "poi",
        "value": 52.39
      }
    },
    {
      "type": "Feature",
      "geometry": {
        "type": "Point",
        "coordinates": [
          9.89073,
          53.27001
        ]
      },
      "properties": {
        "id": 1015,
        "category": "node",
        "value": 23.86
      }
    },
    {
      "type": "Feature",
      "geometry": {
        "type": "Point",
        "coordinates": [
          -117.9532,
          54.72045
        ]
      },
      "properties": {
        "id": 1016,
        "category": "sensor",
        "value": 46.03
      }
    },
    {
      "type": "Feature",
      "geometry": {
        "type": "Point",
        "coordinates": [
          50.58931,
          55.66544
        ]
      },
      "properties": {
        "id": 1017,
        "category": "station",
        "value": 89.4
      }
    },
    {
      "type": "Feature",
      "geometry": {
        "type": "Point",
        "coordinates": [
          132.4011,
          -77.64594
        ]
      },
      "properties": {
        "id": 1018,
        "category": "poi",
        "value": 38.13
      }
    },
    {
      "type": "Feature",
      "geometry": {
        "type": "Point",
        "coordinates": [
          119.56352,
          54.02102
        ]
      },
      "properties": {
        "id": 1019,
        "category": "node",
        "value": 12.3
      }
    },
    {
      "type": "Feature",
      "geometry": {
        "type": "Point",
        "coordinates": [
          -124.61601,
          -42.24809
        ]
      },
      "properties": {
        "id": 1020,
        "category": "sensor",
        "value": 10.28
      }
    },
    {
      "type": "Feature",
      "geometry": {
        "type": "Point",
        "coordinates": [
          -51.60722,
          51.54622
        ]
      },
      "properties": {
        "id": 1021,
        "category": "station",
        "value": 52.14
      }
    },
    {
      "type": "Feature",
      "geometry": {
        "type": "Point",
        "coordinates": [
          -16.99018,
          -70.03995
        ]
      },
      "properties": {
        "id": 1022,
        "category": "poi",
        "value": 39.55
      }
    },
    {
      "type": "Feature",
      "geometry": {
        "type": "Point",
        "coordinates": [
          178.90631,
          33.15267
        ]
      },
      "properties": {
        "id": 1023,
        "category": "node",
        "value": 44.93
      }
    },
    {
      "type": "Feature",
      "geometry": {
        "type": "Point",
        "coordinates": [
          -7.79761,
          50.70788
        ]
      },
      "properties": {
        "id": 1024,
        "category": "sensor",
        "value": 75.88
      }
    },
    {
      "type": "Feature",
      "geometry": {
        "type": "Point",
        "coordinates": [
          -126.04301,
          30.63059
        ]
      },
      "properties": {
        "id": 1025,
        "category": "station",
        "value": 36.69
      }
    },
    {
      "type": "Feature",
      "geometry": {
        "type": "Point",
        "coordinates": [
          7.44975,
          -44.60302
        ]
      },
      "properties": {
        "id": 1026,
        "category": "poi",
        "value": 37.08
      }
    },
    {
      "type": "Feature",
      "geometry": {
        "type": "Point",
        "coordinates": [
          -57.56595,
          -20.20736
        ]
      },
      "properties": {
        "id": 1027,
        "category": "node",
        "value": 1.78
      }
    },
    {
      "type": "Feature",
      "geometry": {
        "type": "Point",
        "coordinates": [
          -107.69297,
          11.9935
        ]
      },
      "properties": {
        "id": 1028,
        "category": "sensor",
        "value": 5.77
      }
    },
    {
      "type": "Feature",
      "geometry": {
        "type": "Point",
        "coordinates": [
          -115.7654,
          37.09069
        ]
      },
      "properties": {
        "id": 1029,
        "category": "station",
        "value": 27.46
      }
    },
    {
      "type": "Feature",
      "geometry": {
        "type": "Point",
        "coordinates": [
          -63.35499,
          -43.88863
        ]
      },
      "properties": {
        "id": 1030,
        "category": "poi",
        "value": 83.41
      }
    },
    {
      "type": "Feature",
      "geometry": {
        "type": "Point",
        "coordinates": [
          -147.12167,
          23.1443
        ]
      },
      "properties": {
        "id": 1031,
        "category": "node",
        "value": 85.89
      }
    },
    {
      "type": "Feature",
      "geometry": {
        "type": "Point",
        "coordinates": [
          -107.39414,
          -13.06524
        ]
      },
      "properties": {
        "id": 1032,
        "category": "sensor",
        "value": 79.23
      }
    },
    {
      "type": "Feature",
      "geometry": {
        "type": "Point",
        "coordinates": [
          42.43013,
          -21.82478
        ]
      },
      "properties": {
        "id": 1033,
        "category": "station",
        "value": 4.39
      }
    },
    {
      "type": "Feature",
      "geometry": {
        "type": "Point",
        "coordinates": [
          -20.6892,
          -22.58035
        ]
      },
      "properties": {
        "id": 1034,
        "category": "poi",
        "value": 71.25
      }
    },
    {
      "type": "Feature",
      "geometry": {
        "type": "Point",
        "coordinates": [
          -73.71121,
          -15.65287
        ]
      },
      "properties": {
        "id": 1035,
        "category": "node",
        "value": 64.82
      }
    },
    {
      "type": "Feature",
      "geometry": {
        "type": "Point",
        "coordinates": [
          111.89751,
          -25.10007
        ]
      },
      "properties": {
        "id": 1036,
        "category": "sensor",
        "value": 38.54
      }
    },
    {
      "type": "Feature",
      "geometry": {
        "type": "Point",
        "coordinates": [
          28.33233,
          72.2189
        ]
      },
      "properties": {
        "id": 1037,
        "category": "station",
        "value": 19.16
      }
    },
    {
      "type": "Feature",
      "geometry": {
        "type": "Point",
        "coordinates": [
          169.69546,
          36.02232
        ]
      },
      "properties": {
        "id": 1038,
        "category": "poi",
        "value": 37.24
      }
    },
    {
      "type": "Feature",
      "geometry": {
        "type": "Point",
        "coordinates": [
          59.6165,
          -28.9934
        ]
      },
      "properties": {
        "id": 1039,
        "category": "node",
        "value": 7.08
      }
    },
    {
      "type": "Feature",
      "geometry": {
        "type": "Point",
        "coordinates": [
          92.17382,
          -20.50148
        ]
      },
      "properties": {
        "id": 1040,
        "category": "sensor",
        "value": 52.58
      }
    },
    {
      "type": "Feature",
      "geometry": {
        "type": "Point",
        "coordinates": [
          -1.2241,
          68.22327
        ]
      },
      "properties": {
        "id": 1041,
        "category": "station",
        "value": 75.7
      }
    },
    {
      "type": "Feature",
      "geometry": {
        "type": "Point",
        "coordinates": [
          -170.78784,
          15.77202
        ]
      },
      "properties": {
        "id": 1042,
        "category": "poi",
        "value": 46.25
      }
    },
    {
      "type": "Feature",
      "geometry": {
        "type": "Point",
        "coordinates": [
          -13.61586,
          57.72861
        ]
      },
      "properties": {
        "id": 1043,
        "category": "node",
        "value": 41.49
      }
    },
    {
      "type": "Feature",
      "geometry": {
        "type": "Point",
        "coordinates": [
          -9.50313,
          66.35986
        ]
      },
      "properties": {
        "id": 1044,
        "category": "sensor",
        "value": 43.98
      }
    },
    {
      "type": "Feature",
      "geometry": {
        "type": "Point",
        "coordinates": [
          -3.14275,
          2.00474
        ]
      },
      "properties": {
        "id": 1045,
        "category": "station",
        "value": 82.47
      }
    },
    {
      "type": "Feature",
      "geometry": {
        "type": "Point",
        "coordinates": [
          61.33699,
          40.87619
        ]
      },
      "properties": {
        "id": 1046,
        "category": "poi",
        "value": 40.17
      }
    },
    {
      "type": "Feature",
      "geometry": {
        "type": "Point",
        "coordinates": [
          -165.38833,
          30.57306
        ]
      },
      "properties": {
        "id": 1047,
        "category": "node",
        "value": 55.38
      }
    },
    {
      "type": "Feature",
      "geometry": {
        "type": "Point",
        "coordinates": [
          96.92223,
          45.8793
        ]
      },
      "properties": {
        "id": 1048,
        "category": "sensor",
        "value": 11.81
      }
    },
    {
      "type": "Feature",
      "geometry": {
        "type": "Point",
        "coordinates": [
          -100.54494,
          -71.88674
        ]
      },
      "properties": {
        "id": 1049,
        "category": "station",
        "value": 81.75
      }
    },
    {
      "type": "Feature",
      "geometry": {
        "type": "Point",
        "coordinates": [
          -143.38568,
          -69.99746
        ]
      },
      "properties": {
        "id": 1050,
        "category": "poi",
        "value": 75.33
      }
    },
    {
      "type": "Feature",
      "geometry": {
        "type": "Point",
        "coordinates": [
          23.18896,
          -75.6492
        ]
      },
      "properties": {
        "id": 1051,
        "category": "node",
        "value": 68.1
      }
    },
    {
      "type": "Feature",
      "geometry": {
        "type": "Point",
        "coordinates": [
          75.9815,
          -2.92545
        ]
      },
      "properties": {
        "id": 1052,
        "category": "sensor",
        "value": 5.48
      }
    },
    {
      "type": "Feature",
      "geometry": {
        "type": "Point",
        "coordinates": [
          68.76535,
          -13.95292
        ]
      },
      "properties": {
        "id": 1053,
        "category": "station",
        "value": 58.39
      }
    },
    {
      "type": "Feature",
      "geometry": {
        "type": "Point",
        "coordinates": [
          179.31405,
          53.86441
        ]
      },
      "properties": {
        "id": 1054,
        "category": "poi",
        "value": 87.19
      }
    },
    {
      "type": "Feature",
      "geometry": {
        "type": "Point",
        "coordinates": [
          -127.61118,
          -28.1629
        ]
      },
      "properties": {
        "id": 1055,
        "category": "node",
        "value": 51.82
      }
    },
    {
      "type": "Feature",
      "geometry": {
        "type": "Point",
        "coordinates": [
          -177.83054,
          83.07571
        ]
      },
      "properties": {
        "id": 1056,
        "category": "sensor",
        "value": 27.47
      }
    },
    {
      "type": "Feature",
      "geometry": {
        "type": "Point",
        "coordinates": [
          -85.55645,
          -31.78311
        ]
      },
      "properties": {
        "id": 1057,
        "category": "station",
        "value": 25.5
      }
    },
    {
      "type": "Feature",
      "geometry": {
        "type": "Point",
        "coordinates": [
          129.19619,
          9.46793
        ]
      },
      "properties": {
        "id": 1058,
        "category": "poi",
        "value": 51.1
      }
    },
    {
      "type": "Feature",
      "geometry": {
        "type": "Point",
        "coordinates": [
          -28.72088,
          -76.30466
        ]
      },
      "properties": {
        "id": 1059,
        "category": "node",
        "value": 30.45
      }
    },
    {
      "type": "Feature",
      "geometry": {
        "type": "Point",
        "coordinates": [
          132.03908,
          51.33525
        ]
      },
      "properties": {
        "id": 1060,
        "category": "sensor",
        "value": 85.66
      }
    },
    {
      "type": "Feature",
      "geometry": {
        "type": "Point",
        "coordinates": [
          -87.44949,
          -50.65876
        ]
      },
      "properties": {
        "id": 1061,
        "category": "station",
        "value": 5.21
      }
    },
    {
      "type": "Feature",
      "geometry": {
        "type": "Point",
        "coordinates": [
          13.26563,
          -21.45279
        ]
      },
      "properties": {
        "id": 1062,
        "category": "poi",
        "value": 46.42
      }
    },
    {
      "type": "Feature",
      "geometry": {
        "type": "Point",
        "coordinates": [
          -3.96466,
          14.24189
        ]
      },
      "properties": {
        "id": 1063,
        "category": "node",
        "value": 36.57
      }
    },
    {
      "type": "Feature",
      "geometry": {
        "type": "Point",
        "coordinates": [
          108.52179,
          -50.95477
        ]
      },
      "properties": {
        "id": 1064,
        "category": "sensor",
        "value": 91.94
      }
    },
    {
      "type": "Feature",
      "geometry": {
        "type": "Point",
        "coordinates": [
          20.20585,
          -76.30273
        ]
      },
      "properties": {
        "id": 1065,
        "category": "station",
        "value": 31.43
      }
    },
    {
      "type": "Feature",
      "geometry": {
        "type": "Point",
        "coordinates": [
          11.90843,
          -15.48214
        ]
      },
      "properties": {
        "id": 1066,
        "category": "poi",
        "value": 56.49
      }
    },
    {
      "type": "Feature",
      "geometry": {
        "type": "Point",
        "coordinates": [
          -63.52057,
          -38.4953
        ]
      },
      "properties": {
        "id": 1067,
        "category": "node",
        "value": 79.61
      }
    },
    {
      "type": "Feature",
      "geometry": {
        "type": "Point",
        "coordinates": [
          -75.04766,
          35.79454
        ]
      },
      "properties": {
        "id": 1068,
        "category": "sensor",
        "value": 80.25
      }
    },
    {
      "type": "Feature",
      "geometry": {
        "type": "Point",
        "coordinates": [
          33.15317,
          -7.71515
        ]
      },
      "properties": {
        "id": 1069,
        "category": "station",
        "value": 93.49
      }
    },
    {
      "type": "Feature",
      "geometry": {
        "type": "Point",
        "coordinates": [
          -19.84289,
          64.27048
        ]
      },
      "properties": {
        "id": 1070,
        "category": "poi",
        "value": 5.77
      }
    },
    {
      "type": "Feature",
      "geometry": {
        "type": "Point",
        "coordinates": [
          -23.86052,
          23.6765
        ]
      },
      "properties": {
        "id": 1071,
        "category": "node",
        "value": 4.9
      }
    },
    {
      "type": "Feature",
      "geometry": {
        "type": "Point",
        "coordinates": [
          130.54694,
          -72.77223
        ]
      },
      "properties": {
        "id": 1072,
        "category": "sensor",
        "value": 59.63
      }
    },
    {
      "type": "Feature",
      "geometry": {
        "type": "Point",
        "coordinates": [
          -115.14038,
          71.80774
        ]
      },
      "properties": {
        "id": 1073,
        "category": "station",
        "value": 56.11
      }
    },
    {
      "type": "Feature",
      "geometry": {
        "type": "Point",
        "coordinates": [
          108.25127,
          -0.30311
        ]
      },
      "properties": {
        "id": 1074,
        "category": "poi",
        "value": 67.39
      }
    },
    {
      "type": "Feature",
      "geometry": {
        "type": "Point",
        "coordinates": [
          62.98505,
          -34.86826
        ]
      },
      "properties": {
        "id": 1075,
        "category": "node",
        "value": 21.1
      }
    },
    {
      "type": "Feature",
      "geometry": {
        "type": "Point",
        "coordinates": [
          121.78906,
          -60.21816
        ]
      },
      "properties": {
        "id": 1076,
        "category": "sensor",
        "value": 91.79
      }
    },
    {
      "type": "Feature",
      "geometry": {
        "type": "Point",
        "coordinates": [
          -105.51327,
          -67.85341
        ]
      },
      "properties": {
        "id": 1077,
        "category": "station",
        "value": 9.52
      }
    },
    {
      "type": "Feature",
      "geometry": {
        "type": "Point",
        "coordinates": [
          102.33094,
          76.64804
        ]
      },
      "properties": {
        "id": 1078,
        "category": "poi",
        "value": 41.47
      }
    },
    {
      "type": "Feature",
      "geometry": {
        "type": "Point",
        "coordinates": [
          57.1969,
          -41.20973
        ]
      },
      "properties": {
        "id": 1079,
        "category": "node",
        "value": 90.59
      }
    },
    {
      "type": "Feature",
      "geometry": {
        "type": "Point",
        "coordinates": [
          66.9286,
          -58.67773
        ]
      },
      "properties": {
        "id": 1080,
        "category": "sensor",
        "value": 5.67
      }
    },
    {
      "type": "Feature",
      "geometry": {
        "type": "Point",
        "coordinates": [
          70.45474,
          -77.90138
        ]
      },
      "properties": {
        "id": 1081,
        "category": "station",
        "value": 83.61
      }
    },
    {
      "type": "Feature",
      "geometry": {
        "type": "Point",
        "coordinates": [
          -74.29136,
          -45.44651
        ]
      },
      "properties": {
        "id": 1082,
        "category": "poi",
        "value": 58.21
      }
    },
    {
      "type": "Feature",
      "geometry": {
        "type": "Point",
        "coordinates": [
          -65.25733,
          10.29772
        ]
      },
      "properties": {
        "id": 1083,
        "category": "node",
        "value": 15.4
      }
    },
    {
      "type": "Feature",
      "geometry": {
        "type": "Point",
        "coordinates": [
          148.28534,
          -29.8533
        ]
      },
      "properties": {
        "id": 1084,
        "category": "sensor",
        "value": 84.13
      }
    },
    {
      "type": "Feature",
      "geometry": {
        "type": "Point",
        "coordinates": [
          -125.31679,
          50.89324
        ]
      },
      "properties": {
        "id": 1085,
        "category": "station",
        "value": 98.01
      }
    },
    {
      "type": "Feature",
      "geometry": {
        "type": "Point",
        "coordinates": [
          -39.05957,
          -79.3998
        ]
      },
      "properties": {
        "id": 1086,
        "category": "poi",
        "value": 38.0
      }
    },
    {
      "type": "Feature",
      "geometry": {
        "type": "Point",
        "coordinates": [
          50.68196,
          -47.02796
        ]
      },
      "properties": {
        "id": 1087,
        "category": "node",
        "value": 54.57
      }
    },
    {
      "type": "Feature",
      "geometry": {
        "type": "Point",
        "coordinates": [
          -146.30747,
          -6.04301
        ]
      },
      "properties": {
        "id": 1088,
        "category": "sensor",
        "value": 72.82
      }
    },
    {
      "type": "Feature",
      "geometry": {
        "type": "Point",
        "coordinates": [
          -25.25094,
          30.41416
        ]
      },
      "properties": {
        "id": 1089,
        "category": "station",
        "value": 11.44
      }
    },
    {
      "type": "Feature",
      "geometry": {
        "type": "Point",
        "coordinates": [
          118.25815,
          -64.23837
        ]
      },
      "properties": {
        "id": 1090,
        "category": "poi",
        "value": 92.33
      }
    },
    {
      "type": "Feature",
      "geometry": {
        "type": "Point",
        "coordinates": [
          178.60628,
          74.70298
        ]
      },
      "properties": {
        "id": 1091,
        "category": "node",
        "value": 52.63
      }
    },
    {
      "type": "Feature",
      "geometry": {
        "type": "Point",
        "coordinates": [
          -75.32688,
          -25.84875
        ]
      },
      "properties": {
        "id": 1092,
        "category": "sensor",
        "value": 75.04
      }
    },
    {
      "type": "Feature",
      "geometry": {
        "type": "Point",
        "coordinates": [
          -1.24184,
          73.07086
        ]
      },
      "properties": {
        "id": 1093,
        "category": "station",
        "value": 9.3
      }
    },
    {
      "type": "Feature",
      "geometry": {
        "type": "Point",
        "coordinates": [
          -5.4925,
          61.87867
        ]
      },
      "properties": {
        "id": 1094,
        "category": "poi",
        "value": 59.78
      }
    },
    {
      "type": "Feature",
      "geometry": {
        "type": "Point",
        "coordinates": [
          14.65791,
          -69.96623
        ]
      },
      "properties": {
        "id": 1095,
        "category": "node",
        "value": 13.97
      }
    },
    {
      "type": "Feature",
      "geometry": {
        "type": "Point",
        "coordinates": [
          -82.37733,
          66.82099
        ]
      },
      "properties": {
        "id": 1096,
        "category": "sensor",
        "value": 84.54
      }
    },
    {
      "type": "Feature",
      "geometry": {
        "type": "Point",
        "coordinates": [
          -98.21579,
          72.18316
        ]
      },
      "properties": {
        "id": 1097,
        "category": "station",
        "value": 3.24
      }
    },
    {
      "type": "Feature",
      "geometry": {
        "type": "Point",
        "coordinates": [
          35.5656,
          79.45028
        ]
      },
      "properties": {
        "id": 1098,
        "category": "poi",
        "value": 34.43
      }
    },
    {
      "type": "Feature",
      "geometry": {
        "type": "Point",
        "coordinates": [
          159.98436,
          26.61042
        ]
      },
      "properties": {
        "id": 1099,
        "category": "node",
        "value": 5.01
      }
    },
    {
      "type": "Feature",
      "geometry": {
        "type": "Point",
        "coordinates": [
          -60.07132,
          -8.56398
        ]
      },
      "properties": {
        "id": 1100,
        "category": "sensor",
        "value": 24.74
      }
    },
    {
      "type": "Feature",
      "geometry": {
        "type": "Point",
        "coordinates": [
          87.24678,
          -54.59425
        ]
      },
      "properties": {
        "id": 1101,
        "category": "station",
        "value": 78.77
      }
    },
    {
      "type": "Feature",
      "geometry": {
        "type": "Point",
        "coordinates": [
          -72.63637,
          -73.19784
        ]
      },
      "properties": {
        "id": 1102,
        "category": "poi",
        "value": 55.92
      }
    },
    {
      "type": "Feature",
      "geometry": {
        "type": "Point",
        "coordinates": [
          -145.55928,
          8.76663
        ]
      },
      "properties": {
        "id": 1103,
        "category": "node",
        "value": 78.8
      }
    },
    {
      "type": "Feature",
      "geometry": {
        "type": "Point",
        "coordinates": [
          34.41447,
          -6.56254
        ]
      },
      "properties": {
        "id": 1104,
        "category": "sensor",
        "value": 3.37
      }
    },
    {
      "type": "Feature",
      "geometry": {
        "type": "Point",
        "coordinates": [
          4.81131,
          -68.47145
        ]
      },
      "properties": {
        "id": 1105,
        "category": "station",
        "value": 64.68
      }
    },
    {
      "type": "Feature",
      "geometry": {
        "type": "Point",
        "coordinates": [
          -132.49104,
          13.25838
        ]
      },
      "properties": {
        "id": 1106,
        "category": "poi",
        "value": 35.29
      }
    },
    {
      "type": "Feature",
      "geometry": {
        "type": "Point",
        "coordinates": [
          -45.10343,
          27.73459
        ]
      },
      "properties": {
        "id": 1107,
        "category": "node",
        "value": 16.39
      }
    },
    {
      "type": "Feature",
      "geometry": {
        "type": "Point",
        "coordinates": [
          -118.90889,
          75.06274
        ]
      },
      "properties": {
        "id": 1108,
        "category": "sensor",
        "value": 33.16
      }
    },
    {
      "type": "Feature",
      "geometry": {
        "type": "Point",
        "coordinates": [
          123.22658,
          63.48376
        ]
      },
      "properties": {
        "id": 1109,
        "category": "station",
        "value": 48.02
      }
    },
    {
      "type": "Feature",
      "geometry": {
        "type": "Point",
        "coordinates": [
          -126.34663,
          -69.01776
        ]
      },
      "properties": {
        "id": 1110,
        "category": "poi",
        "value": 87.91
      }
    },
    {
      "type": "Feature",
      "geometry": {
        "type": "Point",
        "coordinates": [
          -137.85446,
          -0.6581
        ]
      },
      "properties": {
        "id": 1111,
        "category": "node",
        "value": 53.6
      }
    },
    {
      "type": "Feature",
      "geometry": {
        "type": "Point",
        "coordinates": [
          -137.67026,
          -5.47166
        ]
      },
      "properties": {
        "id": 1112,
        "category": "sensor",
        "value": 16.4
      }
    },
    {
      "type": "Feature",
      "geometry": {
        "type": "Point",
        "coordinates": [
          12.76834,
          1.15313
        ]
      },
      "properties": {
        "id": 1113,
        "category": "station",
        "value": 36.69
      }
    },
    {
      "type": "Feature",
      "geometry": {
        "type": "Point",
        "coordinates": [
          -108.82329,
          -16.36786
        ]
      },
      "properties": {
        "id": 1114,
        "category": "poi",
        "value": 20.35
      }
    },
    {
      "type": "Feature",
      "geometry": {
        "type": "Point",
        "coordinates": [
          -134.23919,
          -44.21965
        ]
      },
      "properties": {
        "id": 1115,
        "category": "node",
        "value": 87.15
      }
    },
    {
      "type": "Feature",
      "geometry": {
        "type": "Point",
        "coordinates": [
          0.64668,
          66.40353
        ]
      },
      "properties": {
        "id": 1116,
        "category": "sensor",
        "value": 1.51
      }
    },
    {
      "type": "Feature",
      "geometry": {
        "type": "Point",
        "coordinates": [
          159.5925,
          -1.97182
        ]
      },
      "properties": {
        "id": 1117,
        "category": "station",
        "value": 79.1
      }
    },
    {
      "type": "Feature",
      "geometry": {
        "type": "Point",
        "coordinates": [
          25.34817,
          32.12303
        ]
      },
      "properties": {
        "id": 1118,
        "category": "poi",
        "value": 22.93
      }
    },
    {
      "type": "Feature",
      "geometry": {
        "type": "Point",
        "coordinates": [
          90.01513,
          -58.8783
        ]
      },
      "properties": {
        "id": 1119,
        "category": "node",
        "value": 26.42
      }
    },
    {
      "type": "Feature",
      "geometry": {
        "type": "Point",
        "coordinates": [
          -168.86878,
          -18.14453
        ]
      },
      "properties": {
        "id": 1120,
        "category": "sensor",
        "value": 51.81
      }
    },
    {
      "type": "Feature",
      "geometry": {
        "type": "Point",
        "coordinates": [
          -74.8952,
          66.38584
        ]
      },
      "properties": {
        "id": 1121,
        "category": "station",
        "value": 8.43
      }
    },
    {
      "type": "Feature",
      "geometry": {
        "type": "Point",
        "coordinates": [
          28.26616,
          -45.23396
        ]
      },
      "properties": {
        "id": 1122,
        "category": "poi",
        "value": 59.53
      }
    },
    {
      "type": "Feature",
      "geometry": {
        "type": "Point",
        "coordinates": [
          102.24462,
          35.83431
        ]
      },
      "properties": {
        "id": 1123,
        "category": "node",
        "value": 6.21
      }
    },
    {
      "type": "Feature",
      "geometry": {
        "type": "Point",
        "coordinates": [
          -91.52991,
          16.86025
        ]
      },
      "properties": {
        "id": 1124,
        "category": "sensor",
        "value": 98.3
      }
    },
    {
      "type": "Feature",
      "geometry": {
        "type": "Point",
        "coordinates": [
          -165.15986,
          20.10221
        ]
      },
      "properties": {
        "id": 1125,
        "category": "station",
        "value": 69.18
      }
    },
    {
      "type": "Feature",
      "geometry": {
        "type": "Point",
        "coordinates": [
          113.27248,
          -26.84777
        ]
      },
      "properties": {
        "id": 1126,
        "category": "poi",
        "value": 81.06
      }
    },
    {
      "type": "Feature",
      "geometry": {
        "type": "Point",
        "coordinates": [
          -13.75566,
          71.54379
        ]
      },
      "properties": {
        "id": 1127,
        "category": "node",
        "value": 1.08
      }
    },
    {
      "type": "Feature",
      "geometry": {
        "type": "Point",
        "coordinates": [
          158.51098,
          -14.96513
        ]
      },
      "properties": {
        "id": 1128,
        "category": "sensor",
        "value": 40.71
      }
    },
    {
      "type": "Feature",
      "geometry": {
        "type": "Point",
        "coordinates": [
          -148.3026,
          -43.37754
        ]
      },
      "properties": {
        "id": 1129,
        "category": "station",
        "value": 73.38
      }
    },
    {
      "type": "Feature",
      "geometry": {
        "type": "Point",
        "coordinates": [
          64.3701,
          -59.29014
        ]
      },
      "properties": {
        "id": 1130,
        "category": "poi",
        "value": 34.43
      }
    },
    {
      "type": "Feature",
      "geometry": {
        "type": "Point",
        "coordinates": [
          -129.46649,
          -51.30589
        ]
      },
      "properties": {
        "id": 1131,
        "category": "node",
        "value": 21.96
      }
    },
    {
      "type": "Feature",
      "geometry": {
        "type": "Point",
        "coordinates": [
          -60.81822,
          80.9162
        ]
      },
      "properties": {
        "id": 1132,
        "category": "sensor",
        "value": 99.73
      }
    },
    {
      "type": "Feature",
      "geometry": {
        "type": "Point",
        "coordinates": [
          104.97203,
          -3.44636
        ]
      },
      "properties": {
        "id": 1133,
        "category": "station",
        "value": 49.73
      }
    },
    {
      "type": "Feature",
      "geometry": {
        "type": "Point",
        "coordinates": [
          100.53368,
          69.37636
        ]
      },
      "properties": {
        "id": 1134,
        "category": "poi",
        "value": 75.15
      }
    },
    {
      "type": "Feature",
      "geometry": {
        "type": "Point",
        "coordinates": [
          49.10012,
          -51.16338
        ]
      },
      "properties": {
        "id": 1135,
        "category": "node",
        "value": 62.52
      }
    },
    {
      "type": "Feature",
      "geometry": {
        "type": "Point",
        "coordinates": [
          124.4611,
          48.7249
        ]
      },
      "properties": {
        "id": 1136,
        "category": "sensor",
        "value": 9.24
      }
    },
    {
      "type": "Feature",
      "geometry": {
        "type": "Point",
        "coordinates": [
          78.27995,
          -25.63609
        ]
      },
      "properties": {
        "id": 1137,
        "category": "station",
        "value": 16.22
      }
    },
    {
      "type": "Feature",
      "geometry": {
        "type": "Point",
        "coordinates": [
          167.66989,
          29.36213
        ]
      },
      "properties": {
        "id": 1138,
        "category": "poi",
        "value": 74.56
      }
    },
    {
      "type": "Feature",
      "geometry": {
        "type": "Point",
        "coordinates": [
          -131.42112,
          55.83293
        ]
      },
      "properties": {
        "id": 1139,
        "category": "node",
        "value": 93.71
      }
    },
    {
      "type": "Feature",
      "geometry": {
        "type": "Point",
        "coordinates": [
          145.72237,
          41.64366
        ]
      },
      "properties": {
        "id": 1140,
        "category": "sensor",
        "value": 83.25
      }
    },
    {
      "type": "Feature",
      "geometry": {
        "type": "Point",
        "coordinates": [
          108.78068,
          15.36487
        ]
      },
      "properties": {
        "id": 1141,
        "category": "station",
        "value": 43.53
      }
    },
    {
      "type": "Feature",
      "geometry": {
        "type": "Point",
        "coordinates": [
          117.06257,
          48.35316
        ]
      },
      "properties": {
        "id": 1142,
        "category": "poi",
        "value": 87.08
      }
    },
    {
      "type": "Feature",
      "geometry": {
        "type": "Point",
        "coordinates": [
          -72.37032,
          78.35935
        ]
      },
      "properties": {
        "id": 1143,
        "category": "node",
        "value": 53.17
      }
    },
    {
      "type": "Feature",
      "geometry": {
        "type": "Point",
        "coordinates": [
          160.53802,
          -65.30751
        ]
      },
      "properties": {
        "id": 1144,
        "category": "sensor",
        "value": 96.85
      }
    },
    {
      "type": "Feature",
      "geometry": {
        "type": "Point",
        "coordinates": [
          103.49256,
          -42.15925
        ]
      },
      "properties": {
        "id": 1145,
        "category": "station",
        "value": 83.84
      }
    },
    {
      "type": "Feature",
      "geometry": {
        "type": "Point",
        "coordinates": [
          -96.44874,
          -51.33769
        ]
      },
      "properties": {
        "id": 1146,
        "category": "poi",
        "value": 45.79
      }
    },
    {
      "type": "Feature",
      "geometry": {
        "type": "Point",
        "coordinates": [
          -94.8089,
          -1.25448
        ]
      },
      "properties": {
        "id": 1147,
        "category": "node",
        "value": 90.81
      }
    },
    {
      "type": "Feature",
      "geometry": {
        "type": "Point",
        "coordinates": [
          66.71745,
          35.76745
        ]
      },
      "properties": {
        "id": 1148,
        "category": "sensor",
        "value": 39.2
      }
    },
    {
      "type": "Feature",
      "geometry": {
        "type": "Point",
        "coordinates": [
          102.183,
          49.91994
        ]
      },
      "properties": {
        "id": 1149,
        "category": "station",
        "value": 68.29
      }
    },
    {
      "type": "Feature",
      "geometry": {
        "type": "Point",
        "coordinates": [
          159.0148,
          55.38079
        ]
      },
      "properties": {
        "id": 1150,
        "category": "poi",
        "value": 40.62
      }
    },
    {
      "type": "Feature",
      "geometry": {
        "type": "Point",
        "coordinates": [
          -148.64455,
          25.92094
        ]
      },
      "properties": {
        "id": 1151,
        "category": "node",
        "value": 83.63
      }
    },
    {
      "type": "Feature",
      "geometry": {
        "type": "Point",
        "coordinates": [
          -57.74708,
          16.12724
        ]
      },
      "properties": {
        "id": 1152,
        "category": "sensor",
        "value": 83.63
      }
    },
    {
      "type": "Feature",
      "geometry": {
        "type": "Point",
        "coordinates": [
          105.46181,
          -84.23579
        ]
      },
      "properties": {
        "id": 1153,
        "category": "station",
        "value": 48.91
      }
    },
    {
      "type": "Feature",
      "geometry": {
        "type": "Point",
        "coordinates": [
          -174.11271,
          -66.19848
        ]
      },
      "properties": {
        "id": 1154,
        "category": "poi",
        "value": 81.24
      }
    },
    {
      "type": "Feature",
      "geometry": {
        "type": "Point",
        "coordinates": [
          -29.28341,
          17.80872
        ]
      },
      "properties": {
        "id": 1155,
        "category": "node",
        "value": 45.75
      }
    },
    {
      "type": "Feature",
      "geometry": {
        "type": "Point",
        "coordinates": [
          -59.24977,
          -48.67832
        ]
      },
      "properties": {
        "id": 1156,
        "category": "sensor",
        "value": 35.37
      }
    },
    {
      "type": "Feature",
      "geometry": {
        "type": "Point",
        "coordinates": [
          124.03345,
          20.27698
        ]
      },
      "properties": {
        "id": 1157,
        "category": "station",
        "value": 29.21
      }
    },
    {
      "type": "Feature",
      "geometry": {
        "type": "Point",
        "coordinates": [
          -148.32855,
          -38.92835
        ]
      },
      "properties": {
        "id": 1158,
        "category": "poi",
        "value": 70.12
      }
    },
    {
      "type": "Feature",
      "geometry": {
        "type": "Point",
        "coordinates": [
          -20.86873,
          27.3699
        ]
      },
      "properties": {
        "id": 1159,
        "category": "node",
        "value": 80.71
      }
    },
    {
      "type": "Feature",
      "geometry": {
        "type": "Point",
        "coordinates": [
          -136.54417,
          31.10169
        ]
      },
      "properties": {
        "id": 1160,
        "category": "sensor",
        "value": 4.15
      }
    },
    {
      "type": "Feature",
      "geometry": {
        "type": "Point",
        "coordinates": [
          116.25701,
          -53.70197
        ]
      },
      "properties": {
        "id": 1161,
        "category": "station",
        "value": 27.15
      }
    },
    {
      "type": "Feature",
      "geometry": {
        "type": "Point",
        "coordinates": [
          164.77453,
          -23.39648
        ]
      },
      "properties": {
        "id": 1162,
        "category": "poi",
        "value": 22.42
      }
    },
    {
      "type": "Feature",
      "geometry": {
        "type": "Point",
        "coordinates": [
          140.34821,
          18.74107
        ]
      },
      "properties": {
        "id": 1163,
        "category": "node",
        "value": 89.39
      }
    },
    {
      "type": "Feature",
      "geometry": {
        "type": "Point",
        "coordinates": [
          -38.03215,
          -0.05454
        ]
      },
      "properties": {
        "id": 1164,
        "category": "sensor",
        "value": 95.58
      }
    },
    {
      "type": "Feature",
      "geometry": {
        "type": "Point",
        "coordinates": [
          2.43139,
          83.05363
        ]
      },
      "properties": {
        "id": 1165,
        "category": "station",
        "value": 18.94
      }
    },
    {
      "type": "Feature",
      "geometry": {
        "type": "Point",
        "coordinates": [
          119.02566,
          -57.42365
        ]
      },
      "properties": {
        "id": 1166,
        "category": "poi",
        "value": 52.72
      }
    },
    {
      "type": "Feature",
      "geometry": {
        "type": "Point",
        "coordinates": [
          -179.87306,
          -55.19107
        ]
      },
      "properties": {
        "id": 1167,
        "category": "node",
        "value": 94.5
      }
    },
    {
      "type": "Feature",
      "geometry": {
        "type": "Point",
        "coordinates": [
          -16.35453,
          52.5971
        ]
      },
      "properties": {
        "id": 1168,
        "category": "sensor",
        "value": 25.08
      }
    },
    {
      "type": "Feature",
      "geometry": {
        "type": "Point",
        "coordinates": [
          -53.17059,
          -67.84578
        ]
      },
      "properties": {
        "id": 1169,
        "category": "station",
        "value": 55.27
      }
    },
    {
      "type": "Feature",
      "geometry": {
        "type": "Point",
        "coordinates": [
          130.41092,
          2.35738
        ]
      },
      "properties": {
        "id": 1170,
        "category": "poi",
        "value": 37.67
      }
    },
    {
      "type": "Feature",
      "geometry": {
        "type": "Point",
        "coordinates": [
          154.30026,
          66.94614
        ]
      },
      "properties": {
        "id": 1171,
        "category": "node",
        "value": 66.63
      }
    },
    {
      "type": "Feature",
      "geometry": {
        "type": "Point",
        "coordinates": [
          -152.67499,
          21.08301
        ]
      },
      "properties": {
        "id": 1172,
        "category": "sensor",
        "value": 44.41
      }
    },
    {
      "type": "Feature",
      "geometry": {
        "type": "Point",
        "coordinates": [
          164.82404,
          -23.49035
        ]
      },
      "properties": {
        "id": 1173,
        "category": "station",
        "value": 66.12
      }
    },
    {
      "type": "Feature",
      "geometry": {
        "type": "Point",
        "coordinates": [
          47.49267,
          -21.10326
        ]
      },
      "properties": {
        "id": 1174,
        "category": "poi",
        "value": 52.22
      }
    },
    {
      "type": "Feature",
      "geometry": {
        "type": "Point",
        "coordinates": [
          63.55835,
          69.22165
        ]
      },
      "properties": {
        "id": 1175,
        "category": "node",
        "value": 49.81
      }
    },
    {
      "type": "Feature",
      "geometry": {
        "type": "Point",
        "coordinates": [
          -49.05988,
          80.95375
        ]
      },
      "properties": {
        "id": 1176,
        "category": "sensor",
        "value": 5.7
      }
    },
    {
      "type": "Feature",
      "geometry": {
        "type": "Point",
        "coordinates": [
          120.533,
          31.2007
        ]
      },
      "properties": {
        "id": 1177,
        "category": "station",
        "value": 55.74
      }
    },
    {
      "type": "Feature",
      "geometry": {
        "type": "Point",
        "coordinates": [
          -18.81589,
          42.68256
        ]
      },
      "properties": {
        "id": 1178,
        "category": "poi",
        "value": 89.11
      }
    },
    {
      "type": "Feature",
      "geometry": {
        "type": "Point",
        "coordinates": [
          82.39013,
          42.46891
        ]
      },
      "properties": {
        "id": 1179,
        "category": "node",
        "value": 3.51
      }
    },
    {
      "type": "Feature",
      "geometry": {
        "type": "Point",
        "coordinates": [
          -62.92957,
          -61.71125
        ]
      },
      "properties": {
        "id": 1180,
        "category": "sensor",
        "value": 95.3
      }
    },
    {
      "type": "Feature",
      "geometry": {
        "type": "Point",
        "coordinates": [
          140.90936,
          -60.43053
        ]
      },
      "properties": {
        "id": 1181,
        "category": "station",
        "value": 58.75
      }
    },
    {
      "type": "Feature",
      "geometry": {
        "type": "Point",
        "coordinates": [
          27.63582,
          -77.0657
        ]
      },
      "properties": {
        "id": 1182,
        "category": "poi",
        "value": 39.22
      }
    },
    {
      "type": "Feature",
      "geometry": {
        "type": "Point",
        "coordinates": [
          89.05456,
          24.05433
        ]
      },
      "properties": {
        "id": 1183,
        "category": "node",
        "value": 28.09
      }
    },
    {
      "type": "Feature",
      "geometry": {
        "type": "Point",
        "coordinates": [
          94.48279,
          -35.50088
        ]
      },
      "properties": {
        "id": 1184,
        "category": "sensor",
        "value": 54.43
      }
    },
    {
      "type": "Feature",
      "geometry": {
        "type": "Point",
        "coordinates": [
          -28.54704,
          81.28566
        ]
      },
      "properties": {
        "id": 1185,
        "category": "station",
        "value": 64.88
      }
    },
    {
      "type": "Feature",
      "geometry": {
        "type": "Point",
        "coordinates": [
          109.76532,
          30.00452
        ]
      },
      "properties": {
        "id": 1186,
        "category": "poi",
        "value": 38.05
      }
    },
    {
      "type": "Feature",
      "geometry": {
        "type": "Point",
        "coordinates": [
          166.68817,
          35.64885
        ]
      },
      "properties": {
        "id": 1187,
        "category": "node",
        "value": 69.09
      }
    },
    {
      "type": "Feature",
      "geometry": {
        "type": "Point",
        "coordinates": [
          -80.10698,
          -57.48127
        ]
      },
      "properties": {
        "id": 1188,
        "category": "sensor",
        "value": 57.52
      }
    },
    {
      "type": "Feature",
      "geometry": {
        "type": "Point",
        "coordinates": [
          117.31505,
          49.92234
        ]
      },
      "properties": {
        "id": 1189,
        "category": "station",
        "value": 34.72
      }
    },
    {
      "type": "Feature",
      "geometry": {
        "type": "Point",
        "coordinates": [
          -129.64142,
          2.71881
        ]
      },
      "properties": {
        "id": 1190,
        "category": "poi",
        "value": 87.74
      }
    },
    {
      "type": "Feature",
      "geometry": {
        "type": "Point",
        "coordinates": [
          -121.62616,
          40.51858
        ]
      },
      "properties": {
        "id": 1191,
        "category": "node",
        "value": 17.07
      }
    },
    {
      "type": "Feature",
      "geometry": {
        "type": "Point",
        "coordinates": [
          -67.69012,
          -75.90564
        ]
      },
      "properties": {
        "id": 1192,
        "category": "sensor",
        "value": 29.76
      }
    },
    {
      "type": "Feature",
      "geometry": {
        "type": "Point",
        "coordinates": [
          -42.13067,
          79.3774
        ]
      },
      "properties": {
        "id": 1193,
        "category": "station",
        "value": 96.21
      }
    },
    {
      "type": "Feature",
      "geometry": {
        "type": "Point",
        "coordinates": [
          -112.62746,
          -32.4014
        ]
      },
      "properties": {
        "id": 1194,
        "category": "poi",
        "value": 94.37
      }
    },
    {
      "type": "Feature",
      "geometry": {
        "type": "Point",
        "coordinates": [
          -108.95359,
          -30.44717
        ]
      },
      "properties": {
        "id": 1195,
        "category": "node",
        "value": 43.83
      }
    },
    {
      "type": "Feature",
      "geometry": {
        "type": "Point",
        "coordinates": [
          -140.96593,
          -40.76428
        ]
      },
      "properties": {
        "id": 1196,
        "category": "sensor",
        "value": 39.4
      }
    },
    {
      "type": "Feature",
      "geometry": {
        "type": "Point",
        "coordinates": [
          -41.21384,
          78.81166
        ]
      },
      "properties": {
        "id": 1197,
        "category": "station",
        "value": 26.68
      }
    },
    {
      "type": "Feature",
      "geometry": {
        "type": "Point",
        "coordinates": [
          -106.56915,
          69.49191
        ]
      },
      "properties": {
        "id": 1198,
        "category": "poi",
        "value": 45.02
      }
    },
    {
      "type": "Feature",
      "geometry": {
        "type": "Point",
        "coordinates": [
          121.35882,
          23.30904
        ]
      },
      "properties": {
        "id": 1199,
        "category": "node",
        "value": 77.86
      }
    },
    {
      "type": "Feature",
      "geometry": {
        "type": "Point",
        "coordinates": [
          -66.6877,
          -59.14806
        ]
      },
      "properties": {
        "id": 1200,
        "category": "sensor",
        "value": 75.71
      }
    },
    {
      "type": "Feature",
      "geometry": {
        "type": "Point",
        "coordinates": [
          -10.72109,
          9.98663
        ]
      },
      "properties": {
        "id": 1201,
        "category": "station",
        "value": 67.06
      }
    },
    {
      "type": "Feature",
      "geometry": {
        "type": "Point",
        "coordinates": [
          90.94744,
          -38.1838
        ]
      },
      "properties": {
        "id": 1202,
        "category": "poi",
        "value": 36.27
      }
    },
    {
      "type": "Feature",
      "geometry": {
        "type": "Point",
        "coordinates": [
          150.29634,
          4.98837
        ]
      },
      "properties": {
        "id": 1203,
        "category": "node",
        "value": 28.84
      }
    },
    {
      "type": "Feature",
      "geometry": {
        "type": "Point",
        "coordinates": [
          46.8701,
          -40.84647
        ]
      },
      "properties": {
        "id": 1204,
        "category": "sensor",
        "value": 77.14
      }
    },
    {
      "type": "Feature",
      "geometry": {
        "type": "Point",
        "coordinates": [
          -165.12115,
          55.52985
        ]
      },
      "properties": {
        "id": 1205,
        "category": "station",
        "value": 56.65
      }
    },
    {
      "type": "Feature",
      "geometry": {
        "type": "Point",
        "coordinates": [
          -52.68444,
          74.78683
        ]
      },
      "properties": {
        "id": 1206,
        "category": "poi",
        "value": 26.55
      }
    },
    {
      "type": "Feature",
      "geometry": {
        "type": "Point",
        "coordinates": [
          -92.38466,
          -73.12253
        ]
      },
      "properties": {
        "id": 1207,
        "category": "node",
        "value": 54.85
      }
    },
    {
      "type": "Feature",
      "geometry": {
        "type": "Point",
        "coordinates": [
          91.34482,
          30.27137
        ]
      },
      "properties": {
        "id": 1208,
        "category": "sensor",
        "value": 41.27
      }
    },
    {
      "type": "Feature",
      "geometry": {
        "type": "Point",
        "coordinates": [
          110.79424,
          -66.08339
        ]
      },
      "properties": {
        "id": 1209,
        "category": "station",
        "value": 30.69
      }
    },
    {
      "type": "Feature",
      "geometry": {
        "type": "Point",
        "coordinates": [
          52.11804,
          79.44009
        ]
      },
      "properties": {
        "id": 1210,
        "category": "poi",
        "value": 63.39
      }
    },
    {
      "type": "Feature",
      "geometry": {
        "type": "Point",
        "coordinates": [
          69.12566,
          46.68369
        ]
      },
      "properties": {
        "id": 1211,
        "category": "node",
        "value": 39.45
      }
    },
    {
      "type": "Feature",
      "geometry": {
        "type": "Point",
        "coordinates": [
          158.5274,
          41.21663
        ]
      },
      "properties": {
        "id": 1212,
        "category": "sensor",
        "value": 34.17
      }
    },
    {
      "type": "Feature",
      "geometry": {
        "type": "Point",
        "coordinates": [
          -38.67481,
          51.97453
        ]
      },
      "properties": {
        "id": 1213,
        "category": "station",
        "value": 34.97
      }
    },
    {
      "type": "Feature",
      "geometry": {
        "type": "Point",
        "coordinates": [
          -113.13516,
          63.17655
        ]
      },
      "properties": {
        "id": 1214,
        "category": "poi",
        "value": 53.18
      }
    },
    {
      "type": "Feature",
      "geometry": {
        "type": "Point",
        "coordinates": [
          7.62975,
          28.79977
        ]
      },
      "properties": {
        "id": 1215,
        "category": "node",
        "value": 90.15
      }
    },
    {
      "type": "Feature",
      "geometry": {
        "type": "Point",
        "coordinates": [
          -131.91665,
          -27.41606
        ]
      },
      "properties": {
        "id": 1216,
        "category": "sensor",
        "value": 6.59
      }
    },
    {
      "type": "Feature",
      "geometry": {
        "type": "Point",
        "coordinates": [
          -31.24598,
          0.36299
        ]
      },
      "properties": {
        "id": 1217,
        "category": "station",
        "value": 85.19
      }
    },
    {
      "type": "Feature",
      "geometry": {
        "type": "Point",
        "coordinates": [
          60.41234,
          13.22994
        ]
      },
      "properties": {
        "id": 1218,
        "category": "poi",
        "value": 40.37
      }
    },
    {
      "type": "Feature",
      "geometry": {
        "type": "Point",
        "coordinates": [
          26.54015,
          -38.45184
        ]
      },
      "properties": {
        "id": 1219,
        "category": "node",
        "value": 84.48
      }
    },
    {
      "type": "Feature",
      "geometry": {
        "type": "Point",
        "coordinates": [
          103.8504,
          57.52846
        ]
      },
      "properties": {
        "id": 1220,
        "category": "sensor",
        "value": 15.12
      }
    },
    {
      "type": "Feature",
      "geometry": {
        "type": "Point",
        "coordinates": [
          61.75806,
          43.19955
        ]
      },
      "properties": {
        "id": 1221,
        "category": "station",
        "value": 50.06
      }
    },
    {
      "type": "Feature",
      "geometry": {
        "type": "Point",
        "coordinates": [
          143.40128,
          67.79865
        ]
      },
      "properties": {
        "id": 1222,
        "category": "poi",
        "value": 74.3
      }
    },
    {
      "type": "Feature",
      "geometry": {
        "type": "Point",
        "coordinates": [
          115.55252,
          25.30333
        ]
      },
      "properties": {
        "id": 1223,
        "category": "node",
        "value": 87.87
      }
    },
    {
      "type": "Feature",
      "geometry": {
        "type": "Point",
        "coordinates": [
          -132.73963,
          34.69869
        ]
      },
      "properties": {
        "id": 1224,
        "category": "sensor",
        "value": 70.38
      }
    },
    {
      "type": "Feature",
      "geometry": {
        "type": "Point",
        "coordinates": [
          40.44689,
          -38.23685
        ]
      },
      "properties": {
        "id": 1225,
        "category": "station",
        "value": 6.73
      }
    },
    {
      "type": "Feature",
      "geometry": {
        "type": "Point",
        "coordinates": [
          37.20702,
          55.12188
        ]
      },
      "properties": {
        "id": 1226,
        "category": "poi",
        "value": 27.3
      }
    },
    {
      "type": "Feature",
      "geometry": {
        "type": "Point",
        "coordinates": [
          -103.29054,
          -46.94264
        ]
      },
      "properties": {
        "id": 1227,
        "category": "node",
        "value": 9.38
      }
    },
    {
      "type": "Feature",
      "geometry": {
        "type": "Point",
        "coordinates": [
          63.36334,
          80.72019
        ]
      },
      "properties": {
        "id": 1228,
        "category": "sensor",
        "value": 80.21
      }
    },
    {
      "type": "Feature",
      "geometry": {
        "type": "Point",
        "coordinates": [
          -50.50228,
          33.90413
        ]
      },
      "properties": {
        "id": 1229,
        "category": "station",
        "value": 7.22
      }
    },
    {
      "type": "Feature",
      "geometry": {
        "type": "Point",
        "coordinates": [
          121.89434,
          -29.72585
        ]
      },
      "properties": {
        "id": 1230,
        "category": "poi",
        "value": 0.34
      }
    },
    {
      "type": "Feature",
      "geometry": {
        "type": "Point",
        "coordinates": [
          46.52687,
          -61.41052
        ]
      },
      "properties": {
        "id": 1231,
        "category": "node",
        "value": 27.51
      }
    },
    {
      "type": "Feature",
      "geometry": {
        "type": "Point",
        "coordinates": [
          -158.72392,
          -9.23076
        ]
      },
      "properties": {
        "id": 1232,
        "category": "sensor",
        "value": 55.49
      }
    },
    {
      "type": "Feature",
      "geometry": {
        "type": "Point",
        "coordinates": [
          110.65511,
          -78.26709
        ]
      },
      "properties": {
        "id": 1233,
        "category": "station",
        "value": 82.74
      }
    },
    {
      "type": "Feature",
      "geometry": {
        "type": "Point",
        "coordinates": [
          -140.20354,
          -46.83994
        ]
      },
      "properties": {
        "id": 1234,
        "category": "poi",
        "value": 62.94
      }
    },
    {
      "type": "Feature",
      "geometry": {
        "type": "Point",
        "coordinates": [
          -57.56358,
          -28.72383
        ]
      },
      "properties": {
        "id": 1235,
        "category": "node",
        "value": 56.85
      }
    },
    {
      "type": "Feature",
      "geometry": {
        "type": "Point",
        "coordinates": [
          -101.57025,
          49.8896
        ]
      },
      "properties": {
        "id": 1236,
        "category": "sensor",
        "value": 20.9
      }
    },
    {
      "type": "Feature",
      "geometry": {
        "type": "Point",
        "coordinates": [
          122.18585,
          52.4838
        ]
      },
      "properties": {
        "id": 1237,
        "category": "station",
        "value": 53.71
      }
    },
    {
      "type": "Feature",
      "geometry": {
        "type": "Point",
        "coordinates": [
          -169.02339,
          47.27521
        ]
      },
      "properties": {
        "id": 1238,
        "category": "poi",
        "value": 2.84
      }
    },
    {
      "type": "Feature",
      "geometry": {
        "type": "Point",
        "coordinates": [
          1.68094,
          -12.93496
        ]
      },
      "properties": {
        "id": 1239,
        "category": "node",
        "value": 6.31
      }
    },
    {
      "type": "Feature",
      "geometry": {
        "type": "Point",
        "coordinates": [
          46.80364,
          38.17032
        ]
      },
      "properties": {
        "id": 1240,
        "category": "sensor",
        "value": 58.49
      }
    },
    {
      "type": "Feature",
      "geometry": {
        "type": "Point",
        "coordinates": [
          -35.94982,
          2.05471
        ]
      },
      "properties": {
        "id": 1241,
        "category": "station",
        "value": 58.88
      }
    },
    {
      "type": "Feature",
      "geometry": {
        "type": "Point",
        "coordinates": [
          -98.53872,
          62.50116
        ]
      },
      "properties": {
        "id": 1242,
        "category": "poi",
        "value": 99.57
      }
    },
    {
      "type": "Feature",
      "geometry": {
        "type": "Point",
        "coordinates": [
          109.50129,
          78.42789
        ]
      },
      "properties": {
        "id": 1243,
        "category": "node",
        "value": 32.94
      }
    },
    {
      "type": "Feature",
      "geometry": {
        "type": "Point",
        "coordinates": [
          175.0509,
          -72.86507
        ]
      },
      "properties": {
        "id": 1244,
        "category": "sensor",
        "value": 47.79
      }
    },
    {
      "type": "Feature",
      "geometry": {
        "type": "Point",
        "coordinates": [
          -131.85243,
          -7.82525
        ]
      },
      "properties": {
        "id": 1245,
        "category": "station",
        "value": 68.27
      }
    },
    {
      "type": "Feature",
      "geometry": {
        "type": "Point",
        "coordinates": [
          75.02823,
          -7.70894
        ]
      },
      "properties": {
        "id": 1246,
        "category": "poi",
        "value": 34.17
      }
    },
    {
      "type": "Feature",
      "geometry": {
        "type": "Point",
        "coordinates": [
          -111.63104,
          -16.51085
        ]
      },
      "properties": {
        "id": 1247,
        "category": "node",
        "value": 28.26
      }
    },
    {
      "type": "Feature",
      "geometry": {
        "type": "Point",
        "coordinates": [
          -110.08515,
          40.11898
        ]
      },
      "properties": {
        "id": 1248,
        "category": "sensor",
        "value": 51.62
      }
    },
    {
      "type": "Feature",
      "geometry": {
        "type": "Point",
        "coordinates": [
          -22.099,
          -51.39033
        ]
      },
      "properties": {
        "id": 1249,
        "category": "station",
        "value": 70.37
      }
    },
    {
      "type": "Feature",
      "geometry": {
        "type": "Point",
        "coordinates": [
          -109.17629,
          -39.84681
        ]
      },
      "properties": {
        "id": 1250,
        "category": "poi",
        "value": 56.03
      }
    },
    {
      "type": "Feature",
      "geometry": {
        "type": "Point",
        "coordinates": [
          72.44184,
          80.41245
        ]
      },
      "properties": {
        "id": 1251,
        "category": "node",
        "value": 74.77
      }
    },
    {
      "type": "Feature",
      "geometry": {
        "type": "Point",
        "coordinates": [
          161.38985,
          71.3907
        ]
      },
      "properties": {
        "id": 1252,
        "category": "sensor",
        "value": 72.25
      }
    },
    {
      "type": "Feature",
      "geometry": {
        "type": "Point",
        "coordinates": [
          79.02449,
          -74.336
        ]
      },
      "properties": {
        "id": 1253,
        "category": "station",
        "value": 20.56
      }
    },
    {
      "type": "Feature",
      "geometry": {
        "type": "Point",
        "coordinates": [
          -175.31512,
          61.8056
        ]
      },
      "properties": {
        "id": 1254,
        "category": "poi",
        "value": 72.2
      }
    },
    {
      "type": "Feature",
      "geometry": {
        "type": "Point",
        "coordinates": [
          46.86796,
          -40.15547
        ]
      },
      "properties": {
        "id": 1255,
        "category": "node",
        "value": 35.54
      }
    },
    {
      "type": "Feature",
      "geometry": {
        "type": "Point",
        "coordinates": [
          -121.08698,
          22.4788
        ]
      },
      "properties": {
        "id": 1256,
        "category": "sensor",
        "value": 99.15
      }
    },
    {
      "type": "Feature",
      "geometry": {
        "type": "Point",
        "coordinates": [
          -69.93088,
          -77.47893
        ]
      },
      "properties": {
        "id": 1257,
        "category": "station",
        "value": 17.52
      }
    },
    {
      "type": "Feature",
      "geometry": {
        "type": "Point",
        "coordinates": [
          -52.10618,
          67.82734
        ]
      },
      "properties": {
        "id": 1258,
        "category": "poi",
        "value": 80.45
      }
    },
    {
      "type": "Feature",
      "geometry": {
        "type": "Point",
        "coordinates": [
          -16.17977,
          -67.63426
        ]
      },
      "properties": {
        "id": 1259,
        "category": "node",
        "value": 10.67
      }
    },
    {
      "type": "Feature",
      "geometry": {
        "type": "Point",
        "coordinates": [
          -124.6048,
          47.16999
        ]
      },
      "properties": {
        "id": 1260,
        "category": "sensor",
        "value": 47.13
      }
    },
    {
      "type": "Feature",
      "geometry": {
        "type": "Point",
        "coordinates": [
          176.60555,
          69.99279
        ]
      },
      "properties": {
        "id": 1261,
        "category": "station",
        "value": 79.47
      }
    },
    {
      "type": "Feature",
      "geometry": {
        "type": "Point",
        "coordinates": [
          -8.55275,
          54.72487
        ]
      },
      "properties": {
        "id": 1262,
        "category": "poi",
        "value": 12.83
      }
    },
    {
      "type": "Feature",
      "geometry": {
        "type": "Point",
        "coordinates": [
          -140.80832,
          10.78072
        ]
      },
      "properties": {
        "id": 1263,
        "category": "node",
        "value": 50.79
      }
    },
    {
      "type": "Feature",
      "geometry": {
        "type": "Point",
        "coordinates": [
          -104.65592,
          -42.17011
        ]
      },
      "properties": {
        "id": 1264,
        "category": "sensor",
        "value": 2.12
      }
    },
    {
      "type": "Feature",
      "geometry": {
        "type": "Point",
        "coordinates": [
          147.19352,
          35.73653
        ]
      },
      "properties": {
        "id": 1265,
        "category": "station",
        "value": 94.53
      }
    },
    {
      "type": "Feature",
      "geometry": {
        "type": "Point",
        "coordinates": [
          172.99857,
          -10.75294
        ]
      },
      "properties": {
        "id": 1266,
        "category": "poi",
        "value": 73.24
      }
    },
    {
      "type": "Feature",
      "geometry": {
        "type": "Point",
        "coordinates": [
          -41.70542,
          53.01775
        ]
      },
      "properties": {
        "id": 1267,
        "category": "node",
        "value": 84.14
      }
    },
    {
      "type": "Feature",
      "geometry": {
        "type": "Point",
        "coordinates": [
          -131.82132,
          -82.81114
        ]
      },
      "properties": {
        "id": 1268,
        "category": "sensor",
        "value": 21.4
      }
    },
    {
      "type": "Feature",
      "geometry": {
        "type": "Point",
        "coordinates": [
          30.72481,
          -20.58579
        ]
      },
      "properties": {
        "id": 1269,
        "category": "station",
        "value": 0.91
      }
    },
    {
      "type": "Feature",
      "geometry": {
        "type": "Point",
        "coordinates": [
          118.9123,
          48.62724
        ]
      },
      "properties": {
        "id": 1270,
        "category": "poi",
        "value": 46.37
      }
    },
    {
      "type": "Feature",
      "geometry": {
        "type": "Point",
        "coordinates": [
          -164.4298,
          66.13355
        ]
      },
      "properties": {
        "id": 1271,
        "category": "node",
        "value": 53.42
      }
    },
    {
      "type": "Feature",
      "geometry": {
        "type": "Point",
        "coordinates": [
          -154.44703,
          -30.02776
        ]
      },
      "properties": {
        "id": 1272,
        "category": "sensor",
        "value": 62.46
      }
    },
    {
      "type": "Feature",
      "geometry": {
        "type": "Point",
        "coordinates": [
          138.71293,
          -2.63024
        ]
      },
      "properties": {
        "id": 1273,
        "category": "station",
        "value": 63.95
      }
    },
    {
      "type": "Feature",
      "geometry": {
        "type": "Point",
        "coordinates": [
          -105.94072,
          -43.61986
        ]
      },
      "properties": {
        "id": 1274,
        "category": "poi",
        "value": 90.58
      }
    },
    {
      "type": "Feature",
      "geometry": {
        "type": "Point",
        "coordinates": [
          -42.26009,
          -67.31692
        ]
      },
      "properties": {
        "id": 1275,
        "category": "node",
        "value": 59.12
      }
    },
    {
      "type": "Feature",
      "geometry": {
        "type": "Point",
        "coordinates": [
          -134.55317,
          -51.01611
        ]
      },
      "properties": {
        "id": 1276,
        "category": "sensor",
        "value": 45.64
      }
    },
    {
      "type": "Feature",
      "geometry": {
        "type": "Point",
        "coordinates": [
          30.79334,
          23.18436
        ]
      },
      "properties": {
        "id": 1277,
        "category": "station",
        "value": 70.7
      }
    },
    {
      "type": "Feature",
      "geometry": {
        "type": "Point",
        "coordinates": [
          -21.73342,
          -73.51516
        ]
      },
      "properties": {
        "id": 1278,
        "category": "poi",
        "value": 72.45
      }
    },
    {
      "type": "Feature",
      "geometry": {
        "type": "Point",
        "coordinates": [
          -160.64387,
          -4.98803
        ]
      },
      "properties": {
        "id": 1279,
        "category": "node",
        "value": 40.02
      }
    },
    {
      "type": "Feature",
      "geometry": {
        "type": "Point",
        "coordinates": [
          62.24248,
          36.33539
        ]
      },
      "properties": {
        "id": 1280,
        "category": "sensor",
        "value": 23.98
      }
    },
    {
      "type": "Feature",
      "geometry": {
        "type": "Point",
        "coordinates": [
          53.83355,
          32.64547
        ]
      },
      "properties": {
        "id": 1281,
        "category": "station",
        "value": 47.17
      }
    },
    {
      "type": "Feature",
      "geometry": {
        "type": "Point",
        "coordinates": [
          -128.96064,
          69.53453
        ]
      },
      "properties": {
        "id": 1282,
        "category": "poi",
        "value": 59.91
      }
    },
    {
      "type": "Feature",
      "geometry": {
        "type": "Point",
        "coordinates": [
          -157.41299,
          -44.43783
        ]
      },
      "properties": {
        "id": 1283,
        "category": "node",
        "value": 98.68
      }
    },
    {
      "type": "Feature",
      "geometry": {
        "type": "Point",
        "coordinates": [
          -97.66111,
          -18.30826
        ]
      },
      "properties": {
        "id": 1284,
        "category": "sensor",
        "value": 78.81
      }
    },
    {
      "type": "Feature",
      "geometry": {
        "type": "Point",
        "coordinates": [
          116.57627,
          22.76263
        ]
      },
      "properties": {
        "id": 1285,
        "category": "station",
        "value": 74.16
      }
    },
    {
      "type": "Feature",
      "geometry": {
        "type": "Point",
        "coordinates": [
          -166.21537,
          -69.05447
        ]
      },
      "properties": {
        "id": 1286,
        "category": "poi",
        "value": 97.62
      }
    },
    {
      "type": "Feature",
      "geometry": {
        "type": "Point",
        "coordinates": [
          108.97925,
          -78.52885
        ]
      },
      "properties": {
        "id": 1287,
        "category": "node",
        "value": 4.87
      }
    },
    {
      "type": "Feature",
      "geometry": {
        "type": "Point",
        "coordinates": [
          -93.43771,
          73.21635
        ]
      },
      "properties": {
        "id": 1288,
        "category": "sensor",
        "value": 21.96
      }
    },
    {
      "type": "Feature",
      "geometry": {
        "type": "Point",
        "coordinates": [
          61.87678,
          73.16029
        ]
      },
      "properties": {
        "id": 1289,
        "category": "station",
        "value": 63.86
      }
    },
    {
      "type": "Feature",
      "geometry": {
        "type": "Point",
        "coordinates": [
          150.94064,
          -40.29764
        ]
      },
      "properties": {
        "id": 1290,
        "category": "poi",
        "value": 15.34
      }
    },
    {
      "type": "Feature",
      "geometry": {
        "type": "Point",
        "coordinates": [
          -173.44003,
          43.71048
        ]
      },
      "properties": {
        "id": 1291,
        "category": "node",
        "value": 10.38
      }
    },
    {
      "type": "Feature",
      "geometry": {
        "type": "Point",
        "coordinates": [
          170.33503,
          35.69674
        ]
      },
      "properties": {
        "id": 1292,
        "category": "sensor",
        "value": 18.69
      }
    },
    {
      "type": "Feature",
      "geometry": {
        "type": "Point",
        "coordinates": [
          110.54312,
          -57.32105
        ]
      },
      "properties": {
        "id": 1293,
        "category": "station",
        "value": 51.21
      }
    },
    {
      "type": "Feature",
      "geometry": {
        "type": "Point",
        "coordinates": [
          -141.91357,
          48.78197
        ]
      },
      "properties": {
        "id": 1294,
        "category": "poi",
        "value": 88.97
      }
    },
    {
      "type": "Feature",
      "geometry": {
        "type": "Point",
        "coordinates": [
          149.8861,
          -84.61538
        ]
      },
      "properties": {
        "id": 1295,
        "category": "node",
        "value": 85.14
      }
    },
    {
      "type": "Feature",
      "geometry": {
        "type": "Point",
        "coordinates": [
          20.12209,
          54.62995
        ]
      },
      "properties": {
        "id": 1296,
        "category": "sensor",
        "value": 50.25
      }
    },
    {
      "type": "Feature",
      "geometry": {
        "type": "Point",
        "coordinates": [
          43.14396,
          16.07526
        ]
      },
      "properties": {
        "id": 1297,
        "category": "station",
        "value": 79.95
      }
    },
    {
      "type": "Feature",
      "geometry": {
        "type": "Point",
        "coordinates": [
          -152.05624,
          -75.77961
        ]
      },
      "properties": {
        "id": 1298,
        "category": "poi",
        "value": 54.55
      }
    },
    {
      "type": "Feature",
      "geometry": {
        "type": "Point",
        "coordinates": [
          -75.25256,
          -17.517
        ]
      },
      "properties": {
        "id": 1299,
        "category": "node",
        "value": 0.76
      }
    },
    {
      "type": "Feature",
      "geometry": {
        "type": "Point",
        "coordinates": [
          88.19869,
          -80.90779
        ]
      },
      "properties": {
        "id": 1300,
        "category": "sensor",
        "value": 82.97
      }
    },
    {
      "type": "Feature",
      "geometry": {
        "type": "Point",
        "coordinates": [
          112.15838,
          -7.14239
        ]
      },
      "properties": {
        "id": 1301,
        "category": "station",
        "value": 12.22
      }
    },
    {
      "type": "Feature",
      "geometry": {
        "type": "Point",
        "coordinates": [
          54.02097,
          -49.78703
        ]
      },
      "properties": {
        "id": 1302,
        "category": "poi",
        "value": 42.9
      }
    },
    {
      "type": "Feature",
      "geometry": {
        "type": "Point",
        "coordinates": [
          -140.25572,
          80.99745
        ]
      },
      "properties": {
        "id": 1303,
        "category": "node",
        "value": 54.61
      }
    },
    {
      "type": "Feature",
      "geometry": {
        "type": "Point",
        "coordinates": [
          -53.08995,
          -69.01474
        ]
      },
      "properties": {
        "id": 1304,
        "category": "sensor",
        "value": 73.02
      }
    },
    {
      "type": "Feature",
      "geometry": {
        "type": "Point",
        "coordinates": [
          125.90275,
          59.21502
        ]
      },
      "properties": {
        "id": 1305,
        "category": "station",
        "value": 10.14
      }
    },
    {
      "type": "Feature",
      "geometry": {
        "type": "Point",
        "coordinates": [
          -47.66853,
          -33.53708
        ]
      },
      "properties": {
        "id": 1306,
        "category": "poi",
        "value": 76.24
      }
    },
    {
      "type": "Feature",
      "geometry": {
        "type": "Point",
        "coordinates": [
          -126.78372,
          18.09263
        ]
      },
      "properties": {
        "id": 1307,
        "category": "node",
        "value": 97.86
      }
    },
    {
      "type": "Feature",
      "geometry": {
        "type": "Point",
        "coordinates": [
          96.76444,
          -83.81954
        ]
      },
      "properties": {
        "id": 1308,
        "category": "sensor",
        "value": 7.5
      }
    },
    {
      "type": "Feature",
      "geometry": {
        "type": "Point",
        "coordinates": [
          -139.07896,
          32.71863
        ]
      },
      "properties": {
        "id": 1309,
        "category": "station",
        "value": 59.88
      }
    },
    {
      "type": "Feature",
      "geometry": {
        "type": "Point",
        "coordinates": [
          7.245,
          -7.54403
        ]
      },
      "properties": {
        "id": 1310,
        "category": "poi",
        "value": 40.74
      }
    },
    {
      "type": "Feature",
      "geometry": {
        "type": "Point",
        "coordinates": [
          39.9674,
          25.25815
        ]
      },
      "properties": {
        "id": 1311,
        "category": "node",
        "value": 91.64
      }
    },
    {
      "type": "Feature",
      "geometry": {
        "type": "Point",
        "coordinates": [
          83.76767,
          50.41389
        ]
      },
      "properties": {
        "id": 1312,
        "category": "sensor",
        "value": 91.29
      }
    },
    {
      "type": "Feature",
      "geometry": {
        "type": "Point",
        "coordinates": [
          121.38775,
          36.83403
        ]
      },
      "properties": {
        "id": 1313,
        "category": "station",
        "value": 3.06
      }
    },
    {
      "type": "Feature",
      "geometry": {
        "type": "Point",
        "coordinates": [
          65.11066,
          59.49622
        ]
      },
      "properties": {
        "id": 1314,
        "category": "poi",
        "value": 43.08
      }
    },
    {
      "type": "Feature",
      "geometry": {
        "type": "Point",
        "coordinates": [
          136.12982,
          -54.43204
        ]
      },
      "properties": {
        "id": 1315,
        "category": "node",
        "value": 94.27
      }
    },
    {
      "type": "Feature",
      "geometry": {
        "type": "Point",
        "coordinates": [
          -20.97399,
          35.10373
        ]
      },
      "properties": {
        "id": 1316,
        "category": "sensor",
        "value": 25.26
      }
    },
    {
      "type": "Feature",
      "geometry": {
        "type": "Point",
        "coordinates": [
          -71.80717,
          -25.75777
        ]
      },
      "properties": {
        "id": 1317,
        "category": "station",
        "value": 32.44
      }
    },
    {
      "type": "Feature",
      "geometry": {
        "type": "Point",
        "coordinates": [
          -145.90181,
          -9.71047
        ]
      },
      "properties": {
        "id": 1318,
        "category": "poi",
        "value": 98.09
      }
    },
    {
      "type": "Feature",
      "geometry": {
        "type": "Point",
        "coordinates": [
          55.44655,
          73.47429
        ]
      },
      "properties": {
        "id": 1319,
        "category": "node",
        "value": 76.23
      }
    },
    {
      "type": "Feature",
      "geometry": {
        "type": "Point",
        "coordinates": [
          121.25653,
          84.02509
        ]
      },
      "properties": {
        "id": 1320,
        "category": "sensor",
        "value": 75.27
      }
    },
    {
      "type": "Feature",
      "geometry": {
        "type": "Point",
        "coordinates": [
          -81.2894,
          -42.54294
        ]
      },
      "properties": {
        "id": 1321,
        "category": "station",
        "value": 41.24
      }
    },
    {
      "type": "Feature",
      "geometry": {
        "type": "Point",
        "coordinates": [
          -172.46678,
          -45.76737
        ]
      },
      "properties": {
        "id": 1322,
        "category": "poi",
        "value": 88.63
      }
    },
    {
      "type": "Feature",
      "geometry": {
        "type": "Point",
        "coordinates": [
          151.52522,
          -29.11963
        ]
      },
      "properties": {
        "id": 1323,
        "category": "node",
        "value": 77.04
      }
    },
    {
      "type": "Feature",
      "geometry": {
        "type": "Point",
        "coordinates": [
          98.98646,
          66.26907
        ]
      },
      "properties": {
        "id": 1324,
        "category": "sensor",
        "value": 79.46
      }
    },
    {
      "type": "Feature",
      "geometry": {
        "type": "Point",
        "coordinates": [
          11.52595,
          -67.17481
        ]
      },
      "properties": {
        "id": 1325,
        "category": "station",
        "value": 82.54
      }
    },
    {
      "type": "Feature",
      "geometry": {
        "type": "Point",
        "coordinates": [
          -67.07854,
          21.58612
        ]
      },
      "properties": {
        "id": 1326,
        "category": "poi",
        "value": 36.71
      }
    },
    {
      "type": "Feature",
      "geometry": {
        "type": "Point",
        "coordinates": [
          13.42093,
          79.1595
        ]
      },
      "properties": {
        "id": 1327,
        "category": "node",
        "value": 16.11
      }
    },
    {
      "type": "Feature",
      "geometry": {
        "type": "Point",
        "coordinates": [
          11.13063,
          25.48986
        ]
      },
      "properties": {
        "id": 1328,
        "category": "sensor",
        "value": 53.84
      }
    },
    {
      "type": "Feature",
      "geometry": {
        "type": "Point",
        "coordinates": [
          157.66004,
          -15.72439
        ]
      },
      "properties": {
        "id": 1329,
        "category": "station",
        "value": 91.38
      }
    },
    {
      "type": "Feature",
      "geometry": {
        "type": "Point",
        "coordinates": [
          68.32659,
          79.46378
        ]
      },
      "properties": {
        "id": 1330,
        "category": "poi",
        "value": 8.96
      }
    },
    {
      "type": "Feature",
      "geometry": {
        "type": "Point",
        "coordinates": [
          -103.54608,
          -36.14385
        ]
      },
      "properties": {
        "id": 1331,
        "category": "node",
        "value": 90.65
      }
    },
    {
      "type": "Feature",
      "geometry": {
        "type": "Point",
        "coordinates": [
          -175.0925,
          -40.76775
        ]
      },
      "properties": {
        "id": 1332,
        "category": "sensor",
        "value": 71.58
      }
    },
    {
      "type": "Feature",
      "geometry": {
        "type": "Point",
        "coordinates": [
          176.29293,
          -55.03265
        ]
      },
      "properties": {
        "id": 1333,
        "category": "station",
        "value": 43.8
      }
    },
    {
      "type": "Feature",
      "geometry": {
        "type": "Point",
        "coordinates": [
          67.27641,
          32.40842
        ]
      },
      "properties": {
        "id": 1334,
        "category": "poi",
        "value": 74.6
      }
    },
    {
      "type": "Feature",
      "geometry": {
        "type": "Point",
        "coordinates": [
          91.12778,
          -42.75675
        ]
      },
      "properties": {
        "id": 1335,
        "category": "node",
        "value": 25.71
      }
    },
    {
      "type": "Feature",
      "geometry": {
        "type": "Point",
        "coordinates": [
          -170.03645,
          32.49505
        ]
      },
      "properties": {
        "id": 1336,
        "category": "sensor",
        "value": 20.92
      }
    },
    {
      "type": "Feature",
      "geometry": {
        "type": "Point",
        "coordinates": [
          -86.57281,
          78.93313
        ]
      },
      "properties": {
        "id": 1337,
        "category": "station",
        "value": 64.33
      }
    },
    {
      "type": "Feature",
      "geometry": {
        "type": "Point",
        "coordinates": [
          32.80686,
          26.5397
        ]
      },
      "properties": {
        "id": 1338,
        "category": "poi",
        "value": 59.79
      }
    },
    {
      "type": "Feature",
      "geometry": {
        "type": "Point",
        "coordinates": [
          70.16992,
          -33.33696
        ]
      },
      "properties": {
        "id": 1339,
        "category": "node",
        "value": 6.39
      }
    },
    {
      "type": "Feature",
      "geometry": {
        "type": "Point",
        "coordinates": [
          -155.91181,
          -82.52866
        ]
      },
      "properties": {
        "id": 1340,
        "category": "sensor",
        "value": 36.15
      }
    },
    {
      "type": "Feature",
      "geometry": {
        "type": "Point",
        "coordinates": [
          -128.79644,
          -65.81335
        ]
      },
      "properties": {
        "id": 1341,
        "category": "station",
        "value": 49.37
      }
    },
    {
      "type": "Feature",
      "geometry": {
        "type": "Point",
        "coordinates": [
          169.03546,
          31.88158
        ]
      },
      "properties": {
        "id": 1342,
        "category": "poi",
        "value": 27.35
      }
    },
    {
      "type": "Feature",
      "geometry": {
        "type": "Point",
        "coordinates": [
          96.9966,
          -54.75844
        ]
      },
      "properties": {
        "id": 1343,
        "category": "node",
        "value": 10.01
      }
    },
    {
      "type": "Feature",
      "geometry": {
        "type": "Point",
        "coordinates": [
          -70.86068,
          -15.47967
        ]
      },
      "properties": {
        "id": 1344,
        "category": "sensor",
        "value": 68.95
      }
    },
    {
      "type": "Feature",
      "geometry": {
        "type": "Point",
        "coordinates": [
          -19.82595,
          38.81318
        ]
      },
      "properties": {
        "id": 1345,
        "category": "station",
        "value": 9.48
      }
    },
    {
      "type": "Feature",
      "geometry": {
        "type": "Point",
        "coordinates": [
          155.63133,
          -26.80116
        ]
      },
      "properties": {
        "id": 1346,
        "category": "poi",
        "value": 83.23
      }
    },
    {
      "type": "Feature",
      "geometry": {
        "type": "Point",
        "coordinates": [
          -168.94899,
          55.88957
        ]
      },
      "properties": {
        "id": 1347,
        "category": "node",
        "value": 22.63
      }
    },
    {
      "type": "Feature",
      "geometry": {
        "type": "Point",
        "coordinates": [
          127.80455,
          51.48817
        ]
      },
      "properties": {
        "id": 1348,
        "category": "sensor",
        "value": 67.07
      }
    },
    {
      "type": "Feature",
      "geometry": {
        "type": "Point",
        "coordinates": [
          -80.04633,
          -83.33309
        ]
      },
      "properties": {
        "id": 1349,
        "category": "station",
        "value": 18.99
      }
    },
    {
      "type": "Feature",
      "geometry": {
        "type": "Point",
        "coordinates": [
          145.75942,
          -58.13395
        ]
      },
      "properties": {
        "id": 1350,
        "category": "poi",
        "value": 65.92
      }
    },
    {
      "type": "Feature",
      "geometry": {
        "type": "Point",
        "coordinates": [
          31.31351,
          27.40745
        ]
      },
      "properties": {
        "id": 1351,
        "category": "node",
        "value": 18.06
      }
    },
    {
      "type": "Feature",
      "geometry": {
        "type": "Point",
        "coordinates": [
          -128.28262,
          -68.49261
        ]
      },
      "properties": {
        "id": 1352,
        "category": "sensor",
        "value": 98.27
      }
    },
    {
      "type": "Feature",
      "geometry": {
        "type": "Point",
        "coordinates": [
          -42.11576,
          25.87873
        ]
      },
      "properties": {
        "id": 1353,
        "category": "station",
        "value": 56.96
      }
    },
    {
      "type": "Feature",
      "geometry": {
        "type": "Point",
        "coordinates": [
          -99.62682,
          -73.98416
        ]
      },
      "properties": {
        "id": 1354,
        "category": "poi",
        "value": 1.48
      }
    },
    {
      "type": "Feature",
      "geometry": {
        "type": "Point",
        "coordinates": [
          126.91783,
          -62.88813
        ]
      },
      "properties": {
        "id": 1355,
        "category": "node",
        "value": 96.31
      }
    },
    {
      "type": "Feature",
      "geometry": {
        "type": "Point",
        "coordinates": [
          -49.09201,
          37.84904
        ]
      },
      "properties": {
        "id": 1356,
        "category": "sensor",
        "value": 13.84
      }
    },
    {
      "type": "Feature",
      "geometry": {
        "type": "Point",
        "coordinates": [
          103.6725,
          -42.22018
        ]
      },
      "properties": {
        "id": 1357,
        "category": "station",
        "value": 36.62
      }
    },
    {
      "type": "Feature",
      "geometry": {
        "type": "Point",
        "coordinates": [
          8.29785,
          -66.0497
        ]
      },
      "properties": {
        "id": 1358,
        "category": "poi",
        "value": 24.83
      }
    },
    {
      "type": "Feature",
      "geometry": {
        "type": "Point",
        "coordinates": [
          106.54763,
          -36.50248
        ]
      },
      "properties": {
        "id": 1359,
        "category": "node",
        "value": 38.08
      }
    },
    {
      "type": "Feature",
      "geometry": {
        "type": "Point",
        "coordinates": [
          95.32366,
          -46.92315
        ]
      },
      "properties": {
        "id": 1360,
        "category": "sensor",
        "value": 19.39
      }
    },
    {
      "type": "Feature",
      "geometry": {
        "type": "Point",
        "coordinates": [
          -101.1529,
          -19.68936
        ]
      },
      "properties": {
        "id": 1361,
        "category": "station",
        "value": 36.53
      }
    },
    {
      "type": "Feature",
      "geometry": {
        "type": "Point",
        "coordinates": [
          50.9131,
          -4.79567
        ]
      },
      "properties": {
        "id": 1362,
        "category": "poi",
        "value": 86.97
      }
    },
    {
      "type": "Feature",
      "geometry": {
        "type": "Point",
        "coordinates": [
          -161.79463,
          27.81808
        ]
      },
      "properties": {
        "id": 1363,
        "category": "node",
        "value": 83.64
      }
    },
    {
      "type": "Feature",
      "geometry": {
        "type": "Point",
        "coordinates": [
          -95.46727,
          -80.00316
        ]
      },
      "properties": {
        "id": 1364,
        "category": "sensor",
        "value": 43.83
      }
    },
    {
      "type": "Feature",
      "geometry": {
        "type": "Point",
        "coordinates": [
          -138.29613,
          -6.80795
        ]
      },
      "properties": {
        "id": 1365,
        "category": "station",
        "value": 71.15
      }
    },
    {
      "type": "Feature",
      "geometry": {
        "type": "Point",
        "coordinates": [
          -146.25588,
          -64.97928
        ]
      },
      "properties": {
        "id": 1366,
        "category": "poi",
        "value": 47.95
      }
    },
    {
      "type": "Feature",
      "geometry": {
        "type": "Point",
        "coordinates": [
          -117.42583,
          -45.77308
        ]
      },
      "properties": {
        "id": 1367,
        "category": "node",
        "value": 44.03
      }
    },
    {
      "type": "Feature",
      "geometry": {
        "type": "Point",
        "coordinates": [
          -137.40823,
          -73.45609
        ]
      },
      "properties": {
        "id": 1368,
        "category": "sensor",
        "value": 36.11
      }
    },
    {
      "type": "Feature",
      "geometry": {
        "type": "Point",
        "coordinates": [
          -11.09975,
          74.22001
        ]
      },
      "properties": {
        "id": 1369,
        "category": "station",
        "value": 55.48
      }
    },
    {
      "type": "Feature",
      "geometry": {
        "type": "Point",
        "coordinates": [
          -154.25392,
          -47.19118
        ]
      },
      "properties": {
        "id": 1370,
        "category": "poi",
        "value": 74.42
      }
    },
    {
      "type": "Feature",
      "geometry": {
        "type": "Point",
        "coordinates": [
          22.63377,
          62.93672
        ]
      },
      "properties": {
        "id": 1371,
        "category": "node",
        "value": 96.25
      }
    },
    {
      "type": "Feature",
      "geometry": {
        "type": "Point",
        "coordinates": [
          128.85187,
          -66.29192
        ]
      },
      "properties": {
        "id": 1372,
        "category": "sensor",
        "value": 94.37
      }
    },
    {
      "type": "Feature",
      "geometry": {
        "type": "Point",
        "coordinates": [
          8.94251,
          -44.24465
        ]
      },
      "properties": {
        "id": 1373,
        "category": "station",
        "value": 17.06
      }
    },
    {
      "type": "Feature",
      "geometry": {
        "type": "Point",
        "coordinates": [
          131.27886,
          -48.89464
        ]
      },
      "properties": {
        "id": 1374,
        "category": "poi",
        "value": 8.31
      }
    },
    {
      "type": "Feature",
      "geometry": {
        "type": "Point",
        "coordinates": [
          -84.49083,
          72.09598
        ]
      },
      "properties": {
        "id": 1375,
        "category": "node",
        "value": 46.09
      }
    },
    {
      "type": "Feature",
      "geometry": {
        "type": "Point",
        "coordinates": [
          83.27739,
          -72.34604
        ]
      },
      "properties": {
        "id": 1376,
        "category": "sensor",
        "value": 45.3
      }
    },
    {
      "type": "Feature",
      "geometry": {
        "type": "Point",
        "coordinates": [
          -65.58506,
          -50.09338
        ]
      },
      "properties": {
        "id": 1377,
        "category": "station",
        "value": 66.29
      }
    },
    {
      "type": "Feature",
      "geometry": {
        "type": "Point",
        "coordinates": [
          -49.95524,
          -64.64973
        ]
      },
      "properties": {
        "id": 1378,
        "category": "poi",
        "value": 98.42
      }
    },
    {
      "type": "Feature",
      "geometry": {
        "type": "Point",
        "coordinates": [
          -6.63104,
          -54.40463
        ]
      },
      "properties": {
        "id": 1379,
        "category": "node",
        "value": 1.09
      }
    },
    {
      "type": "Feature",
      "geometry": {
        "type": "Point",
        "coordinates": [
          55.06976,
          2.49196
        ]
      },
      "properties": {
        "id": 1380,
        "category": "sensor",
        "value": 2.45
      }
    },
    {
      "type": "Feature",
      "geometry": {
        "type": "Point",
        "coordinates": [
          -10.69069,
          40.87774
        ]
      },
      "properties": {
        "id": 1381,
        "category": "station",
        "value": 53.71
      }
    },
    {
      "type": "Feature",
      "geometry": {
        "type": "Point",
        "coordinates": [
          -95.72857,
          -0.17078
        ]
      },
      "properties": {
        "id": 1382,
        "category": "poi",
        "value": 60.49
      }
    },
    {
      "type": "Feature",
      "geometry": {
        "type": "Point",
        "coordinates": [
          54.40904,
          -60.34389
        ]
      },
      "properties": {
        "id": 1383,
        "category": "node",
        "value": 80.36
      }
    },
    {
      "type": "Feature",
      "geometry": {
        "type": "Point",
        "coordinates": [
          160.40816,
          40.86341
        ]
      },
      "properties": {
        "id": 1384,
        "category": "sensor",
        "value": 85.73
      }
    },
    {
      "type": "Feature",
      "geometry": {
        "type": "Point",
        "coordinates": [
          -47.61822,
          68.4623
        ]
      },
      "properties": {
        "id": 1385,
        "category": "station",
        "value": 18.17
      }
    },
    {
      "type": "Feature",
      "geometry": {
        "type": "Point",
        "coordinates": [
          -98.3197,
          16.65273
        ]
      },
      "properties": {
        "id": 1386,
        "category": "poi",
        "value": 90.16
      }
    },
    {
      "type": "Feature",
      "geometry": {
        "type": "Point",
        "coordinates": [
          -150.49209,
          -48.11545
        ]
      },
      "properties": {
        "id": 1387,
        "category": "node",
        "value": 3.59
      }
    },
    {
      "type": "Feature",
      "geometry": {
        "type": "Point",
        "coordinates": [
          -21.95442,
          -61.1176
        ]
      },
      "properties": {
        "id": 1388,
        "category": "sensor",
        "value": 19.15
      }
    },
    {
      "type": "Feature",
      "geometry": {
        "type": "Point",
        "coordinates": [
          89.61466,
          14.1615
        ]
      },
      "properties": {
        "id": 1389,
        "category": "station",
        "value": 93.94
      }
    },
    {
      "type": "Feature",
      "geometry": {
        "type": "Point",
        "coordinates": [
          -35.28288,
          30.45041
        ]
      },
      "properties": {
        "id": 1390,
        "category": "poi",
        "value": 1.26
      }
    },
    {
      "type": "Feature",
      "geometry": {
        "type": "Point",
        "coordinates": [
          161.4226,
          -45.37286
        ]
      },
      "properties": {
        "id": 1391,
        "category": "node",
        "value": 47.71
      }
    },
    {
      "type": "Feature",
      "geometry": {
        "type": "Point",
        "coordinates": [
          4.19504,
          76.21314
        ]
      },
      "properties": {
        "id": 1392,
        "category": "sensor",
        "value": 49.21
      }
    },
    {
      "type": "Feature",
      "geometry": {
        "type": "Point",
        "coordinates": [
          177.06696,
          20.60744
        ]
      },
      "properties": {
        "id": 1393,
        "category": "station",
        "value": 21.64
      }
    },
    {
      "type": "Feature",
      "geometry": {
        "type": "Point",
        "coordinates": [
          120.21106,
          -50.67561
        ]
      },
      "properties": {
        "id": 1394,
        "category": "poi",
        "value": 99.96
      }
    },
    {
      "type": "Feature",
      "geometry": {
        "type": "Point",
        "coordinates": [
          -15.63178,
          -46.53201
        ]
      },
      "properties": {
        "id": 1395,
        "category": "node",
        "value": 96.12
      }
    },
    {
      "type": "Feature",
      "geometry": {
        "type": "Point",
        "coordinates": [
          -64.15788,
          -15.81351
        ]
      },
      "properties": {
        "id": 1396,
        "category": "sensor",
        "value": 34.32
      }
    },
    {
      "type": "Feature",
      "geometry": {
        "type": "Point",
        "coordinates": [
          60.7206,
          -81.09769
        ]
      },
      "properties": {
        "id": 1397,
        "category": "station",
        "value": 37.39
      }
    },
    {
      "type": "Feature",
      "geometry": {
        "type": "Point",
        "coordinates": [
          -121.65228,
          55.7647
        ]
      },
      "properties": {
        "id": 1398,
        "category": "poi",
        "value": 0.02
      }
    },
    {
      "type": "Feature",
      "geometry": {
        "type": "Point",
        "coordinates": [
          38.71369,
          -41.16597
        ]
      },
      "properties": {
        "id": 1399,
        "category": "node",
        "value": 45.42
      }
    },
    {
      "type": "Feature",
      "geometry": {
        "type": "Point",
        "coordinates": [
          22.27471,
          35.9947
        ]
      },
      "properties": {
        "id": 1400,
        "category": "sensor",
        "value": 13.77
      }
    },
    {
      "type": "Feature",
      "geometry": {
        "type": "Point",
        "coordinates": [
          -93.44164,
          -64.50891
        ]
      },
      "properties": {
        "id": 1401,
        "category": "station",
        "value": 96.03
      }
    },
    {
      "type": "Feature",
      "geometry": {
        "type": "Point",
        "coordinates": [
          -126.30629,
          -61.69609
        ]
      },
      "properties": {
        "id": 1402,
        "category": "poi",
        "value": 52.22
      }
    },
    {
      "type": "Feature",
      "geometry": {
        "type": "Point",
        "coordinates": [
          29.30866,
          65.70944
        ]
      },
      "properties": {
        "id": 1403,
        "category": "node",
        "value": 5.69
      }
    },
    {
      "type": "Feature",
      "geometry": {
        "type": "Point",
        "coordinates": [
          -95.64833,
          -56.52474
        ]
      },
      "properties": {
        "id": 1404,
        "category": "sensor",
        "value": 58.56
      }
    },
    {
      "type": "Feature",
      "geometry": {
        "type": "Point",
        "coordinates": [
          -17.12929,
          -15.4819
        ]
      },
      "properties": {
        "id": 1405,
        "category": "station",
        "value": 88.84
      }
    },
    {
      "type": "Feature",
      "geometry": {
        "type": "Point",
        "coordinates": [
          58.21372,
          61.23751
        ]
      },
      "properties": {
        "id": 1406,
        "category": "poi",
        "value": 95.69
      }
    },
    {
      "type": "Feature",
      "geometry": {
        "type": "Point",
        "coordinates": [
          -83.18358,
          75.14276
        ]
      },
      "properties": {
        "id": 1407,
        "category": "node",
        "value": 40.78
      }
    },
    {
      "type": "Feature",
      "geometry": {
        "type": "Point",
        "coordinates": [
          -161.42736,
          70.51191
        ]
      },
      "properties": {
        "id": 1408,
        "category": "sensor",
        "value": 10.41
      }
    },
    {
      "type": "Feature",
      "geometry": {
        "type": "Point",
        "coordinates": [
          -173.69726,
          -35.76134
        ]
      },
      "properties": {
        "id": 1409,
        "category": "station",
        "value": 28.9
      }
    },
    {
      "type": "Feature",
      "geometry": {
        "type": "Point",
        "coordinates": [
          168.08166,
          62.97676
        ]
      },
      "properties": {
        "id": 1410,
        "category": "poi",
        "value": 42.01
      }
    },
    {
      "type": "Feature",
      "geometry": {
        "type": "Point",
        "coordinates": [
          10.57782,
          59.29857
        ]
      },
      "properties": {
        "id": 1411,
        "category": "node",
        "value": 80.7
      }
    },
    {
      "type": "Feature",
      "geometry": {
        "type": "Point",
        "coordinates": [
          55.22877,
          2.17646
        ]
      },
      "properties": {
        "id": 1412,
        "category": "sensor",
        "value": 11.66
      }
    },
    {
      "type": "Feature",
      "geometry": {
        "type": "Point",
        "coordinates": [
          -92.25155,
          26.88081
        ]
      },
      "properties": {
        "id": 1413,
        "category": "station",
        "value": 58.63
      }
    },
    {
      "type": "Feature",
      "geometry": {
        "type": "Point",
        "coordinates": [
          108.38312,
          67.79095
        ]
      },
      "properties": {
        "id": 1414,
        "category": "poi",
        "value": 96.24
      }
    },
    {
      "type": "Feature",
      "geometry": {
        "type": "Point",
        "coordinates": [
          -110.6334,
          -72.07632
        ]
      },
      "properties": {
        "id": 1415,
        "category": "node",
        "value": 89.75
      }
    },
    {
      "type": "Feature",
      "geometry": {
        "type": "Point",
        "coordinates": [
          25.31341,
          -54.14067
        ]
      },
      "properties": {
        "id": 1416,
        "category": "sensor",
        "value": 69.21
      }
    },
    {
      "type": "Feature",
      "geometry": {
        "type": "Point",
        "coordinates": [
          -87.96335,
          -44.7854
        ]
      },
      "properties": {
        "id": 1417,
        "category": "station",
        "value": 36.63
      }
    },
    {
      "type": "Feature",
      "geometry": {
        "type": "Point",
        "coordinates": [
          8.59121,
          30.15786
        ]
      },
      "properties": {
        "id": 1418,
        "category": "poi",
        "value": 7.34
      }
    },
    {
      "type": "Feature",
      "geometry": {
        "type": "Point",
        "coordinates": [
          86.86091,
          21.12261
        ]
      },
      "properties": {
        "id": 1419,
        "category": "node",
        "value": 47.17
      }
    },
    {
      "type": "Feature",
      "geometry": {
        "type": "Point",
        "coordinates": [
          61.95928,
          50.93161
        ]
      },
      "properties": {
        "id": 1420,
        "category": "sensor",
        "value": 0.96
      }
    },
    {
      "type": "Feature",
      "geometry": {
        "type": "Point",
        "coordinates": [
          -8.87525,
          30.2495
        ]
      },
      "properties": {
        "id": 1421,
        "category": "station",
        "value": 70.91
      }
    },
    {
      "type": "Feature",
      "geometry": {
        "type": "Point",
        "coordinates": [
          53.10635,
          -54.35809
        ]
      },
      "properties": {
        "id": 1422,
        "category": "poi",
        "value": 95.85
      }
    },
    {
      "type": "Feature",
      "geometry": {
        "type": "Point",
        "coordinates": [
          102.84869,
          -45.40589
        ]
      },
      "properties": {
        "id": 1423,
        "category": "node",
        "value": 43.06
      }
    },
    {
      "type": "Feature",
      "geometry": {
        "type": "Point",
        "coordinates": [
          164.84585,
          -49.78425
        ]
      },
      "properties": {
        "id": 1424,
        "category": "sensor",
        "value": 40.91
      }
    },
    {
      "type": "Feature",
      "geometry": {
        "type": "Point",
        "coordinates": [
          166.17279,
          68.01546
        ]
      },
      "properties": {
        "id": 1425,
        "category": "station",
        "value": 23.25
      }
    },
    {
      "type": "Feature",
      "geometry": {
        "type": "Point",
        "coordinates": [
          84.69634,
          -23.85468
        ]
      },
      "properties": {
        "id": 1426,
        "category": "poi",
        "value": 66.33
      }
    },
    {
      "type": "Feature",
      "geometry": {
        "type": "Point",
        "coordinates": [
          96.0771,
          -63.31413
        ]
      },
      "properties": {
        "id": 1427,
        "category": "node",
        "value": 22.26
      }
    },
    {
      "type": "Feature",
      "geometry": {
        "type": "Point",
        "coordinates": [
          -102.62047,
          -39.77522
        ]
      },
      "properties": {
        "id": 1428,
        "category": "sensor",
        "value": 3.57
      }
    },
    {
      "type": "Feature",
      "geometry": {
        "type": "Point",
        "coordinates": [
          -131.04145,
          -15.9563
        ]
      },
      "properties": {
        "id": 1429,
        "category": "station",
        "value": 42.08
      }
    },
    {
      "type": "Feature",
      "geometry": {
        "type": "Point",
        "coordinates": [
          -151.99422,
          13.99997
        ]
      },
      "properties": {
        "id": 1430,
        "category": "poi",
        "value": 94.24
      }
    },
    {
      "type": "Feature",
      "geometry": {
        "type": "Point",
        "coordinates": [
          27.70532,
          -24.53423
        ]
      },
      "properties": {
        "id": 1431,
        "category": "node",
        "value": 70.44
      }
    },
    {
      "type": "Feature",
      "geometry": {
        "type": "Point",
        "coordinates": [
          -22.60113,
          -55.17881
        ]
      },
      "properties": {
        "id": 1432,
        "category": "sensor",
        "value": 48.17
      }
    },
    {
      "type": "Feature",
      "geometry": {
        "type": "Point",
        "coordinates": [
          -173.65918,
          29.91368
        ]
      },
      "properties": {
        "id": 1433,
        "category": "station",
        "value": 16.09
      }
    },
    {
      "type": "Feature",
      "geometry": {
        "type": "Point",
        "coordinates": [
          -46.90564,
          78.62187
        ]
      },
      "properties": {
        "id": 1434,
        "category": "poi",
        "value": 76.68
      }
    },
    {
      "type": "Feature",
      "geometry": {
        "type": "Point",
        "coordinates": [
          120.79434,
          24.15473
        ]
      },
      "properties": {
        "id": 1435,
        "category": "node",
        "value": 63.46
      }
    },
    {
      "type": "Feature",
      "geometry": {
        "type": "Point",
        "coordinates": [
          73.76213,
          79.27475
        ]
      },
      "properties": {
        "id": 1436,
        "category": "sensor",
        "value": 19.63
      }
    },
    {
      "type": "Feature",
      "geometry": {
        "type": "Point",
        "coordinates": [
          95.82884,
          -33.85615
        ]
      },
      "properties": {
        "id": 1437,
        "category": "station",
        "value": 25.58
      }
    },
    {
      "type": "Feature",
      "geometry": {
        "type": "Point",
        "coordinates": [
          115.76677,
          17.19144
        ]
      },
      "properties": {
        "id": 1438,
        "category": "poi",
        "value": 84.97
      }
    },
    {
      "type": "Feature",
      "geometry": {
        "type": "Point",
        "coordinates": [
          135.0466,
          15.09701
        ]
      },
      "properties": {
        "id": 1439,
        "category": "node",
        "value": 19.83
      }
    },
    {
      "type": "Feature",
      "geometry": {
        "type": "Point",
        "coordinates": [
          -174.59829,
          5.92471
        ]
      },
      "properties": {
        "id": 1440,
        "category": "sensor",
        "value": 72.56
      }
    },
    {
      "type": "Feature",
      "geometry": {
        "type": "Point",
        "coordinates": [
          -81.92222,
          -73.09131
        ]
      },
      "properties": {
        "id": 1441,
        "category": "station",
        "value": 0.47
      }
    },
    {
      "type": "Feature",
      "geometry": {
        "type": "Point",
        "coordinates": [
          -117.64171,
          33.30066
        ]
      },
      "properties": {
        "id": 1442,
        "category": "poi",
        "value": 0.39
      }
    },
    {
      "type": "Feature",
      "geometry": {
        "type": "Point",
        "coordinates": [
          -97.21083,
          -39.92728
        ]
      },
      "properties": {
        "id": 1443,
        "category": "node",
        "value": 71.11
      }
    },
    {
      "type": "Feature",
      "geometry": {
        "type": "Point",
        "coordinates": [
          175.39484,
          -81.71605
        ]
      },
      "properties": {
        "id": 1444,
        "category": "sensor",
        "value": 11.42
      }
    },
    {
      "type": "Feature",
      "geometry": {
        "type": "Point",
        "coordinates": [
          156.45887,
          79.89328
        ]
      },
      "properties": {
        "id": 1445,
        "category": "station",
        "value": 14.86
      }
    },
    {
      "type": "Feature",
      "geometry": {
        "type": "Point",
        "coordinates": [
          -59.2715,
          3.7952
        ]
      },
      "properties": {
        "id": 1446,
        "category": "poi",
        "value": 32.02
      }
    },
    {
      "type": "Feature",
      "geometry": {
        "type": "Point",
        "coordinates": [
          -29.74077,
          -3.5968
        ]
      },
      "properties": {
        "id": 1447,
        "category": "node",
        "value": 25.85
      }
    },
    {
      "type": "Feature",
      "geometry": {
        "type": "Point",
        "coordinates": [
          -160.20706,
          -70.73233
        ]
      },
      "properties": {
        "id": 1448,
        "category": "sensor",
        "value": 16.25
      }
    },
    {
      "type": "Feature",
      "geometry": {
        "type": "Point",
        "coordinates": [
          -147.09763,
          21.08901
        ]
      },
      "properties": {
        "id": 1449,
        "category": "station",
        "value": 69.66
      }
    },
    {
      "type": "Feature",
      "geometry": {
        "type": "Point",
        "coordinates": [
          -85.33785,
          49.59575
        ]
      },
      "properties": {
        "id": 1450,
        "category": "poi",
        "value": 72.88
      }
    },
    {
      "type": "Feature",
      "geometry": {
        "type": "Point",
        "coordinates": [
          -56.98852,
          -1.39546
        ]
      },
      "properties": {
        "id": 1451,
        "category": "node",
        "value": 18.84
      }
    },
    {
      "type": "Feature",
      "geometry": {
        "type": "Point",
        "coordinates": [
          154.42937,
          10.26364
        ]
      },
      "properties": {
        "id": 1452,
        "category": "sensor",
        "value": 5.13
      }
    },
    {
      "type": "Feature",
      "geometry": {
        "type": "Point",
        "coordinates": [
          -124.58831,
          32.74752
        ]
      },
      "properties": {
        "id": 1453,
        "category": "station",
        "value": 38.52
      }
    },
    {
      "type": "Feature",
      "geometry": {
        "type": "Point",
        "coordinates": [
          78.1238,
          -45.99971
        ]
      },
      "properties": {
        "id": 1454,
        "category": "poi",
        "value": 79.72
      }
    },
    {
      "type": "Feature",
      "geometry": {
        "type": "Point",
        "coordinates": [
          108.71792,
          -68.9844
        ]
      },
      "properties": {
        "id": 1455,
        "category": "node",
        "value": 58.62
      }
    },
    {
      "type": "Feature",
      "geometry": {
        "type": "Point",
        "coordinates": [
          -111.13334,
          35.31963
        ]
      },
      "properties": {
        "id": 1456,
        "category": "sensor",
        "value": 80.4
      }
    },
    {
      "type": "Feature",
      "geometry": {
        "type": "Point",
        "coordinates": [
          104.85713,
          -45.68864
        ]
      },
      "properties": {
        "id": 1457,
        "category": "station",
        "value": 9.33
      }
    },
    {
      "type": "Feature",
      "geometry": {
        "type": "Point",
        "coordinates": [
          58.84375,
          11.05476
        ]
      },
      "properties": {
        "id": 1458,
        "category": "poi",
        "value": 13.82
      }
    },
    {
      "type": "Feature",
      "geometry": {
        "type": "Point",
        "coordinates": [
          -110.61981,
          14.02407
        ]
      },
      "properties": {
        "id": 1459,
        "category": "node",
        "value": 10.79
      }
    },
    {
      "type": "Feature",
      "geometry": {
        "type": "Point",
        "coordinates": [
          48.22585,
          -44.04312
        ]
      },
      "properties": {
        "id": 1460,
        "category": "sensor",
        "value": 25.85
      }
    },
    {
      "type": "Feature",
      "geometry": {
        "type": "Point",
        "coordinates": [
          -27.54854,
          5.63586
        ]
      },
      "properties": {
        "id": 1461,
        "category": "station",
        "value": 72.44
      }
    },
    {
      "type": "Feature",
      "geometry": {
        "type": "Point",
        "coordinates": [
          -168.8743,
          38.14123
        ]
      },
      "properties": {
        "id": 1462,
        "category": "poi",
        "value": 22.1
      }
    },
    {
      "type": "Feature",
      "geometry": {
        "type": "Point",
        "coordinates": [
          -75.3099,
          23.76486
        ]
      },
      "properties": {
        "id": 1463,
        "category": "node",
        "value": 69.12
      }
    },
    {
      "type": "Feature",
      "geometry": {
        "type": "Point",
        "coordinates": [
          41.29915,
          68.31009
        ]
      },
      "properties": {
        "id": 1464,
        "category": "sensor",
        "value": 20.46
      }
    },
    {
      "type": "Feature",
      "geometry": {
        "type": "Point",
        "coordinates": [
          -67.99062,
          27.62779
        ]
      },
      "properties": {
        "id": 1465,
        "category": "station",
        "value": 26.08
      }
    },
    {
      "type": "Feature",
      "geometry": {
        "type": "Point",
        "coordinates": [
          -123.35546,
          -46.52707
        ]
      },
      "properties": {
        "id": 1466,
        "category": "poi",
        "value": 77.13
      }
    },
    {
      "type": "Feature",
      "geometry": {
        "type": "Point",
        "coordinates": [
          117.71692,
          36.76759
        ]
      },
      "properties": {
        "id": 1467,
        "category": "node",
        "value": 95.87
      }
    },
    {
      "type": "Feature",
      "geometry": {
        "type": "Point",
        "coordinates": [
          105.9689,
          -32.35458
        ]
      },
      "properties": {
        "id": 1468,
        "category": "sensor",
        "value": 31.55
      }
    },
    {
      "type": "Feature",
      "geometry": {
        "type": "Point",
        "coordinates": [
          79.62837,
          -75.53839
        ]
      },
      "properties": {
        "id": 1469,
        "category": "station",
        "value": 60.92
      }
    },
    {
      "type": "Feature",
      "geometry": {
        "type": "Point",
        "coordinates": [
          -147.91067,
          -76.65718
        ]
      },
      "properties": {
        "id": 1470,
        "category": "poi",
        "value": 51.37
      }
    },
    {
      "type": "Feature",
      "geometry": {
        "type": "Point",
        "coordinates": [
          -125.54919,
          73.38319
        ]
      },
      "properties": {
        "id": 1471,
        "category": "node",
        "value": 87.73
      }
    },
    {
      "type": "Feature",
      "geometry": {
        "type": "Point",
        "coordinates": [
          -13.76799,
          -51.38967
        ]
      },
      "properties": {
        "id": 1472,
        "category": "sensor",
        "value": 11.96
      }
    },
    {
      "type": "Feature",
      "geometry": {
        "type": "Point",
        "coordinates": [
          2.44741,
          3.62003
        ]
      },
      "properties": {
        "id": 1473,
        "category": "station",
        "value": 36.28
      }
    },
    {
      "type": "Feature",
      "geometry": {
        "type": "Point",
        "coordinates": [
          77.87601,
          4.97448
        ]
      },
      "properties": {
        "id": 1474,
        "category": "poi",
        "value": 77.54
      }
    },
    {
      "type": "Feature",
      "geometry": {
        "type": "Point",
        "coordinates": [
          -141.76232,
          -73.09086
        ]
      },
      "properties": {
        "id": 1475,
        "category": "node",
        "value": 38.7
      }
    },
    {
      "type": "Feature",
      "geometry": {
        "type": "Point",
        "coordinates": [
          -5.93004,
          -42.05777
        ]
      },
      "properties": {
        "id": 1476,
        "category": "sensor",
        "value": 66.85
      }
    },
    {
      "type": "Feature",
      "geometry": {
        "type": "Point",
        "coordinates": [
          -100.12304,
          -30.89911
        ]
      },
      "properties": {
        "id": 1477,
        "category": "station",
        "value": 47.69
      }
    },
    {
      "type": "Feature",
      "geometry": {
        "type": "Point",
        "coordinates": [
          76.44093,
          45.95454
        ]
      },
      "properties": {
        "id": 1478,
        "category": "poi",
        "value": 37.17
      }
    },
    {
      "type": "Feature",
      "geometry": {
        "type": "Point",
        "coordinates": [
          -19.13591,
          72.68677
        ]
      },
      "properties": {
        "id": 1479,
        "category": "node",
        "value": 93.39
      }
    },
    {
      "type": "Feature",
      "geometry": {
        "type": "Point",
        "coordinates": [
          42.74811,
          -67.15869
        ]
      },
      "properties": {
        "id": 1480,
        "category": "sensor",
        "value": 45.57
      }
    },
    {
      "type": "Feature",
      "geometry": {
        "type": "Point",
        "coordinates": [
          49.25083,
          -37.63956
        ]
      },
      "properties": {
        "id": 1481,
        "category": "station",
        "value": 3.74
      }
    },
    {
      "type": "Feature",
      "geometry": {
        "type": "Point",
        "coordinates": [
          173.21594,
          69.64124
        ]
      },
      "properties": {
        "id": 1482,
        "category": "poi",
        "value": 12.9
      }
    },
    {
      "type": "Feature",
      "geometry": {
        "type": "Point",
        "coordinates": [
          -12.28745,
          20.28881
        ]
      },
      "properties": {
        "id": 1483,
        "category": "node",
        "value": 30.0
      }
    },
    {
      "type": "Feature",
      "geometry": {
        "type": "Point",
        "coordinates": [
          -155.32562,
          42.61583
        ]
      },
      "properties": {
        "id": 1484,
        "category": "sensor",
        "value": 77.08
      }
    },
    {
      "type": "Feature",
      "geometry": {
        "type": "Point",
        "coordinates": [
          -22.55273,
          -70.43089
        ]
      },
      "properties": {
        "id": 1485,
        "category": "station",
        "value": 39.39
      }
    },
    {
      "type": "Feature",
      "geometry": {
        "type": "Point",
        "coordinates": [
          -146.14523,
          78.79889
        ]
      },
      "properties": {
        "id": 1486,
        "category": "poi",
        "value": 5.12
      }
    },
    {
      "type": "Feature",
      "geometry": {
        "type": "Point",
        "coordinates": [
          -76.3092,
          45.54731
        ]
      },
      "properties": {
        "id": 1487,
        "category": "node",
        "value": 13.5
      }
    },
    {
      "type": "Feature",
      "geometry": {
        "type": "Point",
        "coordinates": [
          -141.64226,
          -72.9913
        ]
      },
      "properties": {
        "id": 1488,
        "category": "sensor",
        "value": 16.4
      }
    },
    {
      "type": "Feature",
      "geometry": {
        "type": "Point",
        "coordinates": [
          11.46798,
          56.62563
        ]
      },
      "properties": {
        "id": 1489,
        "category": "station",
        "value": 16.91
      }
    },
    {
      "type": "Feature",
      "geometry": {
        "type": "Point",
        "coordinates": [
          -117.47406,
          45.04356
        ]
      },
      "properties": {
        "id": 1490,
        "category": "poi",
        "value": 42.58
      }
    },
    {
      "type": "Feature",
      "geometry": {
        "type": "Point",
        "coordinates": [
          -58.30836,
          -64.0442
        ]
      },
      "properties": {
        "id": 1491,
        "category": "node",
        "value": 24.28
      }
    },
    {
      "type": "Feature",
      "geometry": {
        "type": "Point",
        "coordinates": [
          169.82985,
          -65.11321
        ]
      },
      "properties": {
        "id": 1492,
        "category": "sensor",
        "value": 25.96
      }
    },
    {
      "type": "Feature",
      "geometry": {
        "type": "Point",
        "coordinates": [
          86.63577,
          66.59685
        ]
      },
      "properties": {
        "id": 1493,
        "category": "station",
        "value": 90.43
      }
    },
    {
      "type": "Feature",
      "geometry": {
        "type": "Point",
        "coordinates": [
          -9.80322,
          77.58757
        ]
      },
      "properties": {
        "id": 1494,
        "category": "poi",
        "value": 60.41
      }
    },
    {
      "type": "Feature",
      "geometry": {
        "type": "Point",
        "coordinates": [
          -76.06573,
          -5.91047
        ]
      },
      "properties": {
        "id": 1495,
        "category": "node",
        "value": 71.6
      }
    },
    {
      "type": "Feature",
      "geometry": {
        "type": "Point",
        "coordinates": [
          84.23737,
          -62.96198
        ]
      },
      "properties": {
        "id": 1496,
        "category": "sensor",
        "value": 19.37
      }
    },
    {
      "type": "Feature",
      "geometry": {
        "type": "Point",
        "coordinates": [
          164.96739,
          -66.80997
        ]
      },
      "properties": {
        "id": 1497,
        "category": "station",
        "value": 81.34
      }
    },
    {
      "type": "Feature",
      "geometry": {
        "type": "Point",
        "coordinates": [
          -58.01369,
          -42.85306
        ]
      },
      "properties": {
        "id": 1498,
        "category": "poi",
        "value": 25.52
      }
    },
    {
      "type": "Feature",
      "geometry": {
        "type": "Point",
        "coordinates": [
          -11.08268,
          83.39671
        ]
      },
      "properties": {
        "id": 1499,
        "category": "node",
        "value": 14.85
      }
    },
    {
      "type": "Feature",
      "geometry": {
        "type": "Point",
        "coordinates": [
          127.63006,
          -30.38943
        ]
      },
      "properties": {
        "id": 1500,
        "category": "sensor",
        "value": 17.28
      }
    },
    {
      "type": "Feature",
      "geometry": {
        "type": "Point",
        "coordinates": [
          88.10771,
          -26.92805
        ]
      },
      "properties": {
        "id": 1501,
        "category": "station",
        "value": 18.75
      }
    },
    {
      "type": "Feature",
      "geometry": {
        "type": "Point",
        "coordinates": [
          -29.36918,
          54.68439
        ]
      },
      "properties": {
        "id": 1502,
        "category": "poi",
        "value": 86.31
      }
    },
    {
      "type": "Feature",
      "geometry": {
        "type": "Point",
        "coordinates": [
          26.96114,
          -83.2294
        ]
      },
      "properties": {
        "id": 1503,
        "category": "node",
        "value": 76.34
      }
    },
    {
      "type": "Feature",
      "geometry": {
        "type": "Point",
        "coordinates": [
          38.34959,
          67.8978
        ]
      },
      "properties": {
        "id": 1504,
        "category": "sensor",
        "value": 95.2
      }
    },
    {
      "type": "Feature",
      "geometry": {
        "type": "Point",
        "coordinates": [
          -62.25808,
          59.24385
        ]
      },
      "properties": {
        "id": 1505,
        "category": "station",
        "value": 81.89
      }
    },
    {
      "type": "Feature",
      "geometry": {
        "type": "Point",
        "coordinates": [
          -84.2484,
          -22.80743
        ]
      },
      "properties": {
        "id": 1506,
        "category": "poi",
        "value": 37.46
      }
    },
    {
      "type": "Feature",
      "geometry": {
        "type": "Point",
        "coordinates": [
          -52.96292,
          -20.69869
        ]
      },
      "properties": {
        "id": 1507,
        "category": "node",
        "value": 11.02
      }
    },
    {
      "type": "Feature",
      "geometry": {
        "type": "Point",
        "coordinates": [
          -98.22855,
          69.62078
        ]
      },
      "properties": {
        "id": 1508,
        "category": "sensor",
        "value": 41.06
      }
    },
    {
      "type": "Feature",
      "geometry": {
        "type": "Point",
        "coordinates": [
          48.89207,
          65.83955
        ]
      },
      "properties": {
        "id": 1509,
        "category": "station",
        "value": 75.56
      }
    },
    {
      "type": "Feature",
      "geometry": {
        "type": "Point",
        "coordinates": [
          -92.02594,
          71.32921
        ]
      },
      "properties": {
        "id": 1510,
        "category": "poi",
        "value": 80.42
      }
    },
    {
      "type": "Feature",
      "geometry": {
        "type": "Point",
        "coordinates": [
          176.6311,
          38.77062
        ]
      },
      "properties": {
        "id": 1511,
        "category": "node",
        "value": 75.48
      }
    },
    {
      "type": "Feature",
      "geometry": {
        "type": "Point",
        "coordinates": [
          112.68538,
          -41.95309
        ]
      },
      "properties": {
        "id": 1512,
        "category": "sensor",
        "value": 65.59
      }
    },
    {
      "type": "Feature",
      "geometry": {
        "type": "Point",
        "coordinates": [
          -42.95851,
          57.74942
        ]
      },
      "properties": {
        "id": 1513,
        "category": "station",
        "value": 13.36
      }
    },
    {
      "type": "Feature",
      "geometry": {
        "type": "Point",
        "coordinates": [
          14.08437,
          -27.81049
        ]
      },
      "properties": {
        "id": 1514,
        "category": "poi",
        "value": 82.06
      }
    },
    {
      "type": "Feature",
      "geometry": {
        "type": "Point",
        "coordinates": [
          -55.69985,
          58.45679
        ]
      },
      "properties": {
        "id": 1515,
        "category": "node",
        "value": 84.79
      }
    },
    {
      "type": "Feature",
      "geometry": {
        "type": "Point",
        "coordinates": [
          136.38303,
          -61.35503
        ]
      },
      "properties": {
        "id": 1516,
        "category": "sensor",
        "value": 93.83
      }
    },
    {
      "type": "Feature",
      "geometry": {
        "type": "Point",
        "coordinates": [
          87.93045,
          30.07866
        ]
      },
      "properties": {
        "id": 1517,
        "category": "station",
        "value": 65.25
      }
    },
    {
      "type": "Feature",
      "geometry": {
        "type": "Point",
        "coordinates": [
          -162.71967,
          62.92635
        ]
      },
      "properties": {
        "id": 1518,
        "category": "poi",
        "value": 54.78
      }
    },
    {
      "type": "Feature",
      "geometry": {
        "type": "Point",
        "coordinates": [
          -15.94897,
          -27.31682
        ]
      },
      "properties": {
        "id": 1519,
        "category": "node",
        "value": 78.29
      }
    },
    {
      "type": "Feature",
      "geometry": {
        "type": "Point",
        "coordinates": [
          101.60513,
          62.87411
        ]
      },
      "properties": {
        "id": 1520,
        "category": "sensor",
        "value": 21.41
      }
    },
    {
      "type": "Feature",
      "geometry": {
        "type": "Point",
        "coordinates": [
          -57.44194,
          -42.61139
        ]
      },
      "properties": {
        "id": 1521,
        "category": "station",
        "value": 10.04
      }
    },
    {
      "type": "Feature",
      "geometry": {
        "type": "Point",
        "coordinates": [
          -62.23107,
          -80.58188
        ]
      },
      "properties": {
        "id": 1522,
        "category": "poi",
        "value": 79.65
      }
    },
    {
      "type": "Feature",
      "geometry": {
        "type": "Point",
        "coordinates": [
          -98.2458,
          -72.98887
        ]
      },
      "properties": {
        "id": 1523,
        "category": "node",
        "value": 6.77
      }
    },
    {
      "type": "Feature",
      "geometry": {
        "type": "Point",
        "coordinates": [
          86.79817,
          -51.26515
        ]
      },
      "properties": {
        "id": 1524,
        "category": "sensor",
        "value": 46.21
      }
    },
    {
      "type": "Feature",
      "geometry": {
        "type": "Point",
        "coordinates": [
          -35.336,
          51.40787
        ]
      },
      "properties": {
        "id": 1525,
        "category": "station",
        "value": 95.41
      }
    },
    {
      "type": "Feature",
      "geometry": {
        "type": "Point",
        "coordinates": [
          -68.44252,
          22.49122
        ]
      },
      "properties": {
        "id": 1526,
        "category": "poi",
        "value": 89.47
      }
    },
    {
      "type": "Feature",
      "geometry": {
        "type": "Point",
        "coordinates": [
          -10.62944,
          67.94298
        ]
      },
      "properties": {
        "id": 1527,
        "category": "node",
        "value": 73.37
      }
    },
    {
      "type": "Feature",
      "geometry": {
        "type": "Point",
        "coordinates": [
          -67.85131,
          63.57073
        ]
      },
      "properties": {
        "id": 1528,
        "category": "sensor",
        "value": 57.33
      }
    },
    {
      "type": "Feature",
      "geometry": {
        "type": "Point",
        "coordinates": [
          -141.88183,
          14.87286
        ]
      },
      "properties": {
        "id": 1529,
        "category": "station",
        "value": 82.92
      }
    },
    {
      "type": "Feature",
      "geometry": {
        "type": "Point",
        "coordinates": [
          6.6726,
          -2.71572
        ]
      },
      "properties": {
        "id": 1530,
        "category": "poi",
        "value": 41.64
      }
    },
    {
      "type": "Feature",
      "geometry": {
        "type": "Point",
        "coordinates": [
          136.96629,
          28.14114
        ]
      },
      "properties": {
        "id": 1531,
        "category": "node",
        "value": 20.79
      }
    },
    {
      "type": "Feature",
      "geometry": {
        "type": "Point",
        "coordinates": [
          -49.5496,
          -23.24242
        ]
      },
      "properties": {
        "id": 1532,
        "category": "sensor",
        "value": 95.87
      }
    },
    {
      "type": "Feature",
      "geometry": {
        "type": "Point",
        "coordinates": [
          70.52567,
          -63.77422
        ]
      },
      "properties": {
        "id": 1533,
        "category": "station",
        "value": 91.43
      }
    },
    {
      "type": "Feature",
      "geometry": {
        "type": "Point",
        "coordinates": [
          -167.44131,
          15.44807
        ]
      },
      "properties": {
        "id": 1534,
        "category": "poi",
        "value": 43.24
      }
    },
    {
      "type": "Feature",
      "geometry": {
        "type": "Point",
        "coordinates": [
          78.29144,
          -12.01612
        ]
      },
      "properties": {
        "id": 1535,
        "category": "node",
        "value": 9.23
      }
    },
    {
      "type": "Feature",
      "geometry": {
        "type": "Point",
        "coordinates": [
          8.52488,
          54.47
        ]
      },
      "properties": {
        "id": 1536,
        "category": "sensor",
        "value": 78.89
      }
    },
    {
      "type": "Feature",
      "geometry": {
        "type": "Point",
        "coordinates": [
          -51.61914,
          -47.20426
        ]
      },
      "properties": {
        "id": 1537,
        "category": "station",
        "value": 74.48
      }
    },
    {
      "type": "Feature",
      "geometry": {
        "type": "Point",
        "coordinates": [
          108.62068,
          -47.76864
        ]
      },
      "properties": {
        "id": 1538,
        "category": "poi",
        "value": 88.31
      }
    },
    {
      "type": "Feature",
      "geometry": {
        "type": "Point",
        "coordinates": [
          177.27803,
          -11.31043
        ]
      },
      "properties": {
        "id": 1539,
        "category": "node",
        "value": 38.06
      }
    },
    {
      "type": "Feature",
      "geometry": {
        "type": "Point",
        "coordinates": [
          75.54769,
          73.06063
        ]
      },
      "properties": {
        "id": 1540,
        "category": "sensor",
        "value": 20.17
      }
    },
    {
      "type": "Feature",
      "geometry": {
        "type": "Point",
        "coordinates": [
          -71.36503,
          -29.06392
        ]
      },
      "properties": {
        "id": 1541,
        "category": "station",
        "value": 73.22
      }
    },
    {
      "type": "Feature",
      "geometry": {
        "type": "Point",
        "coordinates": [
          -112.74648,
          7.96758
        ]
      },
      "properties": {
        "id": 1542,
        "category": "poi",
        "value": 50.03
      }
    },
    {
      "type": "Feature",
      "geometry": {
        "type": "Point",
        "coordinates": [
          60.63956,
          -60.64671
        ]
      },
      "properties": {
        "id": 1543,
        "category": "node",
        "value": 95.67
      }
    },
    {
      "type": "Feature",
      "geometry": {
        "type": "Point",
        "coordinates": [
          179.98565,
          10.38639
        ]
      },
      "properties": {
        "id": 1544,
        "category": "sensor",
        "value": 79.52
      }
    },
    {
      "type": "Feature",
      "geometry": {
        "type": "Point",
        "coordinates": [
          -113.99677,
          69.73285
        ]
      },
      "properties": {
        "id": 1545,
        "category": "station",
        "value": 55.14
      }
    },
    {
      "type": "Feature",
      "geometry": {
        "type": "Point",
        "coordinates": [
          93.42917,
          62.63994
        ]
      },
      "properties": {
        "id": 1546,
        "category": "poi",
        "value": 36.17
      }
    },
    {
      "type": "Feature",
      "geometry": {
        "type": "Point",
        "coordinates": [
          152.63377,
          -49.74301
        ]
      },
      "properties": {
        "id": 1547,
        "category": "node",
        "value": 2.34
      }
    },
    {
      "type": "Feature",
      "geometry": {
        "type": "Point",
        "coordinates": [
          0.86507,
          67.77301
        ]
      },
      "properties": {
        "id": 1548,
        "category": "sensor",
        "value": 90.05
      }
    },
    {
      "type": "Feature",
      "geometry": {
        "type": "Point",
        "coordinates": [
          163.78689,
          1.83565
        ]
      },
      "properties": {
        "id": 1549,
        "category": "station",
        "value": 93.26
      }
    },
    {
      "type": "Feature",
      "geometry": {
        "type": "Point",
        "coordinates": [
          21.58732,
          -60.57422
        ]
      },
      "properties": {
        "id": 1550,
        "category": "poi",
        "value": 63.11
      }
    },
    {
      "type": "Feature",
      "geometry": {
        "type": "Point",
        "coordinates": [
          109.22598,
          -12.94541
        ]
      },
      "properties": {
        "id": 1551,
        "category": "node",
        "value": 60.21
      }
    },
    {
      "type": "Feature",
      "geometry": {
        "type": "Point",
        "coordinates": [
          -86.70859,
          -38.07794
        ]
      },
      "properties": {
        "id": 1552,
        "category": "sensor",
        "value": 42.03
      }
    },
    {
      "type": "Feature",
      "geometry": {
        "type": "Point",
        "coordinates": [
          4.7607,
          -5.3908
        ]
      },
      "properties": {
        "id": 1553,
        "category": "station",
        "value": 9.24
      }
    },
    {
      "type": "Feature",
      "geometry": {
        "type": "Point",
        "coordinates": [
          -177.95829,
          -27.16505
        ]
      },
      "properties": {
        "id": 1554,
        "category": "poi",
        "value": 71.69
      }
    },
    {
      "type": "Feature",
      "geometry": {
        "type": "Point",
        "coordinates": [
          89.40853,
          -44.70091
        ]
      },
      "properties": {
        "id": 1555,
        "category": "node",
        "value": 25.56
      }
    },
    {
      "type": "Feature",
      "geometry": {
        "type": "Point",
        "coordinates": [
          6.00474,
          -55.17205
        ]
      },
      "properties": {
        "id": 1556,
        "category": "sensor",
        "value": 60.29
      }
    },
    {
      "type": "Feature",
      "geometry": {
        "type": "Point",
        "coordinates": [
          145.49036,
          -50.66051
        ]
      },
      "properties": {
        "id": 1557,
        "category": "station",
        "value": 58.55
      }
    },
    {
      "type": "Feature",
      "geometry": {
        "type": "Point",
        "coordinates": [
          79.48497,
          42.36683
        ]
      },
      "properties": {
        "id": 1558,
        "category": "poi",
        "value": 71.21
      }
    },
    {
      "type": "Feature",
      "geometry": {
        "type": "Point",
        "coordinates": [
          75.80708,
          -38.66851
        ]
      },
      "properties": {
        "id": 1559,
        "category": "node",
        "value": 83.84
      }
    },
    {
      "type": "Feature",
      "geometry": {
        "type": "Point",
        "coordinates": [
          153.03461,
          -76.06537
        ]
      },
      "properties": {
        "id": 1560,
        "category": "sensor",
        "value": 94.41
      }
    },
    {
      "type": "Feature",
      "geometry": {
        "type": "Point",
        "coordinates": [
          -20.65484,
          -70.32243
        ]
      },
      "properties": {
        "id": 1561,
        "category": "station",
        "value": 6.96
      }
    },
    {
      "type": "Feature",
      "geometry": {
        "type": "Point",
        "coordinates": [
          106.87099,
          30.1974
        ]
      },
      "properties": {
        "id": 1562,
        "category": "poi",
        "value": 14.21
      }
    },
    {
      "type": "Feature",
      "geometry": {
        "type": "Point",
        "coordinates": [
          -14.41054,
          23.58058
        ]
      },
      "properties": {
        "id": 1563,
        "category": "node",
        "value": 99.76
      }
    },
    {
      "type": "Feature",
      "geometry": {
        "type": "Point",
        "coordinates": [
          -59.02306,
          45.3193
        ]
      },
      "properties": {
        "id": 1564,
        "category": "sensor",
        "value": 24.51
      }
    },
    {
      "type": "Feature",
      "geometry": {
        "type": "Point",
        "coordinates": [
          -108.40606,
          -57.59142
        ]
      },
      "properties": {
        "id": 1565,
        "category": "station",
        "value": 41.01
      }
    },
    {
      "type": "Feature",
      "geometry": {
        "type": "Point",
        "coordinates": [
          42.55575,
          -33.45803
        ]
      },
      "properties": {
        "id": 1566,
        "category": "poi",
        "value": 16.19
      }
    },
    {
      "type": "Feature",
      "geometry": {
        "type": "Point",
        "coordinates": [
          -101.33611,
          -70.55273
        ]
      },
      "properties": {
        "id": 1567,
        "category": "node",
        "value": 19.31
      }
    },
    {
      "type": "Feature",
      "geometry": {
        "type": "Point",
        "coordinates": [
          -66.3156,
          0.77537
        ]
      },
      "properties": {
        "id": 1568,
        "category": "sensor",
        "value": 18.36
      }
    },
    {
      "type": "Feature",
      "geometry": {
        "type": "Point",
        "coordinates": [
          -7.30343,
          -10.22961
        ]
      },
      "properties": {
        "id": 1569,
        "category": "station",
        "value": 97.3
      }
    },
    {
      "type": "Feature",
      "geometry": {
        "type": "Point",
        "coordinates": [
          -4.95053,
          75.61893
        ]
      },
      "properties": {
        "id": 1570,
        "category": "poi",
        "value": 47.14
      }
    },
    {
      "type": "Feature",
      "geometry": {
        "type": "Point",
        "coordinates": [
          -108.73606,
          15.63448
        ]
      },
      "properties": {
        "id": 1571,
        "category": "node",
        "value": 14.47
      }
    },
    {
      "type": "Feature",
      "geometry": {
        "type": "Point",
        "coordinates": [
          -119.09149,
          -72.54091
        ]
      },
      "properties": {
        "id": 1572,
        "category": "sensor",
        "value": 70.13
      }
    },
    {
      "type": "Feature",
      "geometry": {
        "type": "Point",
        "coordinates": [
          168.11777,
          -16.42264
        ]
      },
      "properties": {
        "id": 1573,
        "category": "station",
        "value": 35.41
      }
    },
    {
      "type": "Feature",
      "geometry": {
        "type": "Point",
        "coordinates": [
          -26.94002,
          -25.16164
        ]
      },
      "properties": {
        "id": 1574,
        "category": "poi",
        "value": 69.07
      }
    },
    {
      "type": "Feature",
      "geometry": {
        "type": "Point",
        "coordinates": [
          -38.9103,
          -59.10451
        ]
      },
      "properties": {
        "id": 1575,
        "category": "node",
        "value": 86.43
      }
    },
    {
      "type": "Feature",
      "geometry": {
        "type": "Point",
        "coordinates": [
          26.12592,
          -83.90996
        ]
      },
      "properties": {
        "id": 1576,
        "category": "sensor",
        "value": 84.95
      }
    },
    {
      "type": "Feature",
      "geometry": {
        "type": "Point",
        "coordinates": [
          82.24578,
          -24.73971
        ]
      },
      "properties": {
        "id": 1577,
        "category": "station",
        "value": 63.0
      }
    },
    {
      "type": "Feature",
      "geometry": {
        "type": "Point",
        "coordinates": [
          151.28234,
          -16.72011
        ]
      },
      "properties": {
        "id": 1578,
        "category": "poi",
        "value": 43.26
      }
    },
    {
      "type": "Feature",
      "geometry": {
        "type": "Point",
        "coordinates": [
          -72.63984,
          9.21743
        ]
      },
      "properties": {
        "id": 1579,
        "category": "node",
        "value": 66.27
      }
    },
    {
      "type": "Feature",
      "geometry": {
        "type": "Point",
        "coordinates": [
          84.61825,
          76.38193
        ]
      },
      "properties": {
        "id": 1580,
        "category": "sensor",
        "value": 14.53
      }
    },
    {
      "type": "Feature",
      "geometry": {
        "type": "Point",
        "coordinates": [
          -48.29464,
          59.76774
        ]
      },
      "properties": {
        "id": 1581,
        "category": "station",
        "value": 79.1
      }
    },
    {
      "type": "Feature",
      "geometry": {
        "type": "Point",
        "coordinates": [
          32.40897,
          30.13214
        ]
      },
      "properties": {
        "id": 1582,
        "category": "poi",
        "value": 34.01
      }
    },
    {
      "type": "Feature",
      "geometry": {
        "type": "Point",
        "coordinates": [
          160.14069,
          8.39626
        ]
      },
      "properties": {
        "id": 1583,
        "category": "node",
        "value": 40.25
      }
    },
    {
      "type": "Feature",
      "geometry": {
        "type": "Point",
        "coordinates": [
          -114.33149,
          -65.37901
        ]
      },
      "properties": {
        "id": 1584,
        "category": "sensor",
        "value": 89.75
      }
    },
    {
      "type": "Feature",
      "geometry": {
        "type": "Point",
        "coordinates": [
          108.178,
          -80.45262
        ]
      },
      "properties": {
        "id": 1585,
        "category": "station",
        "value": 32.32
      }
    },
    {
      "type": "Feature",
      "geometry": {
        "type": "Point",
        "coordinates": [
          -7.33654,
          -0.73123
        ]
      },
      "properties": {
        "id": 1586,
        "category": "poi",
        "value": 36.34
      }
    },
    {
      "type": "Feature",
      "geometry": {
        "type": "Point",
        "coordinates": [
          142.25355,
          -25.52732
        ]
      },
      "properties": {
        "id": 1587,
        "category": "node",
        "value": 53.2
      }
    },
    {
      "type": "Feature",
      "geometry": {
        "type": "Point",
        "coordinates": [
          154.57963,
          23.65879
        ]
      },
      "properties": {
        "id": 1588,
        "category": "sensor",
        "value": 47.69
      }
    },
    {
      "type": "Feature",
      "geometry": {
        "type": "Point",
        "coordinates": [
          -60.25639,
          -19.18972
        ]
      },
      "properties": {
        "id": 1589,
        "category": "station",
        "value": 60.91
      }
    },
    {
      "type": "Feature",
      "geometry": {
        "type": "Point",
        "coordinates": [
          102.9466,
          -40.69765
        ]
      },
      "properties": {
        "id": 1590,
        "category": "poi",
        "value": 37.05
      }
    },
    {
      "type": "Feature",
      "geometry": {
        "type": "Point",
        "coordinates": [
          -40.42534,
          -23.31389
        ]
      },
      "properties": {
        "id": 1591,
        "category": "node",
        "value": 91.3
      }
    },
    {
      "type": "Feature",
      "geometry": {
        "type": "Point",
        "coordinates": [
          14.01931,
          -38.1107
        ]
      },
      "properties": {
        "id": 1592,
        "category": "sensor",
        "value": 33.24
      }
    },
    {
      "type": "Feature",
      "geometry": {
        "type": "Point",
        "coordinates": [
          115.72137,
          -57.76191
        ]
      },
      "properties": {
        "id": 1593,
        "category": "station",
        "value": 69.0
      }
    },
    {
      "type": "Feature",
      "geometry": {
        "type": "Point",
        "coordinates": [
          -172.16679,
          -52.16486
        ]
      },
      "properties": {
        "id": 1594,
        "category": "poi",
        "value": 5.95
      }
    },
    {
      "type": "Feature",
      "geometry": {
        "type": "Point",
        "coordinates": [
          110.00763,
          -60.02866
        ]
      },
      "properties": {
        "id": 1595,
        "category": "node",
        "value": 22.8
      }
    },
    {
      "type": "Feature",
      "geometry": {
        "type": "Point",
        "coordinates": [
          -159.26813,
          -40.14802
        ]
      },
      "properties": {
        "id": 1596,
        "category": "sensor",
        "value": 73.34
      }
    },
    {
      "type": "Feature",
      "geometry": {
        "type": "Point",
        "coordinates": [
          79.24943,
          69.75598
        ]
      },
      "properties": {
        "id": 1597,
        "category": "station",
        "value": 94.69
      }
    },
    {
      "type": "Feature",
      "geometry": {
        "type": "Point",
        "coordinates": [
          18.32188,
          71.73134
        ]
      },
      "properties": {
        "id": 1598,
        "category": "poi",
        "value": 8.96
      }
    },
    {
      "type": "Feature",
      "geometry": {
        "type": "Point",
        "coordinates": [
          153.03488,
          -11.21424
        ]
      },
      "properties": {
        "id": 1599,
        "category": "node",
        "value": 19.29
      }
    },
    {
      "type": "Feature",
      "geometry": {
        "type": "Point",
        "coordinates": [
          89.29798,
          60.96326
        ]
      },
      "properties": {
        "id": 1600,
        "category": "sensor",
        "value": 38.58
      }
    },
    {
      "type": "Feature",
      "geometry": {
        "type": "Point",
        "coordinates": [
          -146.45929,
          63.39766
        ]
      },
      "properties": {
        "id": 1601,
        "category": "station",
        "value": 75.35
      }
    },
    {
      "type": "Feature",
      "geometry": {
        "type": "Point",
        "coordinates": [
          34.91708,
          81.0545
        ]
      },
      "properties": {
        "id": 1602,
        "category": "poi",
        "value": 3.81
      }
    },
    {
      "type": "Feature",
      "geometry": {
        "type": "Point",
        "coordinates": [
          -159.85949,
          -63.88081
        ]
      },
      "properties": {
        "id": 1603,
        "category": "node",
        "value": 2.18
      }
    },
    {
      "type": "Feature",
      "geometry": {
        "type": "Point",
        "coordinates": [
          74.98336,
          22.11734
        ]
      },
      "properties": {
        "id": 1604,
        "category": "sensor",
        "value": 11.23
      }
    },
    {
      "type": "Feature",
      "geometry": {
        "type": "Point",
        "coordinates": [
          -121.6695,
          -54.2429
        ]
      },
      "properties": {
        "id": 1605,
        "category": "station",
        "value": 60.93
      }
    },
    {
      "type": "Feature",
      "geometry": {
        "type": "Point",
        "coordinates": [
          62.09506,
          79.82474
        ]
      },
      "properties": {
        "id": 1606,
        "category": "poi",
        "value": 36.06
      }
    },
    {
      "type": "Feature",
      "geometry": {
        "type": "Point",
        "coordinates": [
          172.44319,
          -11.14236
        ]
      },
      "properties": {
        "id": 1607,
        "category": "node",
        "value": 39.09
      }
    },
    {
      "type": "Feature",
      "geometry": {
        "type": "Point",
        "coordinates": [
          -88.80728,
          -45.45032
        ]
      },
      "properties": {
        "id": 1608,
        "category": "sensor",
        "value": 97.46
      }
    },
    {
      "type": "Feature",
      "geometry": {
        "type": "Point",
        "coordinates": [
          178.16159,
          34.99816
        ]
      },
      "properties": {
        "id": 1609,
        "category": "station",
        "value": 17.51
      }
    },
    {
      "type": "Feature",
      "geometry": {
        "type": "Point",
        "coordinates": [
          -115.23638,
          -59.11878
        ]
      },
      "properties": {
        "id": 1610,
        "category": "poi",
        "value": 35.1
      }
    },
    {
      "type": "Feature",
      "geometry": {
        "type": "Point",
        "coordinates": [
          85.38304,
          -74.98098
        ]
      },
      "properties": {
        "id": 1611,
        "category": "node",
        "value": 53.02
      }
    },
    {
      "type": "Feature",
      "geometry": {
        "type": "Point",
        "coordinates": [
          65.05435,
          -79.29548
        ]
      },
      "properties": {
        "id": 1612,
        "category": "sensor",
        "value": 43.96
      }
    },
    {
      "type": "Feature",
      "geometry": {
        "type": "Point",
        "coordinates": [
          104.72944,
          12.86642
        ]
      },
      "properties": {
        "id": 1613,
        "category": "station",
        "value": 45.16
      }
    },
    {
      "type": "Feature",
      "geometry": {
        "type": "Point",
        "coordinates": [
          137.29496,
          17.17175
        ]
      },
      "properties": {
        "id": 1614,
        "category": "poi",
        "value": 33.7
      }
    },
    {
      "type": "Feature",
      "geometry": {
        "type": "Point",
        "coordinates": [
          -37.46479,
          75.37059
        ]
      },
      "properties": {
        "id": 1615,
        "category": "node",
        "value": 85.94
      }
    },
    {
      "type": "Feature",
      "geometry": {
        "type": "Point",
        "coordinates": [
          149.34075,
          10.33889
        ]
      },
      "properties": {
        "id": 1616,
        "category": "sensor",
        "value": 14.25
      }
    },
    {
      "type": "Feature",
      "geometry": {
        "type": "Point",
        "coordinates": [
          -116.98353,
          -19.83642
        ]
      },
      "properties": {
        "id": 1617,
        "category": "station",
        "value": 69.07
      }
    },
    {
      "type": "Feature",
      "geometry": {
        "type": "Point",
        "coordinates": [
          -178.34348,
          51.35034
        ]
      },
      "properties": {
        "id": 1618,
        "category": "poi",
        "value": 78.6
      }
    },
    {
      "type": "Feature",
      "geometry": {
        "type": "Point",
        "coordinates": [
          5.341,
          -84.0462
        ]
      },
      "properties": {
        "id": 1619,
        "category": "node",
        "value": 79.81
      }
    },
    {
      "type": "Feature",
      "geometry": {
        "type": "Point",
        "coordinates": [
          -30.92268,
          28.78387
        ]
      },
      "properties": {
        "id": 1620,
        "category": "sensor",
        "value": 56.99
      }
    },
    {
      "type": "Feature",
      "geometry": {
        "type": "Point",
        "coordinates": [
          82.21776,
          -15.5065
        ]
      },
      "properties": {
        "id": 1621,
        "category": "station",
        "value": 95.99
      }
    },
    {
      "type": "Feature",
      "geometry": {
        "type": "Point",
        "coordinates": [
          163.98051,
          72.9199
        ]
      },
      "properties": {
        "id": 1622,
        "category": "poi",
        "value": 61.52
      }
    },
    {
      "type": "Feature",
      "geometry": {
        "type": "Point",
        "coordinates": [
          -66.11569,
          -20.97817
        ]
      },
      "properties": {
        "id": 1623,
        "category": "node",
        "value": 26.89
      }
    },
    {
      "type": "Feature",
      "geometry": {
        "type": "Point",
        "coordinates": [
          145.36136,
          49.67514
        ]
      },
      "properties": {
        "id": 1624,
        "category": "sensor",
        "value": 78.81
      }
    },
    {
      "type": "Feature",
      "geometry": {
        "type": "Point",
        "coordinates": [
          115.64677,
          83.43303
        ]
      },
      "properties": {
        "id": 1625,
        "category": "station",
        "value": 68.8
      }
    },
    {
      "type": "Feature",
      "geometry": {
        "type": "Point",
        "coordinates": [
          -65.42158,
          43.78434
        ]
      },
      "properties": {
        "id": 1626,
        "category": "poi",
        "value": 26.23
      }
    },
    {
      "type": "Feature",
      "geometry": {
        "type": "Point",
        "coordinates": [
          39.91821,
          -58.06271
        ]
      },
      "properties": {
        "id": 1627,
        "category": "node",
        "value": 85.77
      }
    },
    {
      "type": "Feature",
      "geometry": {
        "type": "Point",
        "coordinates": [
          -4.05275,
          -38.23102
        ]
      },
      "properties": {
        "id": 1628,
        "category": "sensor",
        "value": 92.29
      }
    },
    {
      "type": "Feature",
      "geometry": {
        "type": "Point",
        "coordinates": [
          -150.13059,
          73.13583
        ]
      },
      "properties": {
        "id": 1629,
        "category": "station",
        "value": 75.69
      }
    },
    {
      "type": "Feature",
      "geometry": {
        "type": "Point",
        "coordinates": [
          -126.32998,
          44.37873
        ]
      },
      "properties": {
        "id": 1630,
        "category": "poi",
        "value": 57.33
      }
    },
    {
      "type": "Feature",
      "geometry": {
        "type": "Point",
        "coordinates": [
          146.59657,
          14.7088
        ]
      },
      "properties": {
        "id": 1631,
        "category": "node",
        "value": 42.73
      }
    },
    {
      "type": "Feature",
      "geometry": {
        "type": "Point",
        "coordinates": [
          156.00923,
          -70.16475
        ]
      },
      "properties": {
        "id": 1632,
        "category": "sensor",
        "value": 77.71
      }
    },
    {
      "type": "Feature",
      "geometry": {
        "type": "Point",
        "coordinates": [
          -142.95547,
          -37.97189
        ]
      },
      "properties": {
        "id": 1633,
        "category": "station",
        "value": 11.37
      }
    },
    {
      "type": "Feature",
      "geometry": {
        "type": "Point",
        "coordinates": [
          133.65602,
          -9.89437
        ]
      },
      "properties": {
        "id": 1634,
        "category": "poi",
        "value": 72.64
      }
    },
    {
      "type": "Feature",
      "geometry": {
        "type": "Point",
        "coordinates": [
          -87.62259,
          39.15528
        ]
      },
      "properties": {
        "id": 1635,
        "category": "node",
        "value": 64.87
      }
    },
    {
      "type": "Feature",
      "geometry": {
        "type": "Point",
        "coordinates": [
          -144.87227,
          -1.04443
        ]
      },
      "properties": {
        "id": 1636,
        "category": "sensor",
        "value": 72.18
      }
    },
    {
      "type": "Feature",
      "geometry": {
        "type": "Point",
        "coordinates": [
          -102.77912,
          26.23384
        ]
      },
      "properties": {
        "id": 1637,
        "category": "station",
        "value": 27.79
      }
    },
    {
      "type": "Feature",
      "geometry": {
        "type": "Point",
        "coordinates": [
          -46.61535,
          71.39039
        ]
      },
      "properties": {
        "id": 1638,
        "category": "poi",
        "value": 94.31
      }
    },
    {
      "type": "Feature",
      "geometry": {
        "type": "Point",
        "coordinates": [
          179.24487,
          -12.45118
        ]
      },
      "properties": {
        "id": 1639,
        "category": "node",
        "value": 57.18
      }
    },
    {
      "type": "Feature",
      "geometry": {
        "type": "Point",
        "coordinates": [
          111.0558,
          43.95011
        ]
      },
      "properties": {
        "id": 1640,
        "category": "sensor",
        "value": 45.62
      }
    },
    {
      "type": "Feature",
      "geometry": {
        "type": "Point",
        "coordinates": [
          130.89082,
          -16.78641
        ]
      },
      "properties": {
        "id": 1641,
        "category": "station",
        "value": 95.0
      }
    },
    {
      "type": "Feature",
      "geometry": {
        "type": "Point",
        "coordinates": [
          -9.80155,
          -64.83711
        ]
      },
      "properties": {
        "id": 1642,
        "category": "poi",
        "value": 74.91
      }
    },
    {
      "type": "Feature",
      "geometry": {
        "type": "Point",
        "coordinates": [
          -127.83756,
          30.52305
        ]
      },
      "properties": {
        "id": 1643,
        "category": "node",
        "value": 5.35
      }
    },
    {
      "type": "Feature",
      "geometry": {
        "type": "Point",
        "coordinates": [
          175.7827,
          6.96104
        ]
      },
      "properties": {
        "id": 1644,
        "category": "sensor",
        "value": 74.04
      }
    },
    {
      "type": "Feature",
      "geometry": {
        "type": "Point",
        "coordinates": [
          -132.78416,
          23.26618
        ]
      },
      "properties": {
        "id": 1645,
        "category": "station",
        "value": 37.65
      }
    },
    {
      "type": "Feature",
      "geometry": {
        "type": "Point",
        "coordinates": [
          -90.32304,
          53.53807
        ]
      },
      "properties": {
        "id": 1646,
        "category": "poi",
        "value": 3.33
      }
    },
    {
      "type": "Feature",
      "geometry": {
        "type": "Point",
        "coordinates": [
          -7.95171,
          -70.22899
        ]
      },
      "properties": {
        "id": 1647,
        "category": "node",
        "value": 85.14
      }
    },
    {
      "type": "Feature",
      "geometry": {
        "type": "Point",
        "coordinates": [
          141.56416,
          -79.15018
        ]
      },
      "properties": {
        "id": 1648,
        "category": "sensor",
        "value": 46.46
      }
    },
    {
      "type": "Feature",
      "geometry": {
        "type": "Point",
        "coordinates": [
          -11.14958,
          37.17842
        ]
      },
      "properties": {
        "id": 1649,
        "category": "station",
        "value": 72.91
      }
    },
    {
      "type": "Feature",
      "geometry": {
        "type": "Point",
        "coordinates": [
          -56.4387,
          73.57337
        ]
      },
      "properties": {
        "id": 1650,
        "category": "poi",
        "value": 18.53
      }
    },
    {
      "type": "Feature",
      "geometry": {
        "type": "Point",
        "coordinates": [
          -130.81424,
          53.49796
        ]
      },
      "properties": {
        "id": 1651,
        "category": "node",
        "value": 12.01
      }
    },
    {
      "type": "Feature",
      "geometry": {
        "type": "Point",
        "coordinates": [
          -113.06388,
          0.02485
        ]
      },
      "properties": {
        "id": 1652,
        "category": "sensor",
        "value": 33.63
      }
    },
    {
      "type": "Feature",
      "geometry": {
        "type": "Point",
        "coordinates": [
          -121.03397,
          73.08495
        ]
      },
      "properties": {
        "id": 1653,
        "category": "station",
        "value": 47.39
      }
    },
    {
      "type": "Feature",
      "geometry": {
        "type": "Point",
        "coordinates": [
          102.90984,
          -42.4685
        ]
      },
      "properties": {
        "id": 1654,
        "category": "poi",
        "value": 91.26
      }
    },
    {
      "type": "Feature",
      "geometry": {
        "type": "Point",
        "coordinates": [
          -100.38388,
          69.09423
        ]
      },
      "properties": {
        "id": 1655,
        "category": "node",
        "value": 61.29
      }
    },
    {
      "type": "Feature",
      "geometry": {
        "type": "Point",
        "coordinates": [
          169.58215,
          46.09828
        ]
      },
      "properties": {
        "id": 1656,
        "category": "sensor",
        "value": 63.08
      }
    },
    {
      "type": "Feature",
      "geometry": {
        "type": "Point",
        "coordinates": [
          11.86494,
          60.3217
        ]
      },
      "properties": {
        "id": 1657,
        "category": "station",
        "value": 44.35
      }
    },
    {
      "type": "Feature",
      "geometry": {
        "type": "Point",
        "coordinates": [
          -144.59948,
          70.33707
        ]
      },
      "properties": {
        "id": 1658,
        "category": "poi",
        "value": 80.56
      }
    },
    {
      "type": "Feature",
      "geometry": {
        "type": "Point",
        "coordinates": [
          65.51835,
          41.60342
        ]
      },
      "properties": {
        "id": 1659,
        "category": "node",
        "value": 23.2
      }
    },
    {
      "type": "Feature",
      "geometry": {
        "type": "Point",
        "coordinates": [
          -13.20328,
          54.89607
        ]
      },
      "properties": {
        "id": 1660,
        "category": "sensor",
        "value": 96.2
      }
    },
    {
      "type": "Feature",
      "geometry": {
        "type": "Point",
        "coordinates": [
          152.36349,
          -57.71539
        ]
      },
      "properties": {
        "id": 1661,
        "category": "station",
        "value": 68.39
      }
    },
    {
      "type": "Feature",
      "geometry": {
        "type": "Point",
        "coordinates": [
          19.48167,
          -16.12557
        ]
      },
      "properties": {
        "id": 1662,
        "category": "poi",
        "value": 16.77
      }
    },
    {
      "type": "Feature",
      "geometry": {
        "type": "Point",
        "coordinates": [
          -130.64467,
          -5.05283
        ]
      },
      "properties": {
        "id": 1663,
        "category": "node",
        "value": 49.32
      }
    },
    {
      "type": "Feature",
      "geometry": {
        "type": "Point",
        "coordinates": [
          -83.57559,
          -22.49777
        ]
      },
      "properties": {
        "id": 1664,
        "category": "sensor",
        "value": 55.4
      }
    },
    {
      "type": "Feature",
      "geometry": {
        "type": "Point",
        "coordinates": [
          94.27651,
          15.19463
        ]
      },
      "properties": {
        "id": 1665,
        "category": "station",
        "value": 16.21
      }
    },
    {
      "type": "Feature",
      "geometry": {
        "type": "Point",
        "coordinates": [
          138.98809,
          -22.49474
        ]
      },
      "properties": {
        "id": 1666,
        "category": "poi",
        "value": 95.98
      }
    },
    {
      "type": "Feature",
      "geometry": {
        "type": "Point",
        "coordinates": [
          173.39561,
          -61.14245
        ]
      },
      "properties": {
        "id": 1667,
        "category": "node",
        "value": 58.23
      }
    },
    {
      "type": "Feature",
      "geometry": {
        "type": "Point",
        "coordinates": [
          168.05366,
          -19.54374
        ]
      },
      "properties": {
        "id": 1668,
        "category": "sensor",
        "value": 54.75
      }
    },
    {
      "type": "Feature",
      "geometry": {
        "type": "Point",
        "coordinates": [
          -67.01215,
          -80.12717
        ]
      },
      "properties": {
        "id": 1669,
        "category": "station",
        "value": 20.46
      }
    },
    {
      "type": "Feature",
      "geometry": {
        "type": "Point",
        "coordinates": [
          -135.36236,
          -36.68001
        ]
      },
      "properties": {
        "id": 1670,
        "category": "poi",
        "value": 62.95
      }
    },
    {
      "type": "Feature",
      "geometry": {
        "type": "Point",
        "coordinates": [
          22.68802,
          76.199
        ]
      },
      "properties": {
        "id": 1671,
        "category": "node",
        "value": 68.55
      }
    },
    {
      "type": "Feature",
      "geometry": {
        "type": "Point",
        "coordinates": [
          -49.56465,
          76.39797
        ]
      },
      "properties": {
        "id": 1672,
        "category": "sensor",
        "value": 63.4
      }
    },
    {
      "type": "Feature",
      "geometry": {
        "type": "Point",
        "coordinates": [
          15.56479,
          61.63619
        ]
      },
      "properties": {
        "id": 1673,
        "category": "station",
        "value": 66.99
      }
    },
    {
      "type": "Feature",
      "geometry": {
        "type": "Point",
        "coordinates": [
          -50.27561,
          17.81841
        ]
      },
      "properties": {
        "id": 1674,
        "category": "poi",
        "value": 30.03
      }
    },
    {
      "type": "Feature",
      "geometry": {
        "type": "Point",
        "coordinates": [
          168.92682,
          -43.48331
        ]
      },
      "properties": {
        "id": 1675,
        "category": "node",
        "value": 97.29
      }
    },
    {
      "type": "Feature",
      "geometry": {
        "type": "Point",
        "coordinates": [
          -156.82378,
          -83.32701
        ]
      },
      "properties": {
        "id": 1676,
        "category": "sensor",
        "value": 55.32
      }
    },
    {
      "type": "Feature",
      "geometry": {
        "type": "Point",
        "coordinates": [
          -105.92339,
          1.26882
        ]
      },
      "properties": {
        "id": 1677,
        "category": "station",
        "value": 11.82
      }
    },
    {
      "type": "Feature",
      "geometry": {
        "type": "Point",
        "coordinates": [
          121.26095,
          28.7408
        ]
      },
      "properties": {
        "id": 1678,
        "category": "poi",
        "value": 68.42
      }
    },
    {
      "type": "Feature",
      "geometry": {
        "type": "Point",
        "coordinates": [
          153.60161,
          83.66004
        ]
      },
      "properties": {
        "id": 1679,
        "category": "node",
        "value": 67.82
      }
    },
    {
      "type": "Feature",
      "geometry": {
        "type": "Point",
        "coordinates": [
          76.74996,
          -84.69822
        ]
      },
      "properties": {
        "id": 1680,
        "category": "sensor",
        "value": 4.92
      }
    },
    {
      "type": "Feature",
      "geometry": {
        "type": "Point",
        "coordinates": [
          -26.44321,
          79.74105
        ]
      },
      "properties": {
        "id": 1681,
        "category": "station",
        "value": 31.3
      }
    },
    {
      "type": "Feature",
      "geometry": {
        "type": "Point",
        "coordinates": [
          24.65062,
          -83.49689
        ]
      },
      "properties": {
        "id": 1682,
        "category": "poi",
        "value": 41.57
      }
    },
    {
      "type": "Feature",
      "geometry": {
        "type": "Point",
        "coordinates": [
          144.9107,
          15.21589
        ]
      },
      "properties": {
        "id": 1683,
        "category": "node",
        "value": 82.43
      }
    },
    {
      "type": "Feature",
      "geometry": {
        "type": "Point",
        "coordinates": [
          -175.29529,
          -50.53605
        ]
      },
      "properties": {
        "id": 1684,
        "category": "sensor",
        "value": 17.92
      }
    },
    {
      "type": "Feature",
      "geometry": {
        "type": "Point",
        "coordinates": [
          119.62396,
          -67.71847
        ]
      },
      "properties": {
        "id": 1685,
        "category": "station",
        "value": 93.21
      }
    },
    {
      "type": "Feature",
      "geometry": {
        "type": "Point",
        "coordinates": [
          -83.71725,
          64.68229
        ]
      },
      "properties": {
        "id": 1686,
        "category": "poi",
        "value": 51.56
      }
    },
    {
      "type": "Feature",
      "geometry": {
        "type": "Point",
        "coordinates": [
          -63.54392,
          79.28892
        ]
      },
      "properties": {
        "id": 1687,
        "category": "node",
        "value": 40.51
      }
    },
    {
      "type": "Feature",
      "geometry": {
        "type": "Point",
        "coordinates": [
          71.07402,
          -73.56216
        ]
      },
      "properties": {
        "id": 1688,
        "category": "sensor",
        "value": 83.04
      }
    },
    {
      "type": "Feature",
      "geometry": {
        "type": "Point",
        "coordinates": [
          173.23766,
          -66.21462
        ]
      },
      "properties": {
        "id": 1689,
        "category": "station",
        "value": 74.62
      }
    },
    {
      "type": "Feature",
      "geometry": {
        "type": "Point",
        "coordinates": [
          -82.65458,
          -59.85331
        ]
      },
      "properties": {
        "id": 1690,
        "category": "poi",
        "value": 36.42
      }
    },
    {
      "type": "Feature",
      "geometry": {
        "type": "Point",
        "coordinates": [
          58.25642,
          77.10389
        ]
      },
      "properties": {
        "id": 1691,
        "category": "node",
        "value": 99.39
      }
    },
    {
      "type": "Feature",
      "geometry": {
        "type": "Point",
        "coordinates": [
          177.68925,
          20.95919
        ]
      },
      "properties": {
        "id": 1692,
        "category": "sensor",
        "value": 65.34
      }
    },
    {
      "type": "Feature",
      "geometry": {
        "type": "Point",
        "coordinates": [
          -121.99502,
          38.43139
        ]
      },
      "properties": {
        "id": 1693,
        "category": "station",
        "value": 55.13
      }
    },
    {
      "type": "Feature",
      "geometry": {
        "type": "Point",
        "coordinates": [
          -50.76015,
          68.01422
        ]
      },
      "properties": {
        "id": 1694,
        "category": "poi",
        "value": 25.51
      }
    },
    {
      "type": "Feature",
      "geometry": {
        "type": "Point",
        "coordinates": [
          -129.0011,
          -58.11188
        ]
      },
      "properties": {
        "id": 1695,
        "category": "node",
        "value": 14.94
      }
    },
    {
      "type": "Feature",
      "geometry": {
        "type": "Point",
        "coordinates": [
          31.87188,
          51.1472
        ]
      },
      "properties": {
        "id": 1696,
        "category": "sensor",
        "value": 16.0
      }
    },
    {
      "type": "Feature",
      "geometry": {
        "type": "Point",
        "coordinates": [
          1.00892,
          12.65367
        ]
      },
      "properties": {
        "id": 1697,
        "category": "station",
        "value": 56.05
      }
    },
    {
      "type": "Feature",
      "geometry": {
        "type": "Point",
        "coordinates": [
          -31.42864,
          7.4099
        ]
      },
      "properties": {
        "id": 1698,
        "category": "poi",
        "value": 1.51
      }
    },
    {
      "type": "Feature",
      "geometry": {
        "type": "Point",
        "coordinates": [
          -159.08634,
          -13.14732
        ]
      },
      "properties": {
        "id": 1699,
        "category": "node",
        "value": 23.68
      }
    },
    {
      "type": "Feature",
      "geometry": {
        "type": "Point",
        "coordinates": [
          92.45973,
          -43.87489
        ]
      },
      "properties": {
        "id": 1700,
        "category": "sensor",
        "value": 82.4
      }
    },
    {
      "type": "Feature",
      "geometry": {
        "type": "Point",
        "coordinates": [
          -93.06879,
          -69.26086
        ]
      },
      "properties": {
        "id": 1701,
        "category": "station",
        "value": 47.74
      }
    },
    {
      "type": "Feature",
      "geometry": {
        "type": "Point",
        "coordinates": [
          -40.49152,
          -27.96163
        ]
      },
      "properties": {
        "id": 1702,
        "category": "poi",
        "value": 76.51
      }
    },
    {
      "type": "Feature",
      "geometry": {
        "type": "Point",
        "coordinates": [
          -99.96495,
          28.90105
        ]
      },
      "properties": {
        "id": 1703,
        "category": "node",
        "value": 83.47
      }
    },
    {
      "type": "Feature",
      "geometry": {
        "type": "Point",
        "coordinates": [
          -17.0547,
          0.52554
        ]
      },
      "properties": {
        "id": 1704,
        "category": "sensor",
        "value": 92.36
      }
    },
    {
      "type": "Feature",
      "geometry": {
        "type": "Point",
        "coordinates": [
          37.45285,
          -54.24448
        ]
      },
      "properties": {
        "id": 1705,
        "category": "station",
        "value": 6.95
      }
    },
    {
      "type": "Feature",
      "geometry": {
        "type": "Point",
        "coordinates": [
          -150.42014,
          -28.62193
        ]
      },
      "properties": {
        "id": 1706,
        "category": "poi",
        "value": 8.88
      }
    },
    {
      "type": "Feature",
      "geometry": {
        "type": "Point",
        "coordinates": [
          53.57874,
          -12.98954
        ]
      },
      "properties": {
        "id": 1707,
        "category": "node",
        "value": 30.85
      }
    },
    {
      "type": "Feature",
      "geometry": {
        "type": "Point",
        "coordinates": [
          4.37961,
          74.22677
        ]
      },
      "properties": {
        "id": 1708,
        "category": "sensor",
        "value": 24.44
      }
    },
    {
      "type": "Feature",
      "geometry": {
        "type": "Point",
        "coordinates": [
          -124.30872,
          -33.09148
        ]
      },
      "properties": {
        "id": 1709,
        "category": "station",
        "value": 32.43
      }
    },
    {
      "type": "Feature",
      "geometry": {
        "type": "Point",
        "coordinates": [
          147.56708,
          35.05464
        ]
      },
      "properties": {
        "id": 1710,
        "category": "poi",
        "value": 42.88
      }
    },
    {
      "type": "Feature",
      "geometry": {
        "type": "Point",
        "coordinates": [
          -120.25309,
          -77.27928
        ]
      },
      "properties": {
        "id": 1711,
        "category": "node",
        "value": 12.24
      }
    },
    {
      "type": "Feature",
      "geometry": {
        "type": "Point",
        "coordinates": [
          125.09841,
          25.16517
        ]
      },
      "properties": {
        "id": 1712,
        "category": "sensor",
        "value": 15.66
      }
    },
    {
      "type": "Feature",
      "geometry": {
        "type": "Point",
        "coordinates": [
          45.06712,
          -75.07415
        ]
      },
      "properties": {
        "id": 1713,
        "category": "station",
        "value": 50.69
      }
    },
    {
      "type": "Feature",
      "geometry": {
        "type": "Point",
        "coordinates": [
          -59.27596,
          -67.58197
        ]
      },
      "properties": {
        "id": 1714,
        "category": "poi",
        "value": 74.25
      }
    },
    {
      "type": "Feature",
      "geometry": {
        "type": "Point",
        "coordinates": [
          78.03838,
          1.80866
        ]
      },
      "properties": {
        "id": 1715,
        "category": "node",
        "value": 16.81
      }
    },
    {
      "type": "Feature",
      "geometry": {
        "type": "Point",
        "coordinates": [
          61.05442,
          -11.33882
        ]
      },
      "properties": {
        "id": 1716,
        "category": "sensor",
        "value": 66.12
      }
    },
    {
      "type": "Feature",
      "geometry": {
        "type": "Point",
        "coordinates": [
          -147.07502,
          68.44221
        ]
      },
      "properties": {
        "id": 1717,
        "category": "station",
        "value": 0.36
      }
    },
    {
      "type": "Feature",
      "geometry": {
        "type": "Point",
        "coordinates": [
          -99.81901,
          -17.27676
        ]
      },
      "properties": {
        "id": 1718,
        "category": "poi",
        "value": 19.84
      }
    },
    {
      "type": "Feature",
      "geometry": {
        "type": "Point",
        "coordinates": [
          -148.38827,
          31.86426
        ]
      },
      "properties": {
        "id": 1719,
        "category": "node",
        "value": 99.39
      }
    },
    {
      "type": "Feature",
      "geometry": {
        "type": "Point",
        "coordinates": [
          -59.4113,
          -39.74352
        ]
      },
      "properties": {
        "id": 1720,
        "category": "sensor",
        "value": 67.07
      }
    },
    {
      "type": "Feature",
      "geometry": {
        "type": "Point",
        "coordinates": [
          -99.8672,
          -16.87134
        ]
      },
      "properties": {
        "id": 1721,
        "category": "station",
        "value": 68.84
      }
    },
    {
      "type": "Feature",
      "geometry": {
        "type": "Point",
        "coordinates": [
          -24.94468,
          -58.52567
        ]
      },
      "properties": {
        "id": 1722,
        "category": "poi",
        "value": 7.05
      }
    },
    {
      "type": "Feature",
      "geometry": {
        "type": "Point",
        "coordinates": [
          15.48493,
          83.40323
        ]
      },
      "properties": {
        "id": 1723,
        "category": "node",
        "value": 91.99
      }
    },
    {
      "type": "Feature",
      "geometry": {
        "type": "Point",
        "coordinates": [
          -144.04325,
          0.39111
        ]
      },
      "properties": {
        "id": 1724,
        "category": "sensor",
        "value": 48.84
      }
    },
    {
      "type": "Feature",
      "geometry": {
        "type": "Point",
        "coordinates": [
          -110.15324,
          28.87018
        ]
      },
      "properties": {
        "id": 1725,
        "category": "station",
        "value": 49.56
      }
    },
    {
      "type": "Feature",
      "geometry": {
        "type": "Point",
        "coordinates": [
          111.15813,
          -35.36981
        ]
      },
      "properties": {
        "id": 1726,
        "category": "poi",
        "value": 93.39
      }
    },
    {
      "type": "Feature",
      "geometry": {
        "type": "Point",
        "coordinates": [
          113.23062,
          -4.50275
        ]
      },
      "properties": {
        "id": 1727,
        "category": "node",
        "value": 14.13
      }
    },
    {
      "type": "Feature",
      "geometry": {
        "type": "Point",
        "coordinates": [
          -5.87661,
          -63.40072
        ]
      },
      "properties": {
        "id": 1728,
        "category": "sensor",
        "value": 68.57
      }
    },
    {
      "type": "Feature",
      "geometry": {
        "type": "Point",
        "coordinates": [
          71.08824,
          13.28404
        ]
      },
      "properties": {
        "id": 1729,
        "category": "station",
        "value": 97.63
      }
    },
    {
      "type": "Feature",
      "geometry": {
        "type": "Point",
        "coordinates": [
          -163.71864,
          36.59661
        ]
      },
      "properties": {
        "id": 1730,
        "category": "poi",
        "value": 80.09
      }
    },
    {
      "type": "Feature",
      "geometry": {
        "type": "Point",
        "coordinates": [
          -139.36094,
          -30.25322
        ]
      },
      "properties": {
        "id": 1731,
        "category": "node",
        "value": 5.38
      }
    },
    {
      "type": "Feature",
      "geometry": {
        "type": "Point",
        "coordinates": [
          29.88007,
          37.91105
        ]
      },
      "properties": {
        "id": 1732,
        "category": "sensor",
        "value": 34.8
      }
    },
    {
      "type": "Feature",
      "geometry": {
        "type": "Point",
        "coordinates": [
          70.3708,
          -22.65755
        ]
      },
      "properties": {
        "id": 1733,
        "category": "station",
        "value": 71.22
      }
    },
    {
      "type": "Feature",
      "geometry": {
        "type": "Point",
        "coordinates": [
          -80.30649,
          81.28697
        ]
      },
      "properties": {
        "id": 1734,
        "category": "poi",
        "value": 43.79
      }
    },
    {
      "type": "Feature",
      "geometry": {
        "type": "Point",
        "coordinates": [
          -178.7042,
          -69.45092
        ]
      },
      "properties": {
        "id": 1735,
        "category": "node",
        "value": 72.61
      }
    },
    {
      "type": "Feature",
      "geometry": {
        "type": "Point",
        "coordinates": [
          131.29974,
          23.24442
        ]
      },
      "properties": {
        "id": 1736,
        "category": "sensor",
        "value": 15.54
      }
    },
    {
      "type": "Feature",
      "geometry": {
        "type": "Point",
        "coordinates": [
          133.93979,
          36.86338
        ]
      },
      "properties": {
        "id": 1737,
        "category": "station",
        "value": 11.52
      }
    },
    {
      "type": "Feature",
      "geometry": {
        "type": "Point",
        "coordinates": [
          -42.98818,
          29.15487
        ]
      },
      "properties": {
        "id": 1738,
        "category": "poi",
        "value": 0.36
      }
    },
    {
      "type": "Feature",
      "geometry": {
        "type": "Point",
        "coordinates": [
          -164.76505,
          -24.88281
        ]
      },
      "properties": {
        "id": 1739,
        "category": "node",
        "value": 87.47
      }
    },
    {
      "type": "Feature",
      "geometry": {
        "type": "Point",
        "coordinates": [
          178.68688,
          -30.88676
        ]
      },
      "properties": {
        "id": 1740,
        "category": "sensor",
        "value": 90.89
      }
    },
    {
      "type": "Feature",
      "geometry": {
        "type": "Point",
        "coordinates": [
          102.98137,
          62.06877
        ]
      },
      "properties": {
        "id": 1741,
        "category": "station",
        "value": 58.82
      }
    },
    {
      "type": "Feature",
      "geometry": {
        "type": "Point",
        "coordinates": [
          168.96578,
          24.49745
        ]
      },
      "properties": {
        "id": 1742,
        "category": "poi",
        "value": 94.78
      }
    },
    {
      "type": "Feature",
      "geometry": {
        "type": "Point",
        "coordinates": [
          23.7066,
          -51.58847
        ]
      },
      "properties": {
        "id": 1743,
        "category": "node",
        "value": 51.87
      }
    },
    {
      "type": "Feature",
      "geometry": {
        "type": "Point",
        "coordinates": [
          -6.13214,
          -27.64385
        ]
      },
      "properties": {
        "id": 1744,
        "category": "sensor",
        "value": 37.37
      }
    },
    {
      "type": "Feature",
      "geometry": {
        "type": "Point",
        "coordinates": [
          3.77883,
          14.96747
        ]
      },
      "properties": {
        "id": 1745,
        "category": "station",
        "value": 22.25
      }
    },
    {
      "type": "Feature",
      "geometry": {
        "type": "Point",
        "coordinates": [
          -80.12984,
          0.49101
        ]
      },
      "properties": {
        "id": 1746,
        "category": "poi",
        "value": 50.39
      }
    },
    {
      "type": "Feature",
      "geometry": {
        "type": "Point",
        "coordinates": [
          -29.23889,
          27.90674
        ]
      },
      "properties": {
        "id": 1747,
        "category": "node",
        "value": 18.54
      }
    },
    {
      "type": "Feature",
      "geometry": {
        "type": "Point",
        "coordinates": [
          11.45805,
          -38.11574
        ]
      },
      "properties": {
        "id": 1748,
        "category": "sensor",
        "value": 77.0
      }
    },
    {
      "type": "Feature",
      "geometry": {
        "type": "Point",
        "coordinates": [
          73.32483,
          47.77486
        ]
      },
      "properties": {
        "id": 1749,
        "category": "station",
        "value": 51.74
      }
    },
    {
      "type": "Feature",
      "geometry": {
        "type": "Point",
        "coordinates": [
          -90.37348,
          72.35301
        ]
      },
      "properties": {
        "id": 1750,
        "category": "poi",
        "value": 51.08
      }
    },
    {
      "type": "Feature",
      "geometry": {
        "type": "Point",
        "coordinates": [
          -44.93695,
          -35.63254
        ]
      },
      "properties": {
        "id": 1751,
        "category": "node",
        "value": 40.2
      }
    },
    {
      "type": "Feature",
      "geometry": {
        "type": "Point",
        "coordinates": [
          75.12364,
          54.15522
        ]
      },
      "properties": {
        "id": 1752,
        "category": "sensor",
        "value": 48.26
      }
    },
    {
      "type": "Feature",
      "geometry": {
        "type": "Point",
        "coordinates": [
          83.20069,
          -48.80401
        ]
      },
      "properties": {
        "id": 1753,
        "category": "station",
        "value": 45.2
      }
    },
    {
      "type": "Feature",
      "geometry": {
        "type": "Point",
        "coordinates": [
          -51.1396,
          -32.91289
        ]
      },
      "properties": {
        "id": 1754,
        "category": "poi",
        "value": 35.95
      }
    },
    {
      "type": "Feature",
      "geometry": {
        "type": "Point",
        "coordinates": [
          91.69659,
          39.67247
        ]
      },
      "properties": {
        "id": 1755,
        "category": "node",
        "value": 20.74
      }
    },
    {
      "type": "Feature",
      "geometry": {
        "type": "Point",
        "coordinates": [
          -95.83025,
          48.34667
        ]
      },
      "properties": {
        "id": 1756,
        "category": "sensor",
        "value": 65.46
      }
    },
    {
      "type": "Feature",
      "geometry": {
        "type": "Point",
        "coordinates": [
          63.42156,
          22.99016
        ]
      },
      "properties": {
        "id": 1757,
        "category": "station",
        "value": 69.35
      }
    },
    {
      "type": "Feature",
      "geometry": {
        "type": "Point",
        "coordinates": [
          -81.79468,
          -74.65197
        ]
      },
      "properties": {
        "id": 1758,
        "category": "poi",
        "value": 36.06
      }
    },
    {
      "type": "Feature",
      "geometry": {
        "type": "Point",
        "coordinates": [
          -168.34942,
          78.53662
        ]
      },
      "properties": {
        "id": 1759,
        "category": "node",
        "value": 52.48
      }
    },
    {
      "type": "Feature",
      "geometry": {
        "type": "Point",
        "coordinates": [
          61.27353,
          79.3087
        ]
      },
      "properties": {
        "id": 1760,
        "category": "sensor",
        "value": 80.44
      }
    },
    {
      "type": "Feature",
      "geometry": {
        "type": "Point",
        "coordinates": [
          -97.45094,
          -27.72456
        ]
      },
      "properties": {
        "id": 1761,
        "category": "station",
        "value": 10.86
      }
    },
    {
      "type": "Feature",
      "geometry": {
        "type": "Point",
        "coordinates": [
          106.43759,
          40.30849
        ]
      },
      "properties": {
        "id": 1762,
        "category": "poi",
        "value": 48.77
      }
    },
    {
      "type": "Feature",
      "geometry": {
        "type": "Point",
        "coordinates": [
          -47.06528,
          -39.12402
        ]
      },
      "properties": {
        "id": 1763,
        "category": "node",
        "value": 48.72
      }
    },
    {
      "type": "Feature",
      "geometry": {
        "type": "Point",
        "coordinates": [
          76.34142,
          67.21435
        ]
      },
      "properties": {
        "id": 1764,
        "category": "sensor",
        "value": 84.88
      }
    },
    {
      "type": "Feature",
      "geometry": {
        "type": "Point",
        "coordinates": [
          132.35732,
          -10.3273
        ]
      },
      "properties": {
        "id": 1765,
        "category": "station",
        "value": 42.12
      }
    },
    {
      "type": "Feature",
      "geometry": {
        "type": "Point",
        "coordinates": [
          -66.94324,
          80.61378
        ]
      },
      "properties": {
        "id": 1766,
        "category": "poi",
        "value": 18.34
      }
    },
    {
      "type": "Feature",
      "geometry": {
        "type": "Point",
        "coordinates": [
          -123.1927,
          -37.24149
        ]
      },
      "properties": {
        "id": 1767,
        "category": "node",
        "value": 92.21
      }
    },
    {
      "type": "Feature",
      "geometry": {
        "type": "Point",
        "coordinates": [
          126.98347,
          -28.64546
        ]
      },
      "properties": {
        "id": 1768,
        "category": "sensor",
        "value": 85.17
      }
    },
    {
      "type": "Feature",
      "geometry": {
        "type": "Point",
        "coordinates": [
          140.66257,
          -12.37211
        ]
      },
      "properties": {
        "id": 1769,
        "category": "station",
        "value": 19.23
      }
    },
    {
      "type": "Feature",
      "geometry": {
        "type": "Point",
        "coordinates": [
          98.18475,
          -21.30995
        ]
      },
      "properties": {
        "id": 1770,
        "category": "poi",
        "value": 11.93
      }
    },
    {
      "type": "Feature",
      "geometry": {
        "type": "Point",
        "coordinates": [
          145.00417,
          -10.27971
        ]
      },
      "properties": {
        "id": 1771,
        "category": "node",
        "value": 39.75
      }
    },
    {
      "type": "Feature",
      "geometry": {
        "type": "Point",
        "coordinates": [
          34.29884,
          -41.60285
        ]
      },
      "properties": {
        "id": 1772,
        "category": "sensor",
        "value": 2.02
      }
    },
    {
      "type": "Feature",
      "geometry": {
        "type": "Point",
        "coordinates": [
          -39.57994,
          -20.52192
        ]
      },
      "properties": {
        "id": 1773,
        "category": "station",
        "value": 1.11
      }
    },
    {
      "type": "Feature",
      "geometry": {
        "type": "Point",
        "coordinates": [
          -46.16416,
          44.41211
        ]
      },
      "properties": {
        "id": 1774,
        "category": "poi",
        "value": 33.3
      }
    },
    {
      "type": "Feature",
      "geometry": {
        "type": "Point",
        "coordinates": [
          64.64874,
          21.17626
        ]
      },
      "properties": {
        "id": 1775,
        "category": "node",
        "value": 18.84
      }
    },
    {
      "type": "Feature",
      "geometry": {
        "type": "Point",
        "coordinates": [
          -172.66376,
          29.63804
        ]
      },
      "properties": {
        "id": 1776,
        "category": "sensor",
        "value": 61.1
      }
    },
    {
      "type": "Feature",
      "geometry": {
        "type": "Point",
        "coordinates": [
          -74.23428,
          -50.96767
        ]
      },
      "properties": {
        "id": 1777,
        "category": "station",
        "value": 85.53
      }
    },
    {
      "type": "Feature",
      "geometry": {
        "type": "Point",
        "coordinates": [
          147.33741,
          -45.33215
        ]
      },
      "properties": {
        "id": 1778,
        "category": "poi",
        "value": 58.6
      }
    },
    {
      "type": "Feature",
      "geometry": {
        "type": "Point",
        "coordinates": [
          26.87273,
          -30.25972
        ]
      },
      "properties": {
        "id": 1779,
        "category": "node",
        "value": 3.64
      }
    },
    {
      "type": "Feature",
      "geometry": {
        "type": "Point",
        "coordinates": [
          -62.87955,
          24.54758
        ]
      },
      "properties": {
        "id": 1780,
        "category": "sensor",
        "value": 60.2
      }
    },
    {
      "type": "Feature",
      "geometry": {
        "type": "Point",
        "coordinates": [
          3.61175,
          -64.20192
        ]
      },
      "properties": {
        "id": 1781,
        "category": "station",
        "value": 21.28
      }
    },
    {
      "type": "Feature",
      "geometry": {
        "type": "Point",
        "coordinates": [
          -67.92237,
          -14.2045
        ]
      },
      "properties": {
        "id": 1782,
        "category": "poi",
        "value": 36.32
      }
    },
    {
      "type": "Feature",
      "geometry": {
        "type": "Point",
        "coordinates": [
          144.82985,
          -65.27944
        ]
      },
      "properties": {
        "id": 1783,
        "category": "node",
        "value": 98.64
      }
    },
    {
      "type": "Feature",
      "geometry": {
        "type": "Point",
        "coordinates": [
          -93.46365,
          60.61884
        ]
      },
      "properties": {
        "id": 1784,
        "category": "sensor",
        "value": 24.36
      }
    },
    {
      "type": "Feature",
      "geometry": {
        "type": "Point",
        "coordinates": [
          31.40768,
          -20.8748
        ]
      },
      "properties": {
        "id": 1785,
        "category": "station",
        "value": 3.8
      }
    },
    {
      "type": "Feature",
      "geometry": {
        "type": "Point",
        "coordinates": [
          106.70384,
          52.7781
        ]
      },
      "properties": {
        "id": 1786,
        "category": "poi",
        "value": 26.92
      }
    },
    {
      "type": "Feature",
      "geometry": {
        "type": "Point",
        "coordinates": [
          99.42134,
          -3.54463
        ]
      },
      "properties": {
        "id": 1787,
        "category": "node",
        "value": 98.7
      }
    },
    {
      "type": "Feature",
      "geometry": {
        "type": "Point",
        "coordinates": [
          -160.42365,
          -20.34612
        ]
      },
      "properties": {
        "id": 1788,
        "category": "sensor",
        "value": 22.78
      }
    },
    {
      "type": "Feature",
      "geometry": {
        "type": "Point",
        "coordinates": [
          44.97773,
          47.24727
        ]
      },
      "properties": {
        "id": 1789,
        "category": "station",
        "value": 84.22
      }
    },
    {
      "type": "Feature",
      "geometry": {
        "type": "Point",
        "coordinates": [
          17.4062,
          -19.16983
        ]
      },
      "properties": {
        "id": 1790,
        "category": "poi",
        "value": 79.96
      }
    },
    {
      "type": "Feature",
      "geometry": {
        "type": "Point",
        "coordinates": [
          -142.34274,
          -40.80212
        ]
      },
      "properties": {
        "id": 1791,
        "category": "node",
        "value": 75.27
      }
    },
    {
      "type": "Feature",
      "geometry": {
        "type": "Point",
        "coordinates": [
          -21.44642,
          83.80878
        ]
      },
      "properties": {
        "id": 1792,
        "category": "sensor",
        "value": 9.09
      }
    },
    {
      "type": "Feature",
      "geometry": {
        "type": "Point",
        "coordinates": [
          -13.73196,
          -48.8737
        ]
      },
      "properties": {
        "id": 1793,
        "category": "station",
        "value": 0.21
      }
    },
    {
      "type": "Feature",
      "geometry": {
        "type": "Point",
        "coordinates": [
          -146.33833,
          -69.53355
        ]
      },
      "properties": {
        "id": 1794,
        "category": "poi",
        "value": 36.89
      }
    },
    {
      "type": "Feature",
      "geometry": {
        "type": "Point",
        "coordinates": [
          -24.26806,
          1.32408
        ]
      },
      "properties": {
        "id": 1795,
        "category": "node",
        "value": 28.93
      }
    },
    {
      "type": "Feature",
      "geometry": {
        "type": "Point",
        "coordinates": [
          72.71159,
          2.73785
        ]
      },
      "properties": {
        "id": 1796,
        "category": "sensor",
        "value": 98.18
      }
    },
    {
      "type": "Feature",
      "geometry": {
        "type": "Point",
        "coordinates": [
          -119.07847,
          1.80217
        ]
      },
      "properties": {
        "id": 1797,
        "category": "station",
        "value": 49.37
      }
    },
    {
      "type": "Feature",
      "geometry": {
        "type": "Point",
        "coordinates": [
          -46.14735,
          61.40328
        ]
      },
      "properties": {
        "id": 1798,
        "category": "poi",
        "value": 20.95
      }
    },
    {
      "type": "Feature",
      "geometry": {
        "type": "Point",
        "coordinates": [
          135.9376,
          -24.17835
        ]
      },
      "properties": {
        "id": 1799,
        "category": "node",
        "value": 33.55
      }
    },
    {
      "type": "Feature",
      "geometry": {
        "type": "Point",
        "coordinates": [
          41.33519,
          10.76996
        ]
      },
      "properties": {
        "id": 1800,
        "category": "sensor",
        "value": 28.4
      }
    },
    {
      "type": "Feature",
      "geometry": {
        "type": "Point",
        "coordinates": [
          -149.59636,
          77.38782
        ]
      },
      "properties": {
        "id": 1801,
        "category": "station",
        "value": 36.94
      }
    },
    {
      "type": "Feature",
      "geometry": {
        "type": "Point",
        "coordinates": [
          -138.81965,
          26.60484
        ]
      },
      "properties": {
        "id": 1802,
        "category": "poi",
        "value": 53.2
      }
    },
    {
      "type": "Feature",
      "geometry": {
        "type": "Point",
        "coordinates": [
          -62.07671,
          -29.16569
        ]
      },
      "properties": {
        "id": 1803,
        "category": "node",
        "value": 84.5
      }
    },
    {
      "type": "Feature",
      "geometry": {
        "type": "Point",
        "coordinates": [
          -58.09639,
          -14.04025
        ]
      },
      "properties": {
        "id": 1804,
        "category": "sensor",
        "value": 95.69
      }
    },
    {
      "type": "Feature",
      "geometry": {
        "type": "Point",
        "coordinates": [
          -50.09255,
          -16.65559
        ]
      },
      "properties": {
        "id": 1805,
        "category": "station",
        "value": 16.2
      }
    },
    {
      "type": "Feature",
      "geometry": {
        "type": "Point",
        "coordinates": [
          58.49297,
          28.01432
        ]
      },
      "properties": {
        "id": 1806,
        "category": "poi",
        "value": 44.63
      }
    },
    {
      "type": "Feature",
      "geometry": {
        "type": "Point",
        "coordinates": [
          -33.87735,
          -45.43752
        ]
      },
      "properties": {
        "id": 1807,
        "category": "node",
        "value": 79.0
      }
    },
    {
      "type": "Feature",
      "geometry": {
        "type": "Point",
        "coordinates": [
          -15.3882,
          56.42494
        ]
      },
      "properties": {
        "id": 1808,
        "category": "sensor",
        "value": 37.49
      }
    },
    {
      "type": "Feature",
      "geometry": {
        "type": "Point",
        "coordinates": [
          84.06227,
          -80.11095
        ]
      },
      "properties": {
        "id": 1809,
        "category": "station",
        "value": 21.97
      }
    },
    {
      "type": "Feature",
      "geometry": {
        "type": "Point",
        "coordinates": [
          165.81484,
          30.99401
        ]
      },
      "properties": {
        "id": 1810,
        "category": "poi",
        "value": 67.57
      }
    },
    {
      "type": "Feature",
      "geometry": {
        "type": "Point",
        "coordinates": [
          -1.07283,
          -4.7017
        ]
      },
      "properties": {
        "id": 1811,
        "category": "node",
        "value": 19.75
      }
    },
    {
      "type": "Feature",
      "geometry": {
        "type": "Point",
        "coordinates": [
          -117.72303,
          24.69089
        ]
      },
      "properties": {
        "id": 1812,
        "category": "sensor",
        "value": 69.38
      }
    },
    {
      "type": "Feature",
      "geometry": {
        "type": "Point",
        "coordinates": [
          -86.86254,
          24.57583
        ]
      },
      "properties": {
        "id": 1813,
        "category": "station",
        "value": 13.62
      }
    },
    {
      "type": "Feature",
      "geometry": {
        "type": "Point",
        "coordinates": [
          40.69778,
          -55.82059
        ]
      },
      "properties": {
        "id": 1814,
        "category": "poi",
        "value": 50.95
      }
    },
    {
      "type": "Feature",
      "geometry": {
        "type": "Point",
        "coordinates": [
          -66.96461,
          8.61046
        ]
      },
      "properties": {
        "id": 1815,
        "category": "node",
        "value": 13.4
      }
    },
    {
      "type": "Feature",
      "geometry": {
        "type": "Point",
        "coordinates": [
          -5.98341,
          19.82001
        ]
      },
      "properties": {
        "id": 1816,
        "category": "sensor",
        "value": 13.48
      }
    },
    {
      "type": "Feature",
      "geometry": {
        "type": "Point",
        "coordinates": [
          -68.87712,
          30.36671
        ]
      },
      "properties": {
        "id": 1817,
        "category": "station",
        "value": 54.62
      }
    },
    {
      "type": "Feature",
      "geometry": {
        "type": "Point",
        "coordinates": [
          42.01308,
          47.58776
        ]
      },
      "properties": {
        "id": 1818,
        "category": "poi",
        "value": 57.15
      }
    },
    {
      "type": "Feature",
      "geometry": {
        "type": "Point",
        "coordinates": [
          -100.01211,
          -9.77118
        ]
      },
      "properties": {
        "id": 1819,
        "category": "node",
        "value": 83.02
      }
    },
    {
      "type": "Feature",
      "geometry": {
        "type": "Point",
        "coordinates": [
          24.00678,
          43.0309
        ]
      },
      "properties": {
        "id": 1820,
        "category": "sensor",
        "value": 36.4
      }
    },
    {
      "type": "Feature",
      "geometry": {
        "type": "Point",
        "coordinates": [
          -18.54904,
          79.86521
        ]
      },
      "properties": {
        "id": 1821,
        "category": "station",
        "value": 82.22
      }
    },
    {
      "type": "Feature",
      "geometry": {
        "type": "Point",
        "coordinates": [
          55.01639,
          -66.89585
        ]
      },
      "properties": {
        "id": 1822,
        "category": "poi",
        "value": 61.19
      }
    },
    {
      "type": "Feature",
      "geometry": {
        "type": "Point",
        "coordinates": [
          -168.05026,
          73.76481
        ]
      },
      "properties": {
        "id": 1823,
        "category": "node",
        "value": 97.21
      }
    },
    {
      "type": "Feature",
      "geometry": {
        "type": "Point",
        "coordinates": [
          82.11285,
          -39.51242
        ]
      },
      "properties": {
        "id": 1824,
        "category": "sensor",
        "value": 84.58
      }
    },
    {
      "type": "Feature",
      "geometry": {
        "type": "Point",
        "coordinates": [
          -116.20974,
          55.73883
        ]
      },
      "properties": {
        "id": 1825,
        "category": "station",
        "value": 52.07
      }
    },
    {
      "type": "Feature",
      "geometry": {
        "type": "Point",
        "coordinates": [
          -174.3283,
          66.34518
        ]
      },
      "properties": {
        "id": 1826,
        "category": "poi",
        "value": 44.0
      }
    },
    {
      "type": "Feature",
      "geometry": {
        "type": "Point",
        "coordinates": [
          118.87028,
          32.04158
        ]
      },
      "properties": {
        "id": 1827,
        "category": "node",
        "value": 53.27
      }
    },
    {
      "type": "Feature",
      "geometry": {
        "type": "Point",
        "coordinates": [
          130.47492,
          -50.48371
        ]
      },
      "properties": {
        "id": 1828,
        "category": "sensor",
        "value": 89.86
      }
    },
    {
      "type": "Feature",
      "geometry": {
        "type": "Point",
        "coordinates": [
          -58.02363,
          -80.57407
        ]
      },
      "properties": {
        "id": 1829,
        "category": "station",
        "value": 33.66
      }
    },
    {
      "type": "Feature",
      "geometry": {
        "type": "Point",
        "coordinates": [
          -156.20835,
          -72.73559
        ]
      },
      "properties": {
        "id": 1830,
        "category": "poi",
        "value": 62.42
      }
    },
    {
      "type": "Feature",
      "geometry": {
        "type": "Point",
        "coordinates": [
          -136.5084,
          -57.85402
        ]
      },
      "properties": {
        "id": 1831,
        "category": "node",
        "value": 29.26
      }
    },
    {
      "type": "Feature",
      "geometry": {
        "type": "Point",
        "coordinates": [
          -79.65169,
          71.4181
        ]
      },
      "properties": {
        "id": 1832,
        "category": "sensor",
        "value": 90.54
      }
    },
    {
      "type": "Feature",
      "geometry": {
        "type": "Point",
        "coordinates": [
          133.22388,
          83.26712
        ]
      },
      "properties": {
        "id": 1833,
        "category": "station",
        "value": 44.02
      }
    },
    {
      "type": "Feature",
      "geometry": {
        "type": "Point",
        "coordinates": [
          106.48965,
          -37.24095
        ]
      },
      "properties": {
        "id": 1834,
        "category": "poi",
        "value": 92.65
      }
    },
    {
      "type": "Feature",
      "geometry": {
        "type": "Point",
        "coordinates": [
          111.84963,
          39.46788
        ]
      },
      "properties": {
        "id": 1835,
        "category": "node",
        "value": 22.77
      }
    },
    {
      "type": "Feature",
      "geometry": {
        "type": "Point",
        "coordinates": [
          -147.06462,
          72.26144
        ]
      },
      "properties": {
        "id": 1836,
        "category": "sensor",
        "value": 55.22
      }
    },
    {
      "type": "Feature",
      "geometry": {
        "type": "Point",
        "coordinates": [
          40.44171,
          61.53653
        ]
      },
      "properties": {
        "id": 1837,
        "category": "station",
        "value": 14.35
      }
    },
    {
      "type": "Feature",
      "geometry": {
        "type": "Point",
        "coordinates": [
          71.7542,
          -6.12031
        ]
      },
      "properties": {
        "id": 1838,
        "category": "poi",
        "value": 78.61
      }
    },
    {
      "type": "Feature",
      "geometry": {
        "type": "Point",
        "coordinates": [
          -15.86345,
          -51.55985
        ]
      },
      "properties": {
        "id": 1839,
        "category": "node",
        "value": 95.64
      }
    },
    {
      "type": "Feature",
      "geometry": {
        "type": "Point",
        "coordinates": [
          -78.78055,
          41.62497
        ]
      },
      "properties": {
        "id": 1840,
        "category": "sensor",
        "value": 83.12
      }
    },
    {
      "type": "Feature",
      "geometry": {
        "type": "Point",
        "coordinates": [
          -90.79694,
          33.15537
        ]
      },
      "properties": {
        "id": 1841,
        "category": "station",
        "value": 39.61
      }
    },
    {
      "type": "Feature",
      "geometry": {
        "type": "Point",
        "coordinates": [
          -99.33278,
          -48.06402
        ]
      },
      "properties": {
        "id": 1842,
        "category": "poi",
        "value": 95.41
      }
    },
    {
      "type": "Feature",
      "geometry": {
        "type": "Point",
        "coordinates": [
          -47.44437,
          1.67411
        ]
      },
      "properties": {
        "id": 1843,
        "category": "node",
        "value": 50.13
      }
    },
    {
      "type": "Feature",
      "geometry": {
        "type": "Point",
        "coordinates": [
          -170.43435,
          43.10357
        ]
      },
      "properties": {
        "id": 1844,
        "category": "sensor",
        "value": 74.51
      }
    },
    {
      "type": "Feature",
      "geometry": {
        "type": "Point",
        "coordinates": [
          135.33508,
          -24.32004
        ]
      },
      "properties": {
        "id": 1845,
        "category": "station",
        "value": 20.97
      }
    },
    {
      "type": "Feature",
      "geometry": {
        "type": "Point",
        "coordinates": [
          -54.92362,
          39.47262
        ]
      },
      "properties": {
        "id": 1846,
        "category": "poi",
        "value": 65.8
      }
    },
    {
      "type": "Feature",
      "geometry": {
        "type": "Point",
        "coordinates": [
          -33.82166,
          4.19035
        ]
      },
      "properties": {
        "id": 1847,
        "category": "node",
        "value": 15.41
      }
    },
    {
      "type": "Feature",
      "geometry": {
        "type": "Point",
        "coordinates": [
          150.67563,
          -4.78788
        ]
      },
      "properties": {
        "id": 1848,
        "category": "sensor",
        "value": 50.68
      }
    },
    {
      "type": "Feature",
      "geometry": {
        "type": "Point",
        "coordinates": [
          103.31392,
          -51.36407
        ]
      },
      "properties": {
        "id": 1849,
        "category": "station",
        "value": 72.25
      }
    },
    {
      "type": "Feature",
      "geometry": {
        "type": "Point",
        "coordinates": [
          -52.81406,
          53.11576
        ]
      },
      "properties": {
        "id": 1850,
        "category": "poi",
        "value": 9.44
      }
    },
    {
      "type": "Feature",
      "geometry": {
        "type": "Point",
        "coordinates": [
          -80.65282,
          23.05372
        ]
      },
      "properties": {
        "id": 1851,
        "category": "node",
        "value": 48.24
      }
    },
    {
      "type": "Feature",
      "geometry": {
        "type": "Point",
        "coordinates": [
          -44.32311,
          13.3699
        ]
      },
      "properties": {
        "id": 1852,
        "category": "sensor",
        "value": 21.77
      }
    },
    {
      "type": "Feature",
      "geometry": {
        "type": "Point",
        "coordinates": [
          -22.54547,
          -84.67682
        ]
      },
      "properties": {
        "id": 1853,
        "category": "station",
        "value": 79.87
      }
    },
    {
      "type": "Feature",
      "geometry": {
        "type": "Point",
        "coordinates": [
          -88.58728,
          56.22126
        ]
      },
      "properties": {
        "id": 1854,
        "category": "poi",
        "value": 55.21
      }
    },
    {
      "type": "Feature",
      "geometry": {
        "type": "Point",
        "coordinates": [
          36.54369,
          21.42599
        ]
      },
      "properties": {
        "id": 1855,
        "category": "node",
        "value": 12.54
      }
    },
    {
      "type": "Feature",
      "geometry": {
        "type": "Point",
        "coordinates": [
          99.80233,
          -35.35001
        ]
      },
      "properties": {
        "id": 1856,
        "category": "sensor",
        "value": 86.28
      }
    },
    {
      "type": "Feature",
      "geometry": {
        "type": "Point",
        "coordinates": [
          103.09131,
          30.28615
        ]
      },
      "properties": {
        "id": 1857,
        "category": "station",
        "value": 81.52
      }
    },
    {
      "type": "Feature",
      "geometry": {
        "type": "Point",
        "coordinates": [
          -22.79572,
          29.46919
        ]
      },
      "properties": {
        "id": 1858,
        "category": "poi",
        "value": 95.28
      }
    },
    {
      "type": "Feature",
      "geometry": {
        "type": "Point",
        "coordinates": [
          -111.92575,
          -67.87707
        ]
      },
      "properties": {
        "id": 1859,
        "category": "node",
        "value": 41.19
      }
    },
    {
      "type": "Feature",
      "geometry": {
        "type": "Point",
        "coordinates": [
          3.44186,
          -59.6517
        ]
      },
      "properties": {
        "id": 1860,
        "category": "sensor",
        "value": 22.12
      }
    },
    {
      "type": "Feature",
      "geometry": {
        "type": "Point",
        "coordinates": [
          131.96082,
          -19.04146
        ]
      },
      "properties": {
        "id": 1861,
        "category": "station",
        "value": 14.89
      }
    },
    {
      "type": "Feature",
      "geometry": {
        "type": "Point",
        "coordinates": [
          -114.13451,
          13.17166
        ]
      },
      "properties": {
        "id": 1862,
        "category": "poi",
        "value": 19.0
      }
    },
    {
      "type": "Feature",
      "geometry": {
        "type": "Point",
        "coordinates": [
          -8.98391,
          6.41199
        ]
      },
      "properties": {
        "id": 1863,
        "category": "node",
        "value": 43.97
      }
    },
    {
      "type": "Feature",
      "geometry": {
        "type": "Point",
        "coordinates": [
          1.33392,
          57.25893
        ]
      },
      "properties": {
        "id": 1864,
        "category": "sensor",
        "value": 1.67
      }
    },
    {
      "type": "Feature",
      "geometry": {
        "type": "Point",
        "coordinates": [
          154.78248,
          -51.1294
        ]
      },
      "properties": {
        "id": 1865,
        "category": "station",
        "value": 3.83
      }
    },
    {
      "type": "Feature",
      "geometry": {
        "type": "Point",
        "coordinates": [
          96.3163,
          11.89121
        ]
      },
      "properties": {
        "id": 1866,
        "category": "poi",
        "value": 53.79
      }
    },
    {
      "type": "Feature",
      "geometry": {
        "type": "Point",
        "coordinates": [
          -101.65636,
          47.78281
        ]
      },
      "properties": {
        "id": 1867,
        "category": "node",
        "value": 30.64
      }
    },
    {
      "type": "Feature",
      "geometry": {
        "type": "Point",
        "coordinates": [
          81.69407,
          -46.19553
        ]
      },
      "properties": {
        "id": 1868,
        "category": "sensor",
        "value": 57.28
      }
    },
    {
      "type": "Feature",
      "geometry": {
        "type": "Point",
        "coordinates": [
          53.35955,
          -21.81972
        ]
      },
      "properties": {
        "id": 1869,
        "category": "station",
        "value": 47.99
      }
    },
    {
      "type": "Feature",
      "geometry": {
        "type": "Point",
        "coordinates": [
          -156.51445,
          24.36866
        ]
      },
      "properties": {
        "id": 1870,
        "category": "poi",
        "value": 69.13
      }
    },
    {
      "type": "Feature",
      "geometry": {
        "type": "Point",
        "coordinates": [
          -124.7808,
          8.61616
        ]
      },
      "properties": {
        "id": 1871,
        "category": "node",
        "value": 73.31
      }
    },
    {
      "type": "Feature",
      "geometry": {
        "type": "Point",
        "coordinates": [
          -143.6028,
          57.61623
        ]
      },
      "properties": {
        "id": 1872,
        "category": "sensor",
        "value": 87.04
      }
    },
    {
      "type": "Feature",
      "geometry": {
        "type": "Point",
        "coordinates": [
          -161.82319,
          -42.77017
        ]
      },
      "properties": {
        "id": 1873,
        "category": "station",
        "value": 8.41
      }
    },
    {
      "type": "Feature",
      "geometry": {
        "type": "Point",
        "coordinates": [
          -89.03613,
          -70.33065
        ]
      },
      "properties": {
        "id": 1874,
        "category": "poi",
        "value": 48.94
      }
    },
    {
      "type": "Feature",
      "geometry": {
        "type": "Point",
        "coordinates": [
          -89.86748,
          -33.97916
        ]
      },
      "properties": {
        "id": 1875,
        "category": "node",
        "value": 46.15
      }
    },
    {
      "type": "Feature",
      "geometry": {
        "type": "Point",
        "coordinates": [
          -46.24338,
          49.04321
        ]
      },
      "properties": {
        "id": 1876,
        "category": "sensor",
        "value": 72.27
      }
    },
    {
      "type": "Feature",
      "geometry": {
        "type": "Point",
        "coordinates": [
          -138.93099,
          -47.0114
        ]
      },
      "properties": {
        "id": 1877,
        "category": "station",
        "value": 0.83
      }
    },
    {
      "type": "Feature",
      "geometry": {
        "type": "Point",
        "coordinates": [
          -61.45726,
          -66.6162
        ]
      },
      "properties": {
        "id": 1878,
        "category": "poi",
        "value": 69.72
      }
    },
    {
      "type": "Feature",
      "geometry": {
        "type": "Point",
        "coordinates": [
          100.91934,
          84.28567
        ]
      },
      "properties": {
        "id": 1879,
        "category": "node",
        "value": 20.9
      }
    },
    {
      "type": "Feature",
      "geometry": {
        "type": "Point",
        "coordinates": [
          -166.79972,
          43.67588
        ]
      },
      "properties": {
        "id": 1880,
        "category": "sensor",
        "value": 41.18
      }
    },
    {
      "type": "Feature",
      "geometry": {
        "type": "Point",
        "coordinates": [
          155.1894,
          -18.28216
        ]
      },
      "properties": {
        "id": 1881,
        "category": "station",
        "value": 31.25
      }
    },
    {
      "type": "Feature",
      "geometry": {
        "type": "Point",
        "coordinates": [
          -153.8328,
          76.14254
        ]
      },
      "properties": {
        "id": 1882,
        "category": "poi",
        "value": 51.21
      }
    },
    {
      "type": "Feature",
      "geometry": {
        "type": "Point",
        "coordinates": [
          -21.34986,
          -10.69528
        ]
      },
      "properties": {
        "id": 1883,
        "category": "node",
        "value": 76.86
      }
    },
    {
      "type": "Feature",
      "geometry": {
        "type": "Point",
        "coordinates": [
          119.09593,
          -4.08193
        ]
      },
      "properties": {
        "id": 1884,
        "category": "sensor",
        "value": 17.82
      }
    },
    {
      "type": "Feature",
      "geometry": {
        "type": "Point",
        "coordinates": [
          -33.72775,
          66.52279
        ]
      },
      "properties": {
        "id": 1885,
        "category": "station",
        "value": 40.77
      }
    },
    {
      "type": "Feature",
      "geometry": {
        "type": "Point",
        "coordinates": [
          57.92939,
          10.15045
        ]
      },
      "properties": {
        "id": 1886,
        "category": "poi",
        "value": 46.14
      }
    },
    {
      "type": "Feature",
      "geometry": {
        "type": "Point",
        "coordinates": [
          26.93613,
          -43.33118
        ]
      },
      "properties": {
        "id": 1887,
        "category": "node",
        "value": 55.74
      }
    },
    {
      "type": "Feature",
      "geometry": {
        "type": "Point",
        "coordinates": [
          131.30572,
          -71.42516
        ]
      },
      "properties": {
        "id": 1888,
        "category": "sensor",
        "value": 36.89
      }
    },
    {
      "type": "Feature",
      "geometry": {
        "type": "Point",
        "coordinates": [
          137.02591,
          81.30225
        ]
      },
      "properties": {
        "id": 1889,
        "category": "station",
        "value": 1.33
      }
    },
    {
      "type": "Feature",
      "geometry": {
        "type": "Point",
        "coordinates": [
          45.73413,
          22.44723
        ]
      },
      "properties": {
        "id": 1890,
        "category": "poi",
        "value": 84.31
      }
    },
    {
      "type": "Feature",
      "geometry": {
        "type": "Point",
        "coordinates": [
          -10.80428,
          -62.73504
        ]
      },
      "properties": {
        "id": 1891,
        "category": "node",
        "value": 30.02
      }
    },
    {
      "type": "Feature",
      "geometry": {
        "type": "Point",
        "coordinates": [
          76.57279,
          38.81461
        ]
      },
      "properties": {
        "id": 1892,
        "category": "sensor",
        "value": 20.46
      }
    },
    {
      "type": "Feature",
      "geometry": {
        "type": "Point",
        "coordinates": [
          51.34098,
          26.64734
        ]
      },
      "properties": {
        "id": 1893,
        "category": "station",
        "value": 65.78
      }
    },
    {
      "type": "Feature",
      "geometry": {
        "type": "Point",
        "coordinates": [
          -172.11628,
          -9.92391
        ]
      },
      "properties": {
        "id": 1894,
        "category": "poi",
        "value": 32.5
      }
    },
    {
      "type": "Feature",
      "geometry": {
        "type": "Point",
        "coordinates": [
          34.99432,
          -27.75724
        ]
      },
      "properties": {
        "id": 1895,
        "category": "node",
        "value": 12.82
      }
    },
    {
      "type": "Feature",
      "geometry": {
        "type": "Point",
        "coordinates": [
          61.32562,
          -36.22207
        ]
      },
      "properties": {
        "id": 1896,
        "category": "sensor",
        "value": 79.07
      }
    },
    {
      "type": "Feature",
      "geometry": {
        "type": "Point",
        "coordinates": [
          -69.94166,
          7.79315
        ]
      },
      "properties": {
        "id": 1897,
        "category": "station",
        "value": 80.81
      }
    },
    {
      "type": "Feature",
      "geometry": {
        "type": "Point",
        "coordinates": [
          -138.39309,
          39.29263
        ]
      },
      "properties": {
        "id": 1898,
        "category": "poi",
        "value": 6.81
      }
    },
    {
      "type": "Feature",
      "geometry": {
        "type": "Point",
        "coordinates": [
          157.05652,
          -80.72339
        ]
      },
      "properties": {
        "id": 1899,
        "category": "node",
        "value": 72.4
      }
    },
    {
      "type": "Feature",
      "geometry": {
        "type": "Point",
        "coordinates": [
          -47.2668,
          -54.45375
        ]
      },
      "properties": {
        "id": 1900,
        "category": "sensor",
        "value": 39.5
      }
    },
    {
      "type": "Feature",
      "geometry": {
        "type": "Point",
        "coordinates": [
          0.47699,
          -14.46137
        ]
      },
      "properties": {
        "id": 1901,
        "category": "station",
        "value": 12.24
      }
    },
    {
      "type": "Feature",
      "geometry": {
        "type": "Point",
        "coordinates": [
          8.199,
          -33.98139
        ]
      },
      "properties": {
        "id": 1902,
        "category": "poi",
        "value": 96.72
      }
    },
    {
      "type": "Feature",
      "geometry": {
        "type": "Point",
        "coordinates": [
          -42.08613,
          -10.99545
        ]
      },
      "properties": {
        "id": 1903,
        "category": "node",
        "value": 22.81
      }
    },
    {
      "type": "Feature",
      "geometry": {
        "type": "Point",
        "coordinates": [
          168.76868,
          -30.29883
        ]
      },
      "properties": {
        "id": 1904,
        "category": "sensor",
        "value": 64.63
      }
    },
    {
      "type": "Feature",
      "geometry": {
        "type": "Point",
        "coordinates": [
          119.72537,
          -18.15851
        ]
      },
      "properties": {
        "id": 1905,
        "category": "station",
        "value": 75.53
      }
    },
    {
      "type": "Feature",
      "geometry": {
        "type": "Point",
        "coordinates": [
          -79.63901,
          -66.38007
        ]
      },
      "properties": {
        "id": 1906,
        "category": "poi",
        "value": 4.22
      }
    },
    {
      "type": "Feature",
      "geometry": {
        "type": "Point",
        "coordinates": [
          -18.37412,
          63.56951
        ]
      },
      "properties": {
        "id": 1907,
        "category": "node",
        "value": 20.3
      }
    },
    {
      "type": "Feature",
      "geometry": {
        "type": "Point",
        "coordinates": [
          -21.4269,
          44.67963
        ]
      },
      "properties": {
        "id": 1908,
        "category": "sensor",
        "value": 27.62
      }
    },
    {
      "type": "Feature",
      "geometry": {
        "type": "Point",
        "coordinates": [
          -125.04707,
          3.27244
        ]
      },
      "properties": {
        "id": 1909,
        "category": "station",
        "value": 42.54
      }
    },
    {
      "type": "Feature",
      "geometry": {
        "type": "Point",
        "coordinates": [
          157.85793,
          67.55447
        ]
      },
      "properties": {
        "id": 1910,
        "category": "poi",
        "value": 23.81
      }
    },
    {
      "type": "Feature",
      "geometry": {
        "type": "Point",
        "coordinates": [
          21.90644,
          -14.2407
        ]
      },
      "properties": {
        "id": 1911,
        "category": "node",
        "value": 3.39
      }
    },
    {
      "type": "Feature",
      "geometry": {
        "type": "Point",
        "coordinates": [
          -20.03635,
          70.65574
        ]
      },
      "properties": {
        "id": 1912,
        "category": "sensor",
        "value": 30.28
      }
    },
    {
      "type": "Feature",
      "geometry": {
        "type": "Point",
        "coordinates": [
          31.00576,
          35.75813
        ]
      },
      "properties": {
        "id": 1913,
        "category": "station",
        "value": 6.31
      }
    },
    {
      "type": "Feature",
      "geometry": {
        "type": "Point",
        "coordinates": [
          152.68793,
          -66.43869
        ]
      },
      "properties": {
        "id": 1914,
        "category": "poi",
        "value": 30.15
      }
    },
    {
      "type": "Feature",
      "geometry": {
        "type": "Point",
        "coordinates": [
          77.70896,
          -81.71336
        ]
      },
      "properties": {
        "id": 1915,
        "category": "node",
        "value": 37.55
      }
    },
    {
      "type": "Feature",
      "geometry": {
        "type": "Point",
        "coordinates": [
          -134.40847,
          -4.52765
        ]
      },
      "properties": {
        "id": 1916,
        "category": "sensor",
        "value": 1.58
      }
    },
    {
      "type": "Feature",
      "geometry": {
        "type": "Point",
        "coordinates": [
          -125.59887,
          -47.18311
        ]
      },
      "properties": {
        "id": 1917,
        "category": "station",
        "value": 8.15
      }
    },
    {
      "type": "Feature",
      "geometry": {
        "type": "Point",
        "coordinates": [
          -147.40833,
          -51.93852
        ]
      },
      "properties": {
        "id": 1918,
        "category": "poi",
        "value": 51.77
      }
    },
    {
      "type": "Feature",
      "geometry": {
        "type": "Point",
        "coordinates": [
          -130.6982,
          54.59269
        ]
      },
      "properties": {
        "id": 1919,
        "category": "node",
        "value": 41.69
      }
    },
    {
      "type": "Feature",
      "geometry": {
        "type": "Point",
        "coordinates": [
          -89.32412,
          -44.03318
        ]
      },
      "properties": {
        "id": 1920,
        "category": "sensor",
        "value": 83.96
      }
    },
    {
      "type": "Feature",
      "geometry": {
        "type": "Point",
        "coordinates": [
          -163.11272,
          41.17295
        ]
      },
      "properties": {
        "id": 1921,
        "category": "station",
        "value": 9.76
      }
    },
    {
      "type": "Feature",
      "geometry": {
        "type": "Point",
        "coordinates": [
          160.03928,
          -15.60175
        ]
      },
      "properties": {
        "id": 1922,
        "category": "poi",
        "value": 59.76
      }
    },
    {
      "type": "Feature",
      "geometry": {
        "type": "Point",
        "coordinates": [
          130.77816,
          -67.92567
        ]
      },
      "properties": {
        "id": 1923,
        "category": "node",
        "value": 6.4
      }
    },
    {
      "type": "Feature",
      "geometry": {
        "type": "Point",
        "coordinates": [
          69.68188,
          14.8933
        ]
      },
      "properties": {
        "id": 1924,
        "category": "sensor",
        "value": 72.1
      }
    },
    {
      "type": "Feature",
      "geometry": {
        "type": "Point",
        "coordinates": [
          -79.9863,
          -0.52892
        ]
      },
      "properties": {
        "id": 1925,
        "category": "station",
        "value": 18.66
      }
    },
    {
      "type": "Feature",
      "geometry": {
        "type": "Point",
        "coordinates": [
          -22.64614,
          -37.12159
        ]
      },
      "properties": {
        "id": 1926,
        "category": "poi",
        "value": 58.57
      }
    },
    {
      "type": "Feature",
      "geometry": {
        "type": "Point",
        "coordinates": [
          -72.33378,
          -38.28151
        ]
      },
      "properties": {
        "id": 1927,
        "category": "node",
        "value": 64.25
      }
    },
    {
      "type": "Feature",
      "geometry": {
        "type": "Point",
        "coordinates": [
          -149.20048,
          51.20039
        ]
      },
      "properties": {
        "id": 1928,
        "category": "sensor",
        "value": 49.58
      }
    },
    {
      "type": "Feature",
      "geometry": {
        "type": "Point",
        "coordinates": [
          -97.6054,
          -65.46104
        ]
      },
      "properties": {
        "id": 1929,
        "category": "station",
        "value": 50.88
      }
    },
    {
      "type": "Feature",
      "geometry": {
        "type": "Point",
        "coordinates": [
          1.39734,
          37.31609
        ]
      },
      "properties": {
        "id": 1930,
        "category": "poi",
        "value": 37.39
      }
    },
    {
      "type": "Feature",
      "geometry": {
        "type": "Point",
        "coordinates": [
          -31.5931,
          66.73831
        ]
      },
      "properties": {
        "id": 1931,
        "category": "node",
        "value": 27.38
      }
    },
    {
      "type": "Feature",
      "geometry": {
        "type": "Point",
        "coordinates": [
          173.17954,
          66.73392
        ]
      },
      "properties": {
        "id": 1932,
        "category": "sensor",
        "value": 99.02
      }
    },
    {
      "type": "Feature",
      "geometry": {
        "type": "Point",
        "coordinates": [
          159.57798,
          -41.27837
        ]
      },
      "properties": {
        "id": 1933,
        "category": "station",
        "value": 81.43
      }
    },
    {
      "type": "Feature",
      "geometry": {
        "type": "Point",
        "coordinates": [
          40.28799,
          -50.32032
        ]
      },
      "properties": {
        "id": 1934,
        "category": "poi",
        "value": 99.75
      }
    },
    {
      "type": "Feature",
      "geometry": {
        "type": "Point",
        "coordinates": [
          53.16351,
          52.64731
        ]
      },
      "properties": {
        "id": 1935,
        "category": "node",
        "value": 55.8
      }
    },
    {
      "type": "Feature",
      "geometry": {
        "type": "Point",
        "coordinates": [
          -151.37047,
          61.76289
        ]
      },
      "properties": {
        "id": 1936,
        "category": "sensor",
        "value": 17.55
      }
    },
    {
      "type": "Feature",
      "geometry": {
        "type": "Point",
        "coordinates": [
          -86.7193,
          19.75564
        ]
      },
      "properties": {
        "id": 1937,
        "category": "station",
        "value": 19.4
      }
    },
    {
      "type": "Feature",
      "geometry": {
        "type": "Point",
        "coordinates": [
          -13.48067,
          36.30916
        ]
      },
      "properties": {
        "id": 1938,
        "category": "poi",
        "value": 9.6
      }
    },
    {
      "type": "Feature",
      "geometry": {
        "type": "Point",
        "coordinates": [
          57.83801,
          -67.23679
        ]
      },
      "properties": {
        "id": 1939,
        "category": "node",
        "value": 47.56
      }
    },
    {
      "type": "Feature",
      "geometry": {
        "type": "Point",
        "coordinates": [
          53.80319,
          31.84562
        ]
      },
      "properties": {
        "id": 1940,
        "category": "sensor",
        "value": 4.31
      }
    },
    {
      "type": "Feature",
      "geometry": {
        "type": "Point",
        "coordinates": [
          -111.20317,
          78.22717
        ]
      },
      "properties": {
        "id": 1941,
        "category": "station",
        "value": 39.1
      }
    },
    {
      "type": "Feature",
      "geometry": {
        "type": "Point",
        "coordinates": [
          -27.06081,
          -21.31747
        ]
      },
      "properties": {
        "id": 1942,
        "category": "poi",
        "value": 69.62
      }
    },
    {
      "type": "Feature",
      "geometry": {
        "type": "Point",
        "coordinates": [
          86.55613,
          25.53649
        ]
      },
      "properties": {
        "id": 1943,
        "category": "node",
        "value": 40.23
      }
    },
    {
      "type": "Feature",
      "geometry": {
        "type": "Point",
        "coordinates": [
          25.03239,
          2.62015
        ]
      },
      "properties": {
        "id": 1944,
        "category": "sensor",
        "value": 18.79
      }
    },
    {
      "type": "Feature",
      "geometry": {
        "type": "Point",
        "coordinates": [
          161.79425,
          79.02732
        ]
      },
      "properties": {
        "id": 1945,
        "category": "station",
        "value": 77.74
      }
    },
    {
      "type": "Feature",
      "geometry": {
        "type": "Point",
        "coordinates": [
          177.32274,
          -5.8511
        ]
      },
      "properties": {
        "id": 1946,
        "category": "poi",
        "value": 83.91
      }
    },
    {
      "type": "Feature",
      "geometry": {
        "type": "Point",
        "coordinates": [
          -93.36431,
          41.26297
        ]
      },
      "properties": {
        "id": 1947,
        "category": "node",
        "value": 71.5
      }
    },
    {
      "type": "Feature",
      "geometry": {
        "type": "Point",
        "coordinates": [
          157.88777,
          56.67527
        ]
      },
      "properties": {
        "id": 1948,
        "category": "sensor",
        "value": 87.93
      }
    },
    {
      "type": "Feature",
      "geometry": {
        "type": "Point",
        "coordinates": [
          -83.64063,
          48.86459
        ]
      },
      "properties": {
        "id": 1949,
        "category": "station",
        "value": 47.53
      }
    },
    {
      "type": "Feature",
      "geometry": {
        "type": "Point",
        "coordinates": [
          -67.50563,
          -22.36336
        ]
      },
      "properties": {
        "id": 1950,
        "category": "poi",
        "value": 79.89
      }
    },
    {
      "type": "Feature",
      "geometry": {
        "type": "Point",
        "coordinates": [
          123.38966,
          58.59002
        ]
      },
      "properties": {
        "id": 1951,
        "category": "node",
        "value": 66.95
      }
    },
    {
      "type": "Feature",
      "geometry": {
        "type": "Point",
        "coordinates": [
          -118.692,
          -58.53595
        ]
      },
      "properties": {
        "id": 1952,
        "category": "sensor",
        "value": 56.8
      }
    },
    {
      "type": "Feature",
      "geometry": {
        "type": "Point",
        "coordinates": [
          -103.67366,
          -27.78408
        ]
      },
      "properties": {
        "id": 1953,
        "category": "station",
        "value": 10.25
      }
    },
    {
      "type": "Feature",
      "geometry": {
        "type": "Point",
        "coordinates": [
          -124.27977,
          36.89728
        ]
      },
      "properties": {
        "id": 1954,
        "category": "poi",
        "value": 22.36
      }
    },
    {
      "type": "Feature",
      "geometry": {
        "type": "Point",
        "coordinates": [
          125.24577,
          -29.05481
        ]
      },
      "properties": {
        "id": 1955,
        "category": "node",
        "value": 84.88
      }
    },
    {
      "type": "Feature",
      "geometry": {
        "type": "Point",
        "coordinates": [
          -71.05587,
          -39.52512
        ]
      },
      "properties": {
        "id": 1956,
        "category": "sensor",
        "value": 39.48
      }
    },
    {
      "type": "Feature",
      "geometry": {
        "type": "Point",
        "coordinates": [
          -175.64914,
          -10.95781
        ]
      },
      "properties": {
        "id": 1957,
        "category": "station",
        "value": 37.99
      }
    },
    {
      "type": "Feature",
      "geometry": {
        "type": "Point",
        "coordinates": [
          -175.4507,
          61.45953
        ]
      },
      "properties": {
        "id": 1958,
        "category": "poi",
        "value": 37.52
      }
    },
    {
      "type": "Feature",
      "geometry": {
        "type": "Point",
        "coordinates": [
          -179.84624,
          78.26226
        ]
      },
      "properties": {
        "id": 1959,
        "category": "node",
        "value": 22.84
      }
    },
    {
      "type": "Feature",
      "geometry": {
        "type": "Point",
        "coordinates": [
          -88.92358,
          -80.87039
        ]
      },
      "properties": {
        "id": 1960,
        "category": "sensor",
        "value": 9.95
      }
    },
    {
      "type": "Feature",
      "geometry": {
        "type": "Point",
        "coordinates": [
          75.51905,
          13.94022
        ]
      },
      "properties": {
        "id": 1961,
        "category": "station",
        "value": 50.4
      }
    },
    {
      "type": "Feature",
      "geometry": {
        "type": "Point",
        "coordinates": [
          -91.37703,
          -36.25477
        ]
      },
      "properties": {
        "id": 1962,
        "category": "poi",
        "value": 97.01
      }
    },
    {
      "type": "Feature",
      "geometry": {
        "type": "Point",
        "coordinates": [
          -45.99484,
          83.20635
        ]
      },
      "properties": {
        "id": 1963,
        "category": "node",
        "value": 88.67
      }
    },
    {
      "type": "Feature",
      "geometry": {
        "type": "Point",
        "coordinates": [
          -135.14142,
          59.18523
        ]
      },
      "properties": {
        "id": 1964,
        "category": "sensor",
        "value": 2.1
      }
    },
    {
      "type": "Feature",
      "geometry": {
        "type": "Point",
        "coordinates": [
          75.96563,
          52.63055
        ]
      },
      "properties": {
        "id": 1965,
        "category": "station",
        "value": 69.55
      }
    },
    {
      "type": "Feature",
      "geometry": {
        "type": "Point",
        "coordinates": [
          17.92312,
          53.18559
        ]
      },
      "properties": {
        "id": 1966,
        "category": "poi",
        "value": 15.44
      }
    },
    {
      "type": "Feature",
      "geometry": {
        "type": "Point",
        "coordinates": [
          14.32465,
          -39.80561
        ]
      },
      "properties": {
        "id": 1967,
        "category": "node",
        "value": 39.92
      }
    },
    {
      "type": "Feature",
      "geometry": {
        "type": "Point",
        "coordinates": [
          -111.13754,
          35.4111
        ]
      },
      "properties": {
        "id": 1968,
        "category": "sensor",
        "value": 57.31
      }
    },
    {
      "type": "Feature",
      "geometry": {
        "type": "Point",
        "coordinates": [
          100.52352,
          21.79955
        ]
      },
      "properties": {
        "id": 1969,
        "category": "station",
        "value": 59.92
      }
    },
    {
      "type": "Feature",
      "geometry": {
        "type": "Point",
        "coordinates": [
          151.88668,
          53.11838
        ]
      },
      "properties": {
        "id": 1970,
        "category": "poi",
        "value": 56.68
      }
    },
    {
      "type": "Feature",
      "geometry": {
        "type": "Point",
        "coordinates": [
          -62.59601,
          72.73336
        ]
      },
      "properties": {
        "id": 1971,
        "category": "node",
        "value": 37.11
      }
    },
    {
      "type": "Feature",
      "geometry": {
        "type": "Point",
        "coordinates": [
          -143.23788,
          -28.34143
        ]
      },
      "properties": {
        "id": 1972,
        "category": "sensor",
        "value": 70.64
      }
    },
    {
      "type": "Feature",
      "geometry": {
        "type": "Point",
        "coordinates": [
          155.27077,
          24.76713
        ]
      },
      "properties": {
        "id": 1973,
        "category": "station",
        "value": 66.25
      }
    },
    {
      "type": "Feature",
      "geometry": {
        "type": "Point",
        "coordinates": [
          157.43548,
          47.23928
        ]
      },
      "properties": {
        "id": 1974,
        "category": "poi",
        "value": 44.54
      }
    },
    {
      "type": "Feature",
      "geometry": {
        "type": "Point",
        "coordinates": [
          -13.75543,
          44.13921
        ]
      },
      "properties": {
        "id": 1975,
        "category": "node",
        "value": 31.77
      }
    },
    {
      "type": "Feature",
      "geometry": {
        "type": "Point",
        "coordinates": [
          -140.4724,
          20.3415
        ]
      },
      "properties": {
        "id": 1976,
        "category": "sensor",
        "value": 80.9
      }
    },
    {
      "type": "Feature",
      "geometry": {
        "type": "Point",
        "coordinates": [
          -90.63798,
          31.2266
        ]
      },
      "properties": {
        "id": 1977,
        "category": "station",
        "value": 89.26
      }
    },
    {
      "type": "Feature",
      "geometry": {
        "type": "Point",
        "coordinates": [
          -134.04402,
          -61.92391
        ]
      },
      "properties": {
        "id": 1978,
        "category": "poi",
        "value": 49.3
      }
    },
    {
      "type": "Feature",
      "geometry": {
        "type": "Point",
        "coordinates": [
          -59.63821,
          76.4009
        ]
      },
      "properties": {
        "id": 1979,
        "category": "node",
        "value": 99.67
      }
    },
    {
      "type": "Feature",
      "geometry": {
        "type": "Point",
        "coordinates": [
          -19.57519,
          49.82932
        ]
      },
      "properties": {
        "id": 1980,
        "category": "sensor",
        "value": 63.17
      }
    },
    {
      "type": "Feature",
      "geometry": {
        "type": "Point",
        "coordinates": [
          -117.56206,
          80.20601
        ]
      },
      "properties": {
        "id": 1981,
        "category": "station",
        "value": 17.45
      }
    },
    {
      "type": "Feature",
      "geometry": {
        "type": "Point",
        "coordinates": [
          -152.63699,
          -8.06669
        ]
      },
      "properties": {
        "id": 1982,
        "category": "poi",
        "value": 1.78
      }
    },
    {
      "type": "Feature",
      "geometry": {
        "type": "Point",
        "coordinates": [
          -6.92977,
          -14.94993
        ]
      },
      "properties": {
        "id": 1983,
        "category": "node",
        "value": 95.43
      }
    },
    {
      "type": "Feature",
      "geometry": {
        "type": "Point",
        "coordinates": [
          -31.08959,
          59.46047
        ]
      },
      "properties": {
        "id": 1984,
        "category": "sensor",
        "value": 77.98
      }
    },
    {
      "type": "Feature",
      "geometry": {
        "type": "Point",
        "coordinates": [
          31.0633,
          -44.57369
        ]
      },
      "properties": {
        "id": 1985,
        "category": "station",
        "value": 30.48
      }
    },
    {
      "type": "Feature",
      "geometry": {
        "type": "Point",
        "coordinates": [
          -3.06628,
          -17.83651
        ]
      },
      "properties": {
        "id": 1986,
        "category": "poi",
        "value": 64.56
      }
    },
    {
      "type": "Feature",
      "geometry": {
        "type": "Point",
        "coordinates": [
          1.93078,
          -30.08788
        ]
      },
      "properties": {
        "id": 1987,
        "category": "node",
        "value": 60.68
      }
    },
    {
      "type": "Feature",
      "geometry": {
        "type": "Point",
        "coordinates": [
          178.75391,
          -50.56357
        ]
      },
      "properties": {
        "id": 1988,
        "category": "sensor",
        "value": 33.57
      }
    },
    {
      "type": "Feature",
      "geometry": {
        "type": "Point",
        "coordinates": [
          -175.66486,
          -69.05856
        ]
      },
      "properties": {
        "id": 1989,
        "category": "station",
        "value": 5.55
      }
    },
    {
      "type": "Feature",
      "geometry": {
        "type": "Point",
        "coordinates": [
          -27.76265,
          57.20849
        ]
      },
      "properties": {
        "id": 1990,
        "category": "poi",
        "value": 69.77
      }
    },
    {
      "type": "Feature",
      "geometry": {
        "type": "Point",
        "coordinates": [
          167.79651,
          57.28189
        ]
      },
      "properties": {
        "id": 1991,
        "category": "node",
        "value": 58.59
      }
    },
    {
      "type": "Feature",
      "geometry": {
        "type": "Point",
        "coordinates": [
          28.94646,
          -82.86957
        ]
      },
      "properties": {
        "id": 1992,
        "category": "sensor",
        "value": 38.35
      }
    },
    {
      "type": "Feature",
      "geometry": {
        "type": "Point",
        "coordinates": [
          -85.80439,
          20.52023
        ]
      },
      "properties": {
        "id": 1993,
        "category": "station",
        "value": 6.55
      }
    },
    {
      "type": "Feature",
      "geometry": {
        "type": "Point",
        "coordinates": [
          15.22763,
          -21.15343
        ]
      },
      "properties": {
        "id": 1994,
        "category": "poi",
        "value": 49.2
      }
    },
    {
      "type": "Feature",
      "geometry": {
        "type": "Point",
        "coordinates": [
          -34.41982,
          -67.62986
        ]
      },
      "properties": {
        "id": 1995,
        "category": "node",
        "value": 73.15
      }
    },
    {
      "type": "Feature",
      "geometry": {
        "type": "Point",
        "coordinates": [
          108.12801,
          16.69007
        ]
      },
      "properties": {
        "id": 1996,
        "category": "sensor",
        "value": 11.58
      }
    },
    {
      "type": "Feature",
      "geometry": {
        "type": "Point",
        "coordinates": [
          35.69267,
          63.07034
        ]
      },
      "properties": {
        "id": 1997,
        "category": "station",
        "value": 98.66
      }
    },
    {
      "type": "Feature",
      "geometry": {
        "type": "Point",
        "coordinates": [
          93.06084,
          -77.21989
        ]
      },
      "properties": {
        "id": 1998,
        "category": "poi",
        "value": 87.85
      }
    },
    {
      "type": "Feature",
      "geometry": {
        "type": "Point",
        "coordinates": [
          59.40644,
          -37.98571
        ]
      },
      "properties": {
        "id": 1999,
        "category": "node",
        "value": 92.01
      }
    }
  ]
}